ISO-10303-21;
HEADER;
FILE_DESCRIPTION((''),'2;1');
FILE_NAME('C-2495219-8','2025-03-19T07:41:06',('workeradm'),(''),
'CREO PARAMETRIC BY PTC INC, 2024374','CREO PARAMETRIC BY PTC INC, 2024374','');
FILE_SCHEMA(('AUTOMOTIVE_DESIGN { 1 0 10303 214 1 1 1 1 }'));
ENDSEC;
DATA;
#14=DIRECTION('',(0.E0,0.E0,1.E0));
#15=VECTOR('',#14,8.600215094041E-2);
#16=CARTESIAN_POINT('',(1.675E0,-5.E-1,-2.9E0));
#17=LINE('',#16,#15);
#18=DIRECTION('',(-1.E0,0.E0,0.E0));
#19=VECTOR('',#18,3.5E-1);
#20=CARTESIAN_POINT('',(1.675E0,-5.E-1,-2.9E0));
#21=LINE('',#20,#19);
#22=DIRECTION('',(0.E0,0.E0,1.E0));
#23=VECTOR('',#22,8.600215094041E-2);
#24=CARTESIAN_POINT('',(1.325E0,-5.E-1,-2.9E0));
#25=LINE('',#24,#23);
#26=DIRECTION('',(-1.E0,0.E0,0.E0));
#27=VECTOR('',#26,1.5E-1);
#28=CARTESIAN_POINT('',(1.325E0,-5.E-1,-2.813997849060E0));
#29=LINE('',#28,#27);
#30=DIRECTION('',(0.E0,0.E0,1.E0));
#31=VECTOR('',#30,8.600215094041E-2);
#32=CARTESIAN_POINT('',(1.175E0,-5.E-1,-2.9E0));
#33=LINE('',#32,#31);
#34=DIRECTION('',(-1.E0,0.E0,0.E0));
#35=VECTOR('',#34,3.5E-1);
#36=CARTESIAN_POINT('',(1.175E0,-5.E-1,-2.9E0));
#37=LINE('',#36,#35);
#38=DIRECTION('',(0.E0,0.E0,1.E0));
#39=VECTOR('',#38,8.600215094041E-2);
#40=CARTESIAN_POINT('',(8.25E-1,-5.E-1,-2.9E0));
#41=LINE('',#40,#39);
#42=DIRECTION('',(-1.E0,0.E0,0.E0));
#43=VECTOR('',#42,1.5E-1);
#44=CARTESIAN_POINT('',(8.25E-1,-5.E-1,-2.813997849060E0));
#45=LINE('',#44,#43);
#46=DIRECTION('',(0.E0,0.E0,1.E0));
#47=VECTOR('',#46,8.600215094041E-2);
#48=CARTESIAN_POINT('',(6.75E-1,-5.E-1,-2.9E0));
#49=LINE('',#48,#47);
#50=DIRECTION('',(-1.E0,0.E0,0.E0));
#51=VECTOR('',#50,3.5E-1);
#52=CARTESIAN_POINT('',(6.75E-1,-5.E-1,-2.9E0));
#53=LINE('',#52,#51);
#54=DIRECTION('',(0.E0,0.E0,1.E0));
#55=VECTOR('',#54,8.600215094041E-2);
#56=CARTESIAN_POINT('',(3.25E-1,-5.E-1,-2.9E0));
#57=LINE('',#56,#55);
#58=DIRECTION('',(-1.E0,0.E0,0.E0));
#59=VECTOR('',#58,1.5E-1);
#60=CARTESIAN_POINT('',(3.25E-1,-5.E-1,-2.813997849060E0));
#61=LINE('',#60,#59);
#62=DIRECTION('',(0.E0,0.E0,1.E0));
#63=VECTOR('',#62,8.600215094041E-2);
#64=CARTESIAN_POINT('',(1.75E-1,-5.E-1,-2.9E0));
#65=LINE('',#64,#63);
#66=DIRECTION('',(-1.E0,0.E0,0.E0));
#67=VECTOR('',#66,3.5E-1);
#68=CARTESIAN_POINT('',(1.75E-1,-5.E-1,-2.9E0));
#69=LINE('',#68,#67);
#70=DIRECTION('',(0.E0,0.E0,1.E0));
#71=VECTOR('',#70,8.600215094041E-2);
#72=CARTESIAN_POINT('',(-1.75E-1,-5.E-1,-2.9E0));
#73=LINE('',#72,#71);
#74=DIRECTION('',(-1.E0,0.E0,0.E0));
#75=VECTOR('',#74,1.5E-1);
#76=CARTESIAN_POINT('',(-1.75E-1,-5.E-1,-2.813997849060E0));
#77=LINE('',#76,#75);
#78=DIRECTION('',(0.E0,0.E0,1.E0));
#79=VECTOR('',#78,8.600215094041E-2);
#80=CARTESIAN_POINT('',(-3.25E-1,-5.E-1,-2.9E0));
#81=LINE('',#80,#79);
#82=DIRECTION('',(-1.E0,0.E0,0.E0));
#83=VECTOR('',#82,3.5E-1);
#84=CARTESIAN_POINT('',(-3.25E-1,-5.E-1,-2.9E0));
#85=LINE('',#84,#83);
#86=DIRECTION('',(0.E0,0.E0,1.E0));
#87=VECTOR('',#86,8.600215094041E-2);
#88=CARTESIAN_POINT('',(-6.75E-1,-5.E-1,-2.9E0));
#89=LINE('',#88,#87);
#90=DIRECTION('',(-1.E0,0.E0,0.E0));
#91=VECTOR('',#90,1.5E-1);
#92=CARTESIAN_POINT('',(-6.75E-1,-5.E-1,-2.813997849060E0));
#93=LINE('',#92,#91);
#94=DIRECTION('',(0.E0,0.E0,1.E0));
#95=VECTOR('',#94,8.600215094041E-2);
#96=CARTESIAN_POINT('',(-8.25E-1,-5.E-1,-2.9E0));
#97=LINE('',#96,#95);
#98=DIRECTION('',(-1.E0,0.E0,0.E0));
#99=VECTOR('',#98,3.5E-1);
#100=CARTESIAN_POINT('',(-8.25E-1,-5.E-1,-2.9E0));
#101=LINE('',#100,#99);
#102=DIRECTION('',(0.E0,0.E0,1.E0));
#103=VECTOR('',#102,8.600215094041E-2);
#104=CARTESIAN_POINT('',(-1.175E0,-5.E-1,-2.9E0));
#105=LINE('',#104,#103);
#106=DIRECTION('',(-1.E0,0.E0,0.E0));
#107=VECTOR('',#106,1.5E-1);
#108=CARTESIAN_POINT('',(-1.175E0,-5.E-1,-2.813997849060E0));
#109=LINE('',#108,#107);
#110=DIRECTION('',(0.E0,0.E0,1.E0));
#111=VECTOR('',#110,8.600215094041E-2);
#112=CARTESIAN_POINT('',(-1.325E0,-5.E-1,-2.9E0));
#113=LINE('',#112,#111);
#114=DIRECTION('',(-1.E0,0.E0,0.E0));
#115=VECTOR('',#114,3.5E-1);
#116=CARTESIAN_POINT('',(-1.325E0,-5.E-1,-2.9E0));
#117=LINE('',#116,#115);
#118=DIRECTION('',(0.E0,0.E0,1.E0));
#119=VECTOR('',#118,8.600215094041E-2);
#120=CARTESIAN_POINT('',(-1.675E0,-5.E-1,-2.9E0));
#121=LINE('',#120,#119);
#122=DIRECTION('',(-1.E0,0.E0,0.E0));
#123=VECTOR('',#122,1.5E-1);
#124=CARTESIAN_POINT('',(-1.675E0,-5.E-1,-2.813997849060E0));
#125=LINE('',#124,#123);
#126=DIRECTION('',(0.E0,0.E0,1.E0));
#127=VECTOR('',#126,8.600215094041E-2);
#128=CARTESIAN_POINT('',(-1.825E0,-5.E-1,-2.9E0));
#129=LINE('',#128,#127);
#130=DIRECTION('',(-1.E0,0.E0,0.E0));
#131=VECTOR('',#130,1.175E0);
#132=CARTESIAN_POINT('',(-1.825E0,-5.E-1,-2.9E0));
#133=LINE('',#132,#131);
#134=DIRECTION('',(0.E0,0.E0,1.E0));
#135=VECTOR('',#134,1.96E0);
#136=CARTESIAN_POINT('',(-3.E0,-5.E-1,-2.9E0));
#137=LINE('',#136,#135);
#138=DIRECTION('',(1.E0,0.E0,0.E0));
#139=VECTOR('',#138,3.75E-1);
#140=CARTESIAN_POINT('',(-3.E0,-5.E-1,-9.4E-1));
#141=LINE('',#140,#139);
#142=DIRECTION('',(0.E0,0.E0,1.E0));
#143=VECTOR('',#142,1.753402364975E-1);
#144=CARTESIAN_POINT('',(-2.625E0,-5.E-1,-9.4E-1));
#145=LINE('',#144,#143);
#146=DIRECTION('',(0.E0,0.E0,1.E0));
#147=VECTOR('',#146,4.946597635025E-1);
#148=CARTESIAN_POINT('',(-2.625E0,-5.E-1,-7.646597635025E-1));
#149=LINE('',#148,#147);
#150=DIRECTION('',(0.E0,0.E0,1.E0));
#151=VECTOR('',#150,2.7E-1);
#152=CARTESIAN_POINT('',(-2.625E0,-5.E-1,-2.7E-1));
#153=LINE('',#152,#151);
#154=DIRECTION('',(1.E0,0.E0,0.E0));
#155=VECTOR('',#154,5.25E0);
#156=CARTESIAN_POINT('',(-2.625E0,-5.E-1,0.E0));
#157=LINE('',#156,#155);
#158=DIRECTION('',(0.E0,0.E0,-1.E0));
#159=VECTOR('',#158,2.7E-1);
#160=CARTESIAN_POINT('',(2.625E0,-5.E-1,0.E0));
#161=LINE('',#160,#159);
#162=DIRECTION('',(0.E0,0.E0,1.E0));
#163=VECTOR('',#162,4.946597635025E-1);
#164=CARTESIAN_POINT('',(2.625E0,-5.E-1,-7.646597635025E-1));
#165=LINE('',#164,#163);
#166=DIRECTION('',(0.E0,0.E0,-1.E0));
#167=VECTOR('',#166,1.753402364975E-1);
#168=CARTESIAN_POINT('',(2.625E0,-5.E-1,-7.646597635025E-1));
#169=LINE('',#168,#167);
#170=DIRECTION('',(1.E0,0.E0,0.E0));
#171=VECTOR('',#170,3.75E-1);
#172=CARTESIAN_POINT('',(2.625E0,-5.E-1,-9.4E-1));
#173=LINE('',#172,#171);
#174=DIRECTION('',(0.E0,0.E0,-1.E0));
#175=VECTOR('',#174,1.96E0);
#176=CARTESIAN_POINT('',(3.E0,-5.E-1,-9.4E-1));
#177=LINE('',#176,#175);
#178=DIRECTION('',(-1.E0,0.E0,0.E0));
#179=VECTOR('',#178,1.175E0);
#180=CARTESIAN_POINT('',(3.E0,-5.E-1,-2.9E0));
#181=LINE('',#180,#179);
#182=DIRECTION('',(0.E0,0.E0,1.E0));
#183=VECTOR('',#182,8.600215094041E-2);
#184=CARTESIAN_POINT('',(1.825E0,-5.E-1,-2.9E0));
#185=LINE('',#184,#183);
#186=DIRECTION('',(-1.E0,0.E0,0.E0));
#187=VECTOR('',#186,1.5E-1);
#188=CARTESIAN_POINT('',(1.825E0,-5.E-1,-2.813997849060E0));
#189=LINE('',#188,#187);
#190=CARTESIAN_POINT('',(1.675E0,-1.4E-1,-1.282941277891E0));
#191=DIRECTION('',(1.E0,0.E0,0.E0));
#192=DIRECTION('',(0.E0,-1.E0,0.E0));
#193=AXIS2_PLACEMENT_3D('',#190,#191,#192);
#195=DIRECTION('',(0.E0,0.E0,-1.E0));
#196=VECTOR('',#195,2.089412778908E-1);
#197=CARTESIAN_POINT('',(1.675E0,-1.9E-1,-1.074E0));
#198=LINE('',#197,#196);
#199=CARTESIAN_POINT('',(1.675E0,-2.9E-1,-1.074E0));
#200=DIRECTION('',(-1.E0,0.E0,0.E0));
#201=DIRECTION('',(0.E0,8.6E-1,5.102940328869E-1));
#202=AXIS2_PLACEMENT_3D('',#199,#200,#201);
#204=CARTESIAN_POINT('',(1.675E0,-7.5E-2,-9.464264917783E-1));
#205=DIRECTION('',(1.E0,0.E0,0.E0));
#206=DIRECTION('',(0.E0,-1.E0,0.E0));
#207=AXIS2_PLACEMENT_3D('',#204,#205,#206);
#209=DIRECTION('',(0.E0,0.E0,-1.E0));
#210=VECTOR('',#209,1.474264917783E-1);
#211=CARTESIAN_POINT('',(1.675E0,-2.25E-1,-7.99E-1));
#212=LINE('',#211,#210);
#213=CARTESIAN_POINT('',(1.675E0,-1.75E-1,-7.99E-1));
#214=DIRECTION('',(1.E0,0.E0,0.E0));
#215=DIRECTION('',(0.E0,-3.8E-1,9.249864863878E-1));
#216=AXIS2_PLACEMENT_3D('',#213,#214,#215);
#218=CARTESIAN_POINT('',(1.675E0,-2.05E-1,-7.248401042067E-1));
#219=DIRECTION('',(-1.E0,0.E0,0.E0));
#220=DIRECTION('',(0.E0,3.860564407781E-1,9.224751620145E-1));
#221=AXIS2_PLACEMENT_3D('',#218,#219,#220);
#223=CARTESIAN_POINT('',(1.675E0,-1.8E-1,-6.49E-1));
#224=DIRECTION('',(1.E0,0.E0,0.E0));
#225=DIRECTION('',(0.E0,-1.E0,0.E0));
#226=AXIS2_PLACEMENT_3D('',#223,#224,#225);
#228=DIRECTION('',(0.E0,0.E0,-1.E0));
#229=VECTOR('',#228,1.66E-1);
#230=CARTESIAN_POINT('',(1.675E0,-2.3E-1,-4.83E-1));
#231=LINE('',#230,#229);
#232=CARTESIAN_POINT('',(1.675E0,-5.26E-1,-5.085756955777E-1));
#233=DIRECTION('',(-1.E0,0.E0,0.E0));
#234=DIRECTION('',(0.E0,7.688022284123E-1,6.394866172082E-1));
#235=AXIS2_PLACEMENT_3D('',#232,#233,#234);
#237=CARTESIAN_POINT('',(1.675E0,-4.8751655E-1,-2.852E0));
#238=DIRECTION('',(-1.E0,0.E0,0.E0));
#239=DIRECTION('',(0.E0,-1.E0,0.E0));
#240=AXIS2_PLACEMENT_3D('',#237,#238,#239);
#242=DIRECTION('',(0.E0,0.E0,1.E0));
#243=VECTOR('',#242,3.1E-1);
#244=CARTESIAN_POINT('',(1.675E0,-5.2751655E-1,-3.162E0));
#245=LINE('',#244,#243);
#246=DIRECTION('',(0.E0,-1.E0,0.E0));
#247=VECTOR('',#246,4.999954999999E-2);
#248=CARTESIAN_POINT('',(1.675E0,-4.77517E-1,-3.162E0));
#249=LINE('',#248,#247);
#250=CARTESIAN_POINT('',(1.675E0,-4.77517E-1,-3.112E0));
#251=DIRECTION('',(-1.E0,0.E0,0.E0));
#252=DIRECTION('',(0.E0,1.425888932421E-1,-9.89782E-1));
#253=AXIS2_PLACEMENT_3D('',#250,#251,#252);
#255=CARTESIAN_POINT('',(1.675E0,-4.661080841369E-1,-3.1911823E0));
#256=DIRECTION('',(1.E0,0.E0,0.E0));
#257=DIRECTION('',(0.E0,7.556965827044E-1,6.549218845701E-1));
#258=AXIS2_PLACEMENT_3D('',#255,#256,#257);
#260=DIRECTION('',(0.E0,-5.628914848851E-1,8.265308078008E-1));
#261=VECTOR('',#260,9.493337186775E-2);
#262=CARTESIAN_POINT('',(1.675E0,-3.9E-1,-3.25E0));
#263=LINE('',#262,#261);
#264=DIRECTION('',(0.E0,-1.E0,0.E0));
#265=VECTOR('',#264,1.7E-1);
#266=CARTESIAN_POINT('',(1.675E0,-2.2E-1,-3.25E0));
#267=LINE('',#266,#265);
#268=DIRECTION('',(1.E0,0.E0,0.E0));
#269=VECTOR('',#268,1.5E-1);
#270=CARTESIAN_POINT('',(1.675E0,-1.9E-1,-1.282941277891E0));
#271=LINE('',#270,#269);
#272=DIRECTION('',(0.E0,1.E0,0.E0));
#273=VECTOR('',#272,6.3E-2);
#274=CARTESIAN_POINT('',(1.675E0,-2.5E-1,-1.3E0));
#275=LINE('',#274,#273);
#276=DIRECTION('',(1.E0,0.E0,0.E0));
#277=VECTOR('',#276,3.5E-1);
#278=CARTESIAN_POINT('',(1.325E0,-2.5E-1,-1.3E0));
#279=LINE('',#278,#277);
#280=DIRECTION('',(0.E0,1.E0,0.E0));
#281=VECTOR('',#280,6.3E-2);
#282=CARTESIAN_POINT('',(1.325E0,-2.5E-1,-1.3E0));
#283=LINE('',#282,#281);
#284=DIRECTION('',(-1.E0,0.E0,0.E0));
#285=VECTOR('',#284,1.5E-1);
#286=CARTESIAN_POINT('',(1.325E0,-1.87E-1,-1.3E0));
#287=LINE('',#286,#285);
#288=DIRECTION('',(0.E0,1.E0,0.E0));
#289=VECTOR('',#288,6.3E-2);
#290=CARTESIAN_POINT('',(1.175E0,-2.5E-1,-1.3E0));
#291=LINE('',#290,#289);
#292=DIRECTION('',(1.E0,0.E0,0.E0));
#293=VECTOR('',#292,3.5E-1);
#294=CARTESIAN_POINT('',(8.25E-1,-2.5E-1,-1.3E0));
#295=LINE('',#294,#293);
#296=DIRECTION('',(0.E0,1.E0,0.E0));
#297=VECTOR('',#296,6.3E-2);
#298=CARTESIAN_POINT('',(8.25E-1,-2.5E-1,-1.3E0));
#299=LINE('',#298,#297);
#300=DIRECTION('',(-1.E0,0.E0,0.E0));
#301=VECTOR('',#300,1.5E-1);
#302=CARTESIAN_POINT('',(8.25E-1,-1.87E-1,-1.3E0));
#303=LINE('',#302,#301);
#304=DIRECTION('',(0.E0,1.E0,0.E0));
#305=VECTOR('',#304,6.3E-2);
#306=CARTESIAN_POINT('',(6.75E-1,-2.5E-1,-1.3E0));
#307=LINE('',#306,#305);
#308=DIRECTION('',(1.E0,0.E0,0.E0));
#309=VECTOR('',#308,3.5E-1);
#310=CARTESIAN_POINT('',(3.25E-1,-2.5E-1,-1.3E0));
#311=LINE('',#310,#309);
#312=DIRECTION('',(0.E0,1.E0,0.E0));
#313=VECTOR('',#312,6.3E-2);
#314=CARTESIAN_POINT('',(3.25E-1,-2.5E-1,-1.3E0));
#315=LINE('',#314,#313);
#316=DIRECTION('',(-1.E0,0.E0,0.E0));
#317=VECTOR('',#316,1.5E-1);
#318=CARTESIAN_POINT('',(3.25E-1,-1.87E-1,-1.3E0));
#319=LINE('',#318,#317);
#320=DIRECTION('',(0.E0,1.E0,0.E0));
#321=VECTOR('',#320,6.3E-2);
#322=CARTESIAN_POINT('',(1.75E-1,-2.5E-1,-1.3E0));
#323=LINE('',#322,#321);
#324=DIRECTION('',(1.E0,0.E0,0.E0));
#325=VECTOR('',#324,3.5E-1);
#326=CARTESIAN_POINT('',(-1.75E-1,-2.5E-1,-1.3E0));
#327=LINE('',#326,#325);
#328=DIRECTION('',(0.E0,1.E0,0.E0));
#329=VECTOR('',#328,6.3E-2);
#330=CARTESIAN_POINT('',(-1.75E-1,-2.5E-1,-1.3E0));
#331=LINE('',#330,#329);
#332=DIRECTION('',(-1.E0,0.E0,0.E0));
#333=VECTOR('',#332,1.5E-1);
#334=CARTESIAN_POINT('',(-1.75E-1,-1.87E-1,-1.3E0));
#335=LINE('',#334,#333);
#336=DIRECTION('',(0.E0,1.E0,0.E0));
#337=VECTOR('',#336,6.3E-2);
#338=CARTESIAN_POINT('',(-3.25E-1,-2.5E-1,-1.3E0));
#339=LINE('',#338,#337);
#340=DIRECTION('',(1.E0,0.E0,0.E0));
#341=VECTOR('',#340,3.5E-1);
#342=CARTESIAN_POINT('',(-6.75E-1,-2.5E-1,-1.3E0));
#343=LINE('',#342,#341);
#344=DIRECTION('',(0.E0,1.E0,0.E0));
#345=VECTOR('',#344,6.3E-2);
#346=CARTESIAN_POINT('',(-6.75E-1,-2.5E-1,-1.3E0));
#347=LINE('',#346,#345);
#348=DIRECTION('',(-1.E0,0.E0,0.E0));
#349=VECTOR('',#348,1.5E-1);
#350=CARTESIAN_POINT('',(-6.75E-1,-1.87E-1,-1.3E0));
#351=LINE('',#350,#349);
#352=DIRECTION('',(0.E0,1.E0,0.E0));
#353=VECTOR('',#352,6.3E-2);
#354=CARTESIAN_POINT('',(-8.25E-1,-2.5E-1,-1.3E0));
#355=LINE('',#354,#353);
#356=DIRECTION('',(1.E0,0.E0,0.E0));
#357=VECTOR('',#356,3.5E-1);
#358=CARTESIAN_POINT('',(-1.175E0,-2.5E-1,-1.3E0));
#359=LINE('',#358,#357);
#360=DIRECTION('',(0.E0,1.E0,0.E0));
#361=VECTOR('',#360,6.3E-2);
#362=CARTESIAN_POINT('',(-1.175E0,-2.5E-1,-1.3E0));
#363=LINE('',#362,#361);
#364=DIRECTION('',(-1.E0,0.E0,0.E0));
#365=VECTOR('',#364,1.5E-1);
#366=CARTESIAN_POINT('',(-1.175E0,-1.87E-1,-1.3E0));
#367=LINE('',#366,#365);
#368=DIRECTION('',(0.E0,1.E0,0.E0));
#369=VECTOR('',#368,6.3E-2);
#370=CARTESIAN_POINT('',(-1.325E0,-2.5E-1,-1.3E0));
#371=LINE('',#370,#369);
#372=DIRECTION('',(1.E0,0.E0,0.E0));
#373=VECTOR('',#372,3.5E-1);
#374=CARTESIAN_POINT('',(-1.675E0,-2.5E-1,-1.3E0));
#375=LINE('',#374,#373);
#376=DIRECTION('',(0.E0,1.E0,0.E0));
#377=VECTOR('',#376,6.3E-2);
#378=CARTESIAN_POINT('',(-1.675E0,-2.5E-1,-1.3E0));
#379=LINE('',#378,#377);
#380=DIRECTION('',(-1.E0,0.E0,0.E0));
#381=VECTOR('',#380,1.5E-1);
#382=CARTESIAN_POINT('',(-1.675E0,-1.87E-1,-1.3E0));
#383=LINE('',#382,#381);
#384=DIRECTION('',(0.E0,1.E0,0.E0));
#385=VECTOR('',#384,6.3E-2);
#386=CARTESIAN_POINT('',(-1.825E0,-2.5E-1,-1.3E0));
#387=LINE('',#386,#385);
#388=DIRECTION('',(1.E0,0.E0,0.E0));
#389=VECTOR('',#388,4.6E-1);
#390=CARTESIAN_POINT('',(-2.285E0,-2.5E-1,-1.3E0));
#391=LINE('',#390,#389);
#392=DIRECTION('',(0.E0,-1.E0,0.E0));
#393=VECTOR('',#392,4.2E-1);
#394=CARTESIAN_POINT('',(-2.285E0,1.7E-1,-1.3E0));
#395=LINE('',#394,#393);
#396=DIRECTION('',(-1.E0,0.E0,0.E0));
#397=VECTOR('',#396,4.57E0);
#398=CARTESIAN_POINT('',(2.285E0,1.7E-1,-1.3E0));
#399=LINE('',#398,#397);
#400=DIRECTION('',(0.E0,1.E0,0.E0));
#401=VECTOR('',#400,4.2E-1);
#402=CARTESIAN_POINT('',(2.285E0,-2.5E-1,-1.3E0));
#403=LINE('',#402,#401);
#404=DIRECTION('',(1.E0,0.E0,0.E0));
#405=VECTOR('',#404,4.6E-1);
#406=CARTESIAN_POINT('',(1.825E0,-2.5E-1,-1.3E0));
#407=LINE('',#406,#405);
#408=DIRECTION('',(0.E0,1.E0,0.E0));
#409=VECTOR('',#408,6.3E-2);
#410=CARTESIAN_POINT('',(1.825E0,-2.5E-1,-1.3E0));
#411=LINE('',#410,#409);
#412=DIRECTION('',(-1.E0,0.E0,0.E0));
#413=VECTOR('',#412,1.5E-1);
#414=CARTESIAN_POINT('',(1.825E0,-1.87E-1,-1.3E0));
#415=LINE('',#414,#413);
#416=DIRECTION('',(0.E0,0.E0,1.E0));
#417=VECTOR('',#416,1.021E0);
#418=CARTESIAN_POINT('',(1.675E0,-2.5E-1,-1.3E0));
#419=LINE('',#418,#417);
#420=DIRECTION('',(-1.E0,0.E0,0.E0));
#421=VECTOR('',#420,1.5E-1);
#422=CARTESIAN_POINT('',(1.825E0,-2.5E-1,-2.79E-1));
#423=LINE('',#422,#421);
#424=DIRECTION('',(0.E0,0.E0,1.E0));
#425=VECTOR('',#424,1.021E0);
#426=CARTESIAN_POINT('',(1.825E0,-2.5E-1,-1.3E0));
#427=LINE('',#426,#425);
#428=DIRECTION('',(-1.E0,0.E0,0.E0));
#429=VECTOR('',#428,4.57E0);
#430=CARTESIAN_POINT('',(2.285E0,-2.5E-1,-1.5E-1));
#431=LINE('',#430,#429);
#432=DIRECTION('',(0.E0,0.E0,-1.E0));
#433=VECTOR('',#432,1.15E0);
#434=CARTESIAN_POINT('',(-2.285E0,-2.5E-1,-1.5E-1));
#435=LINE('',#434,#433);
#436=DIRECTION('',(0.E0,0.E0,1.E0));
#437=VECTOR('',#436,1.021E0);
#438=CARTESIAN_POINT('',(-1.825E0,-2.5E-1,-1.3E0));
#439=LINE('',#438,#437);
#440=DIRECTION('',(-1.E0,0.E0,0.E0));
#441=VECTOR('',#440,1.5E-1);
#442=CARTESIAN_POINT('',(-1.675E0,-2.5E-1,-2.79E-1));
#443=LINE('',#442,#441);
#444=DIRECTION('',(0.E0,0.E0,1.E0));
#445=VECTOR('',#444,1.021E0);
#446=CARTESIAN_POINT('',(-1.675E0,-2.5E-1,-1.3E0));
#447=LINE('',#446,#445);
#448=DIRECTION('',(0.E0,0.E0,1.E0));
#449=VECTOR('',#448,1.021E0);
#450=CARTESIAN_POINT('',(-1.325E0,-2.5E-1,-1.3E0));
#451=LINE('',#450,#449);
#452=DIRECTION('',(-1.E0,0.E0,0.E0));
#453=VECTOR('',#452,1.5E-1);
#454=CARTESIAN_POINT('',(-1.175E0,-2.5E-1,-2.79E-1));
#455=LINE('',#454,#453);
#456=DIRECTION('',(0.E0,0.E0,1.E0));
#457=VECTOR('',#456,1.021E0);
#458=CARTESIAN_POINT('',(-1.175E0,-2.5E-1,-1.3E0));
#459=LINE('',#458,#457);
#460=DIRECTION('',(0.E0,0.E0,1.E0));
#461=VECTOR('',#460,1.021E0);
#462=CARTESIAN_POINT('',(-8.25E-1,-2.5E-1,-1.3E0));
#463=LINE('',#462,#461);
#464=DIRECTION('',(-1.E0,0.E0,0.E0));
#465=VECTOR('',#464,1.5E-1);
#466=CARTESIAN_POINT('',(-6.75E-1,-2.5E-1,-2.79E-1));
#467=LINE('',#466,#465);
#468=DIRECTION('',(0.E0,0.E0,1.E0));
#469=VECTOR('',#468,1.021E0);
#470=CARTESIAN_POINT('',(-6.75E-1,-2.5E-1,-1.3E0));
#471=LINE('',#470,#469);
#472=DIRECTION('',(0.E0,0.E0,1.E0));
#473=VECTOR('',#472,1.021E0);
#474=CARTESIAN_POINT('',(-3.25E-1,-2.5E-1,-1.3E0));
#475=LINE('',#474,#473);
#476=DIRECTION('',(-1.E0,0.E0,0.E0));
#477=VECTOR('',#476,1.5E-1);
#478=CARTESIAN_POINT('',(-1.75E-1,-2.5E-1,-2.79E-1));
#479=LINE('',#478,#477);
#480=DIRECTION('',(0.E0,0.E0,1.E0));
#481=VECTOR('',#480,1.021E0);
#482=CARTESIAN_POINT('',(-1.75E-1,-2.5E-1,-1.3E0));
#483=LINE('',#482,#481);
#484=DIRECTION('',(0.E0,0.E0,1.E0));
#485=VECTOR('',#484,1.021E0);
#486=CARTESIAN_POINT('',(1.75E-1,-2.5E-1,-1.3E0));
#487=LINE('',#486,#485);
#488=DIRECTION('',(-1.E0,0.E0,0.E0));
#489=VECTOR('',#488,1.5E-1);
#490=CARTESIAN_POINT('',(3.25E-1,-2.5E-1,-2.79E-1));
#491=LINE('',#490,#489);
#492=DIRECTION('',(0.E0,0.E0,1.E0));
#493=VECTOR('',#492,1.021E0);
#494=CARTESIAN_POINT('',(3.25E-1,-2.5E-1,-1.3E0));
#495=LINE('',#494,#493);
#496=DIRECTION('',(0.E0,0.E0,1.E0));
#497=VECTOR('',#496,1.021E0);
#498=CARTESIAN_POINT('',(6.75E-1,-2.5E-1,-1.3E0));
#499=LINE('',#498,#497);
#500=DIRECTION('',(-1.E0,0.E0,0.E0));
#501=VECTOR('',#500,1.5E-1);
#502=CARTESIAN_POINT('',(8.25E-1,-2.5E-1,-2.79E-1));
#503=LINE('',#502,#501);
#504=DIRECTION('',(0.E0,0.E0,1.E0));
#505=VECTOR('',#504,1.021E0);
#506=CARTESIAN_POINT('',(8.25E-1,-2.5E-1,-1.3E0));
#507=LINE('',#506,#505);
#508=DIRECTION('',(0.E0,0.E0,1.E0));
#509=VECTOR('',#508,1.021E0);
#510=CARTESIAN_POINT('',(1.175E0,-2.5E-1,-1.3E0));
#511=LINE('',#510,#509);
#512=DIRECTION('',(-1.E0,0.E0,0.E0));
#513=VECTOR('',#512,1.5E-1);
#514=CARTESIAN_POINT('',(1.325E0,-2.5E-1,-2.79E-1));
#515=LINE('',#514,#513);
#516=DIRECTION('',(0.E0,0.E0,1.E0));
#517=VECTOR('',#516,1.021E0);
#518=CARTESIAN_POINT('',(1.325E0,-2.5E-1,-1.3E0));
#519=LINE('',#518,#517);
#520=CARTESIAN_POINT('',(1.675E0,-1.8E-1,-4.83E-1));
#521=DIRECTION('',(1.E0,0.E0,0.E0));
#522=DIRECTION('',(0.E0,1.001786176436E-1,9.949694691633E-1));
#523=AXIS2_PLACEMENT_3D('',#520,#521,#522);
#525=CARTESIAN_POINT('',(1.825E0,-1.8E-1,-4.83E-1));
#526=DIRECTION('',(-1.E0,0.E0,0.E0));
#527=DIRECTION('',(0.E0,-1.E0,0.E0));
#528=AXIS2_PLACEMENT_3D('',#525,#526,#527);
#530=DIRECTION('',(1.E0,0.E0,0.E0));
#531=VECTOR('',#530,1.5E-1);
#532=CARTESIAN_POINT('',(1.675E0,-1.749910691178E-1,-4.332515265418E-1));
#533=LINE('',#532,#531);
#534=DIRECTION('',(1.E0,0.E0,0.E0));
#535=VECTOR('',#534,1.5E-1);
#536=CARTESIAN_POINT('',(1.675E0,-2.3E-1,-4.83E-1));
#537=LINE('',#536,#535);
#538=DIRECTION('',(1.E0,0.E0,0.E0));
#539=VECTOR('',#538,1.5E-1);
#540=CARTESIAN_POINT('',(1.675E0,-2.3E-1,-6.49E-1));
#541=LINE('',#540,#539);
#542=DIRECTION('',(1.E0,0.E0,0.E0));
#543=VECTOR('',#542,1.5E-1);
#544=CARTESIAN_POINT('',(1.675E0,-1.934183067767E-1,-6.971658493463E-1));
#545=LINE('',#544,#543);
#546=DIRECTION('',(1.E0,0.E0,0.E0));
#547=VECTOR('',#546,1.5E-1);
#548=CARTESIAN_POINT('',(1.675E0,-1.94E-1,-7.527506756806E-1));
#549=LINE('',#548,#547);
#550=DIRECTION('',(1.E0,0.E0,0.E0));
#551=VECTOR('',#550,1.5E-1);
#552=CARTESIAN_POINT('',(1.675E0,-2.25E-1,-7.99E-1));
#553=LINE('',#552,#551);
#554=DIRECTION('',(1.E0,0.E0,0.E0));
#555=VECTOR('',#554,1.5E-1);
#556=CARTESIAN_POINT('',(1.675E0,-2.25E-1,-9.464264917783E-1));
#557=LINE('',#556,#555);
#558=DIRECTION('',(1.E0,0.E0,0.E0));
#559=VECTOR('',#558,1.5E-1);
#560=CARTESIAN_POINT('',(1.675E0,-2.04E-1,-1.022970596711E0));
#561=LINE('',#560,#559);
#562=DIRECTION('',(1.E0,0.E0,0.E0));
#563=VECTOR('',#562,1.5E-1);
#564=CARTESIAN_POINT('',(1.675E0,-1.9E-1,-1.074E0));
#565=LINE('',#564,#563);
#566=CARTESIAN_POINT('',(1.825E0,-1.4E-1,-1.282941277891E0));
#567=DIRECTION('',(1.E0,0.E0,0.E0));
#568=DIRECTION('',(0.E0,-1.E0,0.E0));
#569=AXIS2_PLACEMENT_3D('',#566,#567,#568);
#571=CARTESIAN_POINT('',(1.825E0,-5.26E-1,-5.085756955777E-1));
#572=DIRECTION('',(-1.E0,0.E0,0.E0));
#573=DIRECTION('',(0.E0,7.688022284123E-1,6.394866172082E-1));
#574=AXIS2_PLACEMENT_3D('',#571,#572,#573);
#576=DIRECTION('',(0.E0,0.E0,-1.E0));
#577=VECTOR('',#576,1.66E-1);
#578=CARTESIAN_POINT('',(1.825E0,-2.3E-1,-4.83E-1));
#579=LINE('',#578,#577);
#580=CARTESIAN_POINT('',(1.825E0,-1.8E-1,-6.49E-1));
#581=DIRECTION('',(1.E0,0.E0,0.E0));
#582=DIRECTION('',(0.E0,-1.E0,0.E0));
#583=AXIS2_PLACEMENT_3D('',#580,#581,#582);
#585=CARTESIAN_POINT('',(1.825E0,-2.05E-1,-7.248401042067E-1));
#586=DIRECTION('',(-1.E0,0.E0,0.E0));
#587=DIRECTION('',(0.E0,3.860564407781E-1,9.224751620145E-1));
#588=AXIS2_PLACEMENT_3D('',#585,#586,#587);
#590=CARTESIAN_POINT('',(1.825E0,-1.75E-1,-7.99E-1));
#591=DIRECTION('',(1.E0,0.E0,0.E0));
#592=DIRECTION('',(0.E0,-3.8E-1,9.249864863878E-1));
#593=AXIS2_PLACEMENT_3D('',#590,#591,#592);
#595=DIRECTION('',(0.E0,0.E0,-1.E0));
#596=VECTOR('',#595,1.474264917783E-1);
#597=CARTESIAN_POINT('',(1.825E0,-2.25E-1,-7.99E-1));
#598=LINE('',#597,#596);
#599=CARTESIAN_POINT('',(1.825E0,-7.5E-2,-9.464264917783E-1));
#600=DIRECTION('',(1.E0,0.E0,0.E0));
#601=DIRECTION('',(0.E0,-1.E0,0.E0));
#602=AXIS2_PLACEMENT_3D('',#599,#600,#601);
#604=CARTESIAN_POINT('',(1.825E0,-2.9E-1,-1.074E0));
#605=DIRECTION('',(-1.E0,0.E0,0.E0));
#606=DIRECTION('',(0.E0,8.6E-1,5.102940328869E-1));
#607=AXIS2_PLACEMENT_3D('',#604,#605,#606);
#609=DIRECTION('',(0.E0,0.E0,-1.E0));
#610=VECTOR('',#609,2.089412778908E-1);
#611=CARTESIAN_POINT('',(1.825E0,-1.9E-1,-1.074E0));
#612=LINE('',#611,#610);
#613=CARTESIAN_POINT('',(1.825E0,-4.8751655E-1,-2.852E0));
#614=DIRECTION('',(-1.E0,0.E0,0.E0));
#615=DIRECTION('',(0.E0,-1.E0,0.E0));
#616=AXIS2_PLACEMENT_3D('',#613,#614,#615);
#618=DIRECTION('',(0.E0,-1.E0,0.E0));
#619=VECTOR('',#618,1.7E-1);
#620=CARTESIAN_POINT('',(1.825E0,-2.2E-1,-3.25E0));
#621=LINE('',#620,#619);
#622=DIRECTION('',(0.E0,-5.628914848851E-1,8.265308078008E-1));
#623=VECTOR('',#622,9.493337186775E-2);
#624=CARTESIAN_POINT('',(1.825E0,-3.9E-1,-3.25E0));
#625=LINE('',#624,#623);
#626=CARTESIAN_POINT('',(1.825E0,-4.661080841369E-1,-3.1911823E0));
#627=DIRECTION('',(1.E0,0.E0,0.E0));
#628=DIRECTION('',(0.E0,7.556965827044E-1,6.549218845701E-1));
#629=AXIS2_PLACEMENT_3D('',#626,#627,#628);
#631=CARTESIAN_POINT('',(1.825E0,-4.77517E-1,-3.112E0));
#632=DIRECTION('',(-1.E0,0.E0,0.E0));
#633=DIRECTION('',(0.E0,1.425888932421E-1,-9.89782E-1));
#634=AXIS2_PLACEMENT_3D('',#631,#632,#633);
#636=DIRECTION('',(0.E0,-1.E0,0.E0));
#637=VECTOR('',#636,4.999954999999E-2);
#638=CARTESIAN_POINT('',(1.825E0,-4.77517E-1,-3.162E0));
#639=LINE('',#638,#637);
#640=DIRECTION('',(0.E0,0.E0,1.E0));
#641=VECTOR('',#640,3.1E-1);
#642=CARTESIAN_POINT('',(1.825E0,-5.2751655E-1,-3.162E0));
#643=LINE('',#642,#641);
#644=DIRECTION('',(1.E0,0.E0,0.E0));
#645=VECTOR('',#644,1.5E-1);
#646=CARTESIAN_POINT('',(1.675E0,-5.2751655E-1,-2.852E0));
#647=LINE('',#646,#645);
#648=DIRECTION('',(1.E0,0.E0,0.E0));
#649=VECTOR('',#648,1.5E-1);
#650=CARTESIAN_POINT('',(1.675E0,-5.2751655E-1,-3.162E0));
#651=LINE('',#650,#649);
#652=DIRECTION('',(1.E0,0.E0,0.E0));
#653=VECTOR('',#652,1.5E-1);
#654=CARTESIAN_POINT('',(1.675E0,-4.77517E-1,-3.162E0));
#655=LINE('',#654,#653);
#656=DIRECTION('',(1.E0,0.E0,0.E0));
#657=VECTOR('',#656,1.5E-1);
#658=CARTESIAN_POINT('',(1.675E0,-4.703875553379E-1,-3.1614891E0));
#659=LINE('',#658,#657);
#660=DIRECTION('',(1.E0,0.E0,0.E0));
#661=VECTOR('',#660,1.5E-1);
#662=CARTESIAN_POINT('',(1.675E0,-4.434371866558E-1,-3.171534643463E0));
#663=LINE('',#662,#661);
#664=DIRECTION('',(1.E0,0.E0,0.E0));
#665=VECTOR('',#664,1.5E-1);
#666=CARTESIAN_POINT('',(1.675E0,-3.9E-1,-3.25E0));
#667=LINE('',#666,#665);
#668=DIRECTION('',(0.E0,0.E0,-1.E0));
#669=VECTOR('',#668,3.5E-1);
#670=CARTESIAN_POINT('',(1.675E0,-2.2E-1,-2.9E0));
#671=LINE('',#670,#669);
#672=DIRECTION('',(-1.E0,0.E0,0.E0));
#673=VECTOR('',#672,1.5E-1);
#674=CARTESIAN_POINT('',(1.825E0,-2.2E-1,-3.25E0));
#675=LINE('',#674,#673);
#676=DIRECTION('',(0.E0,0.E0,-1.E0));
#677=VECTOR('',#676,3.5E-1);
#678=CARTESIAN_POINT('',(1.825E0,-2.2E-1,-2.9E0));
#679=LINE('',#678,#677);
#680=DIRECTION('',(0.E0,0.E0,-1.E0));
#681=VECTOR('',#680,3.20488E-1);
#682=CARTESIAN_POINT('',(2.58E0,-2.2E-1,-2.9E0));
#683=LINE('',#682,#681);
#684=DIRECTION('',(-1.E0,0.E0,0.E0));
#685=VECTOR('',#684,1.8E-1);
#686=CARTESIAN_POINT('',(2.76E0,-2.2E-1,-3.220488E0));
#687=LINE('',#686,#685);
#688=DIRECTION('',(1.E0,0.E0,0.E0));
#689=VECTOR('',#688,1.8E-1);
#690=CARTESIAN_POINT('',(-2.76E0,-2.2E-1,-3.220488E0));
#691=LINE('',#690,#689);
#692=DIRECTION('',(0.E0,0.E0,-1.E0));
#693=VECTOR('',#692,3.20488E-1);
#694=CARTESIAN_POINT('',(-2.58E0,-2.2E-1,-2.9E0));
#695=LINE('',#694,#693);
#696=DIRECTION('',(0.E0,0.E0,-1.E0));
#697=VECTOR('',#696,3.5E-1);
#698=CARTESIAN_POINT('',(-1.825E0,-2.2E-1,-2.9E0));
#699=LINE('',#698,#697);
#700=DIRECTION('',(-1.E0,0.E0,0.E0));
#701=VECTOR('',#700,1.5E-1);
#702=CARTESIAN_POINT('',(-1.675E0,-2.2E-1,-3.25E0));
#703=LINE('',#702,#701);
#704=DIRECTION('',(0.E0,0.E0,-1.E0));
#705=VECTOR('',#704,3.5E-1);
#706=CARTESIAN_POINT('',(-1.675E0,-2.2E-1,-2.9E0));
#707=LINE('',#706,#705);
#708=DIRECTION('',(0.E0,0.E0,-1.E0));
#709=VECTOR('',#708,3.5E-1);
#710=CARTESIAN_POINT('',(-1.325E0,-2.2E-1,-2.9E0));
#711=LINE('',#710,#709);
#712=DIRECTION('',(-1.E0,0.E0,0.E0));
#713=VECTOR('',#712,1.5E-1);
#714=CARTESIAN_POINT('',(-1.175E0,-2.2E-1,-3.25E0));
#715=LINE('',#714,#713);
#716=DIRECTION('',(0.E0,0.E0,-1.E0));
#717=VECTOR('',#716,3.5E-1);
#718=CARTESIAN_POINT('',(-1.175E0,-2.2E-1,-2.9E0));
#719=LINE('',#718,#717);
#720=DIRECTION('',(0.E0,0.E0,-1.E0));
#721=VECTOR('',#720,3.5E-1);
#722=CARTESIAN_POINT('',(-8.25E-1,-2.2E-1,-2.9E0));
#723=LINE('',#722,#721);
#724=DIRECTION('',(-1.E0,0.E0,0.E0));
#725=VECTOR('',#724,1.5E-1);
#726=CARTESIAN_POINT('',(-6.75E-1,-2.2E-1,-3.25E0));
#727=LINE('',#726,#725);
#728=DIRECTION('',(0.E0,0.E0,-1.E0));
#729=VECTOR('',#728,3.5E-1);
#730=CARTESIAN_POINT('',(-6.75E-1,-2.2E-1,-2.9E0));
#731=LINE('',#730,#729);
#732=DIRECTION('',(0.E0,0.E0,-1.E0));
#733=VECTOR('',#732,3.5E-1);
#734=CARTESIAN_POINT('',(-3.25E-1,-2.2E-1,-2.9E0));
#735=LINE('',#734,#733);
#736=DIRECTION('',(-1.E0,0.E0,0.E0));
#737=VECTOR('',#736,1.5E-1);
#738=CARTESIAN_POINT('',(-1.75E-1,-2.2E-1,-3.25E0));
#739=LINE('',#738,#737);
#740=DIRECTION('',(0.E0,0.E0,-1.E0));
#741=VECTOR('',#740,3.5E-1);
#742=CARTESIAN_POINT('',(-1.75E-1,-2.2E-1,-2.9E0));
#743=LINE('',#742,#741);
#744=DIRECTION('',(0.E0,0.E0,-1.E0));
#745=VECTOR('',#744,3.5E-1);
#746=CARTESIAN_POINT('',(1.75E-1,-2.2E-1,-2.9E0));
#747=LINE('',#746,#745);
#748=DIRECTION('',(-1.E0,0.E0,0.E0));
#749=VECTOR('',#748,1.5E-1);
#750=CARTESIAN_POINT('',(3.25E-1,-2.2E-1,-3.25E0));
#751=LINE('',#750,#749);
#752=DIRECTION('',(0.E0,0.E0,-1.E0));
#753=VECTOR('',#752,3.5E-1);
#754=CARTESIAN_POINT('',(3.25E-1,-2.2E-1,-2.9E0));
#755=LINE('',#754,#753);
#756=DIRECTION('',(0.E0,0.E0,-1.E0));
#757=VECTOR('',#756,3.5E-1);
#758=CARTESIAN_POINT('',(6.75E-1,-2.2E-1,-2.9E0));
#759=LINE('',#758,#757);
#760=DIRECTION('',(-1.E0,0.E0,0.E0));
#761=VECTOR('',#760,1.5E-1);
#762=CARTESIAN_POINT('',(8.25E-1,-2.2E-1,-3.25E0));
#763=LINE('',#762,#761);
#764=DIRECTION('',(0.E0,0.E0,-1.E0));
#765=VECTOR('',#764,3.5E-1);
#766=CARTESIAN_POINT('',(8.25E-1,-2.2E-1,-2.9E0));
#767=LINE('',#766,#765);
#768=DIRECTION('',(0.E0,0.E0,-1.E0));
#769=VECTOR('',#768,3.5E-1);
#770=CARTESIAN_POINT('',(1.175E0,-2.2E-1,-2.9E0));
#771=LINE('',#770,#769);
#772=DIRECTION('',(-1.E0,0.E0,0.E0));
#773=VECTOR('',#772,1.5E-1);
#774=CARTESIAN_POINT('',(1.325E0,-2.2E-1,-3.25E0));
#775=LINE('',#774,#773);
#776=DIRECTION('',(0.E0,0.E0,-1.E0));
#777=VECTOR('',#776,3.5E-1);
#778=CARTESIAN_POINT('',(1.325E0,-2.2E-1,-2.9E0));
#779=LINE('',#778,#777);
#780=DIRECTION('',(0.E0,1.E0,0.E0));
#781=VECTOR('',#780,2.8E-1);
#782=CARTESIAN_POINT('',(-1.325E0,-5.E-1,-2.9E0));
#783=LINE('',#782,#781);
#784=DIRECTION('',(1.E0,0.E0,0.E0));
#785=VECTOR('',#784,3.5E-1);
#786=CARTESIAN_POINT('',(-1.675E0,-2.2E-1,-2.9E0));
#787=LINE('',#786,#785);
#788=DIRECTION('',(0.E0,1.E0,0.E0));
#789=VECTOR('',#788,2.8E-1);
#790=CARTESIAN_POINT('',(-1.675E0,-5.E-1,-2.9E0));
#791=LINE('',#790,#789);
#792=DIRECTION('',(0.E0,1.E0,0.E0));
#793=VECTOR('',#792,2.8E-1);
#794=CARTESIAN_POINT('',(-8.25E-1,-5.E-1,-2.9E0));
#795=LINE('',#794,#793);
#796=DIRECTION('',(1.E0,0.E0,0.E0));
#797=VECTOR('',#796,3.5E-1);
#798=CARTESIAN_POINT('',(-1.175E0,-2.2E-1,-2.9E0));
#799=LINE('',#798,#797);
#800=DIRECTION('',(0.E0,1.E0,0.E0));
#801=VECTOR('',#800,2.8E-1);
#802=CARTESIAN_POINT('',(-1.175E0,-5.E-1,-2.9E0));
#803=LINE('',#802,#801);
#804=DIRECTION('',(0.E0,1.E0,0.E0));
#805=VECTOR('',#804,2.8E-1);
#806=CARTESIAN_POINT('',(-3.25E-1,-5.E-1,-2.9E0));
#807=LINE('',#806,#805);
#808=DIRECTION('',(1.E0,0.E0,0.E0));
#809=VECTOR('',#808,3.5E-1);
#810=CARTESIAN_POINT('',(-6.75E-1,-2.2E-1,-2.9E0));
#811=LINE('',#810,#809);
#812=DIRECTION('',(0.E0,1.E0,0.E0));
#813=VECTOR('',#812,2.8E-1);
#814=CARTESIAN_POINT('',(-6.75E-1,-5.E-1,-2.9E0));
#815=LINE('',#814,#813);
#816=DIRECTION('',(0.E0,1.E0,0.E0));
#817=VECTOR('',#816,2.8E-1);
#818=CARTESIAN_POINT('',(1.75E-1,-5.E-1,-2.9E0));
#819=LINE('',#818,#817);
#820=DIRECTION('',(1.E0,0.E0,0.E0));
#821=VECTOR('',#820,3.5E-1);
#822=CARTESIAN_POINT('',(-1.75E-1,-2.2E-1,-2.9E0));
#823=LINE('',#822,#821);
#824=DIRECTION('',(0.E0,1.E0,0.E0));
#825=VECTOR('',#824,2.8E-1);
#826=CARTESIAN_POINT('',(-1.75E-1,-5.E-1,-2.9E0));
#827=LINE('',#826,#825);
#828=DIRECTION('',(0.E0,1.E0,0.E0));
#829=VECTOR('',#828,2.8E-1);
#830=CARTESIAN_POINT('',(6.75E-1,-5.E-1,-2.9E0));
#831=LINE('',#830,#829);
#832=DIRECTION('',(1.E0,0.E0,0.E0));
#833=VECTOR('',#832,3.5E-1);
#834=CARTESIAN_POINT('',(3.25E-1,-2.2E-1,-2.9E0));
#835=LINE('',#834,#833);
#836=DIRECTION('',(0.E0,1.E0,0.E0));
#837=VECTOR('',#836,2.8E-1);
#838=CARTESIAN_POINT('',(3.25E-1,-5.E-1,-2.9E0));
#839=LINE('',#838,#837);
#840=DIRECTION('',(0.E0,1.E0,0.E0));
#841=VECTOR('',#840,2.8E-1);
#842=CARTESIAN_POINT('',(1.175E0,-5.E-1,-2.9E0));
#843=LINE('',#842,#841);
#844=DIRECTION('',(1.E0,0.E0,0.E0));
#845=VECTOR('',#844,3.5E-1);
#846=CARTESIAN_POINT('',(8.25E-1,-2.2E-1,-2.9E0));
#847=LINE('',#846,#845);
#848=DIRECTION('',(0.E0,1.E0,0.E0));
#849=VECTOR('',#848,2.8E-1);
#850=CARTESIAN_POINT('',(8.25E-1,-5.E-1,-2.9E0));
#851=LINE('',#850,#849);
#852=DIRECTION('',(0.E0,1.E0,0.E0));
#853=VECTOR('',#852,2.8E-1);
#854=CARTESIAN_POINT('',(1.675E0,-5.E-1,-2.9E0));
#855=LINE('',#854,#853);
#856=DIRECTION('',(1.E0,0.E0,0.E0));
#857=VECTOR('',#856,3.5E-1);
#858=CARTESIAN_POINT('',(1.325E0,-2.2E-1,-2.9E0));
#859=LINE('',#858,#857);
#860=DIRECTION('',(0.E0,1.E0,0.E0));
#861=VECTOR('',#860,2.8E-1);
#862=CARTESIAN_POINT('',(1.325E0,-5.E-1,-2.9E0));
#863=LINE('',#862,#861);
#864=DIRECTION('',(0.E0,1.E0,0.E0));
#865=VECTOR('',#864,2.8E-1);
#866=CARTESIAN_POINT('',(1.825E0,-5.E-1,-2.9E0));
#867=LINE('',#866,#865);
#868=DIRECTION('',(0.E0,1.E0,0.E0));
#869=VECTOR('',#868,1.E0);
#870=CARTESIAN_POINT('',(3.E0,-5.E-1,-2.9E0));
#871=LINE('',#870,#869);
#872=DIRECTION('',(0.E0,1.E0,0.E0));
#873=VECTOR('',#872,2.8E-1);
#874=CARTESIAN_POINT('',(-1.825E0,-5.E-1,-2.9E0));
#875=LINE('',#874,#873);
#876=DIRECTION('',(1.E0,0.E0,0.E0));
#877=VECTOR('',#876,7.55E-1);
#878=CARTESIAN_POINT('',(-2.58E0,-2.2E-1,-2.9E0));
#879=LINE('',#878,#877);
#880=DIRECTION('',(1.E0,0.E0,0.E0));
#881=VECTOR('',#880,5.16E0);
#882=CARTESIAN_POINT('',(-2.58E0,4.5E-1,-2.9E0));
#883=LINE('',#882,#881);
#884=DIRECTION('',(0.E0,-1.E0,0.E0));
#885=VECTOR('',#884,6.7E-1);
#886=CARTESIAN_POINT('',(2.58E0,4.5E-1,-2.9E0));
#887=LINE('',#886,#885);
#888=DIRECTION('',(1.E0,0.E0,0.E0));
#889=VECTOR('',#888,7.55E-1);
#890=CARTESIAN_POINT('',(1.825E0,-2.2E-1,-2.9E0));
#891=LINE('',#890,#889);
#892=CARTESIAN_POINT('',(-1.325E0,-1.4E-1,-1.282941277891E0));
#893=DIRECTION('',(1.E0,0.E0,0.E0));
#894=DIRECTION('',(0.E0,-1.E0,0.E0));
#895=AXIS2_PLACEMENT_3D('',#892,#893,#894);
#897=DIRECTION('',(0.E0,0.E0,-1.E0));
#898=VECTOR('',#897,2.089412778908E-1);
#899=CARTESIAN_POINT('',(-1.325E0,-1.9E-1,-1.074E0));
#900=LINE('',#899,#898);
#901=CARTESIAN_POINT('',(-1.325E0,-2.9E-1,-1.074E0));
#902=DIRECTION('',(-1.E0,0.E0,0.E0));
#903=DIRECTION('',(0.E0,8.6E-1,5.102940328869E-1));
#904=AXIS2_PLACEMENT_3D('',#901,#902,#903);
#906=CARTESIAN_POINT('',(-1.325E0,-7.5E-2,-9.464264917783E-1));
#907=DIRECTION('',(1.E0,0.E0,0.E0));
#908=DIRECTION('',(0.E0,-1.E0,0.E0));
#909=AXIS2_PLACEMENT_3D('',#906,#907,#908);
#911=DIRECTION('',(0.E0,0.E0,-1.E0));
#912=VECTOR('',#911,1.474264917783E-1);
#913=CARTESIAN_POINT('',(-1.325E0,-2.25E-1,-7.99E-1));
#914=LINE('',#913,#912);
#915=CARTESIAN_POINT('',(-1.325E0,-1.75E-1,-7.99E-1));
#916=DIRECTION('',(1.E0,0.E0,0.E0));
#917=DIRECTION('',(0.E0,-3.8E-1,9.249864863878E-1));
#918=AXIS2_PLACEMENT_3D('',#915,#916,#917);
#920=CARTESIAN_POINT('',(-1.325E0,-2.05E-1,-7.248401042067E-1));
#921=DIRECTION('',(-1.E0,0.E0,0.E0));
#922=DIRECTION('',(0.E0,3.860564407781E-1,9.224751620145E-1));
#923=AXIS2_PLACEMENT_3D('',#920,#921,#922);
#925=CARTESIAN_POINT('',(-1.325E0,-1.8E-1,-6.49E-1));
#926=DIRECTION('',(1.E0,0.E0,0.E0));
#927=DIRECTION('',(0.E0,-1.E0,0.E0));
#928=AXIS2_PLACEMENT_3D('',#925,#926,#927);
#930=DIRECTION('',(0.E0,0.E0,-1.E0));
#931=VECTOR('',#930,1.66E-1);
#932=CARTESIAN_POINT('',(-1.325E0,-2.3E-1,-4.83E-1));
#933=LINE('',#932,#931);
#934=CARTESIAN_POINT('',(-1.325E0,-5.26E-1,-5.085756955777E-1));
#935=DIRECTION('',(-1.E0,0.E0,0.E0));
#936=DIRECTION('',(0.E0,7.688022284123E-1,6.394866172082E-1));
#937=AXIS2_PLACEMENT_3D('',#934,#935,#936);
#939=CARTESIAN_POINT('',(-1.325E0,-4.8751655E-1,-2.852E0));
#940=DIRECTION('',(-1.E0,0.E0,0.E0));
#941=DIRECTION('',(0.E0,-1.E0,0.E0));
#942=AXIS2_PLACEMENT_3D('',#939,#940,#941);
#944=DIRECTION('',(0.E0,0.E0,1.E0));
#945=VECTOR('',#944,3.1E-1);
#946=CARTESIAN_POINT('',(-1.325E0,-5.2751655E-1,-3.162E0));
#947=LINE('',#946,#945);
#948=DIRECTION('',(0.E0,-1.E0,0.E0));
#949=VECTOR('',#948,4.999954999999E-2);
#950=CARTESIAN_POINT('',(-1.325E0,-4.77517E-1,-3.162E0));
#951=LINE('',#950,#949);
#952=CARTESIAN_POINT('',(-1.325E0,-4.77517E-1,-3.112E0));
#953=DIRECTION('',(-1.E0,0.E0,0.E0));
#954=DIRECTION('',(0.E0,1.425888932421E-1,-9.89782E-1));
#955=AXIS2_PLACEMENT_3D('',#952,#953,#954);
#957=CARTESIAN_POINT('',(-1.325E0,-4.661080841369E-1,-3.1911823E0));
#958=DIRECTION('',(1.E0,0.E0,0.E0));
#959=DIRECTION('',(0.E0,7.556965827044E-1,6.549218845701E-1));
#960=AXIS2_PLACEMENT_3D('',#957,#958,#959);
#962=DIRECTION('',(0.E0,-5.628914848851E-1,8.265308078008E-1));
#963=VECTOR('',#962,9.493337186775E-2);
#964=CARTESIAN_POINT('',(-1.325E0,-3.9E-1,-3.25E0));
#965=LINE('',#964,#963);
#966=DIRECTION('',(0.E0,-1.E0,0.E0));
#967=VECTOR('',#966,1.7E-1);
#968=CARTESIAN_POINT('',(-1.325E0,-2.2E-1,-3.25E0));
#969=LINE('',#968,#967);
#970=DIRECTION('',(1.E0,0.E0,0.E0));
#971=VECTOR('',#970,1.5E-1);
#972=CARTESIAN_POINT('',(-1.325E0,-1.9E-1,-1.282941277891E0));
#973=LINE('',#972,#971);
#974=CARTESIAN_POINT('',(-1.175E0,-1.4E-1,-1.282941277891E0));
#975=DIRECTION('',(1.E0,0.E0,0.E0));
#976=DIRECTION('',(0.E0,-1.E0,0.E0));
#977=AXIS2_PLACEMENT_3D('',#974,#975,#976);
#979=CARTESIAN_POINT('',(-1.175E0,-5.26E-1,-5.085756955777E-1));
#980=DIRECTION('',(-1.E0,0.E0,0.E0));
#981=DIRECTION('',(0.E0,7.688022284123E-1,6.394866172082E-1));
#982=AXIS2_PLACEMENT_3D('',#979,#980,#981);
#984=DIRECTION('',(0.E0,0.E0,-1.E0));
#985=VECTOR('',#984,1.66E-1);
#986=CARTESIAN_POINT('',(-1.175E0,-2.3E-1,-4.83E-1));
#987=LINE('',#986,#985);
#988=CARTESIAN_POINT('',(-1.175E0,-1.8E-1,-6.49E-1));
#989=DIRECTION('',(1.E0,0.E0,0.E0));
#990=DIRECTION('',(0.E0,-1.E0,0.E0));
#991=AXIS2_PLACEMENT_3D('',#988,#989,#990);
#993=CARTESIAN_POINT('',(-1.175E0,-2.05E-1,-7.248401042067E-1));
#994=DIRECTION('',(-1.E0,0.E0,0.E0));
#995=DIRECTION('',(0.E0,3.860564407781E-1,9.224751620145E-1));
#996=AXIS2_PLACEMENT_3D('',#993,#994,#995);
#998=CARTESIAN_POINT('',(-1.175E0,-1.75E-1,-7.99E-1));
#999=DIRECTION('',(1.E0,0.E0,0.E0));
#1000=DIRECTION('',(0.E0,-3.8E-1,9.249864863878E-1));
#1001=AXIS2_PLACEMENT_3D('',#998,#999,#1000);
#1003=DIRECTION('',(0.E0,0.E0,-1.E0));
#1004=VECTOR('',#1003,1.474264917783E-1);
#1005=CARTESIAN_POINT('',(-1.175E0,-2.25E-1,-7.99E-1));
#1006=LINE('',#1005,#1004);
#1007=CARTESIAN_POINT('',(-1.175E0,-7.5E-2,-9.464264917783E-1));
#1008=DIRECTION('',(1.E0,0.E0,0.E0));
#1009=DIRECTION('',(0.E0,-1.E0,0.E0));
#1010=AXIS2_PLACEMENT_3D('',#1007,#1008,#1009);
#1012=CARTESIAN_POINT('',(-1.175E0,-2.9E-1,-1.074E0));
#1013=DIRECTION('',(-1.E0,0.E0,0.E0));
#1014=DIRECTION('',(0.E0,8.6E-1,5.102940328869E-1));
#1015=AXIS2_PLACEMENT_3D('',#1012,#1013,#1014);
#1017=DIRECTION('',(0.E0,0.E0,-1.E0));
#1018=VECTOR('',#1017,2.089412778908E-1);
#1019=CARTESIAN_POINT('',(-1.175E0,-1.9E-1,-1.074E0));
#1020=LINE('',#1019,#1018);
#1021=CARTESIAN_POINT('',(-1.175E0,-4.8751655E-1,-2.852E0));
#1022=DIRECTION('',(-1.E0,0.E0,0.E0));
#1023=DIRECTION('',(0.E0,-1.E0,0.E0));
#1024=AXIS2_PLACEMENT_3D('',#1021,#1022,#1023);
#1026=DIRECTION('',(0.E0,-1.E0,0.E0));
#1027=VECTOR('',#1026,1.7E-1);
#1028=CARTESIAN_POINT('',(-1.175E0,-2.2E-1,-3.25E0));
#1029=LINE('',#1028,#1027);
#1030=DIRECTION('',(0.E0,-5.628914848851E-1,8.265308078008E-1));
#1031=VECTOR('',#1030,9.493337186775E-2);
#1032=CARTESIAN_POINT('',(-1.175E0,-3.9E-1,-3.25E0));
#1033=LINE('',#1032,#1031);
#1034=CARTESIAN_POINT('',(-1.175E0,-4.661080841369E-1,-3.1911823E0));
#1035=DIRECTION('',(1.E0,0.E0,0.E0));
#1036=DIRECTION('',(0.E0,7.556965827044E-1,6.549218845701E-1));
#1037=AXIS2_PLACEMENT_3D('',#1034,#1035,#1036);
#1039=CARTESIAN_POINT('',(-1.175E0,-4.77517E-1,-3.112E0));
#1040=DIRECTION('',(-1.E0,0.E0,0.E0));
#1041=DIRECTION('',(0.E0,1.425888932421E-1,-9.89782E-1));
#1042=AXIS2_PLACEMENT_3D('',#1039,#1040,#1041);
#1044=DIRECTION('',(0.E0,-1.E0,0.E0));
#1045=VECTOR('',#1044,4.999954999999E-2);
#1046=CARTESIAN_POINT('',(-1.175E0,-4.77517E-1,-3.162E0));
#1047=LINE('',#1046,#1045);
#1048=DIRECTION('',(0.E0,0.E0,1.E0));
#1049=VECTOR('',#1048,3.1E-1);
#1050=CARTESIAN_POINT('',(-1.175E0,-5.2751655E-1,-3.162E0));
#1051=LINE('',#1050,#1049);
#1052=CARTESIAN_POINT('',(-1.325E0,-1.8E-1,-4.83E-1));
#1053=DIRECTION('',(1.E0,0.E0,0.E0));
#1054=DIRECTION('',(0.E0,1.001786176436E-1,9.949694691633E-1));
#1055=AXIS2_PLACEMENT_3D('',#1052,#1053,#1054);
#1057=CARTESIAN_POINT('',(-1.175E0,-1.8E-1,-4.83E-1));
#1058=DIRECTION('',(-1.E0,0.E0,0.E0));
#1059=DIRECTION('',(0.E0,-1.E0,0.E0));
#1060=AXIS2_PLACEMENT_3D('',#1057,#1058,#1059);
#1062=DIRECTION('',(1.E0,0.E0,0.E0));
#1063=VECTOR('',#1062,1.5E-1);
#1064=CARTESIAN_POINT('',(-1.325E0,-1.749910691178E-1,-4.332515265418E-1));
#1065=LINE('',#1064,#1063);
#1066=DIRECTION('',(1.E0,0.E0,0.E0));
#1067=VECTOR('',#1066,1.5E-1);
#1068=CARTESIAN_POINT('',(-1.325E0,-2.3E-1,-4.83E-1));
#1069=LINE('',#1068,#1067);
#1070=DIRECTION('',(1.E0,0.E0,0.E0));
#1071=VECTOR('',#1070,1.5E-1);
#1072=CARTESIAN_POINT('',(-1.325E0,-2.3E-1,-6.49E-1));
#1073=LINE('',#1072,#1071);
#1074=DIRECTION('',(1.E0,0.E0,0.E0));
#1075=VECTOR('',#1074,1.5E-1);
#1076=CARTESIAN_POINT('',(-1.325E0,-1.934183067767E-1,-6.971658493463E-1));
#1077=LINE('',#1076,#1075);
#1078=DIRECTION('',(1.E0,0.E0,0.E0));
#1079=VECTOR('',#1078,1.5E-1);
#1080=CARTESIAN_POINT('',(-1.325E0,-1.94E-1,-7.527506756806E-1));
#1081=LINE('',#1080,#1079);
#1082=DIRECTION('',(1.E0,0.E0,0.E0));
#1083=VECTOR('',#1082,1.5E-1);
#1084=CARTESIAN_POINT('',(-1.325E0,-2.25E-1,-7.99E-1));
#1085=LINE('',#1084,#1083);
#1086=DIRECTION('',(1.E0,0.E0,0.E0));
#1087=VECTOR('',#1086,1.5E-1);
#1088=CARTESIAN_POINT('',(-1.325E0,-2.25E-1,-9.464264917783E-1));
#1089=LINE('',#1088,#1087);
#1090=DIRECTION('',(1.E0,0.E0,0.E0));
#1091=VECTOR('',#1090,1.5E-1);
#1092=CARTESIAN_POINT('',(-1.325E0,-2.04E-1,-1.022970596711E0));
#1093=LINE('',#1092,#1091);
#1094=DIRECTION('',(1.E0,0.E0,0.E0));
#1095=VECTOR('',#1094,1.5E-1);
#1096=CARTESIAN_POINT('',(-1.325E0,-1.9E-1,-1.074E0));
#1097=LINE('',#1096,#1095);
#1098=DIRECTION('',(1.E0,0.E0,0.E0));
#1099=VECTOR('',#1098,1.5E-1);
#1100=CARTESIAN_POINT('',(-1.325E0,-5.2751655E-1,-2.852E0));
#1101=LINE('',#1100,#1099);
#1102=DIRECTION('',(1.E0,0.E0,0.E0));
#1103=VECTOR('',#1102,1.5E-1);
#1104=CARTESIAN_POINT('',(-1.325E0,-5.2751655E-1,-3.162E0));
#1105=LINE('',#1104,#1103);
#1106=DIRECTION('',(1.E0,0.E0,0.E0));
#1107=VECTOR('',#1106,1.5E-1);
#1108=CARTESIAN_POINT('',(-1.325E0,-4.77517E-1,-3.162E0));
#1109=LINE('',#1108,#1107);
#1110=DIRECTION('',(1.E0,0.E0,0.E0));
#1111=VECTOR('',#1110,1.5E-1);
#1112=CARTESIAN_POINT('',(-1.325E0,-4.703875553379E-1,-3.1614891E0));
#1113=LINE('',#1112,#1111);
#1114=DIRECTION('',(1.E0,0.E0,0.E0));
#1115=VECTOR('',#1114,1.5E-1);
#1116=CARTESIAN_POINT('',(-1.325E0,-4.434371866558E-1,-3.171534643463E0));
#1117=LINE('',#1116,#1115);
#1118=DIRECTION('',(1.E0,0.E0,0.E0));
#1119=VECTOR('',#1118,1.5E-1);
#1120=CARTESIAN_POINT('',(-1.325E0,-3.9E-1,-3.25E0));
#1121=LINE('',#1120,#1119);
#1122=CARTESIAN_POINT('',(-1.675E0,-5.26E-1,-5.085756955777E-1));
#1123=DIRECTION('',(-1.E0,0.E0,0.E0));
#1124=DIRECTION('',(0.E0,7.688022284123E-1,6.394866172082E-1));
#1125=AXIS2_PLACEMENT_3D('',#1122,#1123,#1124);
#1127=DIRECTION('',(0.E0,0.E0,-1.E0));
#1128=VECTOR('',#1127,1.66E-1);
#1129=CARTESIAN_POINT('',(-1.675E0,-2.3E-1,-4.83E-1));
#1130=LINE('',#1129,#1128);
#1131=CARTESIAN_POINT('',(-1.675E0,-1.8E-1,-6.49E-1));
#1132=DIRECTION('',(1.E0,0.E0,0.E0));
#1133=DIRECTION('',(0.E0,-1.E0,0.E0));
#1134=AXIS2_PLACEMENT_3D('',#1131,#1132,#1133);
#1136=CARTESIAN_POINT('',(-1.675E0,-2.05E-1,-7.248401042067E-1));
#1137=DIRECTION('',(-1.E0,0.E0,0.E0));
#1138=DIRECTION('',(0.E0,3.860564407781E-1,9.224751620145E-1));
#1139=AXIS2_PLACEMENT_3D('',#1136,#1137,#1138);
#1141=CARTESIAN_POINT('',(-1.675E0,-1.75E-1,-7.99E-1));
#1142=DIRECTION('',(1.E0,0.E0,0.E0));
#1143=DIRECTION('',(0.E0,-3.8E-1,9.249864863878E-1));
#1144=AXIS2_PLACEMENT_3D('',#1141,#1142,#1143);
#1146=DIRECTION('',(0.E0,0.E0,-1.E0));
#1147=VECTOR('',#1146,1.474264917783E-1);
#1148=CARTESIAN_POINT('',(-1.675E0,-2.25E-1,-7.99E-1));
#1149=LINE('',#1148,#1147);
#1150=CARTESIAN_POINT('',(-1.675E0,-7.5E-2,-9.464264917783E-1));
#1151=DIRECTION('',(1.E0,0.E0,0.E0));
#1152=DIRECTION('',(0.E0,-1.E0,0.E0));
#1153=AXIS2_PLACEMENT_3D('',#1150,#1151,#1152);
#1155=CARTESIAN_POINT('',(-1.675E0,-2.9E-1,-1.074E0));
#1156=DIRECTION('',(-1.E0,0.E0,0.E0));
#1157=DIRECTION('',(0.E0,8.6E-1,5.102940328869E-1));
#1158=AXIS2_PLACEMENT_3D('',#1155,#1156,#1157);
#1160=DIRECTION('',(0.E0,0.E0,-1.E0));
#1161=VECTOR('',#1160,2.089412778908E-1);
#1162=CARTESIAN_POINT('',(-1.675E0,-1.9E-1,-1.074E0));
#1163=LINE('',#1162,#1161);
#1164=CARTESIAN_POINT('',(-1.675E0,-1.4E-1,-1.282941277891E0));
#1165=DIRECTION('',(1.E0,0.E0,0.E0));
#1166=DIRECTION('',(0.E0,-1.E0,0.E0));
#1167=AXIS2_PLACEMENT_3D('',#1164,#1165,#1166);
#1169=DIRECTION('',(0.E0,-1.E0,0.E0));
#1170=VECTOR('',#1169,1.7E-1);
#1171=CARTESIAN_POINT('',(-1.675E0,-2.2E-1,-3.25E0));
#1172=LINE('',#1171,#1170);
#1173=DIRECTION('',(0.E0,-5.628914848851E-1,8.265308078008E-1));
#1174=VECTOR('',#1173,9.493337186775E-2);
#1175=CARTESIAN_POINT('',(-1.675E0,-3.9E-1,-3.25E0));
#1176=LINE('',#1175,#1174);
#1177=CARTESIAN_POINT('',(-1.675E0,-4.661080841369E-1,-3.1911823E0));
#1178=DIRECTION('',(1.E0,0.E0,0.E0));
#1179=DIRECTION('',(0.E0,7.556965827044E-1,6.549218845701E-1));
#1180=AXIS2_PLACEMENT_3D('',#1177,#1178,#1179);
#1182=CARTESIAN_POINT('',(-1.675E0,-4.77517E-1,-3.112E0));
#1183=DIRECTION('',(-1.E0,0.E0,0.E0));
#1184=DIRECTION('',(0.E0,1.425888932421E-1,-9.89782E-1));
#1185=AXIS2_PLACEMENT_3D('',#1182,#1183,#1184);
#1187=DIRECTION('',(0.E0,-1.E0,0.E0));
#1188=VECTOR('',#1187,4.999954999999E-2);
#1189=CARTESIAN_POINT('',(-1.675E0,-4.77517E-1,-3.162E0));
#1190=LINE('',#1189,#1188);
#1191=DIRECTION('',(0.E0,0.E0,1.E0));
#1192=VECTOR('',#1191,3.1E-1);
#1193=CARTESIAN_POINT('',(-1.675E0,-5.2751655E-1,-3.162E0));
#1194=LINE('',#1193,#1192);
#1195=CARTESIAN_POINT('',(-1.675E0,-4.8751655E-1,-2.852E0));
#1196=DIRECTION('',(-1.E0,0.E0,0.E0));
#1197=DIRECTION('',(0.E0,-1.E0,0.E0));
#1198=AXIS2_PLACEMENT_3D('',#1195,#1196,#1197);
#1200=CARTESIAN_POINT('',(-1.825E0,-1.4E-1,-1.282941277891E0));
#1201=DIRECTION('',(1.E0,0.E0,0.E0));
#1202=DIRECTION('',(0.E0,-1.E0,0.E0));
#1203=AXIS2_PLACEMENT_3D('',#1200,#1201,#1202);
#1205=DIRECTION('',(0.E0,0.E0,-1.E0));
#1206=VECTOR('',#1205,2.089412778908E-1);
#1207=CARTESIAN_POINT('',(-1.825E0,-1.9E-1,-1.074E0));
#1208=LINE('',#1207,#1206);
#1209=CARTESIAN_POINT('',(-1.825E0,-2.9E-1,-1.074E0));
#1210=DIRECTION('',(-1.E0,0.E0,0.E0));
#1211=DIRECTION('',(0.E0,8.6E-1,5.102940328869E-1));
#1212=AXIS2_PLACEMENT_3D('',#1209,#1210,#1211);
#1214=CARTESIAN_POINT('',(-1.825E0,-7.5E-2,-9.464264917783E-1));
#1215=DIRECTION('',(1.E0,0.E0,0.E0));
#1216=DIRECTION('',(0.E0,-1.E0,0.E0));
#1217=AXIS2_PLACEMENT_3D('',#1214,#1215,#1216);
#1219=DIRECTION('',(0.E0,0.E0,-1.E0));
#1220=VECTOR('',#1219,1.474264917783E-1);
#1221=CARTESIAN_POINT('',(-1.825E0,-2.25E-1,-7.99E-1));
#1222=LINE('',#1221,#1220);
#1223=CARTESIAN_POINT('',(-1.825E0,-1.75E-1,-7.99E-1));
#1224=DIRECTION('',(1.E0,0.E0,0.E0));
#1225=DIRECTION('',(0.E0,-3.8E-1,9.249864863878E-1));
#1226=AXIS2_PLACEMENT_3D('',#1223,#1224,#1225);
#1228=CARTESIAN_POINT('',(-1.825E0,-2.05E-1,-7.248401042067E-1));
#1229=DIRECTION('',(-1.E0,0.E0,0.E0));
#1230=DIRECTION('',(0.E0,3.860564407781E-1,9.224751620145E-1));
#1231=AXIS2_PLACEMENT_3D('',#1228,#1229,#1230);
#1233=CARTESIAN_POINT('',(-1.825E0,-1.8E-1,-6.49E-1));
#1234=DIRECTION('',(1.E0,0.E0,0.E0));
#1235=DIRECTION('',(0.E0,-1.E0,0.E0));
#1236=AXIS2_PLACEMENT_3D('',#1233,#1234,#1235);
#1238=DIRECTION('',(0.E0,0.E0,-1.E0));
#1239=VECTOR('',#1238,1.66E-1);
#1240=CARTESIAN_POINT('',(-1.825E0,-2.3E-1,-4.83E-1));
#1241=LINE('',#1240,#1239);
#1242=CARTESIAN_POINT('',(-1.825E0,-5.26E-1,-5.085756955777E-1));
#1243=DIRECTION('',(-1.E0,0.E0,0.E0));
#1244=DIRECTION('',(0.E0,7.688022284123E-1,6.394866172082E-1));
#1245=AXIS2_PLACEMENT_3D('',#1242,#1243,#1244);
#1247=CARTESIAN_POINT('',(-1.825E0,-4.8751655E-1,-2.852E0));
#1248=DIRECTION('',(-1.E0,0.E0,0.E0));
#1249=DIRECTION('',(0.E0,-1.E0,0.E0));
#1250=AXIS2_PLACEMENT_3D('',#1247,#1248,#1249);
#1252=DIRECTION('',(0.E0,0.E0,1.E0));
#1253=VECTOR('',#1252,3.1E-1);
#1254=CARTESIAN_POINT('',(-1.825E0,-5.2751655E-1,-3.162E0));
#1255=LINE('',#1254,#1253);
#1256=DIRECTION('',(0.E0,-1.E0,0.E0));
#1257=VECTOR('',#1256,4.999954999999E-2);
#1258=CARTESIAN_POINT('',(-1.825E0,-4.77517E-1,-3.162E0));
#1259=LINE('',#1258,#1257);
#1260=CARTESIAN_POINT('',(-1.825E0,-4.77517E-1,-3.112E0));
#1261=DIRECTION('',(-1.E0,0.E0,0.E0));
#1262=DIRECTION('',(0.E0,1.425888932421E-1,-9.89782E-1));
#1263=AXIS2_PLACEMENT_3D('',#1260,#1261,#1262);
#1265=CARTESIAN_POINT('',(-1.825E0,-4.661080841369E-1,-3.1911823E0));
#1266=DIRECTION('',(1.E0,0.E0,0.E0));
#1267=DIRECTION('',(0.E0,7.556965827044E-1,6.549218845701E-1));
#1268=AXIS2_PLACEMENT_3D('',#1265,#1266,#1267);
#1270=DIRECTION('',(0.E0,-5.628914848851E-1,8.265308078008E-1));
#1271=VECTOR('',#1270,9.493337186775E-2);
#1272=CARTESIAN_POINT('',(-1.825E0,-3.9E-1,-3.25E0));
#1273=LINE('',#1272,#1271);
#1274=DIRECTION('',(0.E0,-1.E0,0.E0));
#1275=VECTOR('',#1274,1.7E-1);
#1276=CARTESIAN_POINT('',(-1.825E0,-2.2E-1,-3.25E0));
#1277=LINE('',#1276,#1275);
#1278=DIRECTION('',(1.E0,0.E0,0.E0));
#1279=VECTOR('',#1278,1.5E-1);
#1280=CARTESIAN_POINT('',(-1.825E0,-1.9E-1,-1.282941277891E0));
#1281=LINE('',#1280,#1279);
#1282=DIRECTION('',(1.E0,0.E0,0.E0));
#1283=VECTOR('',#1282,1.5E-1);
#1284=CARTESIAN_POINT('',(-1.825E0,-1.9E-1,-1.074E0));
#1285=LINE('',#1284,#1283);
#1286=DIRECTION('',(1.E0,0.E0,0.E0));
#1287=VECTOR('',#1286,1.5E-1);
#1288=CARTESIAN_POINT('',(-1.825E0,-2.04E-1,-1.022970596711E0));
#1289=LINE('',#1288,#1287);
#1290=DIRECTION('',(1.E0,0.E0,0.E0));
#1291=VECTOR('',#1290,1.5E-1);
#1292=CARTESIAN_POINT('',(-1.825E0,-2.25E-1,-9.464264917783E-1));
#1293=LINE('',#1292,#1291);
#1294=DIRECTION('',(1.E0,0.E0,0.E0));
#1295=VECTOR('',#1294,1.5E-1);
#1296=CARTESIAN_POINT('',(-1.825E0,-2.25E-1,-7.99E-1));
#1297=LINE('',#1296,#1295);
#1298=DIRECTION('',(1.E0,0.E0,0.E0));
#1299=VECTOR('',#1298,1.5E-1);
#1300=CARTESIAN_POINT('',(-1.825E0,-1.94E-1,-7.527506756806E-1));
#1301=LINE('',#1300,#1299);
#1302=DIRECTION('',(1.E0,0.E0,0.E0));
#1303=VECTOR('',#1302,1.5E-1);
#1304=CARTESIAN_POINT('',(-1.825E0,-1.934183067767E-1,-6.971658493463E-1));
#1305=LINE('',#1304,#1303);
#1306=DIRECTION('',(1.E0,0.E0,0.E0));
#1307=VECTOR('',#1306,1.5E-1);
#1308=CARTESIAN_POINT('',(-1.825E0,-2.3E-1,-6.49E-1));
#1309=LINE('',#1308,#1307);
#1310=DIRECTION('',(1.E0,0.E0,0.E0));
#1311=VECTOR('',#1310,1.5E-1);
#1312=CARTESIAN_POINT('',(-1.825E0,-2.3E-1,-4.83E-1));
#1313=LINE('',#1312,#1311);
#1314=CARTESIAN_POINT('',(-1.825E0,-1.8E-1,-4.83E-1));
#1315=DIRECTION('',(1.E0,0.E0,0.E0));
#1316=DIRECTION('',(0.E0,1.001786176436E-1,9.949694691633E-1));
#1317=AXIS2_PLACEMENT_3D('',#1314,#1315,#1316);
#1319=CARTESIAN_POINT('',(-1.675E0,-1.8E-1,-4.83E-1));
#1320=DIRECTION('',(-1.E0,0.E0,0.E0));
#1321=DIRECTION('',(0.E0,-1.E0,0.E0));
#1322=AXIS2_PLACEMENT_3D('',#1319,#1320,#1321);
#1324=DIRECTION('',(1.E0,0.E0,0.E0));
#1325=VECTOR('',#1324,1.5E-1);
#1326=CARTESIAN_POINT('',(-1.825E0,-1.749910691178E-1,-4.332515265418E-1));
#1327=LINE('',#1326,#1325);
#1328=DIRECTION('',(1.E0,0.E0,0.E0));
#1329=VECTOR('',#1328,1.5E-1);
#1330=CARTESIAN_POINT('',(-1.825E0,-5.2751655E-1,-2.852E0));
#1331=LINE('',#1330,#1329);
#1332=DIRECTION('',(1.E0,0.E0,0.E0));
#1333=VECTOR('',#1332,1.5E-1);
#1334=CARTESIAN_POINT('',(-1.825E0,-5.2751655E-1,-3.162E0));
#1335=LINE('',#1334,#1333);
#1336=DIRECTION('',(1.E0,0.E0,0.E0));
#1337=VECTOR('',#1336,1.5E-1);
#1338=CARTESIAN_POINT('',(-1.825E0,-4.77517E-1,-3.162E0));
#1339=LINE('',#1338,#1337);
#1340=DIRECTION('',(1.E0,0.E0,0.E0));
#1341=VECTOR('',#1340,1.5E-1);
#1342=CARTESIAN_POINT('',(-1.825E0,-4.703875553379E-1,-3.1614891E0));
#1343=LINE('',#1342,#1341);
#1344=DIRECTION('',(1.E0,0.E0,0.E0));
#1345=VECTOR('',#1344,1.5E-1);
#1346=CARTESIAN_POINT('',(-1.825E0,-4.434371866558E-1,-3.171534643463E0));
#1347=LINE('',#1346,#1345);
#1348=DIRECTION('',(1.E0,0.E0,0.E0));
#1349=VECTOR('',#1348,1.5E-1);
#1350=CARTESIAN_POINT('',(-1.825E0,-3.9E-1,-3.25E0));
#1351=LINE('',#1350,#1349);
#1352=CARTESIAN_POINT('',(-8.25E-1,-1.4E-1,-1.282941277891E0));
#1353=DIRECTION('',(1.E0,0.E0,0.E0));
#1354=DIRECTION('',(0.E0,-1.E0,0.E0));
#1355=AXIS2_PLACEMENT_3D('',#1352,#1353,#1354);
#1357=DIRECTION('',(0.E0,0.E0,-1.E0));
#1358=VECTOR('',#1357,2.089412778908E-1);
#1359=CARTESIAN_POINT('',(-8.25E-1,-1.9E-1,-1.074E0));
#1360=LINE('',#1359,#1358);
#1361=CARTESIAN_POINT('',(-8.25E-1,-2.9E-1,-1.074E0));
#1362=DIRECTION('',(-1.E0,0.E0,0.E0));
#1363=DIRECTION('',(0.E0,8.6E-1,5.102940328869E-1));
#1364=AXIS2_PLACEMENT_3D('',#1361,#1362,#1363);
#1366=CARTESIAN_POINT('',(-8.25E-1,-7.5E-2,-9.464264917783E-1));
#1367=DIRECTION('',(1.E0,0.E0,0.E0));
#1368=DIRECTION('',(0.E0,-1.E0,0.E0));
#1369=AXIS2_PLACEMENT_3D('',#1366,#1367,#1368);
#1371=DIRECTION('',(0.E0,0.E0,-1.E0));
#1372=VECTOR('',#1371,1.474264917783E-1);
#1373=CARTESIAN_POINT('',(-8.25E-1,-2.25E-1,-7.99E-1));
#1374=LINE('',#1373,#1372);
#1375=CARTESIAN_POINT('',(-8.25E-1,-1.75E-1,-7.99E-1));
#1376=DIRECTION('',(1.E0,0.E0,0.E0));
#1377=DIRECTION('',(0.E0,-3.8E-1,9.249864863878E-1));
#1378=AXIS2_PLACEMENT_3D('',#1375,#1376,#1377);
#1380=CARTESIAN_POINT('',(-8.25E-1,-2.05E-1,-7.248401042067E-1));
#1381=DIRECTION('',(-1.E0,0.E0,0.E0));
#1382=DIRECTION('',(0.E0,3.860564407781E-1,9.224751620145E-1));
#1383=AXIS2_PLACEMENT_3D('',#1380,#1381,#1382);
#1385=CARTESIAN_POINT('',(-8.25E-1,-1.8E-1,-6.49E-1));
#1386=DIRECTION('',(1.E0,0.E0,0.E0));
#1387=DIRECTION('',(0.E0,-1.E0,0.E0));
#1388=AXIS2_PLACEMENT_3D('',#1385,#1386,#1387);
#1390=DIRECTION('',(0.E0,0.E0,-1.E0));
#1391=VECTOR('',#1390,1.66E-1);
#1392=CARTESIAN_POINT('',(-8.25E-1,-2.3E-1,-4.83E-1));
#1393=LINE('',#1392,#1391);
#1394=CARTESIAN_POINT('',(-8.25E-1,-5.26E-1,-5.085756955777E-1));
#1395=DIRECTION('',(-1.E0,0.E0,0.E0));
#1396=DIRECTION('',(0.E0,7.688022284123E-1,6.394866172082E-1));
#1397=AXIS2_PLACEMENT_3D('',#1394,#1395,#1396);
#1399=CARTESIAN_POINT('',(-8.25E-1,-4.8751655E-1,-2.852E0));
#1400=DIRECTION('',(-1.E0,0.E0,0.E0));
#1401=DIRECTION('',(0.E0,-1.E0,0.E0));
#1402=AXIS2_PLACEMENT_3D('',#1399,#1400,#1401);
#1404=DIRECTION('',(0.E0,0.E0,1.E0));
#1405=VECTOR('',#1404,3.1E-1);
#1406=CARTESIAN_POINT('',(-8.25E-1,-5.2751655E-1,-3.162E0));
#1407=LINE('',#1406,#1405);
#1408=DIRECTION('',(0.E0,-1.E0,0.E0));
#1409=VECTOR('',#1408,4.999954999999E-2);
#1410=CARTESIAN_POINT('',(-8.25E-1,-4.77517E-1,-3.162E0));
#1411=LINE('',#1410,#1409);
#1412=CARTESIAN_POINT('',(-8.25E-1,-4.77517E-1,-3.112E0));
#1413=DIRECTION('',(-1.E0,0.E0,0.E0));
#1414=DIRECTION('',(0.E0,1.425888932421E-1,-9.89782E-1));
#1415=AXIS2_PLACEMENT_3D('',#1412,#1413,#1414);
#1417=CARTESIAN_POINT('',(-8.25E-1,-4.661080841369E-1,-3.1911823E0));
#1418=DIRECTION('',(1.E0,0.E0,0.E0));
#1419=DIRECTION('',(0.E0,7.556965827044E-1,6.549218845701E-1));
#1420=AXIS2_PLACEMENT_3D('',#1417,#1418,#1419);
#1422=DIRECTION('',(0.E0,-5.628914848851E-1,8.265308078008E-1));
#1423=VECTOR('',#1422,9.493337186775E-2);
#1424=CARTESIAN_POINT('',(-8.25E-1,-3.9E-1,-3.25E0));
#1425=LINE('',#1424,#1423);
#1426=DIRECTION('',(0.E0,-1.E0,0.E0));
#1427=VECTOR('',#1426,1.7E-1);
#1428=CARTESIAN_POINT('',(-8.25E-1,-2.2E-1,-3.25E0));
#1429=LINE('',#1428,#1427);
#1430=DIRECTION('',(1.E0,0.E0,0.E0));
#1431=VECTOR('',#1430,1.5E-1);
#1432=CARTESIAN_POINT('',(-8.25E-1,-1.9E-1,-1.282941277891E0));
#1433=LINE('',#1432,#1431);
#1434=CARTESIAN_POINT('',(-6.75E-1,-1.4E-1,-1.282941277891E0));
#1435=DIRECTION('',(1.E0,0.E0,0.E0));
#1436=DIRECTION('',(0.E0,-1.E0,0.E0));
#1437=AXIS2_PLACEMENT_3D('',#1434,#1435,#1436);
#1439=CARTESIAN_POINT('',(-6.75E-1,-5.26E-1,-5.085756955777E-1));
#1440=DIRECTION('',(-1.E0,0.E0,0.E0));
#1441=DIRECTION('',(0.E0,7.688022284123E-1,6.394866172082E-1));
#1442=AXIS2_PLACEMENT_3D('',#1439,#1440,#1441);
#1444=DIRECTION('',(0.E0,0.E0,-1.E0));
#1445=VECTOR('',#1444,1.66E-1);
#1446=CARTESIAN_POINT('',(-6.75E-1,-2.3E-1,-4.83E-1));
#1447=LINE('',#1446,#1445);
#1448=CARTESIAN_POINT('',(-6.75E-1,-1.8E-1,-6.49E-1));
#1449=DIRECTION('',(1.E0,0.E0,0.E0));
#1450=DIRECTION('',(0.E0,-1.E0,0.E0));
#1451=AXIS2_PLACEMENT_3D('',#1448,#1449,#1450);
#1453=CARTESIAN_POINT('',(-6.75E-1,-2.05E-1,-7.248401042067E-1));
#1454=DIRECTION('',(-1.E0,0.E0,0.E0));
#1455=DIRECTION('',(0.E0,3.860564407781E-1,9.224751620145E-1));
#1456=AXIS2_PLACEMENT_3D('',#1453,#1454,#1455);
#1458=CARTESIAN_POINT('',(-6.75E-1,-1.75E-1,-7.99E-1));
#1459=DIRECTION('',(1.E0,0.E0,0.E0));
#1460=DIRECTION('',(0.E0,-3.8E-1,9.249864863878E-1));
#1461=AXIS2_PLACEMENT_3D('',#1458,#1459,#1460);
#1463=DIRECTION('',(0.E0,0.E0,-1.E0));
#1464=VECTOR('',#1463,1.474264917783E-1);
#1465=CARTESIAN_POINT('',(-6.75E-1,-2.25E-1,-7.99E-1));
#1466=LINE('',#1465,#1464);
#1467=CARTESIAN_POINT('',(-6.75E-1,-7.5E-2,-9.464264917783E-1));
#1468=DIRECTION('',(1.E0,0.E0,0.E0));
#1469=DIRECTION('',(0.E0,-1.E0,0.E0));
#1470=AXIS2_PLACEMENT_3D('',#1467,#1468,#1469);
#1472=CARTESIAN_POINT('',(-6.75E-1,-2.9E-1,-1.074E0));
#1473=DIRECTION('',(-1.E0,0.E0,0.E0));
#1474=DIRECTION('',(0.E0,8.6E-1,5.102940328869E-1));
#1475=AXIS2_PLACEMENT_3D('',#1472,#1473,#1474);
#1477=DIRECTION('',(0.E0,0.E0,-1.E0));
#1478=VECTOR('',#1477,2.089412778908E-1);
#1479=CARTESIAN_POINT('',(-6.75E-1,-1.9E-1,-1.074E0));
#1480=LINE('',#1479,#1478);
#1481=CARTESIAN_POINT('',(-6.75E-1,-4.8751655E-1,-2.852E0));
#1482=DIRECTION('',(-1.E0,0.E0,0.E0));
#1483=DIRECTION('',(0.E0,-1.E0,0.E0));
#1484=AXIS2_PLACEMENT_3D('',#1481,#1482,#1483);
#1486=DIRECTION('',(0.E0,-1.E0,0.E0));
#1487=VECTOR('',#1486,1.7E-1);
#1488=CARTESIAN_POINT('',(-6.75E-1,-2.2E-1,-3.25E0));
#1489=LINE('',#1488,#1487);
#1490=DIRECTION('',(0.E0,-5.628914848851E-1,8.265308078008E-1));
#1491=VECTOR('',#1490,9.493337186775E-2);
#1492=CARTESIAN_POINT('',(-6.75E-1,-3.9E-1,-3.25E0));
#1493=LINE('',#1492,#1491);
#1494=CARTESIAN_POINT('',(-6.75E-1,-4.661080841369E-1,-3.1911823E0));
#1495=DIRECTION('',(1.E0,0.E0,0.E0));
#1496=DIRECTION('',(0.E0,7.556965827044E-1,6.549218845701E-1));
#1497=AXIS2_PLACEMENT_3D('',#1494,#1495,#1496);
#1499=CARTESIAN_POINT('',(-6.75E-1,-4.77517E-1,-3.112E0));
#1500=DIRECTION('',(-1.E0,0.E0,0.E0));
#1501=DIRECTION('',(0.E0,1.425888932421E-1,-9.89782E-1));
#1502=AXIS2_PLACEMENT_3D('',#1499,#1500,#1501);
#1504=DIRECTION('',(0.E0,-1.E0,0.E0));
#1505=VECTOR('',#1504,4.999954999999E-2);
#1506=CARTESIAN_POINT('',(-6.75E-1,-4.77517E-1,-3.162E0));
#1507=LINE('',#1506,#1505);
#1508=DIRECTION('',(0.E0,0.E0,1.E0));
#1509=VECTOR('',#1508,3.1E-1);
#1510=CARTESIAN_POINT('',(-6.75E-1,-5.2751655E-1,-3.162E0));
#1511=LINE('',#1510,#1509);
#1512=CARTESIAN_POINT('',(-8.25E-1,-1.8E-1,-4.83E-1));
#1513=DIRECTION('',(1.E0,0.E0,0.E0));
#1514=DIRECTION('',(0.E0,1.001786176436E-1,9.949694691633E-1));
#1515=AXIS2_PLACEMENT_3D('',#1512,#1513,#1514);
#1517=CARTESIAN_POINT('',(-6.75E-1,-1.8E-1,-4.83E-1));
#1518=DIRECTION('',(-1.E0,0.E0,0.E0));
#1519=DIRECTION('',(0.E0,-1.E0,0.E0));
#1520=AXIS2_PLACEMENT_3D('',#1517,#1518,#1519);
#1522=DIRECTION('',(1.E0,0.E0,0.E0));
#1523=VECTOR('',#1522,1.5E-1);
#1524=CARTESIAN_POINT('',(-8.25E-1,-1.749910691178E-1,-4.332515265418E-1));
#1525=LINE('',#1524,#1523);
#1526=DIRECTION('',(1.E0,0.E0,0.E0));
#1527=VECTOR('',#1526,1.5E-1);
#1528=CARTESIAN_POINT('',(-8.25E-1,-2.3E-1,-4.83E-1));
#1529=LINE('',#1528,#1527);
#1530=DIRECTION('',(1.E0,0.E0,0.E0));
#1531=VECTOR('',#1530,1.5E-1);
#1532=CARTESIAN_POINT('',(-8.25E-1,-2.3E-1,-6.49E-1));
#1533=LINE('',#1532,#1531);
#1534=DIRECTION('',(1.E0,0.E0,0.E0));
#1535=VECTOR('',#1534,1.5E-1);
#1536=CARTESIAN_POINT('',(-8.25E-1,-1.934183067767E-1,-6.971658493463E-1));
#1537=LINE('',#1536,#1535);
#1538=DIRECTION('',(1.E0,0.E0,0.E0));
#1539=VECTOR('',#1538,1.5E-1);
#1540=CARTESIAN_POINT('',(-8.25E-1,-1.94E-1,-7.527506756806E-1));
#1541=LINE('',#1540,#1539);
#1542=DIRECTION('',(1.E0,0.E0,0.E0));
#1543=VECTOR('',#1542,1.5E-1);
#1544=CARTESIAN_POINT('',(-8.25E-1,-2.25E-1,-7.99E-1));
#1545=LINE('',#1544,#1543);
#1546=DIRECTION('',(1.E0,0.E0,0.E0));
#1547=VECTOR('',#1546,1.5E-1);
#1548=CARTESIAN_POINT('',(-8.25E-1,-2.25E-1,-9.464264917783E-1));
#1549=LINE('',#1548,#1547);
#1550=DIRECTION('',(1.E0,0.E0,0.E0));
#1551=VECTOR('',#1550,1.5E-1);
#1552=CARTESIAN_POINT('',(-8.25E-1,-2.04E-1,-1.022970596711E0));
#1553=LINE('',#1552,#1551);
#1554=DIRECTION('',(1.E0,0.E0,0.E0));
#1555=VECTOR('',#1554,1.5E-1);
#1556=CARTESIAN_POINT('',(-8.25E-1,-1.9E-1,-1.074E0));
#1557=LINE('',#1556,#1555);
#1558=DIRECTION('',(1.E0,0.E0,0.E0));
#1559=VECTOR('',#1558,1.5E-1);
#1560=CARTESIAN_POINT('',(-8.25E-1,-5.2751655E-1,-2.852E0));
#1561=LINE('',#1560,#1559);
#1562=DIRECTION('',(1.E0,0.E0,0.E0));
#1563=VECTOR('',#1562,1.5E-1);
#1564=CARTESIAN_POINT('',(-8.25E-1,-5.2751655E-1,-3.162E0));
#1565=LINE('',#1564,#1563);
#1566=DIRECTION('',(1.E0,0.E0,0.E0));
#1567=VECTOR('',#1566,1.5E-1);
#1568=CARTESIAN_POINT('',(-8.25E-1,-4.77517E-1,-3.162E0));
#1569=LINE('',#1568,#1567);
#1570=DIRECTION('',(1.E0,0.E0,0.E0));
#1571=VECTOR('',#1570,1.5E-1);
#1572=CARTESIAN_POINT('',(-8.25E-1,-4.703875553379E-1,-3.1614891E0));
#1573=LINE('',#1572,#1571);
#1574=DIRECTION('',(1.E0,0.E0,0.E0));
#1575=VECTOR('',#1574,1.5E-1);
#1576=CARTESIAN_POINT('',(-8.25E-1,-4.434371866558E-1,-3.171534643463E0));
#1577=LINE('',#1576,#1575);
#1578=DIRECTION('',(1.E0,0.E0,0.E0));
#1579=VECTOR('',#1578,1.5E-1);
#1580=CARTESIAN_POINT('',(-8.25E-1,-3.9E-1,-3.25E0));
#1581=LINE('',#1580,#1579);
#1582=CARTESIAN_POINT('',(-3.25E-1,-1.4E-1,-1.282941277891E0));
#1583=DIRECTION('',(1.E0,0.E0,0.E0));
#1584=DIRECTION('',(0.E0,-1.E0,0.E0));
#1585=AXIS2_PLACEMENT_3D('',#1582,#1583,#1584);
#1587=DIRECTION('',(0.E0,0.E0,-1.E0));
#1588=VECTOR('',#1587,2.089412778908E-1);
#1589=CARTESIAN_POINT('',(-3.25E-1,-1.9E-1,-1.074E0));
#1590=LINE('',#1589,#1588);
#1591=CARTESIAN_POINT('',(-3.25E-1,-2.9E-1,-1.074E0));
#1592=DIRECTION('',(-1.E0,0.E0,0.E0));
#1593=DIRECTION('',(0.E0,8.6E-1,5.102940328869E-1));
#1594=AXIS2_PLACEMENT_3D('',#1591,#1592,#1593);
#1596=CARTESIAN_POINT('',(-3.25E-1,-7.5E-2,-9.464264917783E-1));
#1597=DIRECTION('',(1.E0,0.E0,0.E0));
#1598=DIRECTION('',(0.E0,-1.E0,0.E0));
#1599=AXIS2_PLACEMENT_3D('',#1596,#1597,#1598);
#1601=DIRECTION('',(0.E0,0.E0,-1.E0));
#1602=VECTOR('',#1601,1.474264917783E-1);
#1603=CARTESIAN_POINT('',(-3.25E-1,-2.25E-1,-7.99E-1));
#1604=LINE('',#1603,#1602);
#1605=CARTESIAN_POINT('',(-3.25E-1,-1.75E-1,-7.99E-1));
#1606=DIRECTION('',(1.E0,0.E0,0.E0));
#1607=DIRECTION('',(0.E0,-3.8E-1,9.249864863878E-1));
#1608=AXIS2_PLACEMENT_3D('',#1605,#1606,#1607);
#1610=CARTESIAN_POINT('',(-3.25E-1,-2.05E-1,-7.248401042067E-1));
#1611=DIRECTION('',(-1.E0,0.E0,0.E0));
#1612=DIRECTION('',(0.E0,3.860564407781E-1,9.224751620145E-1));
#1613=AXIS2_PLACEMENT_3D('',#1610,#1611,#1612);
#1615=CARTESIAN_POINT('',(-3.25E-1,-1.8E-1,-6.49E-1));
#1616=DIRECTION('',(1.E0,0.E0,0.E0));
#1617=DIRECTION('',(0.E0,-1.E0,0.E0));
#1618=AXIS2_PLACEMENT_3D('',#1615,#1616,#1617);
#1620=DIRECTION('',(0.E0,0.E0,-1.E0));
#1621=VECTOR('',#1620,1.66E-1);
#1622=CARTESIAN_POINT('',(-3.25E-1,-2.3E-1,-4.83E-1));
#1623=LINE('',#1622,#1621);
#1624=CARTESIAN_POINT('',(-3.25E-1,-5.26E-1,-5.085756955777E-1));
#1625=DIRECTION('',(-1.E0,0.E0,0.E0));
#1626=DIRECTION('',(0.E0,7.688022284123E-1,6.394866172082E-1));
#1627=AXIS2_PLACEMENT_3D('',#1624,#1625,#1626);
#1629=CARTESIAN_POINT('',(-3.25E-1,-4.8751655E-1,-2.852E0));
#1630=DIRECTION('',(-1.E0,0.E0,0.E0));
#1631=DIRECTION('',(0.E0,-1.E0,0.E0));
#1632=AXIS2_PLACEMENT_3D('',#1629,#1630,#1631);
#1634=DIRECTION('',(0.E0,0.E0,1.E0));
#1635=VECTOR('',#1634,3.1E-1);
#1636=CARTESIAN_POINT('',(-3.25E-1,-5.2751655E-1,-3.162E0));
#1637=LINE('',#1636,#1635);
#1638=DIRECTION('',(0.E0,-1.E0,0.E0));
#1639=VECTOR('',#1638,4.999954999999E-2);
#1640=CARTESIAN_POINT('',(-3.25E-1,-4.77517E-1,-3.162E0));
#1641=LINE('',#1640,#1639);
#1642=CARTESIAN_POINT('',(-3.25E-1,-4.77517E-1,-3.112E0));
#1643=DIRECTION('',(-1.E0,0.E0,0.E0));
#1644=DIRECTION('',(0.E0,1.425888932421E-1,-9.89782E-1));
#1645=AXIS2_PLACEMENT_3D('',#1642,#1643,#1644);
#1647=CARTESIAN_POINT('',(-3.25E-1,-4.661080841369E-1,-3.1911823E0));
#1648=DIRECTION('',(1.E0,0.E0,0.E0));
#1649=DIRECTION('',(0.E0,7.556965827044E-1,6.549218845701E-1));
#1650=AXIS2_PLACEMENT_3D('',#1647,#1648,#1649);
#1652=DIRECTION('',(0.E0,-5.628914848851E-1,8.265308078008E-1));
#1653=VECTOR('',#1652,9.493337186775E-2);
#1654=CARTESIAN_POINT('',(-3.25E-1,-3.9E-1,-3.25E0));
#1655=LINE('',#1654,#1653);
#1656=DIRECTION('',(0.E0,-1.E0,0.E0));
#1657=VECTOR('',#1656,1.7E-1);
#1658=CARTESIAN_POINT('',(-3.25E-1,-2.2E-1,-3.25E0));
#1659=LINE('',#1658,#1657);
#1660=DIRECTION('',(1.E0,0.E0,0.E0));
#1661=VECTOR('',#1660,1.5E-1);
#1662=CARTESIAN_POINT('',(-3.25E-1,-1.9E-1,-1.282941277891E0));
#1663=LINE('',#1662,#1661);
#1664=CARTESIAN_POINT('',(-1.75E-1,-1.4E-1,-1.282941277891E0));
#1665=DIRECTION('',(1.E0,0.E0,0.E0));
#1666=DIRECTION('',(0.E0,-1.E0,0.E0));
#1667=AXIS2_PLACEMENT_3D('',#1664,#1665,#1666);
#1669=CARTESIAN_POINT('',(-1.75E-1,-5.26E-1,-5.085756955777E-1));
#1670=DIRECTION('',(-1.E0,0.E0,0.E0));
#1671=DIRECTION('',(0.E0,7.688022284123E-1,6.394866172082E-1));
#1672=AXIS2_PLACEMENT_3D('',#1669,#1670,#1671);
#1674=DIRECTION('',(0.E0,0.E0,-1.E0));
#1675=VECTOR('',#1674,1.66E-1);
#1676=CARTESIAN_POINT('',(-1.75E-1,-2.3E-1,-4.83E-1));
#1677=LINE('',#1676,#1675);
#1678=CARTESIAN_POINT('',(-1.75E-1,-1.8E-1,-6.49E-1));
#1679=DIRECTION('',(1.E0,0.E0,0.E0));
#1680=DIRECTION('',(0.E0,-1.E0,0.E0));
#1681=AXIS2_PLACEMENT_3D('',#1678,#1679,#1680);
#1683=CARTESIAN_POINT('',(-1.75E-1,-2.05E-1,-7.248401042067E-1));
#1684=DIRECTION('',(-1.E0,0.E0,0.E0));
#1685=DIRECTION('',(0.E0,3.860564407781E-1,9.224751620145E-1));
#1686=AXIS2_PLACEMENT_3D('',#1683,#1684,#1685);
#1688=CARTESIAN_POINT('',(-1.75E-1,-1.75E-1,-7.99E-1));
#1689=DIRECTION('',(1.E0,0.E0,0.E0));
#1690=DIRECTION('',(0.E0,-3.8E-1,9.249864863878E-1));
#1691=AXIS2_PLACEMENT_3D('',#1688,#1689,#1690);
#1693=DIRECTION('',(0.E0,0.E0,-1.E0));
#1694=VECTOR('',#1693,1.474264917783E-1);
#1695=CARTESIAN_POINT('',(-1.75E-1,-2.25E-1,-7.99E-1));
#1696=LINE('',#1695,#1694);
#1697=CARTESIAN_POINT('',(-1.75E-1,-7.5E-2,-9.464264917783E-1));
#1698=DIRECTION('',(1.E0,0.E0,0.E0));
#1699=DIRECTION('',(0.E0,-1.E0,0.E0));
#1700=AXIS2_PLACEMENT_3D('',#1697,#1698,#1699);
#1702=CARTESIAN_POINT('',(-1.75E-1,-2.9E-1,-1.074E0));
#1703=DIRECTION('',(-1.E0,0.E0,0.E0));
#1704=DIRECTION('',(0.E0,8.6E-1,5.102940328869E-1));
#1705=AXIS2_PLACEMENT_3D('',#1702,#1703,#1704);
#1707=DIRECTION('',(0.E0,0.E0,-1.E0));
#1708=VECTOR('',#1707,2.089412778908E-1);
#1709=CARTESIAN_POINT('',(-1.75E-1,-1.9E-1,-1.074E0));
#1710=LINE('',#1709,#1708);
#1711=CARTESIAN_POINT('',(-1.75E-1,-4.8751655E-1,-2.852E0));
#1712=DIRECTION('',(-1.E0,0.E0,0.E0));
#1713=DIRECTION('',(0.E0,-1.E0,0.E0));
#1714=AXIS2_PLACEMENT_3D('',#1711,#1712,#1713);
#1716=DIRECTION('',(0.E0,-1.E0,0.E0));
#1717=VECTOR('',#1716,1.7E-1);
#1718=CARTESIAN_POINT('',(-1.75E-1,-2.2E-1,-3.25E0));
#1719=LINE('',#1718,#1717);
#1720=DIRECTION('',(0.E0,-5.628914848851E-1,8.265308078008E-1));
#1721=VECTOR('',#1720,9.493337186775E-2);
#1722=CARTESIAN_POINT('',(-1.75E-1,-3.9E-1,-3.25E0));
#1723=LINE('',#1722,#1721);
#1724=CARTESIAN_POINT('',(-1.75E-1,-4.661080841369E-1,-3.1911823E0));
#1725=DIRECTION('',(1.E0,0.E0,0.E0));
#1726=DIRECTION('',(0.E0,7.556965827044E-1,6.549218845701E-1));
#1727=AXIS2_PLACEMENT_3D('',#1724,#1725,#1726);
#1729=CARTESIAN_POINT('',(-1.75E-1,-4.77517E-1,-3.112E0));
#1730=DIRECTION('',(-1.E0,0.E0,0.E0));
#1731=DIRECTION('',(0.E0,1.425888932421E-1,-9.89782E-1));
#1732=AXIS2_PLACEMENT_3D('',#1729,#1730,#1731);
#1734=DIRECTION('',(0.E0,-1.E0,0.E0));
#1735=VECTOR('',#1734,4.999954999999E-2);
#1736=CARTESIAN_POINT('',(-1.75E-1,-4.77517E-1,-3.162E0));
#1737=LINE('',#1736,#1735);
#1738=DIRECTION('',(0.E0,0.E0,1.E0));
#1739=VECTOR('',#1738,3.1E-1);
#1740=CARTESIAN_POINT('',(-1.75E-1,-5.2751655E-1,-3.162E0));
#1741=LINE('',#1740,#1739);
#1742=CARTESIAN_POINT('',(-3.25E-1,-1.8E-1,-4.83E-1));
#1743=DIRECTION('',(1.E0,0.E0,0.E0));
#1744=DIRECTION('',(0.E0,1.001786176436E-1,9.949694691633E-1));
#1745=AXIS2_PLACEMENT_3D('',#1742,#1743,#1744);
#1747=CARTESIAN_POINT('',(-1.75E-1,-1.8E-1,-4.83E-1));
#1748=DIRECTION('',(-1.E0,0.E0,0.E0));
#1749=DIRECTION('',(0.E0,-1.E0,0.E0));
#1750=AXIS2_PLACEMENT_3D('',#1747,#1748,#1749);
#1752=DIRECTION('',(1.E0,0.E0,0.E0));
#1753=VECTOR('',#1752,1.5E-1);
#1754=CARTESIAN_POINT('',(-3.25E-1,-1.749910691178E-1,-4.332515265418E-1));
#1755=LINE('',#1754,#1753);
#1756=DIRECTION('',(1.E0,0.E0,0.E0));
#1757=VECTOR('',#1756,1.5E-1);
#1758=CARTESIAN_POINT('',(-3.25E-1,-2.3E-1,-4.83E-1));
#1759=LINE('',#1758,#1757);
#1760=DIRECTION('',(1.E0,0.E0,0.E0));
#1761=VECTOR('',#1760,1.5E-1);
#1762=CARTESIAN_POINT('',(-3.25E-1,-2.3E-1,-6.49E-1));
#1763=LINE('',#1762,#1761);
#1764=DIRECTION('',(1.E0,0.E0,0.E0));
#1765=VECTOR('',#1764,1.5E-1);
#1766=CARTESIAN_POINT('',(-3.25E-1,-1.934183067767E-1,-6.971658493463E-1));
#1767=LINE('',#1766,#1765);
#1768=DIRECTION('',(1.E0,0.E0,0.E0));
#1769=VECTOR('',#1768,1.5E-1);
#1770=CARTESIAN_POINT('',(-3.25E-1,-1.94E-1,-7.527506756806E-1));
#1771=LINE('',#1770,#1769);
#1772=DIRECTION('',(1.E0,0.E0,0.E0));
#1773=VECTOR('',#1772,1.5E-1);
#1774=CARTESIAN_POINT('',(-3.25E-1,-2.25E-1,-7.99E-1));
#1775=LINE('',#1774,#1773);
#1776=DIRECTION('',(1.E0,0.E0,0.E0));
#1777=VECTOR('',#1776,1.5E-1);
#1778=CARTESIAN_POINT('',(-3.25E-1,-2.25E-1,-9.464264917783E-1));
#1779=LINE('',#1778,#1777);
#1780=DIRECTION('',(1.E0,0.E0,0.E0));
#1781=VECTOR('',#1780,1.5E-1);
#1782=CARTESIAN_POINT('',(-3.25E-1,-2.04E-1,-1.022970596711E0));
#1783=LINE('',#1782,#1781);
#1784=DIRECTION('',(1.E0,0.E0,0.E0));
#1785=VECTOR('',#1784,1.5E-1);
#1786=CARTESIAN_POINT('',(-3.25E-1,-1.9E-1,-1.074E0));
#1787=LINE('',#1786,#1785);
#1788=DIRECTION('',(1.E0,0.E0,0.E0));
#1789=VECTOR('',#1788,1.5E-1);
#1790=CARTESIAN_POINT('',(-3.25E-1,-5.2751655E-1,-2.852E0));
#1791=LINE('',#1790,#1789);
#1792=DIRECTION('',(1.E0,0.E0,0.E0));
#1793=VECTOR('',#1792,1.5E-1);
#1794=CARTESIAN_POINT('',(-3.25E-1,-5.2751655E-1,-3.162E0));
#1795=LINE('',#1794,#1793);
#1796=DIRECTION('',(1.E0,0.E0,0.E0));
#1797=VECTOR('',#1796,1.5E-1);
#1798=CARTESIAN_POINT('',(-3.25E-1,-4.77517E-1,-3.162E0));
#1799=LINE('',#1798,#1797);
#1800=DIRECTION('',(1.E0,0.E0,0.E0));
#1801=VECTOR('',#1800,1.5E-1);
#1802=CARTESIAN_POINT('',(-3.25E-1,-4.703875553379E-1,-3.1614891E0));
#1803=LINE('',#1802,#1801);
#1804=DIRECTION('',(1.E0,0.E0,0.E0));
#1805=VECTOR('',#1804,1.5E-1);
#1806=CARTESIAN_POINT('',(-3.25E-1,-4.434371866558E-1,-3.171534643463E0));
#1807=LINE('',#1806,#1805);
#1808=DIRECTION('',(1.E0,0.E0,0.E0));
#1809=VECTOR('',#1808,1.5E-1);
#1810=CARTESIAN_POINT('',(-3.25E-1,-3.9E-1,-3.25E0));
#1811=LINE('',#1810,#1809);
#1812=CARTESIAN_POINT('',(1.75E-1,-1.4E-1,-1.282941277891E0));
#1813=DIRECTION('',(1.E0,0.E0,0.E0));
#1814=DIRECTION('',(0.E0,-1.E0,0.E0));
#1815=AXIS2_PLACEMENT_3D('',#1812,#1813,#1814);
#1817=DIRECTION('',(0.E0,0.E0,-1.E0));
#1818=VECTOR('',#1817,2.089412778908E-1);
#1819=CARTESIAN_POINT('',(1.75E-1,-1.9E-1,-1.074E0));
#1820=LINE('',#1819,#1818);
#1821=CARTESIAN_POINT('',(1.75E-1,-2.9E-1,-1.074E0));
#1822=DIRECTION('',(-1.E0,0.E0,0.E0));
#1823=DIRECTION('',(0.E0,8.6E-1,5.102940328869E-1));
#1824=AXIS2_PLACEMENT_3D('',#1821,#1822,#1823);
#1826=CARTESIAN_POINT('',(1.75E-1,-7.5E-2,-9.464264917783E-1));
#1827=DIRECTION('',(1.E0,0.E0,0.E0));
#1828=DIRECTION('',(0.E0,-1.E0,0.E0));
#1829=AXIS2_PLACEMENT_3D('',#1826,#1827,#1828);
#1831=DIRECTION('',(0.E0,0.E0,-1.E0));
#1832=VECTOR('',#1831,1.474264917783E-1);
#1833=CARTESIAN_POINT('',(1.75E-1,-2.25E-1,-7.99E-1));
#1834=LINE('',#1833,#1832);
#1835=CARTESIAN_POINT('',(1.75E-1,-1.75E-1,-7.99E-1));
#1836=DIRECTION('',(1.E0,0.E0,0.E0));
#1837=DIRECTION('',(0.E0,-3.8E-1,9.249864863878E-1));
#1838=AXIS2_PLACEMENT_3D('',#1835,#1836,#1837);
#1840=CARTESIAN_POINT('',(1.75E-1,-2.05E-1,-7.248401042067E-1));
#1841=DIRECTION('',(-1.E0,0.E0,0.E0));
#1842=DIRECTION('',(0.E0,3.860564407781E-1,9.224751620145E-1));
#1843=AXIS2_PLACEMENT_3D('',#1840,#1841,#1842);
#1845=CARTESIAN_POINT('',(1.75E-1,-1.8E-1,-6.49E-1));
#1846=DIRECTION('',(1.E0,0.E0,0.E0));
#1847=DIRECTION('',(0.E0,-1.E0,0.E0));
#1848=AXIS2_PLACEMENT_3D('',#1845,#1846,#1847);
#1850=DIRECTION('',(0.E0,0.E0,-1.E0));
#1851=VECTOR('',#1850,1.66E-1);
#1852=CARTESIAN_POINT('',(1.75E-1,-2.3E-1,-4.83E-1));
#1853=LINE('',#1852,#1851);
#1854=CARTESIAN_POINT('',(1.75E-1,-5.26E-1,-5.085756955777E-1));
#1855=DIRECTION('',(-1.E0,0.E0,0.E0));
#1856=DIRECTION('',(0.E0,7.688022284123E-1,6.394866172082E-1));
#1857=AXIS2_PLACEMENT_3D('',#1854,#1855,#1856);
#1859=CARTESIAN_POINT('',(1.75E-1,-4.8751655E-1,-2.852E0));
#1860=DIRECTION('',(-1.E0,0.E0,0.E0));
#1861=DIRECTION('',(0.E0,-1.E0,0.E0));
#1862=AXIS2_PLACEMENT_3D('',#1859,#1860,#1861);
#1864=DIRECTION('',(0.E0,0.E0,1.E0));
#1865=VECTOR('',#1864,3.1E-1);
#1866=CARTESIAN_POINT('',(1.75E-1,-5.2751655E-1,-3.162E0));
#1867=LINE('',#1866,#1865);
#1868=DIRECTION('',(0.E0,-1.E0,0.E0));
#1869=VECTOR('',#1868,4.999954999999E-2);
#1870=CARTESIAN_POINT('',(1.75E-1,-4.77517E-1,-3.162E0));
#1871=LINE('',#1870,#1869);
#1872=CARTESIAN_POINT('',(1.75E-1,-4.77517E-1,-3.112E0));
#1873=DIRECTION('',(-1.E0,0.E0,0.E0));
#1874=DIRECTION('',(0.E0,1.425888932421E-1,-9.89782E-1));
#1875=AXIS2_PLACEMENT_3D('',#1872,#1873,#1874);
#1877=CARTESIAN_POINT('',(1.75E-1,-4.661080841369E-1,-3.1911823E0));
#1878=DIRECTION('',(1.E0,0.E0,0.E0));
#1879=DIRECTION('',(0.E0,7.556965827044E-1,6.549218845701E-1));
#1880=AXIS2_PLACEMENT_3D('',#1877,#1878,#1879);
#1882=DIRECTION('',(0.E0,-5.628914848851E-1,8.265308078008E-1));
#1883=VECTOR('',#1882,9.493337186775E-2);
#1884=CARTESIAN_POINT('',(1.75E-1,-3.9E-1,-3.25E0));
#1885=LINE('',#1884,#1883);
#1886=DIRECTION('',(0.E0,-1.E0,0.E0));
#1887=VECTOR('',#1886,1.7E-1);
#1888=CARTESIAN_POINT('',(1.75E-1,-2.2E-1,-3.25E0));
#1889=LINE('',#1888,#1887);
#1890=DIRECTION('',(1.E0,0.E0,0.E0));
#1891=VECTOR('',#1890,1.5E-1);
#1892=CARTESIAN_POINT('',(1.75E-1,-1.9E-1,-1.282941277891E0));
#1893=LINE('',#1892,#1891);
#1894=CARTESIAN_POINT('',(3.25E-1,-1.4E-1,-1.282941277891E0));
#1895=DIRECTION('',(1.E0,0.E0,0.E0));
#1896=DIRECTION('',(0.E0,-1.E0,0.E0));
#1897=AXIS2_PLACEMENT_3D('',#1894,#1895,#1896);
#1899=CARTESIAN_POINT('',(3.25E-1,-5.26E-1,-5.085756955777E-1));
#1900=DIRECTION('',(-1.E0,0.E0,0.E0));
#1901=DIRECTION('',(0.E0,7.688022284123E-1,6.394866172082E-1));
#1902=AXIS2_PLACEMENT_3D('',#1899,#1900,#1901);
#1904=DIRECTION('',(0.E0,0.E0,-1.E0));
#1905=VECTOR('',#1904,1.66E-1);
#1906=CARTESIAN_POINT('',(3.25E-1,-2.3E-1,-4.83E-1));
#1907=LINE('',#1906,#1905);
#1908=CARTESIAN_POINT('',(3.25E-1,-1.8E-1,-6.49E-1));
#1909=DIRECTION('',(1.E0,0.E0,0.E0));
#1910=DIRECTION('',(0.E0,-1.E0,0.E0));
#1911=AXIS2_PLACEMENT_3D('',#1908,#1909,#1910);
#1913=CARTESIAN_POINT('',(3.25E-1,-2.05E-1,-7.248401042067E-1));
#1914=DIRECTION('',(-1.E0,0.E0,0.E0));
#1915=DIRECTION('',(0.E0,3.860564407781E-1,9.224751620145E-1));
#1916=AXIS2_PLACEMENT_3D('',#1913,#1914,#1915);
#1918=CARTESIAN_POINT('',(3.25E-1,-1.75E-1,-7.99E-1));
#1919=DIRECTION('',(1.E0,0.E0,0.E0));
#1920=DIRECTION('',(0.E0,-3.8E-1,9.249864863878E-1));
#1921=AXIS2_PLACEMENT_3D('',#1918,#1919,#1920);
#1923=DIRECTION('',(0.E0,0.E0,-1.E0));
#1924=VECTOR('',#1923,1.474264917783E-1);
#1925=CARTESIAN_POINT('',(3.25E-1,-2.25E-1,-7.99E-1));
#1926=LINE('',#1925,#1924);
#1927=CARTESIAN_POINT('',(3.25E-1,-7.5E-2,-9.464264917783E-1));
#1928=DIRECTION('',(1.E0,0.E0,0.E0));
#1929=DIRECTION('',(0.E0,-1.E0,0.E0));
#1930=AXIS2_PLACEMENT_3D('',#1927,#1928,#1929);
#1932=CARTESIAN_POINT('',(3.25E-1,-2.9E-1,-1.074E0));
#1933=DIRECTION('',(-1.E0,0.E0,0.E0));
#1934=DIRECTION('',(0.E0,8.6E-1,5.102940328869E-1));
#1935=AXIS2_PLACEMENT_3D('',#1932,#1933,#1934);
#1937=DIRECTION('',(0.E0,0.E0,-1.E0));
#1938=VECTOR('',#1937,2.089412778908E-1);
#1939=CARTESIAN_POINT('',(3.25E-1,-1.9E-1,-1.074E0));
#1940=LINE('',#1939,#1938);
#1941=CARTESIAN_POINT('',(3.25E-1,-4.8751655E-1,-2.852E0));
#1942=DIRECTION('',(-1.E0,0.E0,0.E0));
#1943=DIRECTION('',(0.E0,-1.E0,0.E0));
#1944=AXIS2_PLACEMENT_3D('',#1941,#1942,#1943);
#1946=DIRECTION('',(0.E0,-1.E0,0.E0));
#1947=VECTOR('',#1946,1.7E-1);
#1948=CARTESIAN_POINT('',(3.25E-1,-2.2E-1,-3.25E0));
#1949=LINE('',#1948,#1947);
#1950=DIRECTION('',(0.E0,-5.628914848851E-1,8.265308078008E-1));
#1951=VECTOR('',#1950,9.493337186775E-2);
#1952=CARTESIAN_POINT('',(3.25E-1,-3.9E-1,-3.25E0));
#1953=LINE('',#1952,#1951);
#1954=CARTESIAN_POINT('',(3.25E-1,-4.661080841369E-1,-3.1911823E0));
#1955=DIRECTION('',(1.E0,0.E0,0.E0));
#1956=DIRECTION('',(0.E0,7.556965827044E-1,6.549218845701E-1));
#1957=AXIS2_PLACEMENT_3D('',#1954,#1955,#1956);
#1959=CARTESIAN_POINT('',(3.25E-1,-4.77517E-1,-3.112E0));
#1960=DIRECTION('',(-1.E0,0.E0,0.E0));
#1961=DIRECTION('',(0.E0,1.425888932421E-1,-9.89782E-1));
#1962=AXIS2_PLACEMENT_3D('',#1959,#1960,#1961);
#1964=DIRECTION('',(0.E0,-1.E0,0.E0));
#1965=VECTOR('',#1964,4.999954999999E-2);
#1966=CARTESIAN_POINT('',(3.25E-1,-4.77517E-1,-3.162E0));
#1967=LINE('',#1966,#1965);
#1968=DIRECTION('',(0.E0,0.E0,1.E0));
#1969=VECTOR('',#1968,3.1E-1);
#1970=CARTESIAN_POINT('',(3.25E-1,-5.2751655E-1,-3.162E0));
#1971=LINE('',#1970,#1969);
#1972=CARTESIAN_POINT('',(1.75E-1,-1.8E-1,-4.83E-1));
#1973=DIRECTION('',(1.E0,0.E0,0.E0));
#1974=DIRECTION('',(0.E0,1.001786176436E-1,9.949694691633E-1));
#1975=AXIS2_PLACEMENT_3D('',#1972,#1973,#1974);
#1977=CARTESIAN_POINT('',(3.25E-1,-1.8E-1,-4.83E-1));
#1978=DIRECTION('',(-1.E0,0.E0,0.E0));
#1979=DIRECTION('',(0.E0,-1.E0,0.E0));
#1980=AXIS2_PLACEMENT_3D('',#1977,#1978,#1979);
#1982=DIRECTION('',(1.E0,0.E0,0.E0));
#1983=VECTOR('',#1982,1.5E-1);
#1984=CARTESIAN_POINT('',(1.75E-1,-1.749910691178E-1,-4.332515265418E-1));
#1985=LINE('',#1984,#1983);
#1986=DIRECTION('',(1.E0,0.E0,0.E0));
#1987=VECTOR('',#1986,1.5E-1);
#1988=CARTESIAN_POINT('',(1.75E-1,-2.3E-1,-4.83E-1));
#1989=LINE('',#1988,#1987);
#1990=DIRECTION('',(1.E0,0.E0,0.E0));
#1991=VECTOR('',#1990,1.5E-1);
#1992=CARTESIAN_POINT('',(1.75E-1,-2.3E-1,-6.49E-1));
#1993=LINE('',#1992,#1991);
#1994=DIRECTION('',(1.E0,0.E0,0.E0));
#1995=VECTOR('',#1994,1.5E-1);
#1996=CARTESIAN_POINT('',(1.75E-1,-1.934183067767E-1,-6.971658493463E-1));
#1997=LINE('',#1996,#1995);
#1998=DIRECTION('',(1.E0,0.E0,0.E0));
#1999=VECTOR('',#1998,1.5E-1);
#2000=CARTESIAN_POINT('',(1.75E-1,-1.94E-1,-7.527506756806E-1));
#2001=LINE('',#2000,#1999);
#2002=DIRECTION('',(1.E0,0.E0,0.E0));
#2003=VECTOR('',#2002,1.5E-1);
#2004=CARTESIAN_POINT('',(1.75E-1,-2.25E-1,-7.99E-1));
#2005=LINE('',#2004,#2003);
#2006=DIRECTION('',(1.E0,0.E0,0.E0));
#2007=VECTOR('',#2006,1.5E-1);
#2008=CARTESIAN_POINT('',(1.75E-1,-2.25E-1,-9.464264917783E-1));
#2009=LINE('',#2008,#2007);
#2010=DIRECTION('',(1.E0,0.E0,0.E0));
#2011=VECTOR('',#2010,1.5E-1);
#2012=CARTESIAN_POINT('',(1.75E-1,-2.04E-1,-1.022970596711E0));
#2013=LINE('',#2012,#2011);
#2014=DIRECTION('',(1.E0,0.E0,0.E0));
#2015=VECTOR('',#2014,1.5E-1);
#2016=CARTESIAN_POINT('',(1.75E-1,-1.9E-1,-1.074E0));
#2017=LINE('',#2016,#2015);
#2018=DIRECTION('',(1.E0,0.E0,0.E0));
#2019=VECTOR('',#2018,1.5E-1);
#2020=CARTESIAN_POINT('',(1.75E-1,-5.2751655E-1,-2.852E0));
#2021=LINE('',#2020,#2019);
#2022=DIRECTION('',(1.E0,0.E0,0.E0));
#2023=VECTOR('',#2022,1.5E-1);
#2024=CARTESIAN_POINT('',(1.75E-1,-5.2751655E-1,-3.162E0));
#2025=LINE('',#2024,#2023);
#2026=DIRECTION('',(1.E0,0.E0,0.E0));
#2027=VECTOR('',#2026,1.5E-1);
#2028=CARTESIAN_POINT('',(1.75E-1,-4.77517E-1,-3.162E0));
#2029=LINE('',#2028,#2027);
#2030=DIRECTION('',(1.E0,0.E0,0.E0));
#2031=VECTOR('',#2030,1.5E-1);
#2032=CARTESIAN_POINT('',(1.75E-1,-4.703875553379E-1,-3.1614891E0));
#2033=LINE('',#2032,#2031);
#2034=DIRECTION('',(1.E0,0.E0,0.E0));
#2035=VECTOR('',#2034,1.5E-1);
#2036=CARTESIAN_POINT('',(1.75E-1,-4.434371866558E-1,-3.171534643463E0));
#2037=LINE('',#2036,#2035);
#2038=DIRECTION('',(1.E0,0.E0,0.E0));
#2039=VECTOR('',#2038,1.5E-1);
#2040=CARTESIAN_POINT('',(1.75E-1,-3.9E-1,-3.25E0));
#2041=LINE('',#2040,#2039);
#2042=CARTESIAN_POINT('',(6.75E-1,-1.4E-1,-1.282941277891E0));
#2043=DIRECTION('',(1.E0,0.E0,0.E0));
#2044=DIRECTION('',(0.E0,-1.E0,0.E0));
#2045=AXIS2_PLACEMENT_3D('',#2042,#2043,#2044);
#2047=DIRECTION('',(0.E0,0.E0,-1.E0));
#2048=VECTOR('',#2047,2.089412778908E-1);
#2049=CARTESIAN_POINT('',(6.75E-1,-1.9E-1,-1.074E0));
#2050=LINE('',#2049,#2048);
#2051=CARTESIAN_POINT('',(6.75E-1,-2.9E-1,-1.074E0));
#2052=DIRECTION('',(-1.E0,0.E0,0.E0));
#2053=DIRECTION('',(0.E0,8.6E-1,5.102940328869E-1));
#2054=AXIS2_PLACEMENT_3D('',#2051,#2052,#2053);
#2056=CARTESIAN_POINT('',(6.75E-1,-7.5E-2,-9.464264917783E-1));
#2057=DIRECTION('',(1.E0,0.E0,0.E0));
#2058=DIRECTION('',(0.E0,-1.E0,0.E0));
#2059=AXIS2_PLACEMENT_3D('',#2056,#2057,#2058);
#2061=DIRECTION('',(0.E0,0.E0,-1.E0));
#2062=VECTOR('',#2061,1.474264917783E-1);
#2063=CARTESIAN_POINT('',(6.75E-1,-2.25E-1,-7.99E-1));
#2064=LINE('',#2063,#2062);
#2065=CARTESIAN_POINT('',(6.75E-1,-1.75E-1,-7.99E-1));
#2066=DIRECTION('',(1.E0,0.E0,0.E0));
#2067=DIRECTION('',(0.E0,-3.8E-1,9.249864863878E-1));
#2068=AXIS2_PLACEMENT_3D('',#2065,#2066,#2067);
#2070=CARTESIAN_POINT('',(6.75E-1,-2.05E-1,-7.248401042067E-1));
#2071=DIRECTION('',(-1.E0,0.E0,0.E0));
#2072=DIRECTION('',(0.E0,3.860564407781E-1,9.224751620145E-1));
#2073=AXIS2_PLACEMENT_3D('',#2070,#2071,#2072);
#2075=CARTESIAN_POINT('',(6.75E-1,-1.8E-1,-6.49E-1));
#2076=DIRECTION('',(1.E0,0.E0,0.E0));
#2077=DIRECTION('',(0.E0,-1.E0,0.E0));
#2078=AXIS2_PLACEMENT_3D('',#2075,#2076,#2077);
#2080=DIRECTION('',(0.E0,0.E0,-1.E0));
#2081=VECTOR('',#2080,1.66E-1);
#2082=CARTESIAN_POINT('',(6.75E-1,-2.3E-1,-4.83E-1));
#2083=LINE('',#2082,#2081);
#2084=CARTESIAN_POINT('',(6.75E-1,-5.26E-1,-5.085756955777E-1));
#2085=DIRECTION('',(-1.E0,0.E0,0.E0));
#2086=DIRECTION('',(0.E0,7.688022284123E-1,6.394866172082E-1));
#2087=AXIS2_PLACEMENT_3D('',#2084,#2085,#2086);
#2089=CARTESIAN_POINT('',(6.75E-1,-4.8751655E-1,-2.852E0));
#2090=DIRECTION('',(-1.E0,0.E0,0.E0));
#2091=DIRECTION('',(0.E0,-1.E0,0.E0));
#2092=AXIS2_PLACEMENT_3D('',#2089,#2090,#2091);
#2094=DIRECTION('',(0.E0,0.E0,1.E0));
#2095=VECTOR('',#2094,3.1E-1);
#2096=CARTESIAN_POINT('',(6.75E-1,-5.2751655E-1,-3.162E0));
#2097=LINE('',#2096,#2095);
#2098=DIRECTION('',(0.E0,-1.E0,0.E0));
#2099=VECTOR('',#2098,4.999954999999E-2);
#2100=CARTESIAN_POINT('',(6.75E-1,-4.77517E-1,-3.162E0));
#2101=LINE('',#2100,#2099);
#2102=CARTESIAN_POINT('',(6.75E-1,-4.77517E-1,-3.112E0));
#2103=DIRECTION('',(-1.E0,0.E0,0.E0));
#2104=DIRECTION('',(0.E0,1.425888932421E-1,-9.89782E-1));
#2105=AXIS2_PLACEMENT_3D('',#2102,#2103,#2104);
#2107=CARTESIAN_POINT('',(6.75E-1,-4.661080841369E-1,-3.1911823E0));
#2108=DIRECTION('',(1.E0,0.E0,0.E0));
#2109=DIRECTION('',(0.E0,7.556965827044E-1,6.549218845701E-1));
#2110=AXIS2_PLACEMENT_3D('',#2107,#2108,#2109);
#2112=DIRECTION('',(0.E0,-5.628914848851E-1,8.265308078008E-1));
#2113=VECTOR('',#2112,9.493337186775E-2);
#2114=CARTESIAN_POINT('',(6.75E-1,-3.9E-1,-3.25E0));
#2115=LINE('',#2114,#2113);
#2116=DIRECTION('',(0.E0,-1.E0,0.E0));
#2117=VECTOR('',#2116,1.7E-1);
#2118=CARTESIAN_POINT('',(6.75E-1,-2.2E-1,-3.25E0));
#2119=LINE('',#2118,#2117);
#2120=DIRECTION('',(1.E0,0.E0,0.E0));
#2121=VECTOR('',#2120,1.5E-1);
#2122=CARTESIAN_POINT('',(6.75E-1,-1.9E-1,-1.282941277891E0));
#2123=LINE('',#2122,#2121);
#2124=CARTESIAN_POINT('',(8.25E-1,-1.4E-1,-1.282941277891E0));
#2125=DIRECTION('',(1.E0,0.E0,0.E0));
#2126=DIRECTION('',(0.E0,-1.E0,0.E0));
#2127=AXIS2_PLACEMENT_3D('',#2124,#2125,#2126);
#2129=CARTESIAN_POINT('',(8.25E-1,-5.26E-1,-5.085756955777E-1));
#2130=DIRECTION('',(-1.E0,0.E0,0.E0));
#2131=DIRECTION('',(0.E0,7.688022284123E-1,6.394866172082E-1));
#2132=AXIS2_PLACEMENT_3D('',#2129,#2130,#2131);
#2134=DIRECTION('',(0.E0,0.E0,-1.E0));
#2135=VECTOR('',#2134,1.66E-1);
#2136=CARTESIAN_POINT('',(8.25E-1,-2.3E-1,-4.83E-1));
#2137=LINE('',#2136,#2135);
#2138=CARTESIAN_POINT('',(8.25E-1,-1.8E-1,-6.49E-1));
#2139=DIRECTION('',(1.E0,0.E0,0.E0));
#2140=DIRECTION('',(0.E0,-1.E0,0.E0));
#2141=AXIS2_PLACEMENT_3D('',#2138,#2139,#2140);
#2143=CARTESIAN_POINT('',(8.25E-1,-2.05E-1,-7.248401042067E-1));
#2144=DIRECTION('',(-1.E0,0.E0,0.E0));
#2145=DIRECTION('',(0.E0,3.860564407781E-1,9.224751620145E-1));
#2146=AXIS2_PLACEMENT_3D('',#2143,#2144,#2145);
#2148=CARTESIAN_POINT('',(8.25E-1,-1.75E-1,-7.99E-1));
#2149=DIRECTION('',(1.E0,0.E0,0.E0));
#2150=DIRECTION('',(0.E0,-3.8E-1,9.249864863878E-1));
#2151=AXIS2_PLACEMENT_3D('',#2148,#2149,#2150);
#2153=DIRECTION('',(0.E0,0.E0,-1.E0));
#2154=VECTOR('',#2153,1.474264917783E-1);
#2155=CARTESIAN_POINT('',(8.25E-1,-2.25E-1,-7.99E-1));
#2156=LINE('',#2155,#2154);
#2157=CARTESIAN_POINT('',(8.25E-1,-7.5E-2,-9.464264917783E-1));
#2158=DIRECTION('',(1.E0,0.E0,0.E0));
#2159=DIRECTION('',(0.E0,-1.E0,0.E0));
#2160=AXIS2_PLACEMENT_3D('',#2157,#2158,#2159);
#2162=CARTESIAN_POINT('',(8.25E-1,-2.9E-1,-1.074E0));
#2163=DIRECTION('',(-1.E0,0.E0,0.E0));
#2164=DIRECTION('',(0.E0,8.6E-1,5.102940328869E-1));
#2165=AXIS2_PLACEMENT_3D('',#2162,#2163,#2164);
#2167=DIRECTION('',(0.E0,0.E0,-1.E0));
#2168=VECTOR('',#2167,2.089412778908E-1);
#2169=CARTESIAN_POINT('',(8.25E-1,-1.9E-1,-1.074E0));
#2170=LINE('',#2169,#2168);
#2171=CARTESIAN_POINT('',(8.25E-1,-4.8751655E-1,-2.852E0));
#2172=DIRECTION('',(-1.E0,0.E0,0.E0));
#2173=DIRECTION('',(0.E0,-1.E0,0.E0));
#2174=AXIS2_PLACEMENT_3D('',#2171,#2172,#2173);
#2176=DIRECTION('',(0.E0,-1.E0,0.E0));
#2177=VECTOR('',#2176,1.7E-1);
#2178=CARTESIAN_POINT('',(8.25E-1,-2.2E-1,-3.25E0));
#2179=LINE('',#2178,#2177);
#2180=DIRECTION('',(0.E0,-5.628914848851E-1,8.265308078008E-1));
#2181=VECTOR('',#2180,9.493337186775E-2);
#2182=CARTESIAN_POINT('',(8.25E-1,-3.9E-1,-3.25E0));
#2183=LINE('',#2182,#2181);
#2184=CARTESIAN_POINT('',(8.25E-1,-4.661080841369E-1,-3.1911823E0));
#2185=DIRECTION('',(1.E0,0.E0,0.E0));
#2186=DIRECTION('',(0.E0,7.556965827044E-1,6.549218845701E-1));
#2187=AXIS2_PLACEMENT_3D('',#2184,#2185,#2186);
#2189=CARTESIAN_POINT('',(8.25E-1,-4.77517E-1,-3.112E0));
#2190=DIRECTION('',(-1.E0,0.E0,0.E0));
#2191=DIRECTION('',(0.E0,1.425888932421E-1,-9.89782E-1));
#2192=AXIS2_PLACEMENT_3D('',#2189,#2190,#2191);
#2194=DIRECTION('',(0.E0,-1.E0,0.E0));
#2195=VECTOR('',#2194,4.999954999999E-2);
#2196=CARTESIAN_POINT('',(8.25E-1,-4.77517E-1,-3.162E0));
#2197=LINE('',#2196,#2195);
#2198=DIRECTION('',(0.E0,0.E0,1.E0));
#2199=VECTOR('',#2198,3.1E-1);
#2200=CARTESIAN_POINT('',(8.25E-1,-5.2751655E-1,-3.162E0));
#2201=LINE('',#2200,#2199);
#2202=CARTESIAN_POINT('',(6.75E-1,-1.8E-1,-4.83E-1));
#2203=DIRECTION('',(1.E0,0.E0,0.E0));
#2204=DIRECTION('',(0.E0,1.001786176436E-1,9.949694691633E-1));
#2205=AXIS2_PLACEMENT_3D('',#2202,#2203,#2204);
#2207=CARTESIAN_POINT('',(8.25E-1,-1.8E-1,-4.83E-1));
#2208=DIRECTION('',(-1.E0,0.E0,0.E0));
#2209=DIRECTION('',(0.E0,-1.E0,0.E0));
#2210=AXIS2_PLACEMENT_3D('',#2207,#2208,#2209);
#2212=DIRECTION('',(1.E0,0.E0,0.E0));
#2213=VECTOR('',#2212,1.5E-1);
#2214=CARTESIAN_POINT('',(6.75E-1,-1.749910691178E-1,-4.332515265418E-1));
#2215=LINE('',#2214,#2213);
#2216=DIRECTION('',(1.E0,0.E0,0.E0));
#2217=VECTOR('',#2216,1.5E-1);
#2218=CARTESIAN_POINT('',(6.75E-1,-2.3E-1,-4.83E-1));
#2219=LINE('',#2218,#2217);
#2220=DIRECTION('',(1.E0,0.E0,0.E0));
#2221=VECTOR('',#2220,1.5E-1);
#2222=CARTESIAN_POINT('',(6.75E-1,-2.3E-1,-6.49E-1));
#2223=LINE('',#2222,#2221);
#2224=DIRECTION('',(1.E0,0.E0,0.E0));
#2225=VECTOR('',#2224,1.5E-1);
#2226=CARTESIAN_POINT('',(6.75E-1,-1.934183067767E-1,-6.971658493463E-1));
#2227=LINE('',#2226,#2225);
#2228=DIRECTION('',(1.E0,0.E0,0.E0));
#2229=VECTOR('',#2228,1.5E-1);
#2230=CARTESIAN_POINT('',(6.75E-1,-1.94E-1,-7.527506756806E-1));
#2231=LINE('',#2230,#2229);
#2232=DIRECTION('',(1.E0,0.E0,0.E0));
#2233=VECTOR('',#2232,1.5E-1);
#2234=CARTESIAN_POINT('',(6.75E-1,-2.25E-1,-7.99E-1));
#2235=LINE('',#2234,#2233);
#2236=DIRECTION('',(1.E0,0.E0,0.E0));
#2237=VECTOR('',#2236,1.5E-1);
#2238=CARTESIAN_POINT('',(6.75E-1,-2.25E-1,-9.464264917783E-1));
#2239=LINE('',#2238,#2237);
#2240=DIRECTION('',(1.E0,0.E0,0.E0));
#2241=VECTOR('',#2240,1.5E-1);
#2242=CARTESIAN_POINT('',(6.75E-1,-2.04E-1,-1.022970596711E0));
#2243=LINE('',#2242,#2241);
#2244=DIRECTION('',(1.E0,0.E0,0.E0));
#2245=VECTOR('',#2244,1.5E-1);
#2246=CARTESIAN_POINT('',(6.75E-1,-1.9E-1,-1.074E0));
#2247=LINE('',#2246,#2245);
#2248=DIRECTION('',(1.E0,0.E0,0.E0));
#2249=VECTOR('',#2248,1.5E-1);
#2250=CARTESIAN_POINT('',(6.75E-1,-5.2751655E-1,-2.852E0));
#2251=LINE('',#2250,#2249);
#2252=DIRECTION('',(1.E0,0.E0,0.E0));
#2253=VECTOR('',#2252,1.5E-1);
#2254=CARTESIAN_POINT('',(6.75E-1,-5.2751655E-1,-3.162E0));
#2255=LINE('',#2254,#2253);
#2256=DIRECTION('',(1.E0,0.E0,0.E0));
#2257=VECTOR('',#2256,1.5E-1);
#2258=CARTESIAN_POINT('',(6.75E-1,-4.77517E-1,-3.162E0));
#2259=LINE('',#2258,#2257);
#2260=DIRECTION('',(1.E0,0.E0,0.E0));
#2261=VECTOR('',#2260,1.5E-1);
#2262=CARTESIAN_POINT('',(6.75E-1,-4.703875553379E-1,-3.1614891E0));
#2263=LINE('',#2262,#2261);
#2264=DIRECTION('',(1.E0,0.E0,0.E0));
#2265=VECTOR('',#2264,1.5E-1);
#2266=CARTESIAN_POINT('',(6.75E-1,-4.434371866558E-1,-3.171534643463E0));
#2267=LINE('',#2266,#2265);
#2268=DIRECTION('',(1.E0,0.E0,0.E0));
#2269=VECTOR('',#2268,1.5E-1);
#2270=CARTESIAN_POINT('',(6.75E-1,-3.9E-1,-3.25E0));
#2271=LINE('',#2270,#2269);
#2272=CARTESIAN_POINT('',(1.175E0,-1.4E-1,-1.282941277891E0));
#2273=DIRECTION('',(1.E0,0.E0,0.E0));
#2274=DIRECTION('',(0.E0,-1.E0,0.E0));
#2275=AXIS2_PLACEMENT_3D('',#2272,#2273,#2274);
#2277=DIRECTION('',(0.E0,0.E0,-1.E0));
#2278=VECTOR('',#2277,2.089412778908E-1);
#2279=CARTESIAN_POINT('',(1.175E0,-1.9E-1,-1.074E0));
#2280=LINE('',#2279,#2278);
#2281=CARTESIAN_POINT('',(1.175E0,-2.9E-1,-1.074E0));
#2282=DIRECTION('',(-1.E0,0.E0,0.E0));
#2283=DIRECTION('',(0.E0,8.6E-1,5.102940328869E-1));
#2284=AXIS2_PLACEMENT_3D('',#2281,#2282,#2283);
#2286=CARTESIAN_POINT('',(1.175E0,-7.5E-2,-9.464264917783E-1));
#2287=DIRECTION('',(1.E0,0.E0,0.E0));
#2288=DIRECTION('',(0.E0,-1.E0,0.E0));
#2289=AXIS2_PLACEMENT_3D('',#2286,#2287,#2288);
#2291=DIRECTION('',(0.E0,0.E0,-1.E0));
#2292=VECTOR('',#2291,1.474264917783E-1);
#2293=CARTESIAN_POINT('',(1.175E0,-2.25E-1,-7.99E-1));
#2294=LINE('',#2293,#2292);
#2295=CARTESIAN_POINT('',(1.175E0,-1.75E-1,-7.99E-1));
#2296=DIRECTION('',(1.E0,0.E0,0.E0));
#2297=DIRECTION('',(0.E0,-3.8E-1,9.249864863878E-1));
#2298=AXIS2_PLACEMENT_3D('',#2295,#2296,#2297);
#2300=CARTESIAN_POINT('',(1.175E0,-2.05E-1,-7.248401042067E-1));
#2301=DIRECTION('',(-1.E0,0.E0,0.E0));
#2302=DIRECTION('',(0.E0,3.860564407781E-1,9.224751620145E-1));
#2303=AXIS2_PLACEMENT_3D('',#2300,#2301,#2302);
#2305=CARTESIAN_POINT('',(1.175E0,-1.8E-1,-6.49E-1));
#2306=DIRECTION('',(1.E0,0.E0,0.E0));
#2307=DIRECTION('',(0.E0,-1.E0,0.E0));
#2308=AXIS2_PLACEMENT_3D('',#2305,#2306,#2307);
#2310=DIRECTION('',(0.E0,0.E0,-1.E0));
#2311=VECTOR('',#2310,1.66E-1);
#2312=CARTESIAN_POINT('',(1.175E0,-2.3E-1,-4.83E-1));
#2313=LINE('',#2312,#2311);
#2314=CARTESIAN_POINT('',(1.175E0,-5.26E-1,-5.085756955777E-1));
#2315=DIRECTION('',(-1.E0,0.E0,0.E0));
#2316=DIRECTION('',(0.E0,7.688022284123E-1,6.394866172082E-1));
#2317=AXIS2_PLACEMENT_3D('',#2314,#2315,#2316);
#2319=CARTESIAN_POINT('',(1.175E0,-4.8751655E-1,-2.852E0));
#2320=DIRECTION('',(-1.E0,0.E0,0.E0));
#2321=DIRECTION('',(0.E0,-1.E0,0.E0));
#2322=AXIS2_PLACEMENT_3D('',#2319,#2320,#2321);
#2324=DIRECTION('',(0.E0,0.E0,1.E0));
#2325=VECTOR('',#2324,3.1E-1);
#2326=CARTESIAN_POINT('',(1.175E0,-5.2751655E-1,-3.162E0));
#2327=LINE('',#2326,#2325);
#2328=DIRECTION('',(0.E0,-1.E0,0.E0));
#2329=VECTOR('',#2328,4.999954999999E-2);
#2330=CARTESIAN_POINT('',(1.175E0,-4.77517E-1,-3.162E0));
#2331=LINE('',#2330,#2329);
#2332=CARTESIAN_POINT('',(1.175E0,-4.77517E-1,-3.112E0));
#2333=DIRECTION('',(-1.E0,0.E0,0.E0));
#2334=DIRECTION('',(0.E0,1.425888932421E-1,-9.89782E-1));
#2335=AXIS2_PLACEMENT_3D('',#2332,#2333,#2334);
#2337=CARTESIAN_POINT('',(1.175E0,-4.661080841369E-1,-3.1911823E0));
#2338=DIRECTION('',(1.E0,0.E0,0.E0));
#2339=DIRECTION('',(0.E0,7.556965827044E-1,6.549218845701E-1));
#2340=AXIS2_PLACEMENT_3D('',#2337,#2338,#2339);
#2342=DIRECTION('',(0.E0,-5.628914848851E-1,8.265308078008E-1));
#2343=VECTOR('',#2342,9.493337186775E-2);
#2344=CARTESIAN_POINT('',(1.175E0,-3.9E-1,-3.25E0));
#2345=LINE('',#2344,#2343);
#2346=DIRECTION('',(0.E0,-1.E0,0.E0));
#2347=VECTOR('',#2346,1.7E-1);
#2348=CARTESIAN_POINT('',(1.175E0,-2.2E-1,-3.25E0));
#2349=LINE('',#2348,#2347);
#2350=DIRECTION('',(1.E0,0.E0,0.E0));
#2351=VECTOR('',#2350,1.5E-1);
#2352=CARTESIAN_POINT('',(1.175E0,-1.9E-1,-1.282941277891E0));
#2353=LINE('',#2352,#2351);
#2354=CARTESIAN_POINT('',(1.325E0,-1.4E-1,-1.282941277891E0));
#2355=DIRECTION('',(1.E0,0.E0,0.E0));
#2356=DIRECTION('',(0.E0,-1.E0,0.E0));
#2357=AXIS2_PLACEMENT_3D('',#2354,#2355,#2356);
#2359=CARTESIAN_POINT('',(1.325E0,-5.26E-1,-5.085756955777E-1));
#2360=DIRECTION('',(-1.E0,0.E0,0.E0));
#2361=DIRECTION('',(0.E0,7.688022284123E-1,6.394866172082E-1));
#2362=AXIS2_PLACEMENT_3D('',#2359,#2360,#2361);
#2364=DIRECTION('',(0.E0,0.E0,-1.E0));
#2365=VECTOR('',#2364,1.66E-1);
#2366=CARTESIAN_POINT('',(1.325E0,-2.3E-1,-4.83E-1));
#2367=LINE('',#2366,#2365);
#2368=CARTESIAN_POINT('',(1.325E0,-1.8E-1,-6.49E-1));
#2369=DIRECTION('',(1.E0,0.E0,0.E0));
#2370=DIRECTION('',(0.E0,-1.E0,0.E0));
#2371=AXIS2_PLACEMENT_3D('',#2368,#2369,#2370);
#2373=CARTESIAN_POINT('',(1.325E0,-2.05E-1,-7.248401042067E-1));
#2374=DIRECTION('',(-1.E0,0.E0,0.E0));
#2375=DIRECTION('',(0.E0,3.860564407781E-1,9.224751620145E-1));
#2376=AXIS2_PLACEMENT_3D('',#2373,#2374,#2375);
#2378=CARTESIAN_POINT('',(1.325E0,-1.75E-1,-7.99E-1));
#2379=DIRECTION('',(1.E0,0.E0,0.E0));
#2380=DIRECTION('',(0.E0,-3.8E-1,9.249864863878E-1));
#2381=AXIS2_PLACEMENT_3D('',#2378,#2379,#2380);
#2383=DIRECTION('',(0.E0,0.E0,-1.E0));
#2384=VECTOR('',#2383,1.474264917783E-1);
#2385=CARTESIAN_POINT('',(1.325E0,-2.25E-1,-7.99E-1));
#2386=LINE('',#2385,#2384);
#2387=CARTESIAN_POINT('',(1.325E0,-7.5E-2,-9.464264917783E-1));
#2388=DIRECTION('',(1.E0,0.E0,0.E0));
#2389=DIRECTION('',(0.E0,-1.E0,0.E0));
#2390=AXIS2_PLACEMENT_3D('',#2387,#2388,#2389);
#2392=CARTESIAN_POINT('',(1.325E0,-2.9E-1,-1.074E0));
#2393=DIRECTION('',(-1.E0,0.E0,0.E0));
#2394=DIRECTION('',(0.E0,8.6E-1,5.102940328869E-1));
#2395=AXIS2_PLACEMENT_3D('',#2392,#2393,#2394);
#2397=DIRECTION('',(0.E0,0.E0,-1.E0));
#2398=VECTOR('',#2397,2.089412778908E-1);
#2399=CARTESIAN_POINT('',(1.325E0,-1.9E-1,-1.074E0));
#2400=LINE('',#2399,#2398);
#2401=CARTESIAN_POINT('',(1.325E0,-4.8751655E-1,-2.852E0));
#2402=DIRECTION('',(-1.E0,0.E0,0.E0));
#2403=DIRECTION('',(0.E0,-1.E0,0.E0));
#2404=AXIS2_PLACEMENT_3D('',#2401,#2402,#2403);
#2406=DIRECTION('',(0.E0,-1.E0,0.E0));
#2407=VECTOR('',#2406,1.7E-1);
#2408=CARTESIAN_POINT('',(1.325E0,-2.2E-1,-3.25E0));
#2409=LINE('',#2408,#2407);
#2410=DIRECTION('',(0.E0,-5.628914848851E-1,8.265308078008E-1));
#2411=VECTOR('',#2410,9.493337186775E-2);
#2412=CARTESIAN_POINT('',(1.325E0,-3.9E-1,-3.25E0));
#2413=LINE('',#2412,#2411);
#2414=CARTESIAN_POINT('',(1.325E0,-4.661080841369E-1,-3.1911823E0));
#2415=DIRECTION('',(1.E0,0.E0,0.E0));
#2416=DIRECTION('',(0.E0,7.556965827044E-1,6.549218845701E-1));
#2417=AXIS2_PLACEMENT_3D('',#2414,#2415,#2416);
#2419=CARTESIAN_POINT('',(1.325E0,-4.77517E-1,-3.112E0));
#2420=DIRECTION('',(-1.E0,0.E0,0.E0));
#2421=DIRECTION('',(0.E0,1.425888932421E-1,-9.89782E-1));
#2422=AXIS2_PLACEMENT_3D('',#2419,#2420,#2421);
#2424=DIRECTION('',(0.E0,-1.E0,0.E0));
#2425=VECTOR('',#2424,4.999954999999E-2);
#2426=CARTESIAN_POINT('',(1.325E0,-4.77517E-1,-3.162E0));
#2427=LINE('',#2426,#2425);
#2428=DIRECTION('',(0.E0,0.E0,1.E0));
#2429=VECTOR('',#2428,3.1E-1);
#2430=CARTESIAN_POINT('',(1.325E0,-5.2751655E-1,-3.162E0));
#2431=LINE('',#2430,#2429);
#2432=CARTESIAN_POINT('',(1.175E0,-1.8E-1,-4.83E-1));
#2433=DIRECTION('',(1.E0,0.E0,0.E0));
#2434=DIRECTION('',(0.E0,1.001786176436E-1,9.949694691633E-1));
#2435=AXIS2_PLACEMENT_3D('',#2432,#2433,#2434);
#2437=CARTESIAN_POINT('',(1.325E0,-1.8E-1,-4.83E-1));
#2438=DIRECTION('',(-1.E0,0.E0,0.E0));
#2439=DIRECTION('',(0.E0,-1.E0,0.E0));
#2440=AXIS2_PLACEMENT_3D('',#2437,#2438,#2439);
#2442=DIRECTION('',(1.E0,0.E0,0.E0));
#2443=VECTOR('',#2442,1.5E-1);
#2444=CARTESIAN_POINT('',(1.175E0,-1.749910691178E-1,-4.332515265418E-1));
#2445=LINE('',#2444,#2443);
#2446=DIRECTION('',(1.E0,0.E0,0.E0));
#2447=VECTOR('',#2446,1.5E-1);
#2448=CARTESIAN_POINT('',(1.175E0,-2.3E-1,-4.83E-1));
#2449=LINE('',#2448,#2447);
#2450=DIRECTION('',(1.E0,0.E0,0.E0));
#2451=VECTOR('',#2450,1.5E-1);
#2452=CARTESIAN_POINT('',(1.175E0,-2.3E-1,-6.49E-1));
#2453=LINE('',#2452,#2451);
#2454=DIRECTION('',(1.E0,0.E0,0.E0));
#2455=VECTOR('',#2454,1.5E-1);
#2456=CARTESIAN_POINT('',(1.175E0,-1.934183067767E-1,-6.971658493463E-1));
#2457=LINE('',#2456,#2455);
#2458=DIRECTION('',(1.E0,0.E0,0.E0));
#2459=VECTOR('',#2458,1.5E-1);
#2460=CARTESIAN_POINT('',(1.175E0,-1.94E-1,-7.527506756806E-1));
#2461=LINE('',#2460,#2459);
#2462=DIRECTION('',(1.E0,0.E0,0.E0));
#2463=VECTOR('',#2462,1.5E-1);
#2464=CARTESIAN_POINT('',(1.175E0,-2.25E-1,-7.99E-1));
#2465=LINE('',#2464,#2463);
#2466=DIRECTION('',(1.E0,0.E0,0.E0));
#2467=VECTOR('',#2466,1.5E-1);
#2468=CARTESIAN_POINT('',(1.175E0,-2.25E-1,-9.464264917783E-1));
#2469=LINE('',#2468,#2467);
#2470=DIRECTION('',(1.E0,0.E0,0.E0));
#2471=VECTOR('',#2470,1.5E-1);
#2472=CARTESIAN_POINT('',(1.175E0,-2.04E-1,-1.022970596711E0));
#2473=LINE('',#2472,#2471);
#2474=DIRECTION('',(1.E0,0.E0,0.E0));
#2475=VECTOR('',#2474,1.5E-1);
#2476=CARTESIAN_POINT('',(1.175E0,-1.9E-1,-1.074E0));
#2477=LINE('',#2476,#2475);
#2478=DIRECTION('',(1.E0,0.E0,0.E0));
#2479=VECTOR('',#2478,1.5E-1);
#2480=CARTESIAN_POINT('',(1.175E0,-5.2751655E-1,-2.852E0));
#2481=LINE('',#2480,#2479);
#2482=DIRECTION('',(1.E0,0.E0,0.E0));
#2483=VECTOR('',#2482,1.5E-1);
#2484=CARTESIAN_POINT('',(1.175E0,-5.2751655E-1,-3.162E0));
#2485=LINE('',#2484,#2483);
#2486=DIRECTION('',(1.E0,0.E0,0.E0));
#2487=VECTOR('',#2486,1.5E-1);
#2488=CARTESIAN_POINT('',(1.175E0,-4.77517E-1,-3.162E0));
#2489=LINE('',#2488,#2487);
#2490=DIRECTION('',(1.E0,0.E0,0.E0));
#2491=VECTOR('',#2490,1.5E-1);
#2492=CARTESIAN_POINT('',(1.175E0,-4.703875553379E-1,-3.1614891E0));
#2493=LINE('',#2492,#2491);
#2494=DIRECTION('',(1.E0,0.E0,0.E0));
#2495=VECTOR('',#2494,1.5E-1);
#2496=CARTESIAN_POINT('',(1.175E0,-4.434371866558E-1,-3.171534643463E0));
#2497=LINE('',#2496,#2495);
#2498=DIRECTION('',(1.E0,0.E0,0.E0));
#2499=VECTOR('',#2498,1.5E-1);
#2500=CARTESIAN_POINT('',(1.175E0,-3.9E-1,-3.25E0));
#2501=LINE('',#2500,#2499);
#2502=DIRECTION('',(0.E0,1.E0,0.E0));
#2503=VECTOR('',#2502,1.E0);
#2504=CARTESIAN_POINT('',(3.E0,-5.E-1,-9.4E-1));
#2505=LINE('',#2504,#2503);
#2506=DIRECTION('',(0.E0,1.E0,0.E0));
#2507=VECTOR('',#2506,3.84E-1);
#2508=CARTESIAN_POINT('',(2.775E0,-1.16E-1,-9.4E-1));
#2509=LINE('',#2508,#2507);
#2510=DIRECTION('',(-1.E0,0.E0,0.E0));
#2511=VECTOR('',#2510,1.5E-1);
#2512=CARTESIAN_POINT('',(2.775E0,2.68E-1,-9.4E-1));
#2513=LINE('',#2512,#2511);
#2514=DIRECTION('',(0.E0,1.E0,0.E0));
#2515=VECTOR('',#2514,2.32E-1);
#2516=CARTESIAN_POINT('',(2.625E0,2.68E-1,-9.4E-1));
#2517=LINE('',#2516,#2515);
#2518=DIRECTION('',(0.E0,1.E0,0.E0));
#2519=VECTOR('',#2518,3.84E-1);
#2520=CARTESIAN_POINT('',(2.625E0,-5.E-1,-9.4E-1));
#2521=LINE('',#2520,#2519);
#2522=DIRECTION('',(-1.E0,0.E0,0.E0));
#2523=VECTOR('',#2522,1.5E-1);
#2524=CARTESIAN_POINT('',(2.775E0,-1.16E-1,-9.4E-1));
#2525=LINE('',#2524,#2523);
#2526=CARTESIAN_POINT('',(2.775E0,-1.56E-1,-9.7E-1));
#2527=DIRECTION('',(1.E0,0.E0,0.E0));
#2528=DIRECTION('',(0.E0,8.E-1,6.E-1));
#2529=AXIS2_PLACEMENT_3D('',#2526,#2527,#2528);
#2531=DIRECTION('',(0.E0,-1.E0,0.E0));
#2532=VECTOR('',#2531,1.48E-1);
#2533=CARTESIAN_POINT('',(2.775E0,-1.56E-1,-9.2E-1));
#2534=LINE('',#2533,#2532);
#2535=CARTESIAN_POINT('',(2.775E0,-3.04E-1,-8.7E-1));
#2536=DIRECTION('',(-1.E0,0.E0,0.E0));
#2537=DIRECTION('',(0.E0,-1.776356839400E-14,-1.E0));
#2538=AXIS2_PLACEMENT_3D('',#2535,#2536,#2537);
#2540=DIRECTION('',(0.E0,0.E0,1.E0));
#2541=VECTOR('',#2540,5.E-2);
#2542=CARTESIAN_POINT('',(2.775E0,-3.54E-1,-8.7E-1));
#2543=LINE('',#2542,#2541);
#2544=CARTESIAN_POINT('',(2.775E0,-4.04E-1,-8.2E-1));
#2545=DIRECTION('',(1.E0,0.E0,0.E0));
#2546=DIRECTION('',(0.E0,1.E0,0.E0));
#2547=AXIS2_PLACEMENT_3D('',#2544,#2545,#2546);
#2549=DIRECTION('',(0.E0,-1.E0,0.E0));
#2550=VECTOR('',#2549,7.351655E-2);
#2551=CARTESIAN_POINT('',(2.775E0,-4.04E-1,-7.7E-1));
#2552=LINE('',#2551,#2550);
#2553=CARTESIAN_POINT('',(2.775E0,-4.7751655E-1,-7.2E-1));
#2554=DIRECTION('',(-1.E0,0.E0,0.E0));
#2555=DIRECTION('',(0.E0,0.E0,-1.E0));
#2556=AXIS2_PLACEMENT_3D('',#2553,#2554,#2555);
#2558=DIRECTION('',(0.E0,0.E0,1.E0));
#2559=VECTOR('',#2558,4.5E-1);
#2560=CARTESIAN_POINT('',(2.775E0,-5.2751655E-1,-7.2E-1));
#2561=LINE('',#2560,#2559);
#2562=DIRECTION('',(0.E0,1.E0,0.E0));
#2563=VECTOR('',#2562,2.21750626E-1);
#2564=CARTESIAN_POINT('',(2.775E0,-5.2751655E-1,-2.7E-1));
#2565=LINE('',#2564,#2563);
#2566=CARTESIAN_POINT('',(2.775E0,-3.05765924E-1,-2.2E-1));
#2567=DIRECTION('',(1.E0,0.E0,0.E0));
#2568=DIRECTION('',(0.E0,0.E0,-1.E0));
#2569=AXIS2_PLACEMENT_3D('',#2566,#2567,#2568);
#2571=DIRECTION('',(0.E0,0.E0,1.E0));
#2572=VECTOR('',#2571,2.E-1);
#2573=CARTESIAN_POINT('',(2.775E0,-2.55765924E-1,-2.2E-1));
#2574=LINE('',#2573,#2572);
#2575=DIRECTION('',(0.E0,1.E0,0.E0));
#2576=VECTOR('',#2575,7.10943192E-1);
#2577=CARTESIAN_POINT('',(2.775E0,-2.55765924E-1,-2.E-2));
#2578=LINE('',#2577,#2576);
#2579=DIRECTION('',(0.E0,0.E0,-1.E0));
#2580=VECTOR('',#2579,9.E-1);
#2581=CARTESIAN_POINT('',(2.775E0,4.55177268E-1,-2.E-2));
#2582=LINE('',#2581,#2580);
#2583=DIRECTION('',(0.E0,-1.E0,0.E0));
#2584=VECTOR('',#2583,1.47177268E-1);
#2585=CARTESIAN_POINT('',(2.775E0,4.55177268E-1,-9.2E-1));
#2586=LINE('',#2585,#2584);
#2587=CARTESIAN_POINT('',(2.775E0,3.08E-1,-9.7E-1));
#2588=DIRECTION('',(1.E0,0.E0,0.E0));
#2589=DIRECTION('',(0.E0,1.332267629550E-14,1.E0));
#2590=AXIS2_PLACEMENT_3D('',#2587,#2588,#2589);
#2592=CARTESIAN_POINT('',(2.625E0,-1.56E-1,-9.7E-1));
#2593=DIRECTION('',(-1.E0,0.E0,0.E0));
#2594=DIRECTION('',(0.E0,-1.443289932013E-14,1.E0));
#2595=AXIS2_PLACEMENT_3D('',#2592,#2593,#2594);
#2597=CARTESIAN_POINT('',(2.625E0,-4.7751655E-1,-7.2E-1));
#2598=DIRECTION('',(-1.E0,0.E0,0.E0));
#2599=DIRECTION('',(0.E0,0.E0,-1.E0));
#2600=AXIS2_PLACEMENT_3D('',#2597,#2598,#2599);
#2602=DIRECTION('',(0.E0,-1.E0,0.E0));
#2603=VECTOR('',#2602,7.351655E-2);
#2604=CARTESIAN_POINT('',(2.625E0,-4.04E-1,-7.7E-1));
#2605=LINE('',#2604,#2603);
#2606=CARTESIAN_POINT('',(2.625E0,-4.04E-1,-8.2E-1));
#2607=DIRECTION('',(-1.E0,0.E0,0.E0));
#2608=DIRECTION('',(0.E0,1.110223024625E-14,1.E0));
#2609=AXIS2_PLACEMENT_3D('',#2606,#2607,#2608);
#2611=DIRECTION('',(0.E0,0.E0,1.E0));
#2612=VECTOR('',#2611,5.E-2);
#2613=CARTESIAN_POINT('',(2.625E0,-3.54E-1,-8.7E-1));
#2614=LINE('',#2613,#2612);
#2615=CARTESIAN_POINT('',(2.625E0,-3.04E-1,-8.7E-1));
#2616=DIRECTION('',(-1.E0,0.E0,0.E0));
#2617=DIRECTION('',(0.E0,-2.220446049250E-14,-1.E0));
#2618=AXIS2_PLACEMENT_3D('',#2615,#2616,#2617);
#2620=DIRECTION('',(0.E0,-1.E0,0.E0));
#2621=VECTOR('',#2620,1.48E-1);
#2622=CARTESIAN_POINT('',(2.625E0,-1.56E-1,-9.2E-1));
#2623=LINE('',#2622,#2621);
#2624=DIRECTION('',(0.E0,1.E0,0.E0));
#2625=VECTOR('',#2624,1.94234076E-1);
#2626=CARTESIAN_POINT('',(2.625E0,-5.E-1,-2.7E-1));
#2627=LINE('',#2626,#2625);
#2628=DIRECTION('',(0.E0,1.E0,0.E0));
#2629=VECTOR('',#2628,1.E0);
#2630=CARTESIAN_POINT('',(2.625E0,-5.E-1,0.E0));
#2631=LINE('',#2630,#2629);
#2632=CARTESIAN_POINT('',(2.625E0,3.08E-1,-9.7E-1));
#2633=DIRECTION('',(-1.E0,0.E0,0.E0));
#2634=DIRECTION('',(0.E0,-8.E-1,6.E-1));
#2635=AXIS2_PLACEMENT_3D('',#2632,#2633,#2634);
#2637=DIRECTION('',(0.E0,-1.E0,0.E0));
#2638=VECTOR('',#2637,1.47177268E-1);
#2639=CARTESIAN_POINT('',(2.625E0,4.55177268E-1,-9.2E-1));
#2640=LINE('',#2639,#2638);
#2641=DIRECTION('',(0.E0,0.E0,-1.E0));
#2642=VECTOR('',#2641,9.E-1);
#2643=CARTESIAN_POINT('',(2.625E0,4.55177268E-1,-2.E-2));
#2644=LINE('',#2643,#2642);
#2645=DIRECTION('',(0.E0,1.E0,0.E0));
#2646=VECTOR('',#2645,7.10943192E-1);
#2647=CARTESIAN_POINT('',(2.625E0,-2.55765924E-1,-2.E-2));
#2648=LINE('',#2647,#2646);
#2649=DIRECTION('',(0.E0,0.E0,1.E0));
#2650=VECTOR('',#2649,2.E-1);
#2651=CARTESIAN_POINT('',(2.625E0,-2.55765924E-1,-2.2E-1));
#2652=LINE('',#2651,#2650);
#2653=CARTESIAN_POINT('',(2.625E0,-3.05765924E-1,-2.2E-1));
#2654=DIRECTION('',(-1.E0,0.E0,0.E0));
#2655=DIRECTION('',(0.E0,1.E0,0.E0));
#2656=AXIS2_PLACEMENT_3D('',#2653,#2654,#2655);
#2658=DIRECTION('',(-1.E0,0.E0,0.E0));
#2659=VECTOR('',#2658,1.5E-1);
#2660=CARTESIAN_POINT('',(2.775E0,-4.7751655E-1,-7.7E-1));
#2661=LINE('',#2660,#2659);
#2662=CARTESIAN_POINT('',(2.625E0,-4.7751655E-1,-7.2E-1));
#2663=DIRECTION('',(-1.E0,0.E0,0.E0));
#2664=DIRECTION('',(0.E0,-4.49669E-1,-8.931952700496E-1));
#2665=AXIS2_PLACEMENT_3D('',#2662,#2663,#2664);
#2667=DIRECTION('',(0.E0,1.E0,0.E0));
#2668=VECTOR('',#2667,2.751655E-2);
#2669=CARTESIAN_POINT('',(2.625E0,-5.2751655E-1,-2.7E-1));
#2670=LINE('',#2669,#2668);
#2671=DIRECTION('',(0.E0,0.E0,1.E0));
#2672=VECTOR('',#2671,4.5E-1);
#2673=CARTESIAN_POINT('',(2.625E0,-5.2751655E-1,-7.2E-1));
#2674=LINE('',#2673,#2672);
#2675=DIRECTION('',(-1.E0,0.E0,0.E0));
#2676=VECTOR('',#2675,1.5E-1);
#2677=CARTESIAN_POINT('',(2.775E0,-5.2751655E-1,-2.7E-1));
#2678=LINE('',#2677,#2676);
#2679=DIRECTION('',(-1.E0,0.E0,0.E0));
#2680=VECTOR('',#2679,1.5E-1);
#2681=CARTESIAN_POINT('',(2.775E0,-3.05765924E-1,-2.7E-1));
#2682=LINE('',#2681,#2680);
#2683=DIRECTION('',(-1.E0,0.E0,0.E0));
#2684=VECTOR('',#2683,1.5E-1);
#2685=CARTESIAN_POINT('',(2.775E0,-2.55765924E-1,-2.2E-1));
#2686=LINE('',#2685,#2684);
#2687=DIRECTION('',(-1.E0,0.E0,0.E0));
#2688=VECTOR('',#2687,1.5E-1);
#2689=CARTESIAN_POINT('',(2.775E0,-2.55765924E-1,-2.E-2));
#2690=LINE('',#2689,#2688);
#2691=DIRECTION('',(-1.E0,0.E0,0.E0));
#2692=VECTOR('',#2691,1.5E-1);
#2693=CARTESIAN_POINT('',(2.775E0,4.55177268E-1,-2.E-2));
#2694=LINE('',#2693,#2692);
#2695=DIRECTION('',(-1.E0,0.E0,0.E0));
#2696=VECTOR('',#2695,1.5E-1);
#2697=CARTESIAN_POINT('',(2.775E0,4.55177268E-1,-9.2E-1));
#2698=LINE('',#2697,#2696);
#2699=DIRECTION('',(-1.E0,0.E0,0.E0));
#2700=VECTOR('',#2699,1.5E-1);
#2701=CARTESIAN_POINT('',(2.775E0,3.08E-1,-9.2E-1));
#2702=LINE('',#2701,#2700);
#2703=DIRECTION('',(-1.E0,0.E0,0.E0));
#2704=VECTOR('',#2703,1.5E-1);
#2705=CARTESIAN_POINT('',(2.775E0,-5.2751655E-1,-7.2E-1));
#2706=LINE('',#2705,#2704);
#2707=DIRECTION('',(-1.E0,0.E0,0.E0));
#2708=VECTOR('',#2707,1.5E-1);
#2709=CARTESIAN_POINT('',(2.775E0,-4.04E-1,-7.7E-1));
#2710=LINE('',#2709,#2708);
#2711=DIRECTION('',(-1.E0,0.E0,0.E0));
#2712=VECTOR('',#2711,1.5E-1);
#2713=CARTESIAN_POINT('',(2.775E0,-3.54E-1,-8.2E-1));
#2714=LINE('',#2713,#2712);
#2715=DIRECTION('',(-1.E0,0.E0,0.E0));
#2716=VECTOR('',#2715,1.5E-1);
#2717=CARTESIAN_POINT('',(2.775E0,-3.54E-1,-8.7E-1));
#2718=LINE('',#2717,#2716);
#2719=DIRECTION('',(-1.E0,0.E0,0.E0));
#2720=VECTOR('',#2719,1.5E-1);
#2721=CARTESIAN_POINT('',(2.775E0,-3.04E-1,-9.2E-1));
#2722=LINE('',#2721,#2720);
#2723=DIRECTION('',(-1.E0,0.E0,0.E0));
#2724=VECTOR('',#2723,1.5E-1);
#2725=CARTESIAN_POINT('',(2.775E0,-1.56E-1,-9.2E-1));
#2726=LINE('',#2725,#2724);
#2727=DIRECTION('',(0.E0,-1.E0,0.E0));
#2728=VECTOR('',#2727,9.E-1);
#2729=CARTESIAN_POINT('',(-2.435E0,5.E-1,0.E0));
#2730=LINE('',#2729,#2728);
#2731=DIRECTION('',(-1.E0,0.E0,0.E0));
#2732=VECTOR('',#2731,4.87E0);
#2733=CARTESIAN_POINT('',(2.435E0,-4.E-1,0.E0));
#2734=LINE('',#2733,#2732);
#2735=DIRECTION('',(0.E0,1.E0,0.E0));
#2736=VECTOR('',#2735,9.E-1);
#2737=CARTESIAN_POINT('',(2.435E0,-4.E-1,0.E0));
#2738=LINE('',#2737,#2736);
#2739=DIRECTION('',(0.E0,1.E0,0.E0));
#2740=VECTOR('',#2739,1.E0);
#2741=CARTESIAN_POINT('',(-2.625E0,-5.E-1,0.E0));
#2742=LINE('',#2741,#2740);
#2743=DIRECTION('',(7.071067811865E-1,0.E0,-7.071067811865E-1));
#2744=VECTOR('',#2743,2.121320343560E-1);
#2745=CARTESIAN_POINT('',(-2.435E0,5.E-1,0.E0));
#2746=LINE('',#2745,#2744);
#2747=DIRECTION('',(1.E0,0.E0,0.E0));
#2748=VECTOR('',#2747,1.9E-1);
#2749=CARTESIAN_POINT('',(-2.625E0,5.E-1,0.E0));
#2750=LINE('',#2749,#2748);
#2751=DIRECTION('',(0.E0,0.E0,1.E0));
#2752=VECTOR('',#2751,9.4E-1);
#2753=CARTESIAN_POINT('',(-2.625E0,5.E-1,-9.4E-1));
#2754=LINE('',#2753,#2752);
#2755=DIRECTION('',(1.E0,0.E0,0.E0));
#2756=VECTOR('',#2755,3.75E-1);
#2757=CARTESIAN_POINT('',(-3.E0,5.E-1,-9.4E-1));
#2758=LINE('',#2757,#2756);
#2759=DIRECTION('',(0.E0,0.E0,1.E0));
#2760=VECTOR('',#2759,1.96E0);
#2761=CARTESIAN_POINT('',(-3.E0,5.E-1,-2.9E0));
#2762=LINE('',#2761,#2760);
#2763=DIRECTION('',(-1.E0,0.E0,0.E0));
#2764=VECTOR('',#2763,6.E0);
#2765=CARTESIAN_POINT('',(3.E0,5.E-1,-2.9E0));
#2766=LINE('',#2765,#2764);
#2767=DIRECTION('',(0.E0,0.E0,-1.E0));
#2768=VECTOR('',#2767,1.96E0);
#2769=CARTESIAN_POINT('',(3.E0,5.E-1,-9.4E-1));
#2770=LINE('',#2769,#2768);
#2771=DIRECTION('',(1.E0,0.E0,0.E0));
#2772=VECTOR('',#2771,3.75E-1);
#2773=CARTESIAN_POINT('',(2.625E0,5.E-1,-9.4E-1));
#2774=LINE('',#2773,#2772);
#2775=DIRECTION('',(0.E0,0.E0,-1.E0));
#2776=VECTOR('',#2775,9.4E-1);
#2777=CARTESIAN_POINT('',(2.625E0,5.E-1,0.E0));
#2778=LINE('',#2777,#2776);
#2779=DIRECTION('',(1.E0,0.E0,0.E0));
#2780=VECTOR('',#2779,1.9E-1);
#2781=CARTESIAN_POINT('',(2.435E0,5.E-1,0.E0));
#2782=LINE('',#2781,#2780);
#2783=DIRECTION('',(7.071067811865E-1,0.E0,7.071067811865E-1));
#2784=VECTOR('',#2783,2.121320343560E-1);
#2785=CARTESIAN_POINT('',(2.285E0,5.E-1,-1.5E-1));
#2786=LINE('',#2785,#2784);
#2787=DIRECTION('',(1.E0,0.E0,0.E0));
#2788=VECTOR('',#2787,4.57E0);
#2789=CARTESIAN_POINT('',(-2.285E0,5.E-1,-1.5E-1));
#2790=LINE('',#2789,#2788);
#2791=CARTESIAN_POINT('',(-2.625E0,-1.56E-1,-9.7E-1));
#2792=DIRECTION('',(-1.E0,0.E0,0.E0));
#2793=DIRECTION('',(0.E0,-1.443289932013E-14,1.E0));
#2794=AXIS2_PLACEMENT_3D('',#2791,#2792,#2793);
#2796=DIRECTION('',(0.E0,-1.E0,0.E0));
#2797=VECTOR('',#2796,1.48E-1);
#2798=CARTESIAN_POINT('',(-2.625E0,-1.56E-1,-9.2E-1));
#2799=LINE('',#2798,#2797);
#2800=CARTESIAN_POINT('',(-2.625E0,-3.04E-1,-8.7E-1));
#2801=DIRECTION('',(-1.E0,0.E0,0.E0));
#2802=DIRECTION('',(0.E0,-2.220446049250E-14,-1.E0));
#2803=AXIS2_PLACEMENT_3D('',#2800,#2801,#2802);
#2805=DIRECTION('',(0.E0,0.E0,1.E0));
#2806=VECTOR('',#2805,5.E-2);
#2807=CARTESIAN_POINT('',(-2.625E0,-3.54E-1,-8.7E-1));
#2808=LINE('',#2807,#2806);
#2809=CARTESIAN_POINT('',(-2.625E0,-4.04E-1,-8.2E-1));
#2810=DIRECTION('',(-1.E0,0.E0,0.E0));
#2811=DIRECTION('',(0.E0,1.110223024625E-14,1.E0));
#2812=AXIS2_PLACEMENT_3D('',#2809,#2810,#2811);
#2814=DIRECTION('',(0.E0,-1.E0,0.E0));
#2815=VECTOR('',#2814,7.351655E-2);
#2816=CARTESIAN_POINT('',(-2.625E0,-4.04E-1,-7.7E-1));
#2817=LINE('',#2816,#2815);
#2818=CARTESIAN_POINT('',(-2.625E0,-4.7751655E-1,-7.2E-1));
#2819=DIRECTION('',(-1.E0,0.E0,0.E0));
#2820=DIRECTION('',(0.E0,0.E0,-1.E0));
#2821=AXIS2_PLACEMENT_3D('',#2818,#2819,#2820);
#2823=DIRECTION('',(0.E0,1.E0,0.E0));
#2824=VECTOR('',#2823,3.84E-1);
#2825=CARTESIAN_POINT('',(-2.625E0,-5.E-1,-9.4E-1));
#2826=LINE('',#2825,#2824);
#2827=DIRECTION('',(0.E0,1.E0,0.E0));
#2828=VECTOR('',#2827,1.94234076E-1);
#2829=CARTESIAN_POINT('',(-2.625E0,-5.E-1,-2.7E-1));
#2830=LINE('',#2829,#2828);
#2831=CARTESIAN_POINT('',(-2.625E0,-3.05765924E-1,-2.2E-1));
#2832=DIRECTION('',(-1.E0,0.E0,0.E0));
#2833=DIRECTION('',(0.E0,1.E0,0.E0));
#2834=AXIS2_PLACEMENT_3D('',#2831,#2832,#2833);
#2836=DIRECTION('',(0.E0,0.E0,1.E0));
#2837=VECTOR('',#2836,2.E-1);
#2838=CARTESIAN_POINT('',(-2.625E0,-2.55765924E-1,-2.2E-1));
#2839=LINE('',#2838,#2837);
#2840=DIRECTION('',(0.E0,1.E0,0.E0));
#2841=VECTOR('',#2840,7.10943192E-1);
#2842=CARTESIAN_POINT('',(-2.625E0,-2.55765924E-1,-2.E-2));
#2843=LINE('',#2842,#2841);
#2844=DIRECTION('',(0.E0,0.E0,-1.E0));
#2845=VECTOR('',#2844,9.E-1);
#2846=CARTESIAN_POINT('',(-2.625E0,4.55177268E-1,-2.E-2));
#2847=LINE('',#2846,#2845);
#2848=DIRECTION('',(0.E0,-1.E0,0.E0));
#2849=VECTOR('',#2848,1.47177268E-1);
#2850=CARTESIAN_POINT('',(-2.625E0,4.55177268E-1,-9.2E-1));
#2851=LINE('',#2850,#2849);
#2852=CARTESIAN_POINT('',(-2.625E0,3.08E-1,-9.7E-1));
#2853=DIRECTION('',(-1.E0,0.E0,0.E0));
#2854=DIRECTION('',(0.E0,-8.E-1,6.E-1));
#2855=AXIS2_PLACEMENT_3D('',#2852,#2853,#2854);
#2857=DIRECTION('',(0.E0,1.E0,0.E0));
#2858=VECTOR('',#2857,2.32E-1);
#2859=CARTESIAN_POINT('',(-2.625E0,2.68E-1,-9.4E-1));
#2860=LINE('',#2859,#2858);
#2861=DIRECTION('',(0.E0,1.E0,0.E0));
#2862=VECTOR('',#2861,3.84E-1);
#2863=CARTESIAN_POINT('',(-2.775E0,-1.16E-1,-9.4E-1));
#2864=LINE('',#2863,#2862);
#2865=DIRECTION('',(-1.E0,0.E0,0.E0));
#2866=VECTOR('',#2865,1.5E-1);
#2867=CARTESIAN_POINT('',(-2.625E0,-1.16E-1,-9.4E-1));
#2868=LINE('',#2867,#2866);
#2869=DIRECTION('',(0.E0,1.E0,0.E0));
#2870=VECTOR('',#2869,1.E0);
#2871=CARTESIAN_POINT('',(-3.E0,-5.E-1,-9.4E-1));
#2872=LINE('',#2871,#2870);
#2873=DIRECTION('',(-1.E0,0.E0,0.E0));
#2874=VECTOR('',#2873,1.5E-1);
#2875=CARTESIAN_POINT('',(-2.625E0,2.68E-1,-9.4E-1));
#2876=LINE('',#2875,#2874);
#2877=CARTESIAN_POINT('',(-2.775E0,3.08E-1,-9.7E-1));
#2878=DIRECTION('',(1.E0,0.E0,0.E0));
#2879=DIRECTION('',(0.E0,1.332267629550E-14,1.E0));
#2880=AXIS2_PLACEMENT_3D('',#2877,#2878,#2879);
#2882=DIRECTION('',(0.E0,-1.E0,0.E0));
#2883=VECTOR('',#2882,1.47177268E-1);
#2884=CARTESIAN_POINT('',(-2.775E0,4.55177268E-1,-9.2E-1));
#2885=LINE('',#2884,#2883);
#2886=DIRECTION('',(0.E0,0.E0,-1.E0));
#2887=VECTOR('',#2886,9.E-1);
#2888=CARTESIAN_POINT('',(-2.775E0,4.55177268E-1,-2.E-2));
#2889=LINE('',#2888,#2887);
#2890=DIRECTION('',(0.E0,1.E0,0.E0));
#2891=VECTOR('',#2890,7.10943192E-1);
#2892=CARTESIAN_POINT('',(-2.775E0,-2.55765924E-1,-2.E-2));
#2893=LINE('',#2892,#2891);
#2894=DIRECTION('',(0.E0,0.E0,1.E0));
#2895=VECTOR('',#2894,2.E-1);
#2896=CARTESIAN_POINT('',(-2.775E0,-2.55765924E-1,-2.2E-1));
#2897=LINE('',#2896,#2895);
#2898=CARTESIAN_POINT('',(-2.775E0,-3.05765924E-1,-2.2E-1));
#2899=DIRECTION('',(1.E0,0.E0,0.E0));
#2900=DIRECTION('',(0.E0,0.E0,-1.E0));
#2901=AXIS2_PLACEMENT_3D('',#2898,#2899,#2900);
#2903=DIRECTION('',(0.E0,1.E0,0.E0));
#2904=VECTOR('',#2903,2.21750626E-1);
#2905=CARTESIAN_POINT('',(-2.775E0,-5.2751655E-1,-2.7E-1));
#2906=LINE('',#2905,#2904);
#2907=DIRECTION('',(0.E0,0.E0,1.E0));
#2908=VECTOR('',#2907,4.5E-1);
#2909=CARTESIAN_POINT('',(-2.775E0,-5.2751655E-1,-7.2E-1));
#2910=LINE('',#2909,#2908);
#2911=CARTESIAN_POINT('',(-2.775E0,-4.7751655E-1,-7.2E-1));
#2912=DIRECTION('',(-1.E0,0.E0,0.E0));
#2913=DIRECTION('',(0.E0,0.E0,-1.E0));
#2914=AXIS2_PLACEMENT_3D('',#2911,#2912,#2913);
#2916=DIRECTION('',(0.E0,-1.E0,0.E0));
#2917=VECTOR('',#2916,7.351655E-2);
#2918=CARTESIAN_POINT('',(-2.775E0,-4.04E-1,-7.7E-1));
#2919=LINE('',#2918,#2917);
#2920=CARTESIAN_POINT('',(-2.775E0,-4.04E-1,-8.2E-1));
#2921=DIRECTION('',(1.E0,0.E0,0.E0));
#2922=DIRECTION('',(0.E0,1.E0,0.E0));
#2923=AXIS2_PLACEMENT_3D('',#2920,#2921,#2922);
#2925=DIRECTION('',(0.E0,0.E0,1.E0));
#2926=VECTOR('',#2925,5.E-2);
#2927=CARTESIAN_POINT('',(-2.775E0,-3.54E-1,-8.7E-1));
#2928=LINE('',#2927,#2926);
#2929=CARTESIAN_POINT('',(-2.775E0,-3.04E-1,-8.7E-1));
#2930=DIRECTION('',(-1.E0,0.E0,0.E0));
#2931=DIRECTION('',(0.E0,-1.776356839400E-14,-1.E0));
#2932=AXIS2_PLACEMENT_3D('',#2929,#2930,#2931);
#2934=DIRECTION('',(0.E0,-1.E0,0.E0));
#2935=VECTOR('',#2934,1.48E-1);
#2936=CARTESIAN_POINT('',(-2.775E0,-1.56E-1,-9.2E-1));
#2937=LINE('',#2936,#2935);
#2938=CARTESIAN_POINT('',(-2.775E0,-1.56E-1,-9.7E-1));
#2939=DIRECTION('',(1.E0,0.E0,0.E0));
#2940=DIRECTION('',(0.E0,8.E-1,6.E-1));
#2941=AXIS2_PLACEMENT_3D('',#2938,#2939,#2940);
#2943=DIRECTION('',(1.E0,0.E0,0.E0));
#2944=VECTOR('',#2943,1.5E-1);
#2945=CARTESIAN_POINT('',(-2.775E0,3.08E-1,-9.2E-1));
#2946=LINE('',#2945,#2944);
#2947=DIRECTION('',(1.E0,0.E0,0.E0));
#2948=VECTOR('',#2947,1.5E-1);
#2949=CARTESIAN_POINT('',(-2.775E0,4.55177268E-1,-9.2E-1));
#2950=LINE('',#2949,#2948);
#2951=DIRECTION('',(1.E0,0.E0,0.E0));
#2952=VECTOR('',#2951,1.5E-1);
#2953=CARTESIAN_POINT('',(-2.775E0,4.55177268E-1,-2.E-2));
#2954=LINE('',#2953,#2952);
#2955=DIRECTION('',(1.E0,0.E0,0.E0));
#2956=VECTOR('',#2955,1.5E-1);
#2957=CARTESIAN_POINT('',(-2.775E0,-2.55765924E-1,-2.E-2));
#2958=LINE('',#2957,#2956);
#2959=DIRECTION('',(1.E0,0.E0,0.E0));
#2960=VECTOR('',#2959,1.5E-1);
#2961=CARTESIAN_POINT('',(-2.775E0,-2.55765924E-1,-2.2E-1));
#2962=LINE('',#2961,#2960);
#2963=DIRECTION('',(1.E0,0.E0,0.E0));
#2964=VECTOR('',#2963,1.5E-1);
#2965=CARTESIAN_POINT('',(-2.775E0,-3.05765924E-1,-2.7E-1));
#2966=LINE('',#2965,#2964);
#2967=DIRECTION('',(1.E0,0.E0,0.E0));
#2968=VECTOR('',#2967,1.5E-1);
#2969=CARTESIAN_POINT('',(-2.775E0,-5.2751655E-1,-2.7E-1));
#2970=LINE('',#2969,#2968);
#2971=CARTESIAN_POINT('',(-2.625E0,-4.7751655E-1,-7.2E-1));
#2972=DIRECTION('',(-1.E0,0.E0,0.E0));
#2973=DIRECTION('',(0.E0,-4.49669E-1,-8.931952700496E-1));
#2974=AXIS2_PLACEMENT_3D('',#2971,#2972,#2973);
#2976=DIRECTION('',(0.E0,0.E0,1.E0));
#2977=VECTOR('',#2976,4.5E-1);
#2978=CARTESIAN_POINT('',(-2.625E0,-5.2751655E-1,-7.2E-1));
#2979=LINE('',#2978,#2977);
#2980=DIRECTION('',(0.E0,1.E0,0.E0));
#2981=VECTOR('',#2980,2.751655E-2);
#2982=CARTESIAN_POINT('',(-2.625E0,-5.2751655E-1,-2.7E-1));
#2983=LINE('',#2982,#2981);
#2984=DIRECTION('',(1.E0,0.E0,0.E0));
#2985=VECTOR('',#2984,1.5E-1);
#2986=CARTESIAN_POINT('',(-2.775E0,-4.7751655E-1,-7.7E-1));
#2987=LINE('',#2986,#2985);
#2988=DIRECTION('',(1.E0,0.E0,0.E0));
#2989=VECTOR('',#2988,1.5E-1);
#2990=CARTESIAN_POINT('',(-2.775E0,-4.04E-1,-7.7E-1));
#2991=LINE('',#2990,#2989);
#2992=DIRECTION('',(1.E0,0.E0,0.E0));
#2993=VECTOR('',#2992,1.5E-1);
#2994=CARTESIAN_POINT('',(-2.775E0,-3.54E-1,-8.2E-1));
#2995=LINE('',#2994,#2993);
#2996=DIRECTION('',(1.E0,0.E0,0.E0));
#2997=VECTOR('',#2996,1.5E-1);
#2998=CARTESIAN_POINT('',(-2.775E0,-3.54E-1,-8.7E-1));
#2999=LINE('',#2998,#2997);
#3000=DIRECTION('',(1.E0,0.E0,0.E0));
#3001=VECTOR('',#3000,1.5E-1);
#3002=CARTESIAN_POINT('',(-2.775E0,-3.04E-1,-9.2E-1));
#3003=LINE('',#3002,#3001);
#3004=DIRECTION('',(1.E0,0.E0,0.E0));
#3005=VECTOR('',#3004,1.5E-1);
#3006=CARTESIAN_POINT('',(-2.775E0,-1.56E-1,-9.2E-1));
#3007=LINE('',#3006,#3005);
#3008=DIRECTION('',(1.E0,0.E0,0.E0));
#3009=VECTOR('',#3008,1.5E-1);
#3010=CARTESIAN_POINT('',(-2.775E0,-5.2751655E-1,-7.2E-1));
#3011=LINE('',#3010,#3009);
#3012=DIRECTION('',(0.E0,1.E0,0.E0));
#3013=VECTOR('',#3012,1.E0);
#3014=CARTESIAN_POINT('',(-3.E0,-5.E-1,-2.9E0));
#3015=LINE('',#3014,#3013);
#3016=DIRECTION('',(5.773502691896E-1,-5.773502691896E-1,5.773502691896E-1));
#3017=VECTOR('',#3016,2.598076211353E-1);
#3018=CARTESIAN_POINT('',(2.285E0,-2.5E-1,-1.5E-1));
#3019=LINE('',#3018,#3017);
#3020=DIRECTION('',(-5.773502691896E-1,-5.773502691896E-1,5.773502691896E-1));
#3021=VECTOR('',#3020,2.598076211353E-1);
#3022=CARTESIAN_POINT('',(-2.285E0,-2.5E-1,-1.5E-1));
#3023=LINE('',#3022,#3021);
#3024=DIRECTION('',(0.E0,-1.E0,0.E0));
#3025=VECTOR('',#3024,5.7E-1);
#3026=CARTESIAN_POINT('',(2.285E0,3.2E-1,-1.5E-1));
#3027=LINE('',#3026,#3025);
#3028=DIRECTION('',(0.E0,0.E0,-1.E0));
#3029=VECTOR('',#3028,1.15E0);
#3030=CARTESIAN_POINT('',(2.285E0,-2.5E-1,-1.5E-1));
#3031=LINE('',#3030,#3029);
#3032=DIRECTION('',(-1.E0,0.E0,0.E0));
#3033=VECTOR('',#3032,4.57E0);
#3034=CARTESIAN_POINT('',(2.285E0,1.7E-1,-3.E-1));
#3035=LINE('',#3034,#3033);
#3036=DIRECTION('',(0.E0,0.E0,-1.E0));
#3037=VECTOR('',#3036,1.E0);
#3038=CARTESIAN_POINT('',(2.285E0,1.7E-1,-3.E-1));
#3039=LINE('',#3038,#3037);
#3040=DIRECTION('',(0.E0,0.E0,-1.E0));
#3041=VECTOR('',#3040,1.74E-1);
#3042=CARTESIAN_POINT('',(-1.825E0,1.7E-1,-3.833466389119E-1));
#3043=LINE('',#3042,#3041);
#3044=DIRECTION('',(-1.E0,0.E0,0.E0));
#3045=VECTOR('',#3044,1.5E-1);
#3046=CARTESIAN_POINT('',(-1.675E0,1.7E-1,-5.573466389119E-1));
#3047=LINE('',#3046,#3045);
#3048=DIRECTION('',(0.E0,0.E0,-1.E0));
#3049=VECTOR('',#3048,1.74E-1);
#3050=CARTESIAN_POINT('',(-1.675E0,1.7E-1,-3.833466389119E-1));
#3051=LINE('',#3050,#3049);
#3052=DIRECTION('',(-1.E0,0.E0,0.E0));
#3053=VECTOR('',#3052,1.5E-1);
#3054=CARTESIAN_POINT('',(-1.675E0,1.7E-1,-3.833466389119E-1));
#3055=LINE('',#3054,#3053);
#3056=DIRECTION('',(0.E0,0.E0,1.E0));
#3057=VECTOR('',#3056,1.74E-1);
#3058=CARTESIAN_POINT('',(-1.325E0,1.7E-1,-5.573466389119E-1));
#3059=LINE('',#3058,#3057);
#3060=DIRECTION('',(-1.E0,0.E0,0.E0));
#3061=VECTOR('',#3060,1.5E-1);
#3062=CARTESIAN_POINT('',(-1.175E0,1.7E-1,-5.573466389119E-1));
#3063=LINE('',#3062,#3061);
#3064=DIRECTION('',(0.E0,0.E0,1.E0));
#3065=VECTOR('',#3064,1.74E-1);
#3066=CARTESIAN_POINT('',(-1.175E0,1.7E-1,-5.573466389119E-1));
#3067=LINE('',#3066,#3065);
#3068=DIRECTION('',(-1.E0,0.E0,0.E0));
#3069=VECTOR('',#3068,1.5E-1);
#3070=CARTESIAN_POINT('',(-1.175E0,1.7E-1,-3.833466389119E-1));
#3071=LINE('',#3070,#3069);
#3072=DIRECTION('',(0.E0,0.E0,1.E0));
#3073=VECTOR('',#3072,1.74E-1);
#3074=CARTESIAN_POINT('',(-8.25E-1,1.7E-1,-5.573466389119E-1));
#3075=LINE('',#3074,#3073);
#3076=DIRECTION('',(-1.E0,0.E0,0.E0));
#3077=VECTOR('',#3076,1.5E-1);
#3078=CARTESIAN_POINT('',(-6.75E-1,1.7E-1,-5.573466389119E-1));
#3079=LINE('',#3078,#3077);
#3080=DIRECTION('',(0.E0,0.E0,1.E0));
#3081=VECTOR('',#3080,1.74E-1);
#3082=CARTESIAN_POINT('',(-6.75E-1,1.7E-1,-5.573466389119E-1));
#3083=LINE('',#3082,#3081);
#3084=DIRECTION('',(-1.E0,0.E0,0.E0));
#3085=VECTOR('',#3084,1.5E-1);
#3086=CARTESIAN_POINT('',(-6.75E-1,1.7E-1,-3.833466389119E-1));
#3087=LINE('',#3086,#3085);
#3088=DIRECTION('',(0.E0,0.E0,1.E0));
#3089=VECTOR('',#3088,1.74E-1);
#3090=CARTESIAN_POINT('',(-3.25E-1,1.7E-1,-5.573466389119E-1));
#3091=LINE('',#3090,#3089);
#3092=DIRECTION('',(-1.E0,0.E0,0.E0));
#3093=VECTOR('',#3092,1.5E-1);
#3094=CARTESIAN_POINT('',(-1.75E-1,1.7E-1,-5.573466389119E-1));
#3095=LINE('',#3094,#3093);
#3096=DIRECTION('',(0.E0,0.E0,1.E0));
#3097=VECTOR('',#3096,1.74E-1);
#3098=CARTESIAN_POINT('',(-1.75E-1,1.7E-1,-5.573466389119E-1));
#3099=LINE('',#3098,#3097);
#3100=DIRECTION('',(-1.E0,0.E0,0.E0));
#3101=VECTOR('',#3100,1.5E-1);
#3102=CARTESIAN_POINT('',(-1.75E-1,1.7E-1,-3.833466389119E-1));
#3103=LINE('',#3102,#3101);
#3104=DIRECTION('',(0.E0,0.E0,1.E0));
#3105=VECTOR('',#3104,1.74E-1);
#3106=CARTESIAN_POINT('',(1.75E-1,1.7E-1,-5.573466389119E-1));
#3107=LINE('',#3106,#3105);
#3108=DIRECTION('',(-1.E0,0.E0,0.E0));
#3109=VECTOR('',#3108,1.5E-1);
#3110=CARTESIAN_POINT('',(3.25E-1,1.7E-1,-5.573466389119E-1));
#3111=LINE('',#3110,#3109);
#3112=DIRECTION('',(0.E0,0.E0,1.E0));
#3113=VECTOR('',#3112,1.74E-1);
#3114=CARTESIAN_POINT('',(3.25E-1,1.7E-1,-5.573466389119E-1));
#3115=LINE('',#3114,#3113);
#3116=DIRECTION('',(-1.E0,0.E0,0.E0));
#3117=VECTOR('',#3116,1.5E-1);
#3118=CARTESIAN_POINT('',(3.25E-1,1.7E-1,-3.833466389119E-1));
#3119=LINE('',#3118,#3117);
#3120=DIRECTION('',(0.E0,0.E0,1.E0));
#3121=VECTOR('',#3120,1.74E-1);
#3122=CARTESIAN_POINT('',(6.75E-1,1.7E-1,-5.573466389119E-1));
#3123=LINE('',#3122,#3121);
#3124=DIRECTION('',(-1.E0,0.E0,0.E0));
#3125=VECTOR('',#3124,1.5E-1);
#3126=CARTESIAN_POINT('',(8.25E-1,1.7E-1,-5.573466389119E-1));
#3127=LINE('',#3126,#3125);
#3128=DIRECTION('',(0.E0,0.E0,1.E0));
#3129=VECTOR('',#3128,1.74E-1);
#3130=CARTESIAN_POINT('',(8.25E-1,1.7E-1,-5.573466389119E-1));
#3131=LINE('',#3130,#3129);
#3132=DIRECTION('',(-1.E0,0.E0,0.E0));
#3133=VECTOR('',#3132,1.5E-1);
#3134=CARTESIAN_POINT('',(8.25E-1,1.7E-1,-3.833466389119E-1));
#3135=LINE('',#3134,#3133);
#3136=DIRECTION('',(0.E0,0.E0,1.E0));
#3137=VECTOR('',#3136,1.74E-1);
#3138=CARTESIAN_POINT('',(1.175E0,1.7E-1,-5.573466389119E-1));
#3139=LINE('',#3138,#3137);
#3140=DIRECTION('',(-1.E0,0.E0,0.E0));
#3141=VECTOR('',#3140,1.5E-1);
#3142=CARTESIAN_POINT('',(1.325E0,1.7E-1,-5.573466389119E-1));
#3143=LINE('',#3142,#3141);
#3144=DIRECTION('',(0.E0,0.E0,1.E0));
#3145=VECTOR('',#3144,1.74E-1);
#3146=CARTESIAN_POINT('',(1.325E0,1.7E-1,-5.573466389119E-1));
#3147=LINE('',#3146,#3145);
#3148=DIRECTION('',(-1.E0,0.E0,0.E0));
#3149=VECTOR('',#3148,1.5E-1);
#3150=CARTESIAN_POINT('',(1.325E0,1.7E-1,-3.833466389119E-1));
#3151=LINE('',#3150,#3149);
#3152=DIRECTION('',(0.E0,0.E0,1.E0));
#3153=VECTOR('',#3152,1.74E-1);
#3154=CARTESIAN_POINT('',(1.675E0,1.7E-1,-5.573466389119E-1));
#3155=LINE('',#3154,#3153);
#3156=DIRECTION('',(-1.E0,0.E0,0.E0));
#3157=VECTOR('',#3156,1.5E-1);
#3158=CARTESIAN_POINT('',(1.825E0,1.7E-1,-5.573466389119E-1));
#3159=LINE('',#3158,#3157);
#3160=DIRECTION('',(0.E0,0.E0,1.E0));
#3161=VECTOR('',#3160,1.74E-1);
#3162=CARTESIAN_POINT('',(1.825E0,1.7E-1,-5.573466389119E-1));
#3163=LINE('',#3162,#3161);
#3164=DIRECTION('',(-1.E0,0.E0,0.E0));
#3165=VECTOR('',#3164,1.5E-1);
#3166=CARTESIAN_POINT('',(1.825E0,1.7E-1,-3.833466389119E-1));
#3167=LINE('',#3166,#3165);
#3168=DIRECTION('',(0.E0,1.E0,0.E0));
#3169=VECTOR('',#3168,5.7E-1);
#3170=CARTESIAN_POINT('',(-2.285E0,-2.5E-1,-1.5E-1));
#3171=LINE('',#3170,#3169);
#3172=DIRECTION('',(0.E0,0.E0,-1.E0));
#3173=VECTOR('',#3172,1.E0);
#3174=CARTESIAN_POINT('',(-2.285E0,1.7E-1,-3.E-1));
#3175=LINE('',#3174,#3173);
#3176=DIRECTION('',(0.E0,7.071067811865E-1,7.071067811865E-1));
#3177=VECTOR('',#3176,2.121320343560E-1);
#3178=CARTESIAN_POINT('',(-2.285E0,1.7E-1,-3.E-1));
#3179=LINE('',#3178,#3177);
#3180=DIRECTION('',(0.E0,-7.071067811865E-1,-7.071067811865E-1));
#3181=VECTOR('',#3180,2.121320343560E-1);
#3182=CARTESIAN_POINT('',(2.285E0,3.2E-1,-1.5E-1));
#3183=LINE('',#3182,#3181);
#3184=DIRECTION('',(0.E0,-1.E0,0.E0));
#3185=VECTOR('',#3184,1.8E-1);
#3186=CARTESIAN_POINT('',(-2.285E0,5.E-1,-1.5E-1));
#3187=LINE('',#3186,#3185);
#3188=DIRECTION('',(0.E0,1.E0,0.E0));
#3189=VECTOR('',#3188,1.8E-1);
#3190=CARTESIAN_POINT('',(2.285E0,3.2E-1,-1.5E-1));
#3191=LINE('',#3190,#3189);
#3192=DIRECTION('',(-1.E0,0.E0,0.E0));
#3193=VECTOR('',#3192,4.57E0);
#3194=CARTESIAN_POINT('',(2.285E0,3.2E-1,-1.5E-1));
#3195=LINE('',#3194,#3193);
#3196=CARTESIAN_POINT('',(-1.825E0,4.369919642963E-1,-5.806770496477E-1));
#3197=DIRECTION('',(-1.E0,0.E0,0.E0));
#3198=DIRECTION('',(0.E0,-9.839486035139E-1,1.784520822043E-1));
#3199=AXIS2_PLACEMENT_3D('',#3196,#3197,#3198);
#3201=CARTESIAN_POINT('',(-1.825E0,1.3E-1,-5.25E-1));
#3202=DIRECTION('',(-1.E0,0.E0,0.E0));
#3203=DIRECTION('',(0.E0,0.E0,-1.E0));
#3204=AXIS2_PLACEMENT_3D('',#3201,#3202,#3203);
#3206=DIRECTION('',(0.E0,-1.E0,0.E0));
#3207=VECTOR('',#3206,1.E-2);
#3208=CARTESIAN_POINT('',(-1.825E0,1.4E-1,-5.45E-1));
#3209=LINE('',#3208,#3207);
#3210=CARTESIAN_POINT('',(-1.825E0,1.37E-1,-5.949099188539E-1));
#3211=DIRECTION('',(1.E0,0.E0,0.E0));
#3212=DIRECTION('',(0.E0,6.6E-1,7.512655988397E-1));
#3213=AXIS2_PLACEMENT_3D('',#3210,#3211,#3212);
#3215=DIRECTION('',(1.E0,0.E0,0.E0));
#3216=VECTOR('',#3215,1.5E-1);
#3217=CARTESIAN_POINT('',(-1.825E0,1.103210279297E-1,-5.214309583559E-1));
#3218=LINE('',#3217,#3216);
#3219=CARTESIAN_POINT('',(-1.675E0,1.37E-1,-5.949099188539E-1));
#3220=DIRECTION('',(1.E0,0.E0,0.E0));
#3221=DIRECTION('',(0.E0,6.6E-1,7.512655988397E-1));
#3222=AXIS2_PLACEMENT_3D('',#3219,#3220,#3221);
#3224=DIRECTION('',(0.E0,-1.E0,0.E0));
#3225=VECTOR('',#3224,1.E-2);
#3226=CARTESIAN_POINT('',(-1.675E0,1.4E-1,-5.45E-1));
#3227=LINE('',#3226,#3225);
#3228=CARTESIAN_POINT('',(-1.675E0,1.3E-1,-5.25E-1));
#3229=DIRECTION('',(-1.E0,0.E0,0.E0));
#3230=DIRECTION('',(0.E0,0.E0,-1.E0));
#3231=AXIS2_PLACEMENT_3D('',#3228,#3229,#3230);
#3233=CARTESIAN_POINT('',(-1.675E0,4.369919642963E-1,-5.806770496477E-1));
#3234=DIRECTION('',(-1.E0,0.E0,0.E0));
#3235=DIRECTION('',(0.E0,-9.839486035139E-1,1.784520822043E-1));
#3236=AXIS2_PLACEMENT_3D('',#3233,#3234,#3235);
#3238=DIRECTION('',(1.E0,0.E0,0.E0));
#3239=VECTOR('',#3238,1.5E-1);
#3240=CARTESIAN_POINT('',(-1.825E0,1.4E-1,-5.45E-1));
#3241=LINE('',#3240,#3239);
#3242=DIRECTION('',(1.E0,0.E0,0.E0));
#3243=VECTOR('',#3242,1.5E-1);
#3244=CARTESIAN_POINT('',(-1.825E0,1.3E-1,-5.45E-1));
#3245=LINE('',#3244,#3243);
#3246=CARTESIAN_POINT('',(-1.325E0,4.369919642963E-1,-5.806770496477E-1));
#3247=DIRECTION('',(-1.E0,0.E0,0.E0));
#3248=DIRECTION('',(0.E0,-9.839486035139E-1,1.784520822043E-1));
#3249=AXIS2_PLACEMENT_3D('',#3246,#3247,#3248);
#3251=CARTESIAN_POINT('',(-1.325E0,1.3E-1,-5.25E-1));
#3252=DIRECTION('',(-1.E0,0.E0,0.E0));
#3253=DIRECTION('',(0.E0,0.E0,-1.E0));
#3254=AXIS2_PLACEMENT_3D('',#3251,#3252,#3253);
#3256=DIRECTION('',(0.E0,-1.E0,0.E0));
#3257=VECTOR('',#3256,1.E-2);
#3258=CARTESIAN_POINT('',(-1.325E0,1.4E-1,-5.45E-1));
#3259=LINE('',#3258,#3257);
#3260=CARTESIAN_POINT('',(-1.325E0,1.37E-1,-5.949099188539E-1));
#3261=DIRECTION('',(1.E0,0.E0,0.E0));
#3262=DIRECTION('',(0.E0,6.6E-1,7.512655988397E-1));
#3263=AXIS2_PLACEMENT_3D('',#3260,#3261,#3262);
#3265=DIRECTION('',(1.E0,0.E0,0.E0));
#3266=VECTOR('',#3265,1.5E-1);
#3267=CARTESIAN_POINT('',(-1.325E0,1.103210279297E-1,-5.214309583559E-1));
#3268=LINE('',#3267,#3266);
#3269=CARTESIAN_POINT('',(-1.175E0,4.369919642963E-1,-5.806770496477E-1));
#3270=DIRECTION('',(-1.E0,0.E0,0.E0));
#3271=DIRECTION('',(0.E0,-9.839486035139E-1,1.784520822043E-1));
#3272=AXIS2_PLACEMENT_3D('',#3269,#3270,#3271);
#3274=CARTESIAN_POINT('',(-1.175E0,1.37E-1,-5.949099188539E-1));
#3275=DIRECTION('',(1.E0,0.E0,0.E0));
#3276=DIRECTION('',(0.E0,6.6E-1,7.512655988397E-1));
#3277=AXIS2_PLACEMENT_3D('',#3274,#3275,#3276);
#3279=DIRECTION('',(0.E0,-1.E0,0.E0));
#3280=VECTOR('',#3279,1.E-2);
#3281=CARTESIAN_POINT('',(-1.175E0,1.4E-1,-5.45E-1));
#3282=LINE('',#3281,#3280);
#3283=CARTESIAN_POINT('',(-1.175E0,1.3E-1,-5.25E-1));
#3284=DIRECTION('',(-1.E0,0.E0,0.E0));
#3285=DIRECTION('',(0.E0,0.E0,-1.E0));
#3286=AXIS2_PLACEMENT_3D('',#3283,#3284,#3285);
#3288=DIRECTION('',(1.E0,0.E0,0.E0));
#3289=VECTOR('',#3288,1.5E-1);
#3290=CARTESIAN_POINT('',(-1.325E0,1.4E-1,-5.45E-1));
#3291=LINE('',#3290,#3289);
#3292=DIRECTION('',(1.E0,0.E0,0.E0));
#3293=VECTOR('',#3292,1.5E-1);
#3294=CARTESIAN_POINT('',(-1.325E0,1.3E-1,-5.45E-1));
#3295=LINE('',#3294,#3293);
#3296=CARTESIAN_POINT('',(-8.25E-1,4.369919642963E-1,-5.806770496477E-1));
#3297=DIRECTION('',(-1.E0,0.E0,0.E0));
#3298=DIRECTION('',(0.E0,-9.839486035139E-1,1.784520822043E-1));
#3299=AXIS2_PLACEMENT_3D('',#3296,#3297,#3298);
#3301=CARTESIAN_POINT('',(-8.25E-1,1.3E-1,-5.25E-1));
#3302=DIRECTION('',(-1.E0,0.E0,0.E0));
#3303=DIRECTION('',(0.E0,0.E0,-1.E0));
#3304=AXIS2_PLACEMENT_3D('',#3301,#3302,#3303);
#3306=DIRECTION('',(0.E0,-1.E0,0.E0));
#3307=VECTOR('',#3306,1.E-2);
#3308=CARTESIAN_POINT('',(-8.25E-1,1.4E-1,-5.45E-1));
#3309=LINE('',#3308,#3307);
#3310=CARTESIAN_POINT('',(-8.25E-1,1.37E-1,-5.949099188539E-1));
#3311=DIRECTION('',(1.E0,0.E0,0.E0));
#3312=DIRECTION('',(0.E0,6.6E-1,7.512655988397E-1));
#3313=AXIS2_PLACEMENT_3D('',#3310,#3311,#3312);
#3315=DIRECTION('',(1.E0,0.E0,0.E0));
#3316=VECTOR('',#3315,1.5E-1);
#3317=CARTESIAN_POINT('',(-8.25E-1,1.103210279297E-1,-5.214309583559E-1));
#3318=LINE('',#3317,#3316);
#3319=CARTESIAN_POINT('',(-6.75E-1,4.369919642963E-1,-5.806770496477E-1));
#3320=DIRECTION('',(-1.E0,0.E0,0.E0));
#3321=DIRECTION('',(0.E0,-9.839486035139E-1,1.784520822043E-1));
#3322=AXIS2_PLACEMENT_3D('',#3319,#3320,#3321);
#3324=CARTESIAN_POINT('',(-6.75E-1,1.37E-1,-5.949099188539E-1));
#3325=DIRECTION('',(1.E0,0.E0,0.E0));
#3326=DIRECTION('',(0.E0,6.6E-1,7.512655988397E-1));
#3327=AXIS2_PLACEMENT_3D('',#3324,#3325,#3326);
#3329=DIRECTION('',(0.E0,-1.E0,0.E0));
#3330=VECTOR('',#3329,1.E-2);
#3331=CARTESIAN_POINT('',(-6.75E-1,1.4E-1,-5.45E-1));
#3332=LINE('',#3331,#3330);
#3333=CARTESIAN_POINT('',(-6.75E-1,1.3E-1,-5.25E-1));
#3334=DIRECTION('',(-1.E0,0.E0,0.E0));
#3335=DIRECTION('',(0.E0,0.E0,-1.E0));
#3336=AXIS2_PLACEMENT_3D('',#3333,#3334,#3335);
#3338=DIRECTION('',(1.E0,0.E0,0.E0));
#3339=VECTOR('',#3338,1.5E-1);
#3340=CARTESIAN_POINT('',(-8.25E-1,1.4E-1,-5.45E-1));
#3341=LINE('',#3340,#3339);
#3342=DIRECTION('',(1.E0,0.E0,0.E0));
#3343=VECTOR('',#3342,1.5E-1);
#3344=CARTESIAN_POINT('',(-8.25E-1,1.3E-1,-5.45E-1));
#3345=LINE('',#3344,#3343);
#3346=CARTESIAN_POINT('',(-3.25E-1,4.369919642963E-1,-5.806770496477E-1));
#3347=DIRECTION('',(-1.E0,0.E0,0.E0));
#3348=DIRECTION('',(0.E0,-9.839486035139E-1,1.784520822043E-1));
#3349=AXIS2_PLACEMENT_3D('',#3346,#3347,#3348);
#3351=CARTESIAN_POINT('',(-3.25E-1,1.3E-1,-5.25E-1));
#3352=DIRECTION('',(-1.E0,0.E0,0.E0));
#3353=DIRECTION('',(0.E0,0.E0,-1.E0));
#3354=AXIS2_PLACEMENT_3D('',#3351,#3352,#3353);
#3356=DIRECTION('',(0.E0,-1.E0,0.E0));
#3357=VECTOR('',#3356,1.E-2);
#3358=CARTESIAN_POINT('',(-3.25E-1,1.4E-1,-5.45E-1));
#3359=LINE('',#3358,#3357);
#3360=CARTESIAN_POINT('',(-3.25E-1,1.37E-1,-5.949099188539E-1));
#3361=DIRECTION('',(1.E0,0.E0,0.E0));
#3362=DIRECTION('',(0.E0,6.6E-1,7.512655988397E-1));
#3363=AXIS2_PLACEMENT_3D('',#3360,#3361,#3362);
#3365=DIRECTION('',(1.E0,0.E0,0.E0));
#3366=VECTOR('',#3365,1.5E-1);
#3367=CARTESIAN_POINT('',(-3.25E-1,1.103210279297E-1,-5.214309583559E-1));
#3368=LINE('',#3367,#3366);
#3369=CARTESIAN_POINT('',(-1.75E-1,4.369919642963E-1,-5.806770496477E-1));
#3370=DIRECTION('',(-1.E0,0.E0,0.E0));
#3371=DIRECTION('',(0.E0,-9.839486035139E-1,1.784520822043E-1));
#3372=AXIS2_PLACEMENT_3D('',#3369,#3370,#3371);
#3374=CARTESIAN_POINT('',(-1.75E-1,1.37E-1,-5.949099188539E-1));
#3375=DIRECTION('',(1.E0,0.E0,0.E0));
#3376=DIRECTION('',(0.E0,6.6E-1,7.512655988397E-1));
#3377=AXIS2_PLACEMENT_3D('',#3374,#3375,#3376);
#3379=DIRECTION('',(0.E0,-1.E0,0.E0));
#3380=VECTOR('',#3379,1.E-2);
#3381=CARTESIAN_POINT('',(-1.75E-1,1.4E-1,-5.45E-1));
#3382=LINE('',#3381,#3380);
#3383=CARTESIAN_POINT('',(-1.75E-1,1.3E-1,-5.25E-1));
#3384=DIRECTION('',(-1.E0,0.E0,0.E0));
#3385=DIRECTION('',(0.E0,0.E0,-1.E0));
#3386=AXIS2_PLACEMENT_3D('',#3383,#3384,#3385);
#3388=DIRECTION('',(1.E0,0.E0,0.E0));
#3389=VECTOR('',#3388,1.5E-1);
#3390=CARTESIAN_POINT('',(-3.25E-1,1.4E-1,-5.45E-1));
#3391=LINE('',#3390,#3389);
#3392=DIRECTION('',(1.E0,0.E0,0.E0));
#3393=VECTOR('',#3392,1.5E-1);
#3394=CARTESIAN_POINT('',(-3.25E-1,1.3E-1,-5.45E-1));
#3395=LINE('',#3394,#3393);
#3396=CARTESIAN_POINT('',(1.75E-1,4.369919642963E-1,-5.806770496477E-1));
#3397=DIRECTION('',(-1.E0,0.E0,0.E0));
#3398=DIRECTION('',(0.E0,-9.839486035139E-1,1.784520822043E-1));
#3399=AXIS2_PLACEMENT_3D('',#3396,#3397,#3398);
#3401=CARTESIAN_POINT('',(1.75E-1,1.3E-1,-5.25E-1));
#3402=DIRECTION('',(-1.E0,0.E0,0.E0));
#3403=DIRECTION('',(0.E0,0.E0,-1.E0));
#3404=AXIS2_PLACEMENT_3D('',#3401,#3402,#3403);
#3406=DIRECTION('',(0.E0,-1.E0,0.E0));
#3407=VECTOR('',#3406,1.E-2);
#3408=CARTESIAN_POINT('',(1.75E-1,1.4E-1,-5.45E-1));
#3409=LINE('',#3408,#3407);
#3410=CARTESIAN_POINT('',(1.75E-1,1.37E-1,-5.949099188539E-1));
#3411=DIRECTION('',(1.E0,0.E0,0.E0));
#3412=DIRECTION('',(0.E0,6.6E-1,7.512655988397E-1));
#3413=AXIS2_PLACEMENT_3D('',#3410,#3411,#3412);
#3415=DIRECTION('',(1.E0,0.E0,0.E0));
#3416=VECTOR('',#3415,1.5E-1);
#3417=CARTESIAN_POINT('',(1.75E-1,1.103210279297E-1,-5.214309583559E-1));
#3418=LINE('',#3417,#3416);
#3419=CARTESIAN_POINT('',(3.25E-1,4.369919642963E-1,-5.806770496477E-1));
#3420=DIRECTION('',(-1.E0,0.E0,0.E0));
#3421=DIRECTION('',(0.E0,-9.839486035139E-1,1.784520822043E-1));
#3422=AXIS2_PLACEMENT_3D('',#3419,#3420,#3421);
#3424=CARTESIAN_POINT('',(3.25E-1,1.37E-1,-5.949099188539E-1));
#3425=DIRECTION('',(1.E0,0.E0,0.E0));
#3426=DIRECTION('',(0.E0,6.6E-1,7.512655988397E-1));
#3427=AXIS2_PLACEMENT_3D('',#3424,#3425,#3426);
#3429=DIRECTION('',(0.E0,-1.E0,0.E0));
#3430=VECTOR('',#3429,1.E-2);
#3431=CARTESIAN_POINT('',(3.25E-1,1.4E-1,-5.45E-1));
#3432=LINE('',#3431,#3430);
#3433=CARTESIAN_POINT('',(3.25E-1,1.3E-1,-5.25E-1));
#3434=DIRECTION('',(-1.E0,0.E0,0.E0));
#3435=DIRECTION('',(0.E0,0.E0,-1.E0));
#3436=AXIS2_PLACEMENT_3D('',#3433,#3434,#3435);
#3438=DIRECTION('',(1.E0,0.E0,0.E0));
#3439=VECTOR('',#3438,1.5E-1);
#3440=CARTESIAN_POINT('',(1.75E-1,1.4E-1,-5.45E-1));
#3441=LINE('',#3440,#3439);
#3442=DIRECTION('',(1.E0,0.E0,0.E0));
#3443=VECTOR('',#3442,1.5E-1);
#3444=CARTESIAN_POINT('',(1.75E-1,1.3E-1,-5.45E-1));
#3445=LINE('',#3444,#3443);
#3446=CARTESIAN_POINT('',(6.75E-1,4.369919642963E-1,-5.806770496477E-1));
#3447=DIRECTION('',(-1.E0,0.E0,0.E0));
#3448=DIRECTION('',(0.E0,-9.839486035139E-1,1.784520822043E-1));
#3449=AXIS2_PLACEMENT_3D('',#3446,#3447,#3448);
#3451=CARTESIAN_POINT('',(6.75E-1,1.3E-1,-5.25E-1));
#3452=DIRECTION('',(-1.E0,0.E0,0.E0));
#3453=DIRECTION('',(0.E0,0.E0,-1.E0));
#3454=AXIS2_PLACEMENT_3D('',#3451,#3452,#3453);
#3456=DIRECTION('',(0.E0,-1.E0,0.E0));
#3457=VECTOR('',#3456,1.E-2);
#3458=CARTESIAN_POINT('',(6.75E-1,1.4E-1,-5.45E-1));
#3459=LINE('',#3458,#3457);
#3460=CARTESIAN_POINT('',(6.75E-1,1.37E-1,-5.949099188539E-1));
#3461=DIRECTION('',(1.E0,0.E0,0.E0));
#3462=DIRECTION('',(0.E0,6.6E-1,7.512655988397E-1));
#3463=AXIS2_PLACEMENT_3D('',#3460,#3461,#3462);
#3465=DIRECTION('',(1.E0,0.E0,0.E0));
#3466=VECTOR('',#3465,1.5E-1);
#3467=CARTESIAN_POINT('',(6.75E-1,1.103210279297E-1,-5.214309583559E-1));
#3468=LINE('',#3467,#3466);
#3469=CARTESIAN_POINT('',(8.25E-1,4.369919642963E-1,-5.806770496477E-1));
#3470=DIRECTION('',(-1.E0,0.E0,0.E0));
#3471=DIRECTION('',(0.E0,-9.839486035139E-1,1.784520822043E-1));
#3472=AXIS2_PLACEMENT_3D('',#3469,#3470,#3471);
#3474=CARTESIAN_POINT('',(8.25E-1,1.37E-1,-5.949099188539E-1));
#3475=DIRECTION('',(1.E0,0.E0,0.E0));
#3476=DIRECTION('',(0.E0,6.6E-1,7.512655988397E-1));
#3477=AXIS2_PLACEMENT_3D('',#3474,#3475,#3476);
#3479=DIRECTION('',(1.110223024625E-14,-1.E0,0.E0));
#3480=VECTOR('',#3479,1.E-2);
#3481=CARTESIAN_POINT('',(8.25E-1,1.4E-1,-5.45E-1));
#3482=LINE('',#3481,#3480);
#3483=CARTESIAN_POINT('',(8.25E-1,1.3E-1,-5.25E-1));
#3484=DIRECTION('',(-1.E0,0.E0,0.E0));
#3485=DIRECTION('',(0.E0,0.E0,-1.E0));
#3486=AXIS2_PLACEMENT_3D('',#3483,#3484,#3485);
#3488=DIRECTION('',(1.E0,0.E0,0.E0));
#3489=VECTOR('',#3488,1.5E-1);
#3490=CARTESIAN_POINT('',(6.75E-1,1.4E-1,-5.45E-1));
#3491=LINE('',#3490,#3489);
#3492=DIRECTION('',(1.E0,0.E0,0.E0));
#3493=VECTOR('',#3492,1.5E-1);
#3494=CARTESIAN_POINT('',(6.75E-1,1.3E-1,-5.45E-1));
#3495=LINE('',#3494,#3493);
#3496=CARTESIAN_POINT('',(1.175E0,4.369919642963E-1,-5.806770496477E-1));
#3497=DIRECTION('',(-1.E0,0.E0,0.E0));
#3498=DIRECTION('',(0.E0,-9.839486035139E-1,1.784520822043E-1));
#3499=AXIS2_PLACEMENT_3D('',#3496,#3497,#3498);
#3501=CARTESIAN_POINT('',(1.175E0,1.3E-1,-5.25E-1));
#3502=DIRECTION('',(-1.E0,0.E0,0.E0));
#3503=DIRECTION('',(0.E0,0.E0,-1.E0));
#3504=AXIS2_PLACEMENT_3D('',#3501,#3502,#3503);
#3506=DIRECTION('',(0.E0,-1.E0,0.E0));
#3507=VECTOR('',#3506,1.E-2);
#3508=CARTESIAN_POINT('',(1.175E0,1.4E-1,-5.45E-1));
#3509=LINE('',#3508,#3507);
#3510=CARTESIAN_POINT('',(1.175E0,1.37E-1,-5.949099188539E-1));
#3511=DIRECTION('',(1.E0,0.E0,0.E0));
#3512=DIRECTION('',(0.E0,6.6E-1,7.512655988397E-1));
#3513=AXIS2_PLACEMENT_3D('',#3510,#3511,#3512);
#3515=DIRECTION('',(1.E0,0.E0,0.E0));
#3516=VECTOR('',#3515,1.5E-1);
#3517=CARTESIAN_POINT('',(1.175E0,1.103210279297E-1,-5.214309583559E-1));
#3518=LINE('',#3517,#3516);
#3519=CARTESIAN_POINT('',(1.325E0,4.369919642963E-1,-5.806770496477E-1));
#3520=DIRECTION('',(-1.E0,0.E0,0.E0));
#3521=DIRECTION('',(0.E0,-9.839486035139E-1,1.784520822043E-1));
#3522=AXIS2_PLACEMENT_3D('',#3519,#3520,#3521);
#3524=CARTESIAN_POINT('',(1.325E0,1.37E-1,-5.949099188539E-1));
#3525=DIRECTION('',(1.E0,0.E0,0.E0));
#3526=DIRECTION('',(0.E0,6.6E-1,7.512655988397E-1));
#3527=AXIS2_PLACEMENT_3D('',#3524,#3525,#3526);
#3529=DIRECTION('',(0.E0,-1.E0,0.E0));
#3530=VECTOR('',#3529,1.E-2);
#3531=CARTESIAN_POINT('',(1.325E0,1.4E-1,-5.45E-1));
#3532=LINE('',#3531,#3530);
#3533=CARTESIAN_POINT('',(1.325E0,1.3E-1,-5.25E-1));
#3534=DIRECTION('',(-1.E0,0.E0,0.E0));
#3535=DIRECTION('',(0.E0,0.E0,-1.E0));
#3536=AXIS2_PLACEMENT_3D('',#3533,#3534,#3535);
#3538=DIRECTION('',(1.E0,0.E0,0.E0));
#3539=VECTOR('',#3538,1.5E-1);
#3540=CARTESIAN_POINT('',(1.175E0,1.4E-1,-5.45E-1));
#3541=LINE('',#3540,#3539);
#3542=DIRECTION('',(1.E0,0.E0,0.E0));
#3543=VECTOR('',#3542,1.5E-1);
#3544=CARTESIAN_POINT('',(1.175E0,1.3E-1,-5.45E-1));
#3545=LINE('',#3544,#3543);
#3546=CARTESIAN_POINT('',(1.675E0,4.369919642963E-1,-5.806770496477E-1));
#3547=DIRECTION('',(-1.E0,0.E0,0.E0));
#3548=DIRECTION('',(0.E0,-9.839486035139E-1,1.784520822043E-1));
#3549=AXIS2_PLACEMENT_3D('',#3546,#3547,#3548);
#3551=CARTESIAN_POINT('',(1.675E0,1.3E-1,-5.25E-1));
#3552=DIRECTION('',(-1.E0,0.E0,0.E0));
#3553=DIRECTION('',(0.E0,0.E0,-1.E0));
#3554=AXIS2_PLACEMENT_3D('',#3551,#3552,#3553);
#3556=DIRECTION('',(0.E0,-1.E0,0.E0));
#3557=VECTOR('',#3556,1.E-2);
#3558=CARTESIAN_POINT('',(1.675E0,1.4E-1,-5.45E-1));
#3559=LINE('',#3558,#3557);
#3560=CARTESIAN_POINT('',(1.675E0,1.37E-1,-5.949099188539E-1));
#3561=DIRECTION('',(1.E0,0.E0,0.E0));
#3562=DIRECTION('',(0.E0,6.6E-1,7.512655988397E-1));
#3563=AXIS2_PLACEMENT_3D('',#3560,#3561,#3562);
#3565=DIRECTION('',(1.E0,0.E0,0.E0));
#3566=VECTOR('',#3565,1.5E-1);
#3567=CARTESIAN_POINT('',(1.675E0,1.103210279297E-1,-5.214309583559E-1));
#3568=LINE('',#3567,#3566);
#3569=CARTESIAN_POINT('',(1.825E0,4.369919642963E-1,-5.806770496477E-1));
#3570=DIRECTION('',(-1.E0,0.E0,0.E0));
#3571=DIRECTION('',(0.E0,-9.839486035139E-1,1.784520822043E-1));
#3572=AXIS2_PLACEMENT_3D('',#3569,#3570,#3571);
#3574=CARTESIAN_POINT('',(1.825E0,1.37E-1,-5.949099188539E-1));
#3575=DIRECTION('',(1.E0,0.E0,0.E0));
#3576=DIRECTION('',(0.E0,6.6E-1,7.512655988397E-1));
#3577=AXIS2_PLACEMENT_3D('',#3574,#3575,#3576);
#3579=DIRECTION('',(0.E0,-1.E0,0.E0));
#3580=VECTOR('',#3579,1.E-2);
#3581=CARTESIAN_POINT('',(1.825E0,1.4E-1,-5.45E-1));
#3582=LINE('',#3581,#3580);
#3583=CARTESIAN_POINT('',(1.825E0,1.3E-1,-5.25E-1));
#3584=DIRECTION('',(-1.E0,0.E0,0.E0));
#3585=DIRECTION('',(0.E0,0.E0,-1.E0));
#3586=AXIS2_PLACEMENT_3D('',#3583,#3584,#3585);
#3588=DIRECTION('',(1.E0,0.E0,0.E0));
#3589=VECTOR('',#3588,1.5E-1);
#3590=CARTESIAN_POINT('',(1.675E0,1.4E-1,-5.45E-1));
#3591=LINE('',#3590,#3589);
#3592=DIRECTION('',(1.E0,0.E0,0.E0));
#3593=VECTOR('',#3592,1.5E-1);
#3594=CARTESIAN_POINT('',(1.675E0,1.3E-1,-5.45E-1));
#3595=LINE('',#3594,#3593);
#3596=DIRECTION('',(0.E0,-1.E0,0.E0));
#3597=VECTOR('',#3596,6.7E-1);
#3598=CARTESIAN_POINT('',(-2.58E0,4.5E-1,-2.9E0));
#3599=LINE('',#3598,#3597);
#3600=DIRECTION('',(0.E0,-1.E0,0.E0));
#3601=VECTOR('',#3600,6.7E-1);
#3602=CARTESIAN_POINT('',(-2.58E0,4.5E-1,-3.220488E0));
#3603=LINE('',#3602,#3601);
#3604=DIRECTION('',(0.E0,1.E0,0.E0));
#3605=VECTOR('',#3604,6.7E-1);
#3606=CARTESIAN_POINT('',(-2.76E0,-2.2E-1,-3.220488E0));
#3607=LINE('',#3606,#3605);
#3608=DIRECTION('',(0.E0,0.E0,-1.E0));
#3609=VECTOR('',#3608,4.29999715E-1);
#3610=CARTESIAN_POINT('',(-2.76E0,-2.2E-1,-3.220488E0));
#3611=LINE('',#3610,#3609);
#3612=DIRECTION('',(0.E0,1.E0,0.E0));
#3613=VECTOR('',#3612,2.5E-1);
#3614=CARTESIAN_POINT('',(-2.76E0,-2.2E-1,-3.650487715E0));
#3615=LINE('',#3614,#3613);
#3616=DIRECTION('',(0.E0,2.509621587837E-1,-9.679968981658E-1));
#3617=VECTOR('',#3616,2.789265136196E-1);
#3618=CARTESIAN_POINT('',(-2.76E0,3.E-2,-3.650487715E0));
#3619=LINE('',#3618,#3617);
#3620=DIRECTION('',(0.E0,1.E0,0.E0));
#3621=VECTOR('',#3620,3.5E-1);
#3622=CARTESIAN_POINT('',(-2.76E0,1.E-1,-3.920487715E0));
#3623=LINE('',#3622,#3621);
#3624=DIRECTION('',(0.E0,0.E0,1.E0));
#3625=VECTOR('',#3624,6.99999715E-1);
#3626=CARTESIAN_POINT('',(-2.76E0,4.5E-1,-3.920487715E0));
#3627=LINE('',#3626,#3625);
#3628=DIRECTION('',(1.E0,0.E0,0.E0));
#3629=VECTOR('',#3628,5.52E0);
#3630=CARTESIAN_POINT('',(-2.76E0,-2.2E-1,-3.650487715E0));
#3631=LINE('',#3630,#3629);
#3632=DIRECTION('',(0.E0,1.E0,0.E0));
#3633=VECTOR('',#3632,6.7E-1);
#3634=CARTESIAN_POINT('',(2.76E0,-2.2E-1,-3.220488E0));
#3635=LINE('',#3634,#3633);
#3636=DIRECTION('',(0.E0,0.E0,1.E0));
#3637=VECTOR('',#3636,6.99999715E-1);
#3638=CARTESIAN_POINT('',(2.76E0,4.5E-1,-3.920487715E0));
#3639=LINE('',#3638,#3637);
#3640=DIRECTION('',(0.E0,1.E0,0.E0));
#3641=VECTOR('',#3640,3.5E-1);
#3642=CARTESIAN_POINT('',(2.76E0,1.E-1,-3.920487715E0));
#3643=LINE('',#3642,#3641);
#3644=DIRECTION('',(0.E0,2.509621587837E-1,-9.679968981658E-1));
#3645=VECTOR('',#3644,2.789265136196E-1);
#3646=CARTESIAN_POINT('',(2.76E0,3.E-2,-3.650487715E0));
#3647=LINE('',#3646,#3645);
#3648=DIRECTION('',(0.E0,1.E0,0.E0));
#3649=VECTOR('',#3648,2.5E-1);
#3650=CARTESIAN_POINT('',(2.76E0,-2.2E-1,-3.650487715E0));
#3651=LINE('',#3650,#3649);
#3652=DIRECTION('',(0.E0,0.E0,-1.E0));
#3653=VECTOR('',#3652,4.29999715E-1);
#3654=CARTESIAN_POINT('',(2.76E0,-2.2E-1,-3.220488E0));
#3655=LINE('',#3654,#3653);
#3656=DIRECTION('',(0.E0,-1.E0,0.E0));
#3657=VECTOR('',#3656,6.7E-1);
#3658=CARTESIAN_POINT('',(2.58E0,4.5E-1,-3.220488E0));
#3659=LINE('',#3658,#3657);
#3660=DIRECTION('',(0.E0,0.E0,-1.E0));
#3661=VECTOR('',#3660,3.20488E-1);
#3662=CARTESIAN_POINT('',(-2.58E0,4.5E-1,-2.9E0));
#3663=LINE('',#3662,#3661);
#3664=DIRECTION('',(1.E0,0.E0,0.E0));
#3665=VECTOR('',#3664,1.8E-1);
#3666=CARTESIAN_POINT('',(-2.76E0,4.5E-1,-3.220488E0));
#3667=LINE('',#3666,#3665);
#3668=DIRECTION('',(1.E0,0.E0,0.E0));
#3669=VECTOR('',#3668,5.52E0);
#3670=CARTESIAN_POINT('',(-2.76E0,4.5E-1,-3.920487715E0));
#3671=LINE('',#3670,#3669);
#3672=DIRECTION('',(-1.E0,0.E0,0.E0));
#3673=VECTOR('',#3672,1.8E-1);
#3674=CARTESIAN_POINT('',(2.76E0,4.5E-1,-3.220488E0));
#3675=LINE('',#3674,#3673);
#3676=DIRECTION('',(0.E0,0.E0,-1.E0));
#3677=VECTOR('',#3676,3.20488E-1);
#3678=CARTESIAN_POINT('',(2.58E0,4.5E-1,-2.9E0));
#3679=LINE('',#3678,#3677);
#3680=DIRECTION('',(1.E0,0.E0,0.E0));
#3681=VECTOR('',#3680,5.52E0);
#3682=CARTESIAN_POINT('',(-2.76E0,1.E-1,-3.920487715E0));
#3683=LINE('',#3682,#3681);
#3684=DIRECTION('',(1.E0,0.E0,0.E0));
#3685=VECTOR('',#3684,5.52E0);
#3686=CARTESIAN_POINT('',(-2.76E0,3.E-2,-3.650487715E0));
#3687=LINE('',#3686,#3685);
#3688=CARTESIAN_POINT('',(-3.E0,-5.E-1,-2.9E0));
#3689=CARTESIAN_POINT('',(-3.E0,-5.E-1,-9.4E-1));
#3690=VERTEX_POINT('',#3688);
#3691=VERTEX_POINT('',#3689);
#3692=CARTESIAN_POINT('',(-2.625E0,-5.E-1,-9.4E-1));
#3693=VERTEX_POINT('',#3692);
#3694=CARTESIAN_POINT('',(-2.625E0,-5.E-1,0.E0));
#3695=CARTESIAN_POINT('',(2.625E0,-5.E-1,0.E0));
#3696=VERTEX_POINT('',#3694);
#3697=VERTEX_POINT('',#3695);
#3698=CARTESIAN_POINT('',(2.625E0,-5.E-1,-9.4E-1));
#3699=CARTESIAN_POINT('',(3.E0,-5.E-1,-9.4E-1));
#3700=VERTEX_POINT('',#3698);
#3701=VERTEX_POINT('',#3699);
#3702=CARTESIAN_POINT('',(3.E0,-5.E-1,-2.9E0));
#3703=VERTEX_POINT('',#3702);
#3704=CARTESIAN_POINT('',(-3.E0,5.E-1,-2.9E0));
#3705=CARTESIAN_POINT('',(-3.E0,5.E-1,-9.4E-1));
#3706=VERTEX_POINT('',#3704);
#3707=VERTEX_POINT('',#3705);
#3708=CARTESIAN_POINT('',(-2.625E0,5.E-1,-9.4E-1));
#3709=VERTEX_POINT('',#3708);
#3710=CARTESIAN_POINT('',(-2.625E0,5.E-1,0.E0));
#3711=VERTEX_POINT('',#3710);
#3712=CARTESIAN_POINT('',(2.625E0,5.E-1,0.E0));
#3713=CARTESIAN_POINT('',(2.625E0,5.E-1,-9.4E-1));
#3714=VERTEX_POINT('',#3712);
#3715=VERTEX_POINT('',#3713);
#3716=CARTESIAN_POINT('',(3.E0,5.E-1,-9.4E-1));
#3717=VERTEX_POINT('',#3716);
#3718=CARTESIAN_POINT('',(3.E0,5.E-1,-2.9E0));
#3719=VERTEX_POINT('',#3718);
#3720=CARTESIAN_POINT('',(-2.285E0,1.7E-1,-1.3E0));
#3721=CARTESIAN_POINT('',(-2.285E0,-2.5E-1,-1.3E0));
#3722=VERTEX_POINT('',#3720);
#3723=VERTEX_POINT('',#3721);
#3724=CARTESIAN_POINT('',(2.285E0,-2.5E-1,-1.3E0));
#3725=CARTESIAN_POINT('',(2.285E0,1.7E-1,-1.3E0));
#3726=VERTEX_POINT('',#3724);
#3727=VERTEX_POINT('',#3725);
#3728=CARTESIAN_POINT('',(-2.435E0,5.E-1,0.E0));
#3729=CARTESIAN_POINT('',(-2.285E0,5.E-1,-1.5E-1));
#3730=VERTEX_POINT('',#3728);
#3731=VERTEX_POINT('',#3729);
#3732=CARTESIAN_POINT('',(-2.285E0,3.2E-1,-1.5E-1));
#3733=VERTEX_POINT('',#3732);
#3734=CARTESIAN_POINT('',(-2.435E0,-4.E-1,0.E0));
#3735=VERTEX_POINT('',#3734);
#3736=CARTESIAN_POINT('',(2.435E0,-4.E-1,0.E0));
#3737=VERTEX_POINT('',#3736);
#3738=CARTESIAN_POINT('',(2.285E0,-2.5E-1,-1.5E-1));
#3739=CARTESIAN_POINT('',(-2.285E0,-2.5E-1,-1.5E-1));
#3740=VERTEX_POINT('',#3738);
#3741=VERTEX_POINT('',#3739);
#3742=CARTESIAN_POINT('',(2.285E0,5.E-1,-1.5E-1));
#3743=CARTESIAN_POINT('',(2.435E0,5.E-1,0.E0));
#3744=VERTEX_POINT('',#3742);
#3745=VERTEX_POINT('',#3743);
#3746=CARTESIAN_POINT('',(2.285E0,3.2E-1,-1.5E-1));
#3747=VERTEX_POINT('',#3746);
#3748=CARTESIAN_POINT('',(-2.285E0,1.7E-1,-3.E-1));
#3749=VERTEX_POINT('',#3748);
#3750=CARTESIAN_POINT('',(2.285E0,1.7E-1,-3.E-1));
#3751=VERTEX_POINT('',#3750);
#3752=CARTESIAN_POINT('',(-2.76E0,-2.2E-1,-3.650487715E0));
#3753=CARTESIAN_POINT('',(-2.76E0,3.E-2,-3.650487715E0));
#3754=VERTEX_POINT('',#3752);
#3755=VERTEX_POINT('',#3753);
#3756=CARTESIAN_POINT('',(-2.76E0,1.E-1,-3.920487715E0));
#3757=VERTEX_POINT('',#3756);
#3758=CARTESIAN_POINT('',(-2.76E0,4.5E-1,-3.920487715E0));
#3759=VERTEX_POINT('',#3758);
#3760=CARTESIAN_POINT('',(2.76E0,-2.2E-1,-3.650487715E0));
#3761=CARTESIAN_POINT('',(2.76E0,3.E-2,-3.650487715E0));
#3762=VERTEX_POINT('',#3760);
#3763=VERTEX_POINT('',#3761);
#3764=CARTESIAN_POINT('',(2.76E0,1.E-1,-3.920487715E0));
#3765=VERTEX_POINT('',#3764);
#3766=CARTESIAN_POINT('',(2.76E0,4.5E-1,-3.920487715E0));
#3767=VERTEX_POINT('',#3766);
#3768=CARTESIAN_POINT('',(-2.58E0,-2.2E-1,-2.9E0));
#3769=CARTESIAN_POINT('',(-2.58E0,-2.2E-1,-3.220488E0));
#3770=VERTEX_POINT('',#3768);
#3771=VERTEX_POINT('',#3769);
#3772=CARTESIAN_POINT('',(-2.76E0,-2.2E-1,-3.220488E0));
#3773=VERTEX_POINT('',#3772);
#3774=CARTESIAN_POINT('',(2.76E0,-2.2E-1,-3.220488E0));
#3775=CARTESIAN_POINT('',(2.58E0,-2.2E-1,-3.220488E0));
#3776=VERTEX_POINT('',#3774);
#3777=VERTEX_POINT('',#3775);
#3778=CARTESIAN_POINT('',(2.58E0,-2.2E-1,-2.9E0));
#3779=VERTEX_POINT('',#3778);
#3780=CARTESIAN_POINT('',(-2.58E0,4.5E-1,-2.9E0));
#3781=CARTESIAN_POINT('',(-2.58E0,4.5E-1,-3.220488E0));
#3782=VERTEX_POINT('',#3780);
#3783=VERTEX_POINT('',#3781);
#3784=CARTESIAN_POINT('',(-2.76E0,4.5E-1,-3.220488E0));
#3785=VERTEX_POINT('',#3784);
#3786=CARTESIAN_POINT('',(2.76E0,4.5E-1,-3.220488E0));
#3787=CARTESIAN_POINT('',(2.58E0,4.5E-1,-3.220488E0));
#3788=VERTEX_POINT('',#3786);
#3789=VERTEX_POINT('',#3787);
#3790=CARTESIAN_POINT('',(2.58E0,4.5E-1,-2.9E0));
#3791=VERTEX_POINT('',#3790);
#3792=CARTESIAN_POINT('',(-2.775E0,-1.16E-1,-9.4E-1));
#3793=CARTESIAN_POINT('',(-2.775E0,2.68E-1,-9.4E-1));
#3794=VERTEX_POINT('',#3792);
#3795=VERTEX_POINT('',#3793);
#3796=CARTESIAN_POINT('',(-2.775E0,-1.56E-1,-9.2E-1));
#3797=CARTESIAN_POINT('',(-2.775E0,-3.04E-1,-9.2E-1));
#3798=VERTEX_POINT('',#3796);
#3799=VERTEX_POINT('',#3797);
#3800=CARTESIAN_POINT('',(-2.775E0,-3.54E-1,-8.7E-1));
#3801=VERTEX_POINT('',#3800);
#3802=CARTESIAN_POINT('',(-2.775E0,-3.54E-1,-8.2E-1));
#3803=VERTEX_POINT('',#3802);
#3804=CARTESIAN_POINT('',(-2.775E0,-4.04E-1,-7.7E-1));
#3805=VERTEX_POINT('',#3804);
#3806=CARTESIAN_POINT('',(-2.775E0,-4.7751655E-1,-7.7E-1));
#3807=VERTEX_POINT('',#3806);
#3808=CARTESIAN_POINT('',(-2.775E0,-5.2751655E-1,-7.2E-1));
#3809=VERTEX_POINT('',#3808);
#3810=CARTESIAN_POINT('',(-2.775E0,-5.2751655E-1,-2.7E-1));
#3811=VERTEX_POINT('',#3810);
#3812=CARTESIAN_POINT('',(-2.775E0,-3.05765924E-1,-2.7E-1));
#3813=VERTEX_POINT('',#3812);
#3814=CARTESIAN_POINT('',(-2.775E0,-2.55765924E-1,-2.2E-1));
#3815=VERTEX_POINT('',#3814);
#3816=CARTESIAN_POINT('',(-2.775E0,-2.55765924E-1,-2.E-2));
#3817=VERTEX_POINT('',#3816);
#3818=CARTESIAN_POINT('',(-2.775E0,4.55177268E-1,-2.E-2));
#3819=VERTEX_POINT('',#3818);
#3820=CARTESIAN_POINT('',(-2.775E0,4.55177268E-1,-9.2E-1));
#3821=VERTEX_POINT('',#3820);
#3822=CARTESIAN_POINT('',(-2.775E0,3.08E-1,-9.2E-1));
#3823=VERTEX_POINT('',#3822);
#3824=CARTESIAN_POINT('',(-2.625E0,-5.2751655E-1,-7.2E-1));
#3825=CARTESIAN_POINT('',(-2.625E0,-5.2751655E-1,-2.7E-1));
#3826=VERTEX_POINT('',#3824);
#3827=VERTEX_POINT('',#3825);
#3828=CARTESIAN_POINT('',(-2.625E0,-1.16E-1,-9.4E-1));
#3829=VERTEX_POINT('',#3828);
#3830=CARTESIAN_POINT('',(-2.625E0,2.68E-1,-9.4E-1));
#3831=VERTEX_POINT('',#3830);
#3832=CARTESIAN_POINT('',(-2.625E0,-1.56E-1,-9.2E-1));
#3833=VERTEX_POINT('',#3832);
#3834=CARTESIAN_POINT('',(-2.625E0,-3.04E-1,-9.2E-1));
#3835=VERTEX_POINT('',#3834);
#3836=CARTESIAN_POINT('',(-2.625E0,-3.54E-1,-8.7E-1));
#3837=VERTEX_POINT('',#3836);
#3838=CARTESIAN_POINT('',(-2.625E0,-3.54E-1,-8.2E-1));
#3839=VERTEX_POINT('',#3838);
#3840=CARTESIAN_POINT('',(-2.625E0,-4.04E-1,-7.7E-1));
#3841=VERTEX_POINT('',#3840);
#3842=CARTESIAN_POINT('',(-2.625E0,-4.7751655E-1,-7.7E-1));
#3843=VERTEX_POINT('',#3842);
#3844=CARTESIAN_POINT('',(-2.625E0,-5.E-1,-7.646597635025E-1));
#3845=VERTEX_POINT('',#3844);
#3846=CARTESIAN_POINT('',(-2.625E0,-5.E-1,-2.7E-1));
#3847=CARTESIAN_POINT('',(-2.625E0,-3.05765924E-1,-2.7E-1));
#3848=VERTEX_POINT('',#3846);
#3849=VERTEX_POINT('',#3847);
#3850=CARTESIAN_POINT('',(-2.625E0,-2.55765924E-1,-2.2E-1));
#3851=VERTEX_POINT('',#3850);
#3852=CARTESIAN_POINT('',(-2.625E0,-2.55765924E-1,-2.E-2));
#3853=VERTEX_POINT('',#3852);
#3854=CARTESIAN_POINT('',(-2.625E0,4.55177268E-1,-2.E-2));
#3855=VERTEX_POINT('',#3854);
#3856=CARTESIAN_POINT('',(-2.625E0,4.55177268E-1,-9.2E-1));
#3857=VERTEX_POINT('',#3856);
#3858=CARTESIAN_POINT('',(-2.625E0,3.08E-1,-9.2E-1));
#3859=VERTEX_POINT('',#3858);
#3860=CARTESIAN_POINT('',(2.775E0,-1.56E-1,-9.2E-1));
#3861=CARTESIAN_POINT('',(2.775E0,-3.04E-1,-9.2E-1));
#3862=VERTEX_POINT('',#3860);
#3863=VERTEX_POINT('',#3861);
#3864=CARTESIAN_POINT('',(2.775E0,-3.54E-1,-8.7E-1));
#3865=VERTEX_POINT('',#3864);
#3866=CARTESIAN_POINT('',(2.775E0,-3.54E-1,-8.2E-1));
#3867=VERTEX_POINT('',#3866);
#3868=CARTESIAN_POINT('',(2.775E0,-4.04E-1,-7.7E-1));
#3869=VERTEX_POINT('',#3868);
#3870=CARTESIAN_POINT('',(2.775E0,-4.7751655E-1,-7.7E-1));
#3871=VERTEX_POINT('',#3870);
#3872=CARTESIAN_POINT('',(2.775E0,-5.2751655E-1,-7.2E-1));
#3873=VERTEX_POINT('',#3872);
#3874=CARTESIAN_POINT('',(2.775E0,-5.2751655E-1,-2.7E-1));
#3875=VERTEX_POINT('',#3874);
#3876=CARTESIAN_POINT('',(2.775E0,-3.05765924E-1,-2.7E-1));
#3877=VERTEX_POINT('',#3876);
#3878=CARTESIAN_POINT('',(2.775E0,-2.55765924E-1,-2.2E-1));
#3879=VERTEX_POINT('',#3878);
#3880=CARTESIAN_POINT('',(2.775E0,-2.55765924E-1,-2.E-2));
#3881=VERTEX_POINT('',#3880);
#3882=CARTESIAN_POINT('',(2.775E0,4.55177268E-1,-2.E-2));
#3883=VERTEX_POINT('',#3882);
#3884=CARTESIAN_POINT('',(2.775E0,4.55177268E-1,-9.2E-1));
#3885=VERTEX_POINT('',#3884);
#3886=CARTESIAN_POINT('',(2.775E0,3.08E-1,-9.2E-1));
#3887=VERTEX_POINT('',#3886);
#3888=CARTESIAN_POINT('',(2.625E0,-5.2751655E-1,-7.2E-1));
#3889=CARTESIAN_POINT('',(2.625E0,-5.2751655E-1,-2.7E-1));
#3890=VERTEX_POINT('',#3888);
#3891=VERTEX_POINT('',#3889);
#3892=CARTESIAN_POINT('',(2.775E0,-1.16E-1,-9.4E-1));
#3893=VERTEX_POINT('',#3892);
#3894=CARTESIAN_POINT('',(2.775E0,2.68E-1,-9.4E-1));
#3895=VERTEX_POINT('',#3894);
#3896=CARTESIAN_POINT('',(2.625E0,-5.E-1,-7.646597635025E-1));
#3897=VERTEX_POINT('',#3896);
#3898=CARTESIAN_POINT('',(2.625E0,-5.E-1,-2.7E-1));
#3899=VERTEX_POINT('',#3898);
#3900=CARTESIAN_POINT('',(2.625E0,-1.56E-1,-9.2E-1));
#3901=VERTEX_POINT('',#3900);
#3902=CARTESIAN_POINT('',(2.625E0,-3.04E-1,-9.2E-1));
#3903=VERTEX_POINT('',#3902);
#3904=CARTESIAN_POINT('',(2.625E0,-3.54E-1,-8.7E-1));
#3905=VERTEX_POINT('',#3904);
#3906=CARTESIAN_POINT('',(2.625E0,-3.54E-1,-8.2E-1));
#3907=VERTEX_POINT('',#3906);
#3908=CARTESIAN_POINT('',(2.625E0,-4.04E-1,-7.7E-1));
#3909=VERTEX_POINT('',#3908);
#3910=CARTESIAN_POINT('',(2.625E0,-4.7751655E-1,-7.7E-1));
#3911=VERTEX_POINT('',#3910);
#3912=CARTESIAN_POINT('',(2.625E0,-3.05765924E-1,-2.7E-1));
#3913=VERTEX_POINT('',#3912);
#3914=CARTESIAN_POINT('',(2.625E0,-2.55765924E-1,-2.2E-1));
#3915=VERTEX_POINT('',#3914);
#3916=CARTESIAN_POINT('',(2.625E0,-2.55765924E-1,-2.E-2));
#3917=VERTEX_POINT('',#3916);
#3918=CARTESIAN_POINT('',(2.625E0,4.55177268E-1,-2.E-2));
#3919=VERTEX_POINT('',#3918);
#3920=CARTESIAN_POINT('',(2.625E0,4.55177268E-1,-9.2E-1));
#3921=VERTEX_POINT('',#3920);
#3922=CARTESIAN_POINT('',(2.625E0,3.08E-1,-9.2E-1));
#3923=VERTEX_POINT('',#3922);
#3924=CARTESIAN_POINT('',(2.625E0,-1.16E-1,-9.4E-1));
#3925=VERTEX_POINT('',#3924);
#3926=CARTESIAN_POINT('',(2.625E0,2.68E-1,-9.4E-1));
#3927=VERTEX_POINT('',#3926);
#3928=CARTESIAN_POINT('',(-1.825E0,-2.5E-1,-1.3E0));
#3929=CARTESIAN_POINT('',(-1.825E0,-2.5E-1,-2.79E-1));
#3930=VERTEX_POINT('',#3928);
#3931=VERTEX_POINT('',#3929);
#3932=CARTESIAN_POINT('',(-1.675E0,-2.5E-1,-1.3E0));
#3933=CARTESIAN_POINT('',(-1.675E0,-2.5E-1,-2.79E-1));
#3934=VERTEX_POINT('',#3932);
#3935=VERTEX_POINT('',#3933);
#3936=CARTESIAN_POINT('',(-1.825E0,-1.9E-1,-1.074E0));
#3937=CARTESIAN_POINT('',(-1.825E0,-1.9E-1,-1.282941277891E0));
#3938=VERTEX_POINT('',#3936);
#3939=VERTEX_POINT('',#3937);
#3940=CARTESIAN_POINT('',(-1.825E0,-2.3E-1,-4.83E-1));
#3941=CARTESIAN_POINT('',(-1.825E0,-2.3E-1,-6.49E-1));
#3942=VERTEX_POINT('',#3940);
#3943=VERTEX_POINT('',#3941);
#3944=CARTESIAN_POINT('',(-1.825E0,-1.934183067767E-1,-6.971658493463E-1));
#3945=VERTEX_POINT('',#3944);
#3946=CARTESIAN_POINT('',(-1.825E0,-1.94E-1,-7.527506756806E-1));
#3947=VERTEX_POINT('',#3946);
#3948=CARTESIAN_POINT('',(-1.825E0,-2.25E-1,-7.99E-1));
#3949=VERTEX_POINT('',#3948);
#3950=CARTESIAN_POINT('',(-1.825E0,-2.25E-1,-9.464264917783E-1));
#3951=VERTEX_POINT('',#3950);
#3952=CARTESIAN_POINT('',(-1.825E0,-2.04E-1,-1.022970596711E0));
#3953=VERTEX_POINT('',#3952);
#3954=CARTESIAN_POINT('',(-1.825E0,-3.9E-1,-3.25E0));
#3955=CARTESIAN_POINT('',(-1.825E0,-4.434371866558E-1,-3.171534643463E0));
#3956=VERTEX_POINT('',#3954);
#3957=VERTEX_POINT('',#3955);
#3958=CARTESIAN_POINT('',(-1.825E0,-4.703875553379E-1,-3.1614891E0));
#3959=VERTEX_POINT('',#3958);
#3960=CARTESIAN_POINT('',(-1.825E0,-4.77517E-1,-3.162E0));
#3961=VERTEX_POINT('',#3960);
#3962=CARTESIAN_POINT('',(-1.825E0,-5.2751655E-1,-3.162E0));
#3963=VERTEX_POINT('',#3962);
#3964=CARTESIAN_POINT('',(-1.825E0,-5.2751655E-1,-2.852E0));
#3965=VERTEX_POINT('',#3964);
#3966=CARTESIAN_POINT('',(-1.675E0,-1.9E-1,-1.074E0));
#3967=CARTESIAN_POINT('',(-1.675E0,-1.9E-1,-1.282941277891E0));
#3968=VERTEX_POINT('',#3966);
#3969=VERTEX_POINT('',#3967);
#3970=CARTESIAN_POINT('',(-1.675E0,-2.3E-1,-4.83E-1));
#3971=CARTESIAN_POINT('',(-1.675E0,-2.3E-1,-6.49E-1));
#3972=VERTEX_POINT('',#3970);
#3973=VERTEX_POINT('',#3971);
#3974=CARTESIAN_POINT('',(-1.675E0,-1.934183067767E-1,-6.971658493463E-1));
#3975=VERTEX_POINT('',#3974);
#3976=CARTESIAN_POINT('',(-1.675E0,-1.94E-1,-7.527506756806E-1));
#3977=VERTEX_POINT('',#3976);
#3978=CARTESIAN_POINT('',(-1.675E0,-2.25E-1,-7.99E-1));
#3979=VERTEX_POINT('',#3978);
#3980=CARTESIAN_POINT('',(-1.675E0,-2.25E-1,-9.464264917783E-1));
#3981=VERTEX_POINT('',#3980);
#3982=CARTESIAN_POINT('',(-1.675E0,-2.04E-1,-1.022970596711E0));
#3983=VERTEX_POINT('',#3982);
#3984=CARTESIAN_POINT('',(-1.675E0,-3.9E-1,-3.25E0));
#3985=CARTESIAN_POINT('',(-1.675E0,-4.434371866558E-1,-3.171534643463E0));
#3986=VERTEX_POINT('',#3984);
#3987=VERTEX_POINT('',#3985);
#3988=CARTESIAN_POINT('',(-1.675E0,-4.703875553379E-1,-3.1614891E0));
#3989=VERTEX_POINT('',#3988);
#3990=CARTESIAN_POINT('',(-1.675E0,-4.77517E-1,-3.162E0));
#3991=VERTEX_POINT('',#3990);
#3992=CARTESIAN_POINT('',(-1.675E0,-5.2751655E-1,-3.162E0));
#3993=VERTEX_POINT('',#3992);
#3994=CARTESIAN_POINT('',(-1.675E0,-5.2751655E-1,-2.852E0));
#3995=VERTEX_POINT('',#3994);
#3996=CARTESIAN_POINT('',(-1.825E0,-1.749910691178E-1,-4.332515265418E-1));
#3997=CARTESIAN_POINT('',(-1.675E0,-1.749910691178E-1,-4.332515265418E-1));
#3998=VERTEX_POINT('',#3996);
#3999=VERTEX_POINT('',#3997);
#4000=CARTESIAN_POINT('',(-1.825E0,-5.E-1,-2.9E0));
#4001=CARTESIAN_POINT('',(-1.825E0,-5.E-1,-2.813997849060E0));
#4002=VERTEX_POINT('',#4000);
#4003=VERTEX_POINT('',#4001);
#4004=CARTESIAN_POINT('',(-1.675E0,-5.E-1,-2.9E0));
#4005=CARTESIAN_POINT('',(-1.675E0,-5.E-1,-2.813997849060E0));
#4006=VERTEX_POINT('',#4004);
#4007=VERTEX_POINT('',#4005);
#4008=CARTESIAN_POINT('',(-1.825E0,-2.2E-1,-2.9E0));
#4009=VERTEX_POINT('',#4008);
#4010=CARTESIAN_POINT('',(-1.675E0,-2.2E-1,-2.9E0));
#4011=VERTEX_POINT('',#4010);
#4012=CARTESIAN_POINT('',(-1.825E0,-1.87E-1,-1.3E0));
#4013=VERTEX_POINT('',#4012);
#4014=CARTESIAN_POINT('',(-1.675E0,-1.87E-1,-1.3E0));
#4015=VERTEX_POINT('',#4014);
#4016=CARTESIAN_POINT('',(-1.825E0,-2.2E-1,-3.25E0));
#4017=VERTEX_POINT('',#4016);
#4018=CARTESIAN_POINT('',(-1.675E0,-2.2E-1,-3.25E0));
#4019=VERTEX_POINT('',#4018);
#4020=CARTESIAN_POINT('',(-1.825E0,1.7E-1,-3.833466389119E-1));
#4021=CARTESIAN_POINT('',(-1.825E0,1.7E-1,-5.573466389119E-1));
#4022=VERTEX_POINT('',#4020);
#4023=VERTEX_POINT('',#4021);
#4024=CARTESIAN_POINT('',(-1.675E0,1.7E-1,-3.833466389119E-1));
#4025=CARTESIAN_POINT('',(-1.675E0,1.7E-1,-5.573466389119E-1));
#4026=VERTEX_POINT('',#4024);
#4027=VERTEX_POINT('',#4025);
#4028=CARTESIAN_POINT('',(-1.825E0,1.4E-1,-5.45E-1));
#4029=CARTESIAN_POINT('',(-1.825E0,1.3E-1,-5.45E-1));
#4030=VERTEX_POINT('',#4028);
#4031=VERTEX_POINT('',#4029);
#4032=CARTESIAN_POINT('',(-1.825E0,1.103210279297E-1,-5.214309583559E-1));
#4033=VERTEX_POINT('',#4032);
#4034=CARTESIAN_POINT('',(-1.675E0,1.4E-1,-5.45E-1));
#4035=CARTESIAN_POINT('',(-1.675E0,1.3E-1,-5.45E-1));
#4036=VERTEX_POINT('',#4034);
#4037=VERTEX_POINT('',#4035);
#4038=CARTESIAN_POINT('',(-1.675E0,1.103210279297E-1,-5.214309583559E-1));
#4039=VERTEX_POINT('',#4038);
#4040=CARTESIAN_POINT('',(-1.325E0,-1.9E-1,-1.074E0));
#4041=CARTESIAN_POINT('',(-1.325E0,-1.9E-1,-1.282941277891E0));
#4042=VERTEX_POINT('',#4040);
#4043=VERTEX_POINT('',#4041);
#4044=CARTESIAN_POINT('',(-1.325E0,-2.3E-1,-4.83E-1));
#4045=CARTESIAN_POINT('',(-1.325E0,-2.3E-1,-6.49E-1));
#4046=VERTEX_POINT('',#4044);
#4047=VERTEX_POINT('',#4045);
#4048=CARTESIAN_POINT('',(-1.325E0,-1.934183067767E-1,-6.971658493463E-1));
#4049=VERTEX_POINT('',#4048);
#4050=CARTESIAN_POINT('',(-1.325E0,-1.94E-1,-7.527506756806E-1));
#4051=VERTEX_POINT('',#4050);
#4052=CARTESIAN_POINT('',(-1.325E0,-2.25E-1,-7.99E-1));
#4053=VERTEX_POINT('',#4052);
#4054=CARTESIAN_POINT('',(-1.325E0,-2.25E-1,-9.464264917783E-1));
#4055=VERTEX_POINT('',#4054);
#4056=CARTESIAN_POINT('',(-1.325E0,-2.04E-1,-1.022970596711E0));
#4057=VERTEX_POINT('',#4056);
#4058=CARTESIAN_POINT('',(-1.325E0,-3.9E-1,-3.25E0));
#4059=CARTESIAN_POINT('',(-1.325E0,-4.434371866558E-1,-3.171534643463E0));
#4060=VERTEX_POINT('',#4058);
#4061=VERTEX_POINT('',#4059);
#4062=CARTESIAN_POINT('',(-1.325E0,-4.703875553379E-1,-3.1614891E0));
#4063=VERTEX_POINT('',#4062);
#4064=CARTESIAN_POINT('',(-1.325E0,-4.77517E-1,-3.162E0));
#4065=VERTEX_POINT('',#4064);
#4066=CARTESIAN_POINT('',(-1.325E0,-5.2751655E-1,-3.162E0));
#4067=VERTEX_POINT('',#4066);
#4068=CARTESIAN_POINT('',(-1.325E0,-5.2751655E-1,-2.852E0));
#4069=VERTEX_POINT('',#4068);
#4070=CARTESIAN_POINT('',(-1.175E0,-1.9E-1,-1.074E0));
#4071=CARTESIAN_POINT('',(-1.175E0,-1.9E-1,-1.282941277891E0));
#4072=VERTEX_POINT('',#4070);
#4073=VERTEX_POINT('',#4071);
#4074=CARTESIAN_POINT('',(-1.175E0,-2.3E-1,-4.83E-1));
#4075=CARTESIAN_POINT('',(-1.175E0,-2.3E-1,-6.49E-1));
#4076=VERTEX_POINT('',#4074);
#4077=VERTEX_POINT('',#4075);
#4078=CARTESIAN_POINT('',(-1.175E0,-1.934183067767E-1,-6.971658493463E-1));
#4079=VERTEX_POINT('',#4078);
#4080=CARTESIAN_POINT('',(-1.175E0,-1.94E-1,-7.527506756806E-1));
#4081=VERTEX_POINT('',#4080);
#4082=CARTESIAN_POINT('',(-1.175E0,-2.25E-1,-7.99E-1));
#4083=VERTEX_POINT('',#4082);
#4084=CARTESIAN_POINT('',(-1.175E0,-2.25E-1,-9.464264917783E-1));
#4085=VERTEX_POINT('',#4084);
#4086=CARTESIAN_POINT('',(-1.175E0,-2.04E-1,-1.022970596711E0));
#4087=VERTEX_POINT('',#4086);
#4088=CARTESIAN_POINT('',(-1.175E0,-3.9E-1,-3.25E0));
#4089=CARTESIAN_POINT('',(-1.175E0,-4.434371866558E-1,-3.171534643463E0));
#4090=VERTEX_POINT('',#4088);
#4091=VERTEX_POINT('',#4089);
#4092=CARTESIAN_POINT('',(-1.175E0,-4.703875553379E-1,-3.1614891E0));
#4093=VERTEX_POINT('',#4092);
#4094=CARTESIAN_POINT('',(-1.175E0,-4.77517E-1,-3.162E0));
#4095=VERTEX_POINT('',#4094);
#4096=CARTESIAN_POINT('',(-1.175E0,-5.2751655E-1,-3.162E0));
#4097=VERTEX_POINT('',#4096);
#4098=CARTESIAN_POINT('',(-1.175E0,-5.2751655E-1,-2.852E0));
#4099=VERTEX_POINT('',#4098);
#4100=CARTESIAN_POINT('',(-1.325E0,-1.749910691178E-1,-4.332515265418E-1));
#4101=CARTESIAN_POINT('',(-1.175E0,-1.749910691178E-1,-4.332515265418E-1));
#4102=VERTEX_POINT('',#4100);
#4103=VERTEX_POINT('',#4101);
#4104=CARTESIAN_POINT('',(-1.325E0,-1.87E-1,-1.3E0));
#4105=VERTEX_POINT('',#4104);
#4106=CARTESIAN_POINT('',(-1.325E0,-2.5E-1,-2.79E-1));
#4107=VERTEX_POINT('',#4106);
#4108=CARTESIAN_POINT('',(-1.325E0,-5.E-1,-2.813997849060E0));
#4109=VERTEX_POINT('',#4108);
#4110=CARTESIAN_POINT('',(-1.325E0,-2.2E-1,-3.25E0));
#4111=VERTEX_POINT('',#4110);
#4112=CARTESIAN_POINT('',(-1.175E0,-1.87E-1,-1.3E0));
#4113=VERTEX_POINT('',#4112);
#4114=CARTESIAN_POINT('',(-1.175E0,-2.5E-1,-2.79E-1));
#4115=VERTEX_POINT('',#4114);
#4116=CARTESIAN_POINT('',(-1.175E0,-5.E-1,-2.813997849060E0));
#4117=VERTEX_POINT('',#4116);
#4118=CARTESIAN_POINT('',(-1.175E0,-2.2E-1,-3.25E0));
#4119=VERTEX_POINT('',#4118);
#4120=CARTESIAN_POINT('',(-1.325E0,1.4E-1,-5.45E-1));
#4121=CARTESIAN_POINT('',(-1.325E0,1.3E-1,-5.45E-1));
#4122=VERTEX_POINT('',#4120);
#4123=VERTEX_POINT('',#4121);
#4124=CARTESIAN_POINT('',(-1.325E0,1.103210279297E-1,-5.214309583559E-1));
#4125=VERTEX_POINT('',#4124);
#4126=CARTESIAN_POINT('',(-1.175E0,1.4E-1,-5.45E-1));
#4127=CARTESIAN_POINT('',(-1.175E0,1.3E-1,-5.45E-1));
#4128=VERTEX_POINT('',#4126);
#4129=VERTEX_POINT('',#4127);
#4130=CARTESIAN_POINT('',(-1.175E0,1.103210279297E-1,-5.214309583559E-1));
#4131=VERTEX_POINT('',#4130);
#4132=CARTESIAN_POINT('',(-1.325E0,1.7E-1,-3.833466389119E-1));
#4133=VERTEX_POINT('',#4132);
#4134=CARTESIAN_POINT('',(-1.325E0,1.7E-1,-5.573466389119E-1));
#4135=VERTEX_POINT('',#4134);
#4136=CARTESIAN_POINT('',(-1.175E0,1.7E-1,-3.833466389119E-1));
#4137=VERTEX_POINT('',#4136);
#4138=CARTESIAN_POINT('',(-1.175E0,1.7E-1,-5.573466389119E-1));
#4139=VERTEX_POINT('',#4138);
#4140=CARTESIAN_POINT('',(-8.25E-1,-1.9E-1,-1.074E0));
#4141=CARTESIAN_POINT('',(-8.25E-1,-1.9E-1,-1.282941277891E0));
#4142=VERTEX_POINT('',#4140);
#4143=VERTEX_POINT('',#4141);
#4144=CARTESIAN_POINT('',(-8.25E-1,-2.3E-1,-4.83E-1));
#4145=CARTESIAN_POINT('',(-8.25E-1,-2.3E-1,-6.49E-1));
#4146=VERTEX_POINT('',#4144);
#4147=VERTEX_POINT('',#4145);
#4148=CARTESIAN_POINT('',(-8.25E-1,-1.934183067767E-1,-6.971658493463E-1));
#4149=VERTEX_POINT('',#4148);
#4150=CARTESIAN_POINT('',(-8.25E-1,-1.94E-1,-7.527506756806E-1));
#4151=VERTEX_POINT('',#4150);
#4152=CARTESIAN_POINT('',(-8.25E-1,-2.25E-1,-7.99E-1));
#4153=VERTEX_POINT('',#4152);
#4154=CARTESIAN_POINT('',(-8.25E-1,-2.25E-1,-9.464264917783E-1));
#4155=VERTEX_POINT('',#4154);
#4156=CARTESIAN_POINT('',(-8.25E-1,-2.04E-1,-1.022970596711E0));
#4157=VERTEX_POINT('',#4156);
#4158=CARTESIAN_POINT('',(-8.25E-1,-3.9E-1,-3.25E0));
#4159=CARTESIAN_POINT('',(-8.25E-1,-4.434371866558E-1,-3.171534643463E0));
#4160=VERTEX_POINT('',#4158);
#4161=VERTEX_POINT('',#4159);
#4162=CARTESIAN_POINT('',(-8.25E-1,-4.703875553379E-1,-3.1614891E0));
#4163=VERTEX_POINT('',#4162);
#4164=CARTESIAN_POINT('',(-8.25E-1,-4.77517E-1,-3.162E0));
#4165=VERTEX_POINT('',#4164);
#4166=CARTESIAN_POINT('',(-8.25E-1,-5.2751655E-1,-3.162E0));
#4167=VERTEX_POINT('',#4166);
#4168=CARTESIAN_POINT('',(-8.25E-1,-5.2751655E-1,-2.852E0));
#4169=VERTEX_POINT('',#4168);
#4170=CARTESIAN_POINT('',(-6.75E-1,-1.9E-1,-1.074E0));
#4171=CARTESIAN_POINT('',(-6.75E-1,-1.9E-1,-1.282941277891E0));
#4172=VERTEX_POINT('',#4170);
#4173=VERTEX_POINT('',#4171);
#4174=CARTESIAN_POINT('',(-6.75E-1,-2.3E-1,-4.83E-1));
#4175=CARTESIAN_POINT('',(-6.75E-1,-2.3E-1,-6.49E-1));
#4176=VERTEX_POINT('',#4174);
#4177=VERTEX_POINT('',#4175);
#4178=CARTESIAN_POINT('',(-6.75E-1,-1.934183067767E-1,-6.971658493463E-1));
#4179=VERTEX_POINT('',#4178);
#4180=CARTESIAN_POINT('',(-6.75E-1,-1.94E-1,-7.527506756806E-1));
#4181=VERTEX_POINT('',#4180);
#4182=CARTESIAN_POINT('',(-6.75E-1,-2.25E-1,-7.99E-1));
#4183=VERTEX_POINT('',#4182);
#4184=CARTESIAN_POINT('',(-6.75E-1,-2.25E-1,-9.464264917783E-1));
#4185=VERTEX_POINT('',#4184);
#4186=CARTESIAN_POINT('',(-6.75E-1,-2.04E-1,-1.022970596711E0));
#4187=VERTEX_POINT('',#4186);
#4188=CARTESIAN_POINT('',(-6.75E-1,-3.9E-1,-3.25E0));
#4189=CARTESIAN_POINT('',(-6.75E-1,-4.434371866558E-1,-3.171534643463E0));
#4190=VERTEX_POINT('',#4188);
#4191=VERTEX_POINT('',#4189);
#4192=CARTESIAN_POINT('',(-6.75E-1,-4.703875553379E-1,-3.1614891E0));
#4193=VERTEX_POINT('',#4192);
#4194=CARTESIAN_POINT('',(-6.75E-1,-4.77517E-1,-3.162E0));
#4195=VERTEX_POINT('',#4194);
#4196=CARTESIAN_POINT('',(-6.75E-1,-5.2751655E-1,-3.162E0));
#4197=VERTEX_POINT('',#4196);
#4198=CARTESIAN_POINT('',(-6.75E-1,-5.2751655E-1,-2.852E0));
#4199=VERTEX_POINT('',#4198);
#4200=CARTESIAN_POINT('',(-8.25E-1,-1.749910691178E-1,-4.332515265418E-1));
#4201=CARTESIAN_POINT('',(-6.75E-1,-1.749910691178E-1,-4.332515265418E-1));
#4202=VERTEX_POINT('',#4200);
#4203=VERTEX_POINT('',#4201);
#4204=CARTESIAN_POINT('',(-8.25E-1,-1.87E-1,-1.3E0));
#4205=VERTEX_POINT('',#4204);
#4206=CARTESIAN_POINT('',(-8.25E-1,-2.5E-1,-2.79E-1));
#4207=VERTEX_POINT('',#4206);
#4208=CARTESIAN_POINT('',(-8.25E-1,-5.E-1,-2.813997849060E0));
#4209=VERTEX_POINT('',#4208);
#4210=CARTESIAN_POINT('',(-8.25E-1,-2.2E-1,-3.25E0));
#4211=VERTEX_POINT('',#4210);
#4212=CARTESIAN_POINT('',(-6.75E-1,-1.87E-1,-1.3E0));
#4213=VERTEX_POINT('',#4212);
#4214=CARTESIAN_POINT('',(-6.75E-1,-2.5E-1,-2.79E-1));
#4215=VERTEX_POINT('',#4214);
#4216=CARTESIAN_POINT('',(-6.75E-1,-5.E-1,-2.813997849060E0));
#4217=VERTEX_POINT('',#4216);
#4218=CARTESIAN_POINT('',(-6.75E-1,-2.2E-1,-3.25E0));
#4219=VERTEX_POINT('',#4218);
#4220=CARTESIAN_POINT('',(-8.25E-1,1.4E-1,-5.45E-1));
#4221=CARTESIAN_POINT('',(-8.25E-1,1.3E-1,-5.45E-1));
#4222=VERTEX_POINT('',#4220);
#4223=VERTEX_POINT('',#4221);
#4224=CARTESIAN_POINT('',(-8.25E-1,1.103210279297E-1,-5.214309583559E-1));
#4225=VERTEX_POINT('',#4224);
#4226=CARTESIAN_POINT('',(-6.75E-1,1.4E-1,-5.45E-1));
#4227=CARTESIAN_POINT('',(-6.75E-1,1.3E-1,-5.45E-1));
#4228=VERTEX_POINT('',#4226);
#4229=VERTEX_POINT('',#4227);
#4230=CARTESIAN_POINT('',(-6.75E-1,1.103210279297E-1,-5.214309583559E-1));
#4231=VERTEX_POINT('',#4230);
#4232=CARTESIAN_POINT('',(-8.25E-1,1.7E-1,-3.833466389119E-1));
#4233=VERTEX_POINT('',#4232);
#4234=CARTESIAN_POINT('',(-8.25E-1,1.7E-1,-5.573466389119E-1));
#4235=VERTEX_POINT('',#4234);
#4236=CARTESIAN_POINT('',(-6.75E-1,1.7E-1,-3.833466389119E-1));
#4237=VERTEX_POINT('',#4236);
#4238=CARTESIAN_POINT('',(-6.75E-1,1.7E-1,-5.573466389119E-1));
#4239=VERTEX_POINT('',#4238);
#4240=CARTESIAN_POINT('',(-3.25E-1,-1.9E-1,-1.074E0));
#4241=CARTESIAN_POINT('',(-3.25E-1,-1.9E-1,-1.282941277891E0));
#4242=VERTEX_POINT('',#4240);
#4243=VERTEX_POINT('',#4241);
#4244=CARTESIAN_POINT('',(-3.25E-1,-2.3E-1,-4.83E-1));
#4245=CARTESIAN_POINT('',(-3.25E-1,-2.3E-1,-6.49E-1));
#4246=VERTEX_POINT('',#4244);
#4247=VERTEX_POINT('',#4245);
#4248=CARTESIAN_POINT('',(-3.25E-1,-1.934183067767E-1,-6.971658493463E-1));
#4249=VERTEX_POINT('',#4248);
#4250=CARTESIAN_POINT('',(-3.25E-1,-1.94E-1,-7.527506756806E-1));
#4251=VERTEX_POINT('',#4250);
#4252=CARTESIAN_POINT('',(-3.25E-1,-2.25E-1,-7.99E-1));
#4253=VERTEX_POINT('',#4252);
#4254=CARTESIAN_POINT('',(-3.25E-1,-2.25E-1,-9.464264917783E-1));
#4255=VERTEX_POINT('',#4254);
#4256=CARTESIAN_POINT('',(-3.25E-1,-2.04E-1,-1.022970596711E0));
#4257=VERTEX_POINT('',#4256);
#4258=CARTESIAN_POINT('',(-3.25E-1,-3.9E-1,-3.25E0));
#4259=CARTESIAN_POINT('',(-3.25E-1,-4.434371866558E-1,-3.171534643463E0));
#4260=VERTEX_POINT('',#4258);
#4261=VERTEX_POINT('',#4259);
#4262=CARTESIAN_POINT('',(-3.25E-1,-4.703875553379E-1,-3.1614891E0));
#4263=VERTEX_POINT('',#4262);
#4264=CARTESIAN_POINT('',(-3.25E-1,-4.77517E-1,-3.162E0));
#4265=VERTEX_POINT('',#4264);
#4266=CARTESIAN_POINT('',(-3.25E-1,-5.2751655E-1,-3.162E0));
#4267=VERTEX_POINT('',#4266);
#4268=CARTESIAN_POINT('',(-3.25E-1,-5.2751655E-1,-2.852E0));
#4269=VERTEX_POINT('',#4268);
#4270=CARTESIAN_POINT('',(-1.75E-1,-1.9E-1,-1.074E0));
#4271=CARTESIAN_POINT('',(-1.75E-1,-1.9E-1,-1.282941277891E0));
#4272=VERTEX_POINT('',#4270);
#4273=VERTEX_POINT('',#4271);
#4274=CARTESIAN_POINT('',(-1.75E-1,-2.3E-1,-4.83E-1));
#4275=CARTESIAN_POINT('',(-1.75E-1,-2.3E-1,-6.49E-1));
#4276=VERTEX_POINT('',#4274);
#4277=VERTEX_POINT('',#4275);
#4278=CARTESIAN_POINT('',(-1.75E-1,-1.934183067767E-1,-6.971658493463E-1));
#4279=VERTEX_POINT('',#4278);
#4280=CARTESIAN_POINT('',(-1.75E-1,-1.94E-1,-7.527506756806E-1));
#4281=VERTEX_POINT('',#4280);
#4282=CARTESIAN_POINT('',(-1.75E-1,-2.25E-1,-7.99E-1));
#4283=VERTEX_POINT('',#4282);
#4284=CARTESIAN_POINT('',(-1.75E-1,-2.25E-1,-9.464264917783E-1));
#4285=VERTEX_POINT('',#4284);
#4286=CARTESIAN_POINT('',(-1.75E-1,-2.04E-1,-1.022970596711E0));
#4287=VERTEX_POINT('',#4286);
#4288=CARTESIAN_POINT('',(-1.75E-1,-3.9E-1,-3.25E0));
#4289=CARTESIAN_POINT('',(-1.75E-1,-4.434371866558E-1,-3.171534643463E0));
#4290=VERTEX_POINT('',#4288);
#4291=VERTEX_POINT('',#4289);
#4292=CARTESIAN_POINT('',(-1.75E-1,-4.703875553379E-1,-3.1614891E0));
#4293=VERTEX_POINT('',#4292);
#4294=CARTESIAN_POINT('',(-1.75E-1,-4.77517E-1,-3.162E0));
#4295=VERTEX_POINT('',#4294);
#4296=CARTESIAN_POINT('',(-1.75E-1,-5.2751655E-1,-3.162E0));
#4297=VERTEX_POINT('',#4296);
#4298=CARTESIAN_POINT('',(-1.75E-1,-5.2751655E-1,-2.852E0));
#4299=VERTEX_POINT('',#4298);
#4300=CARTESIAN_POINT('',(-3.25E-1,-1.749910691178E-1,-4.332515265418E-1));
#4301=CARTESIAN_POINT('',(-1.75E-1,-1.749910691178E-1,-4.332515265418E-1));
#4302=VERTEX_POINT('',#4300);
#4303=VERTEX_POINT('',#4301);
#4304=CARTESIAN_POINT('',(-3.25E-1,-1.87E-1,-1.3E0));
#4305=VERTEX_POINT('',#4304);
#4306=CARTESIAN_POINT('',(-3.25E-1,-2.5E-1,-2.79E-1));
#4307=VERTEX_POINT('',#4306);
#4308=CARTESIAN_POINT('',(-3.25E-1,-5.E-1,-2.813997849060E0));
#4309=VERTEX_POINT('',#4308);
#4310=CARTESIAN_POINT('',(-3.25E-1,-2.2E-1,-3.25E0));
#4311=VERTEX_POINT('',#4310);
#4312=CARTESIAN_POINT('',(-1.75E-1,-1.87E-1,-1.3E0));
#4313=VERTEX_POINT('',#4312);
#4314=CARTESIAN_POINT('',(-1.75E-1,-2.5E-1,-2.79E-1));
#4315=VERTEX_POINT('',#4314);
#4316=CARTESIAN_POINT('',(-1.75E-1,-5.E-1,-2.813997849060E0));
#4317=VERTEX_POINT('',#4316);
#4318=CARTESIAN_POINT('',(-1.75E-1,-2.2E-1,-3.25E0));
#4319=VERTEX_POINT('',#4318);
#4320=CARTESIAN_POINT('',(-3.25E-1,1.4E-1,-5.45E-1));
#4321=CARTESIAN_POINT('',(-3.25E-1,1.3E-1,-5.45E-1));
#4322=VERTEX_POINT('',#4320);
#4323=VERTEX_POINT('',#4321);
#4324=CARTESIAN_POINT('',(-3.25E-1,1.103210279297E-1,-5.214309583559E-1));
#4325=VERTEX_POINT('',#4324);
#4326=CARTESIAN_POINT('',(-1.75E-1,1.4E-1,-5.45E-1));
#4327=CARTESIAN_POINT('',(-1.75E-1,1.3E-1,-5.45E-1));
#4328=VERTEX_POINT('',#4326);
#4329=VERTEX_POINT('',#4327);
#4330=CARTESIAN_POINT('',(-1.75E-1,1.103210279297E-1,-5.214309583559E-1));
#4331=VERTEX_POINT('',#4330);
#4332=CARTESIAN_POINT('',(-3.25E-1,1.7E-1,-3.833466389119E-1));
#4333=VERTEX_POINT('',#4332);
#4334=CARTESIAN_POINT('',(-3.25E-1,1.7E-1,-5.573466389119E-1));
#4335=VERTEX_POINT('',#4334);
#4336=CARTESIAN_POINT('',(-1.75E-1,1.7E-1,-3.833466389119E-1));
#4337=VERTEX_POINT('',#4336);
#4338=CARTESIAN_POINT('',(-1.75E-1,1.7E-1,-5.573466389119E-1));
#4339=VERTEX_POINT('',#4338);
#4340=CARTESIAN_POINT('',(-1.325E0,-5.E-1,-2.9E0));
#4341=VERTEX_POINT('',#4340);
#4342=CARTESIAN_POINT('',(-1.175E0,-5.E-1,-2.9E0));
#4343=VERTEX_POINT('',#4342);
#4344=CARTESIAN_POINT('',(-1.325E0,-2.2E-1,-2.9E0));
#4345=VERTEX_POINT('',#4344);
#4346=CARTESIAN_POINT('',(-1.175E0,-2.2E-1,-2.9E0));
#4347=VERTEX_POINT('',#4346);
#4348=CARTESIAN_POINT('',(-1.325E0,-2.5E-1,-1.3E0));
#4349=VERTEX_POINT('',#4348);
#4350=CARTESIAN_POINT('',(-1.175E0,-2.5E-1,-1.3E0));
#4351=VERTEX_POINT('',#4350);
#4352=CARTESIAN_POINT('',(-8.25E-1,-5.E-1,-2.9E0));
#4353=VERTEX_POINT('',#4352);
#4354=CARTESIAN_POINT('',(-6.75E-1,-5.E-1,-2.9E0));
#4355=VERTEX_POINT('',#4354);
#4356=CARTESIAN_POINT('',(-8.25E-1,-2.2E-1,-2.9E0));
#4357=VERTEX_POINT('',#4356);
#4358=CARTESIAN_POINT('',(-6.75E-1,-2.2E-1,-2.9E0));
#4359=VERTEX_POINT('',#4358);
#4360=CARTESIAN_POINT('',(-8.25E-1,-2.5E-1,-1.3E0));
#4361=VERTEX_POINT('',#4360);
#4362=CARTESIAN_POINT('',(-6.75E-1,-2.5E-1,-1.3E0));
#4363=VERTEX_POINT('',#4362);
#4364=CARTESIAN_POINT('',(-3.25E-1,-5.E-1,-2.9E0));
#4365=VERTEX_POINT('',#4364);
#4366=CARTESIAN_POINT('',(-1.75E-1,-5.E-1,-2.9E0));
#4367=VERTEX_POINT('',#4366);
#4368=CARTESIAN_POINT('',(-3.25E-1,-2.2E-1,-2.9E0));
#4369=VERTEX_POINT('',#4368);
#4370=CARTESIAN_POINT('',(-1.75E-1,-2.2E-1,-2.9E0));
#4371=VERTEX_POINT('',#4370);
#4372=CARTESIAN_POINT('',(-3.25E-1,-2.5E-1,-1.3E0));
#4373=VERTEX_POINT('',#4372);
#4374=CARTESIAN_POINT('',(-1.75E-1,-2.5E-1,-1.3E0));
#4375=VERTEX_POINT('',#4374);
#4376=CARTESIAN_POINT('',(1.75E-1,-1.9E-1,-1.074E0));
#4377=CARTESIAN_POINT('',(1.75E-1,-1.9E-1,-1.282941277891E0));
#4378=VERTEX_POINT('',#4376);
#4379=VERTEX_POINT('',#4377);
#4380=CARTESIAN_POINT('',(1.75E-1,-2.3E-1,-4.83E-1));
#4381=CARTESIAN_POINT('',(1.75E-1,-2.3E-1,-6.49E-1));
#4382=VERTEX_POINT('',#4380);
#4383=VERTEX_POINT('',#4381);
#4384=CARTESIAN_POINT('',(1.75E-1,-1.934183067767E-1,-6.971658493463E-1));
#4385=VERTEX_POINT('',#4384);
#4386=CARTESIAN_POINT('',(1.75E-1,-1.94E-1,-7.527506756806E-1));
#4387=VERTEX_POINT('',#4386);
#4388=CARTESIAN_POINT('',(1.75E-1,-2.25E-1,-7.99E-1));
#4389=VERTEX_POINT('',#4388);
#4390=CARTESIAN_POINT('',(1.75E-1,-2.25E-1,-9.464264917783E-1));
#4391=VERTEX_POINT('',#4390);
#4392=CARTESIAN_POINT('',(1.75E-1,-2.04E-1,-1.022970596711E0));
#4393=VERTEX_POINT('',#4392);
#4394=CARTESIAN_POINT('',(1.75E-1,-3.9E-1,-3.25E0));
#4395=CARTESIAN_POINT('',(1.75E-1,-4.434371866558E-1,-3.171534643463E0));
#4396=VERTEX_POINT('',#4394);
#4397=VERTEX_POINT('',#4395);
#4398=CARTESIAN_POINT('',(1.75E-1,-4.703875553379E-1,-3.1614891E0));
#4399=VERTEX_POINT('',#4398);
#4400=CARTESIAN_POINT('',(1.75E-1,-4.77517E-1,-3.162E0));
#4401=VERTEX_POINT('',#4400);
#4402=CARTESIAN_POINT('',(1.75E-1,-5.2751655E-1,-3.162E0));
#4403=VERTEX_POINT('',#4402);
#4404=CARTESIAN_POINT('',(1.75E-1,-5.2751655E-1,-2.852E0));
#4405=VERTEX_POINT('',#4404);
#4406=CARTESIAN_POINT('',(3.25E-1,-1.9E-1,-1.074E0));
#4407=CARTESIAN_POINT('',(3.25E-1,-1.9E-1,-1.282941277891E0));
#4408=VERTEX_POINT('',#4406);
#4409=VERTEX_POINT('',#4407);
#4410=CARTESIAN_POINT('',(3.25E-1,-2.3E-1,-4.83E-1));
#4411=CARTESIAN_POINT('',(3.25E-1,-2.3E-1,-6.49E-1));
#4412=VERTEX_POINT('',#4410);
#4413=VERTEX_POINT('',#4411);
#4414=CARTESIAN_POINT('',(3.25E-1,-1.934183067767E-1,-6.971658493463E-1));
#4415=VERTEX_POINT('',#4414);
#4416=CARTESIAN_POINT('',(3.25E-1,-1.94E-1,-7.527506756806E-1));
#4417=VERTEX_POINT('',#4416);
#4418=CARTESIAN_POINT('',(3.25E-1,-2.25E-1,-7.99E-1));
#4419=VERTEX_POINT('',#4418);
#4420=CARTESIAN_POINT('',(3.25E-1,-2.25E-1,-9.464264917783E-1));
#4421=VERTEX_POINT('',#4420);
#4422=CARTESIAN_POINT('',(3.25E-1,-2.04E-1,-1.022970596711E0));
#4423=VERTEX_POINT('',#4422);
#4424=CARTESIAN_POINT('',(3.25E-1,-3.9E-1,-3.25E0));
#4425=CARTESIAN_POINT('',(3.25E-1,-4.434371866558E-1,-3.171534643463E0));
#4426=VERTEX_POINT('',#4424);
#4427=VERTEX_POINT('',#4425);
#4428=CARTESIAN_POINT('',(3.25E-1,-4.703875553379E-1,-3.1614891E0));
#4429=VERTEX_POINT('',#4428);
#4430=CARTESIAN_POINT('',(3.25E-1,-4.77517E-1,-3.162E0));
#4431=VERTEX_POINT('',#4430);
#4432=CARTESIAN_POINT('',(3.25E-1,-5.2751655E-1,-3.162E0));
#4433=VERTEX_POINT('',#4432);
#4434=CARTESIAN_POINT('',(3.25E-1,-5.2751655E-1,-2.852E0));
#4435=VERTEX_POINT('',#4434);
#4436=CARTESIAN_POINT('',(1.75E-1,-1.749910691178E-1,-4.332515265418E-1));
#4437=CARTESIAN_POINT('',(3.25E-1,-1.749910691178E-1,-4.332515265418E-1));
#4438=VERTEX_POINT('',#4436);
#4439=VERTEX_POINT('',#4437);
#4440=CARTESIAN_POINT('',(1.75E-1,-1.87E-1,-1.3E0));
#4441=VERTEX_POINT('',#4440);
#4442=CARTESIAN_POINT('',(1.75E-1,-2.5E-1,-2.79E-1));
#4443=VERTEX_POINT('',#4442);
#4444=CARTESIAN_POINT('',(1.75E-1,-5.E-1,-2.813997849060E0));
#4445=VERTEX_POINT('',#4444);
#4446=CARTESIAN_POINT('',(1.75E-1,-2.2E-1,-3.25E0));
#4447=VERTEX_POINT('',#4446);
#4448=CARTESIAN_POINT('',(3.25E-1,-1.87E-1,-1.3E0));
#4449=VERTEX_POINT('',#4448);
#4450=CARTESIAN_POINT('',(3.25E-1,-2.5E-1,-2.79E-1));
#4451=VERTEX_POINT('',#4450);
#4452=CARTESIAN_POINT('',(3.25E-1,-5.E-1,-2.813997849060E0));
#4453=VERTEX_POINT('',#4452);
#4454=CARTESIAN_POINT('',(3.25E-1,-2.2E-1,-3.25E0));
#4455=VERTEX_POINT('',#4454);
#4456=CARTESIAN_POINT('',(1.75E-1,1.4E-1,-5.45E-1));
#4457=CARTESIAN_POINT('',(1.75E-1,1.3E-1,-5.45E-1));
#4458=VERTEX_POINT('',#4456);
#4459=VERTEX_POINT('',#4457);
#4460=CARTESIAN_POINT('',(1.75E-1,1.103210279297E-1,-5.214309583559E-1));
#4461=VERTEX_POINT('',#4460);
#4462=CARTESIAN_POINT('',(3.25E-1,1.4E-1,-5.45E-1));
#4463=CARTESIAN_POINT('',(3.25E-1,1.3E-1,-5.45E-1));
#4464=VERTEX_POINT('',#4462);
#4465=VERTEX_POINT('',#4463);
#4466=CARTESIAN_POINT('',(3.25E-1,1.103210279297E-1,-5.214309583559E-1));
#4467=VERTEX_POINT('',#4466);
#4468=CARTESIAN_POINT('',(1.75E-1,1.7E-1,-3.833466389119E-1));
#4469=VERTEX_POINT('',#4468);
#4470=CARTESIAN_POINT('',(1.75E-1,1.7E-1,-5.573466389119E-1));
#4471=VERTEX_POINT('',#4470);
#4472=CARTESIAN_POINT('',(3.25E-1,1.7E-1,-3.833466389119E-1));
#4473=VERTEX_POINT('',#4472);
#4474=CARTESIAN_POINT('',(3.25E-1,1.7E-1,-5.573466389119E-1));
#4475=VERTEX_POINT('',#4474);
#4476=CARTESIAN_POINT('',(6.75E-1,-1.9E-1,-1.074E0));
#4477=CARTESIAN_POINT('',(6.75E-1,-1.9E-1,-1.282941277891E0));
#4478=VERTEX_POINT('',#4476);
#4479=VERTEX_POINT('',#4477);
#4480=CARTESIAN_POINT('',(6.75E-1,-2.3E-1,-4.83E-1));
#4481=CARTESIAN_POINT('',(6.75E-1,-2.3E-1,-6.49E-1));
#4482=VERTEX_POINT('',#4480);
#4483=VERTEX_POINT('',#4481);
#4484=CARTESIAN_POINT('',(6.75E-1,-1.934183067767E-1,-6.971658493463E-1));
#4485=VERTEX_POINT('',#4484);
#4486=CARTESIAN_POINT('',(6.75E-1,-1.94E-1,-7.527506756806E-1));
#4487=VERTEX_POINT('',#4486);
#4488=CARTESIAN_POINT('',(6.75E-1,-2.25E-1,-7.99E-1));
#4489=VERTEX_POINT('',#4488);
#4490=CARTESIAN_POINT('',(6.75E-1,-2.25E-1,-9.464264917783E-1));
#4491=VERTEX_POINT('',#4490);
#4492=CARTESIAN_POINT('',(6.75E-1,-2.04E-1,-1.022970596711E0));
#4493=VERTEX_POINT('',#4492);
#4494=CARTESIAN_POINT('',(6.75E-1,-3.9E-1,-3.25E0));
#4495=CARTESIAN_POINT('',(6.75E-1,-4.434371866558E-1,-3.171534643463E0));
#4496=VERTEX_POINT('',#4494);
#4497=VERTEX_POINT('',#4495);
#4498=CARTESIAN_POINT('',(6.75E-1,-4.703875553379E-1,-3.1614891E0));
#4499=VERTEX_POINT('',#4498);
#4500=CARTESIAN_POINT('',(6.75E-1,-4.77517E-1,-3.162E0));
#4501=VERTEX_POINT('',#4500);
#4502=CARTESIAN_POINT('',(6.75E-1,-5.2751655E-1,-3.162E0));
#4503=VERTEX_POINT('',#4502);
#4504=CARTESIAN_POINT('',(6.75E-1,-5.2751655E-1,-2.852E0));
#4505=VERTEX_POINT('',#4504);
#4506=CARTESIAN_POINT('',(8.25E-1,-1.9E-1,-1.074E0));
#4507=CARTESIAN_POINT('',(8.25E-1,-1.9E-1,-1.282941277891E0));
#4508=VERTEX_POINT('',#4506);
#4509=VERTEX_POINT('',#4507);
#4510=CARTESIAN_POINT('',(8.25E-1,-2.3E-1,-4.83E-1));
#4511=CARTESIAN_POINT('',(8.25E-1,-2.3E-1,-6.49E-1));
#4512=VERTEX_POINT('',#4510);
#4513=VERTEX_POINT('',#4511);
#4514=CARTESIAN_POINT('',(8.25E-1,-1.934183067767E-1,-6.971658493463E-1));
#4515=VERTEX_POINT('',#4514);
#4516=CARTESIAN_POINT('',(8.25E-1,-1.94E-1,-7.527506756806E-1));
#4517=VERTEX_POINT('',#4516);
#4518=CARTESIAN_POINT('',(8.25E-1,-2.25E-1,-7.99E-1));
#4519=VERTEX_POINT('',#4518);
#4520=CARTESIAN_POINT('',(8.25E-1,-2.25E-1,-9.464264917783E-1));
#4521=VERTEX_POINT('',#4520);
#4522=CARTESIAN_POINT('',(8.25E-1,-2.04E-1,-1.022970596711E0));
#4523=VERTEX_POINT('',#4522);
#4524=CARTESIAN_POINT('',(8.25E-1,-3.9E-1,-3.25E0));
#4525=CARTESIAN_POINT('',(8.25E-1,-4.434371866558E-1,-3.171534643463E0));
#4526=VERTEX_POINT('',#4524);
#4527=VERTEX_POINT('',#4525);
#4528=CARTESIAN_POINT('',(8.25E-1,-4.703875553379E-1,-3.1614891E0));
#4529=VERTEX_POINT('',#4528);
#4530=CARTESIAN_POINT('',(8.25E-1,-4.77517E-1,-3.162E0));
#4531=VERTEX_POINT('',#4530);
#4532=CARTESIAN_POINT('',(8.25E-1,-5.2751655E-1,-3.162E0));
#4533=VERTEX_POINT('',#4532);
#4534=CARTESIAN_POINT('',(8.25E-1,-5.2751655E-1,-2.852E0));
#4535=VERTEX_POINT('',#4534);
#4536=CARTESIAN_POINT('',(6.75E-1,-1.749910691178E-1,-4.332515265418E-1));
#4537=CARTESIAN_POINT('',(8.25E-1,-1.749910691178E-1,-4.332515265418E-1));
#4538=VERTEX_POINT('',#4536);
#4539=VERTEX_POINT('',#4537);
#4540=CARTESIAN_POINT('',(6.75E-1,-1.87E-1,-1.3E0));
#4541=VERTEX_POINT('',#4540);
#4542=CARTESIAN_POINT('',(6.75E-1,-2.5E-1,-2.79E-1));
#4543=VERTEX_POINT('',#4542);
#4544=CARTESIAN_POINT('',(6.75E-1,-5.E-1,-2.813997849060E0));
#4545=VERTEX_POINT('',#4544);
#4546=CARTESIAN_POINT('',(6.75E-1,-2.2E-1,-3.25E0));
#4547=VERTEX_POINT('',#4546);
#4548=CARTESIAN_POINT('',(8.25E-1,-1.87E-1,-1.3E0));
#4549=VERTEX_POINT('',#4548);
#4550=CARTESIAN_POINT('',(8.25E-1,-2.5E-1,-2.79E-1));
#4551=VERTEX_POINT('',#4550);
#4552=CARTESIAN_POINT('',(8.25E-1,-5.E-1,-2.813997849060E0));
#4553=VERTEX_POINT('',#4552);
#4554=CARTESIAN_POINT('',(8.25E-1,-2.2E-1,-3.25E0));
#4555=VERTEX_POINT('',#4554);
#4556=CARTESIAN_POINT('',(6.75E-1,1.4E-1,-5.45E-1));
#4557=CARTESIAN_POINT('',(6.75E-1,1.3E-1,-5.45E-1));
#4558=VERTEX_POINT('',#4556);
#4559=VERTEX_POINT('',#4557);
#4560=CARTESIAN_POINT('',(6.75E-1,1.103210279297E-1,-5.214309583559E-1));
#4561=VERTEX_POINT('',#4560);
#4562=CARTESIAN_POINT('',(8.25E-1,1.4E-1,-5.45E-1));
#4563=CARTESIAN_POINT('',(8.25E-1,1.3E-1,-5.45E-1));
#4564=VERTEX_POINT('',#4562);
#4565=VERTEX_POINT('',#4563);
#4566=CARTESIAN_POINT('',(8.25E-1,1.103210279297E-1,-5.214309583559E-1));
#4567=VERTEX_POINT('',#4566);
#4568=CARTESIAN_POINT('',(6.75E-1,1.7E-1,-3.833466389119E-1));
#4569=VERTEX_POINT('',#4568);
#4570=CARTESIAN_POINT('',(6.75E-1,1.7E-1,-5.573466389119E-1));
#4571=VERTEX_POINT('',#4570);
#4572=CARTESIAN_POINT('',(8.25E-1,1.7E-1,-3.833466389119E-1));
#4573=VERTEX_POINT('',#4572);
#4574=CARTESIAN_POINT('',(8.25E-1,1.7E-1,-5.573466389119E-1));
#4575=VERTEX_POINT('',#4574);
#4576=CARTESIAN_POINT('',(1.75E-1,-5.E-1,-2.9E0));
#4577=VERTEX_POINT('',#4576);
#4578=CARTESIAN_POINT('',(3.25E-1,-5.E-1,-2.9E0));
#4579=VERTEX_POINT('',#4578);
#4580=CARTESIAN_POINT('',(1.75E-1,-2.2E-1,-2.9E0));
#4581=VERTEX_POINT('',#4580);
#4582=CARTESIAN_POINT('',(3.25E-1,-2.2E-1,-2.9E0));
#4583=VERTEX_POINT('',#4582);
#4584=CARTESIAN_POINT('',(1.75E-1,-2.5E-1,-1.3E0));
#4585=VERTEX_POINT('',#4584);
#4586=CARTESIAN_POINT('',(3.25E-1,-2.5E-1,-1.3E0));
#4587=VERTEX_POINT('',#4586);
#4588=CARTESIAN_POINT('',(6.75E-1,-5.E-1,-2.9E0));
#4589=VERTEX_POINT('',#4588);
#4590=CARTESIAN_POINT('',(8.25E-1,-5.E-1,-2.9E0));
#4591=VERTEX_POINT('',#4590);
#4592=CARTESIAN_POINT('',(6.75E-1,-2.2E-1,-2.9E0));
#4593=VERTEX_POINT('',#4592);
#4594=CARTESIAN_POINT('',(8.25E-1,-2.2E-1,-2.9E0));
#4595=VERTEX_POINT('',#4594);
#4596=CARTESIAN_POINT('',(6.75E-1,-2.5E-1,-1.3E0));
#4597=VERTEX_POINT('',#4596);
#4598=CARTESIAN_POINT('',(8.25E-1,-2.5E-1,-1.3E0));
#4599=VERTEX_POINT('',#4598);
#4600=CARTESIAN_POINT('',(1.175E0,-1.9E-1,-1.074E0));
#4601=CARTESIAN_POINT('',(1.175E0,-1.9E-1,-1.282941277891E0));
#4602=VERTEX_POINT('',#4600);
#4603=VERTEX_POINT('',#4601);
#4604=CARTESIAN_POINT('',(1.175E0,-2.3E-1,-4.83E-1));
#4605=CARTESIAN_POINT('',(1.175E0,-2.3E-1,-6.49E-1));
#4606=VERTEX_POINT('',#4604);
#4607=VERTEX_POINT('',#4605);
#4608=CARTESIAN_POINT('',(1.175E0,-1.934183067767E-1,-6.971658493463E-1));
#4609=VERTEX_POINT('',#4608);
#4610=CARTESIAN_POINT('',(1.175E0,-1.94E-1,-7.527506756806E-1));
#4611=VERTEX_POINT('',#4610);
#4612=CARTESIAN_POINT('',(1.175E0,-2.25E-1,-7.99E-1));
#4613=VERTEX_POINT('',#4612);
#4614=CARTESIAN_POINT('',(1.175E0,-2.25E-1,-9.464264917783E-1));
#4615=VERTEX_POINT('',#4614);
#4616=CARTESIAN_POINT('',(1.175E0,-2.04E-1,-1.022970596711E0));
#4617=VERTEX_POINT('',#4616);
#4618=CARTESIAN_POINT('',(1.175E0,-3.9E-1,-3.25E0));
#4619=CARTESIAN_POINT('',(1.175E0,-4.434371866558E-1,-3.171534643463E0));
#4620=VERTEX_POINT('',#4618);
#4621=VERTEX_POINT('',#4619);
#4622=CARTESIAN_POINT('',(1.175E0,-4.703875553379E-1,-3.1614891E0));
#4623=VERTEX_POINT('',#4622);
#4624=CARTESIAN_POINT('',(1.175E0,-4.77517E-1,-3.162E0));
#4625=VERTEX_POINT('',#4624);
#4626=CARTESIAN_POINT('',(1.175E0,-5.2751655E-1,-3.162E0));
#4627=VERTEX_POINT('',#4626);
#4628=CARTESIAN_POINT('',(1.175E0,-5.2751655E-1,-2.852E0));
#4629=VERTEX_POINT('',#4628);
#4630=CARTESIAN_POINT('',(1.325E0,-1.9E-1,-1.074E0));
#4631=CARTESIAN_POINT('',(1.325E0,-1.9E-1,-1.282941277891E0));
#4632=VERTEX_POINT('',#4630);
#4633=VERTEX_POINT('',#4631);
#4634=CARTESIAN_POINT('',(1.325E0,-2.3E-1,-4.83E-1));
#4635=CARTESIAN_POINT('',(1.325E0,-2.3E-1,-6.49E-1));
#4636=VERTEX_POINT('',#4634);
#4637=VERTEX_POINT('',#4635);
#4638=CARTESIAN_POINT('',(1.325E0,-1.934183067767E-1,-6.971658493463E-1));
#4639=VERTEX_POINT('',#4638);
#4640=CARTESIAN_POINT('',(1.325E0,-1.94E-1,-7.527506756806E-1));
#4641=VERTEX_POINT('',#4640);
#4642=CARTESIAN_POINT('',(1.325E0,-2.25E-1,-7.99E-1));
#4643=VERTEX_POINT('',#4642);
#4644=CARTESIAN_POINT('',(1.325E0,-2.25E-1,-9.464264917783E-1));
#4645=VERTEX_POINT('',#4644);
#4646=CARTESIAN_POINT('',(1.325E0,-2.04E-1,-1.022970596711E0));
#4647=VERTEX_POINT('',#4646);
#4648=CARTESIAN_POINT('',(1.325E0,-3.9E-1,-3.25E0));
#4649=CARTESIAN_POINT('',(1.325E0,-4.434371866558E-1,-3.171534643463E0));
#4650=VERTEX_POINT('',#4648);
#4651=VERTEX_POINT('',#4649);
#4652=CARTESIAN_POINT('',(1.325E0,-4.703875553379E-1,-3.1614891E0));
#4653=VERTEX_POINT('',#4652);
#4654=CARTESIAN_POINT('',(1.325E0,-4.77517E-1,-3.162E0));
#4655=VERTEX_POINT('',#4654);
#4656=CARTESIAN_POINT('',(1.325E0,-5.2751655E-1,-3.162E0));
#4657=VERTEX_POINT('',#4656);
#4658=CARTESIAN_POINT('',(1.325E0,-5.2751655E-1,-2.852E0));
#4659=VERTEX_POINT('',#4658);
#4660=CARTESIAN_POINT('',(1.175E0,-1.749910691178E-1,-4.332515265418E-1));
#4661=CARTESIAN_POINT('',(1.325E0,-1.749910691178E-1,-4.332515265418E-1));
#4662=VERTEX_POINT('',#4660);
#4663=VERTEX_POINT('',#4661);
#4664=CARTESIAN_POINT('',(1.175E0,-1.87E-1,-1.3E0));
#4665=VERTEX_POINT('',#4664);
#4666=CARTESIAN_POINT('',(1.175E0,-2.5E-1,-2.79E-1));
#4667=VERTEX_POINT('',#4666);
#4668=CARTESIAN_POINT('',(1.175E0,-5.E-1,-2.813997849060E0));
#4669=VERTEX_POINT('',#4668);
#4670=CARTESIAN_POINT('',(1.175E0,-2.2E-1,-3.25E0));
#4671=VERTEX_POINT('',#4670);
#4672=CARTESIAN_POINT('',(1.325E0,-1.87E-1,-1.3E0));
#4673=VERTEX_POINT('',#4672);
#4674=CARTESIAN_POINT('',(1.325E0,-2.5E-1,-2.79E-1));
#4675=VERTEX_POINT('',#4674);
#4676=CARTESIAN_POINT('',(1.325E0,-5.E-1,-2.813997849060E0));
#4677=VERTEX_POINT('',#4676);
#4678=CARTESIAN_POINT('',(1.325E0,-2.2E-1,-3.25E0));
#4679=VERTEX_POINT('',#4678);
#4680=CARTESIAN_POINT('',(1.175E0,1.4E-1,-5.45E-1));
#4681=CARTESIAN_POINT('',(1.175E0,1.3E-1,-5.45E-1));
#4682=VERTEX_POINT('',#4680);
#4683=VERTEX_POINT('',#4681);
#4684=CARTESIAN_POINT('',(1.175E0,1.103210279297E-1,-5.214309583559E-1));
#4685=VERTEX_POINT('',#4684);
#4686=CARTESIAN_POINT('',(1.325E0,1.4E-1,-5.45E-1));
#4687=CARTESIAN_POINT('',(1.325E0,1.3E-1,-5.45E-1));
#4688=VERTEX_POINT('',#4686);
#4689=VERTEX_POINT('',#4687);
#4690=CARTESIAN_POINT('',(1.325E0,1.103210279297E-1,-5.214309583559E-1));
#4691=VERTEX_POINT('',#4690);
#4692=CARTESIAN_POINT('',(1.175E0,1.7E-1,-3.833466389119E-1));
#4693=VERTEX_POINT('',#4692);
#4694=CARTESIAN_POINT('',(1.175E0,1.7E-1,-5.573466389119E-1));
#4695=VERTEX_POINT('',#4694);
#4696=CARTESIAN_POINT('',(1.325E0,1.7E-1,-3.833466389119E-1));
#4697=VERTEX_POINT('',#4696);
#4698=CARTESIAN_POINT('',(1.325E0,1.7E-1,-5.573466389119E-1));
#4699=VERTEX_POINT('',#4698);
#4700=CARTESIAN_POINT('',(1.675E0,-1.9E-1,-1.074E0));
#4701=CARTESIAN_POINT('',(1.675E0,-1.9E-1,-1.282941277891E0));
#4702=VERTEX_POINT('',#4700);
#4703=VERTEX_POINT('',#4701);
#4704=CARTESIAN_POINT('',(1.675E0,-2.3E-1,-4.83E-1));
#4705=CARTESIAN_POINT('',(1.675E0,-2.3E-1,-6.49E-1));
#4706=VERTEX_POINT('',#4704);
#4707=VERTEX_POINT('',#4705);
#4708=CARTESIAN_POINT('',(1.675E0,-1.934183067767E-1,-6.971658493463E-1));
#4709=VERTEX_POINT('',#4708);
#4710=CARTESIAN_POINT('',(1.675E0,-1.94E-1,-7.527506756806E-1));
#4711=VERTEX_POINT('',#4710);
#4712=CARTESIAN_POINT('',(1.675E0,-2.25E-1,-7.99E-1));
#4713=VERTEX_POINT('',#4712);
#4714=CARTESIAN_POINT('',(1.675E0,-2.25E-1,-9.464264917783E-1));
#4715=VERTEX_POINT('',#4714);
#4716=CARTESIAN_POINT('',(1.675E0,-2.04E-1,-1.022970596711E0));
#4717=VERTEX_POINT('',#4716);
#4718=CARTESIAN_POINT('',(1.675E0,-3.9E-1,-3.25E0));
#4719=CARTESIAN_POINT('',(1.675E0,-4.434371866558E-1,-3.171534643463E0));
#4720=VERTEX_POINT('',#4718);
#4721=VERTEX_POINT('',#4719);
#4722=CARTESIAN_POINT('',(1.675E0,-4.703875553379E-1,-3.1614891E0));
#4723=VERTEX_POINT('',#4722);
#4724=CARTESIAN_POINT('',(1.675E0,-4.77517E-1,-3.162E0));
#4725=VERTEX_POINT('',#4724);
#4726=CARTESIAN_POINT('',(1.675E0,-5.2751655E-1,-3.162E0));
#4727=VERTEX_POINT('',#4726);
#4728=CARTESIAN_POINT('',(1.675E0,-5.2751655E-1,-2.852E0));
#4729=VERTEX_POINT('',#4728);
#4730=CARTESIAN_POINT('',(1.825E0,-1.9E-1,-1.074E0));
#4731=CARTESIAN_POINT('',(1.825E0,-1.9E-1,-1.282941277891E0));
#4732=VERTEX_POINT('',#4730);
#4733=VERTEX_POINT('',#4731);
#4734=CARTESIAN_POINT('',(1.825E0,-2.3E-1,-4.83E-1));
#4735=CARTESIAN_POINT('',(1.825E0,-2.3E-1,-6.49E-1));
#4736=VERTEX_POINT('',#4734);
#4737=VERTEX_POINT('',#4735);
#4738=CARTESIAN_POINT('',(1.825E0,-1.934183067767E-1,-6.971658493463E-1));
#4739=VERTEX_POINT('',#4738);
#4740=CARTESIAN_POINT('',(1.825E0,-1.94E-1,-7.527506756806E-1));
#4741=VERTEX_POINT('',#4740);
#4742=CARTESIAN_POINT('',(1.825E0,-2.25E-1,-7.99E-1));
#4743=VERTEX_POINT('',#4742);
#4744=CARTESIAN_POINT('',(1.825E0,-2.25E-1,-9.464264917783E-1));
#4745=VERTEX_POINT('',#4744);
#4746=CARTESIAN_POINT('',(1.825E0,-2.04E-1,-1.022970596711E0));
#4747=VERTEX_POINT('',#4746);
#4748=CARTESIAN_POINT('',(1.825E0,-3.9E-1,-3.25E0));
#4749=CARTESIAN_POINT('',(1.825E0,-4.434371866558E-1,-3.171534643463E0));
#4750=VERTEX_POINT('',#4748);
#4751=VERTEX_POINT('',#4749);
#4752=CARTESIAN_POINT('',(1.825E0,-4.703875553379E-1,-3.1614891E0));
#4753=VERTEX_POINT('',#4752);
#4754=CARTESIAN_POINT('',(1.825E0,-4.77517E-1,-3.162E0));
#4755=VERTEX_POINT('',#4754);
#4756=CARTESIAN_POINT('',(1.825E0,-5.2751655E-1,-3.162E0));
#4757=VERTEX_POINT('',#4756);
#4758=CARTESIAN_POINT('',(1.825E0,-5.2751655E-1,-2.852E0));
#4759=VERTEX_POINT('',#4758);
#4760=CARTESIAN_POINT('',(1.675E0,-1.749910691178E-1,-4.332515265418E-1));
#4761=CARTESIAN_POINT('',(1.825E0,-1.749910691178E-1,-4.332515265418E-1));
#4762=VERTEX_POINT('',#4760);
#4763=VERTEX_POINT('',#4761);
#4764=CARTESIAN_POINT('',(1.675E0,-1.87E-1,-1.3E0));
#4765=VERTEX_POINT('',#4764);
#4766=CARTESIAN_POINT('',(1.675E0,-2.5E-1,-2.79E-1));
#4767=VERTEX_POINT('',#4766);
#4768=CARTESIAN_POINT('',(1.675E0,-5.E-1,-2.813997849060E0));
#4769=VERTEX_POINT('',#4768);
#4770=CARTESIAN_POINT('',(1.675E0,-2.2E-1,-3.25E0));
#4771=VERTEX_POINT('',#4770);
#4772=CARTESIAN_POINT('',(1.825E0,-1.87E-1,-1.3E0));
#4773=VERTEX_POINT('',#4772);
#4774=CARTESIAN_POINT('',(1.825E0,-2.5E-1,-2.79E-1));
#4775=VERTEX_POINT('',#4774);
#4776=CARTESIAN_POINT('',(1.825E0,-5.E-1,-2.813997849060E0));
#4777=VERTEX_POINT('',#4776);
#4778=CARTESIAN_POINT('',(1.825E0,-2.2E-1,-3.25E0));
#4779=VERTEX_POINT('',#4778);
#4780=CARTESIAN_POINT('',(1.675E0,1.4E-1,-5.45E-1));
#4781=CARTESIAN_POINT('',(1.675E0,1.3E-1,-5.45E-1));
#4782=VERTEX_POINT('',#4780);
#4783=VERTEX_POINT('',#4781);
#4784=CARTESIAN_POINT('',(1.675E0,1.103210279297E-1,-5.214309583559E-1));
#4785=VERTEX_POINT('',#4784);
#4786=CARTESIAN_POINT('',(1.825E0,1.4E-1,-5.45E-1));
#4787=CARTESIAN_POINT('',(1.825E0,1.3E-1,-5.45E-1));
#4788=VERTEX_POINT('',#4786);
#4789=VERTEX_POINT('',#4787);
#4790=CARTESIAN_POINT('',(1.825E0,1.103210279297E-1,-5.214309583559E-1));
#4791=VERTEX_POINT('',#4790);
#4792=CARTESIAN_POINT('',(1.675E0,1.7E-1,-3.833466389119E-1));
#4793=VERTEX_POINT('',#4792);
#4794=CARTESIAN_POINT('',(1.675E0,1.7E-1,-5.573466389119E-1));
#4795=VERTEX_POINT('',#4794);
#4796=CARTESIAN_POINT('',(1.825E0,1.7E-1,-3.833466389119E-1));
#4797=VERTEX_POINT('',#4796);
#4798=CARTESIAN_POINT('',(1.825E0,1.7E-1,-5.573466389119E-1));
#4799=VERTEX_POINT('',#4798);
#4800=CARTESIAN_POINT('',(1.175E0,-5.E-1,-2.9E0));
#4801=VERTEX_POINT('',#4800);
#4802=CARTESIAN_POINT('',(1.325E0,-5.E-1,-2.9E0));
#4803=VERTEX_POINT('',#4802);
#4804=CARTESIAN_POINT('',(1.175E0,-2.2E-1,-2.9E0));
#4805=VERTEX_POINT('',#4804);
#4806=CARTESIAN_POINT('',(1.325E0,-2.2E-1,-2.9E0));
#4807=VERTEX_POINT('',#4806);
#4808=CARTESIAN_POINT('',(1.175E0,-2.5E-1,-1.3E0));
#4809=VERTEX_POINT('',#4808);
#4810=CARTESIAN_POINT('',(1.325E0,-2.5E-1,-1.3E0));
#4811=VERTEX_POINT('',#4810);
#4812=CARTESIAN_POINT('',(1.675E0,-5.E-1,-2.9E0));
#4813=VERTEX_POINT('',#4812);
#4814=CARTESIAN_POINT('',(1.825E0,-5.E-1,-2.9E0));
#4815=VERTEX_POINT('',#4814);
#4816=CARTESIAN_POINT('',(1.675E0,-2.2E-1,-2.9E0));
#4817=VERTEX_POINT('',#4816);
#4818=CARTESIAN_POINT('',(1.825E0,-2.2E-1,-2.9E0));
#4819=VERTEX_POINT('',#4818);
#4820=CARTESIAN_POINT('',(1.675E0,-2.5E-1,-1.3E0));
#4821=VERTEX_POINT('',#4820);
#4822=CARTESIAN_POINT('',(1.825E0,-2.5E-1,-1.3E0));
#4823=VERTEX_POINT('',#4822);
#4824=CARTESIAN_POINT('',(0.E0,-5.E-1,0.E0));
#4825=DIRECTION('',(0.E0,1.E0,0.E0));
#4826=DIRECTION('',(1.E0,0.E0,0.E0));
#4827=AXIS2_PLACEMENT_3D('',#4824,#4825,#4826);
#4828=PLANE('',#4827);
#4830=ORIENTED_EDGE('',*,*,#4829,.F.);
#4832=ORIENTED_EDGE('',*,*,#4831,.T.);
#4834=ORIENTED_EDGE('',*,*,#4833,.T.);
#4836=ORIENTED_EDGE('',*,*,#4835,.T.);
#4838=ORIENTED_EDGE('',*,*,#4837,.F.);
#4840=ORIENTED_EDGE('',*,*,#4839,.T.);
#4842=ORIENTED_EDGE('',*,*,#4841,.T.);
#4844=ORIENTED_EDGE('',*,*,#4843,.T.);
#4846=ORIENTED_EDGE('',*,*,#4845,.F.);
#4848=ORIENTED_EDGE('',*,*,#4847,.T.);
#4850=ORIENTED_EDGE('',*,*,#4849,.T.);
#4852=ORIENTED_EDGE('',*,*,#4851,.T.);
#4854=ORIENTED_EDGE('',*,*,#4853,.F.);
#4856=ORIENTED_EDGE('',*,*,#4855,.T.);
#4858=ORIENTED_EDGE('',*,*,#4857,.T.);
#4860=ORIENTED_EDGE('',*,*,#4859,.T.);
#4862=ORIENTED_EDGE('',*,*,#4861,.F.);
#4864=ORIENTED_EDGE('',*,*,#4863,.T.);
#4866=ORIENTED_EDGE('',*,*,#4865,.T.);
#4868=ORIENTED_EDGE('',*,*,#4867,.T.);
#4870=ORIENTED_EDGE('',*,*,#4869,.F.);
#4872=ORIENTED_EDGE('',*,*,#4871,.T.);
#4874=ORIENTED_EDGE('',*,*,#4873,.T.);
#4876=ORIENTED_EDGE('',*,*,#4875,.T.);
#4878=ORIENTED_EDGE('',*,*,#4877,.F.);
#4880=ORIENTED_EDGE('',*,*,#4879,.T.);
#4882=ORIENTED_EDGE('',*,*,#4881,.T.);
#4884=ORIENTED_EDGE('',*,*,#4883,.T.);
#4886=ORIENTED_EDGE('',*,*,#4885,.F.);
#4888=ORIENTED_EDGE('',*,*,#4887,.T.);
#4890=ORIENTED_EDGE('',*,*,#4889,.T.);
#4892=ORIENTED_EDGE('',*,*,#4891,.T.);
#4894=ORIENTED_EDGE('',*,*,#4893,.T.);
#4896=ORIENTED_EDGE('',*,*,#4895,.T.);
#4898=ORIENTED_EDGE('',*,*,#4897,.T.);
#4900=ORIENTED_EDGE('',*,*,#4899,.T.);
#4902=ORIENTED_EDGE('',*,*,#4901,.T.);
#4904=ORIENTED_EDGE('',*,*,#4903,.F.);
#4906=ORIENTED_EDGE('',*,*,#4905,.T.);
#4908=ORIENTED_EDGE('',*,*,#4907,.T.);
#4910=ORIENTED_EDGE('',*,*,#4909,.T.);
#4912=ORIENTED_EDGE('',*,*,#4911,.T.);
#4914=ORIENTED_EDGE('',*,*,#4913,.T.);
#4916=ORIENTED_EDGE('',*,*,#4915,.T.);
#4917=EDGE_LOOP('',(#4830,#4832,#4834,#4836,#4838,#4840,#4842,#4844,#4846,#4848,
#4850,#4852,#4854,#4856,#4858,#4860,#4862,#4864,#4866,#4868,#4870,#4872,#4874,
#4876,#4878,#4880,#4882,#4884,#4886,#4888,#4890,#4892,#4894,#4896,#4898,#4900,
#4902,#4904,#4906,#4908,#4910,#4912,#4914,#4916));
#4918=FACE_OUTER_BOUND('',#4917,.F.);
#4920=CARTESIAN_POINT('',(1.675E0,-5.E-1,0.E0));
#4921=DIRECTION('',(-1.E0,0.E0,0.E0));
#4922=DIRECTION('',(0.E0,0.E0,1.E0));
#4923=AXIS2_PLACEMENT_3D('',#4920,#4921,#4922);
#4924=PLANE('',#4923);
#4926=ORIENTED_EDGE('',*,*,#4925,.F.);
#4928=ORIENTED_EDGE('',*,*,#4927,.F.);
#4930=ORIENTED_EDGE('',*,*,#4929,.F.);
#4932=ORIENTED_EDGE('',*,*,#4931,.F.);
#4934=ORIENTED_EDGE('',*,*,#4933,.F.);
#4936=ORIENTED_EDGE('',*,*,#4935,.F.);
#4938=ORIENTED_EDGE('',*,*,#4937,.F.);
#4940=ORIENTED_EDGE('',*,*,#4939,.F.);
#4942=ORIENTED_EDGE('',*,*,#4941,.F.);
#4944=ORIENTED_EDGE('',*,*,#4943,.F.);
#4946=ORIENTED_EDGE('',*,*,#4945,.F.);
#4948=ORIENTED_EDGE('',*,*,#4947,.F.);
#4950=ORIENTED_EDGE('',*,*,#4949,.T.);
#4951=EDGE_LOOP('',(#4926,#4928,#4930,#4932,#4934,#4936,#4938,#4940,#4942,#4944,
#4946,#4948,#4950));
#4952=FACE_OUTER_BOUND('',#4951,.F.);
#4954=CARTESIAN_POINT('',(1.675E0,-5.E-1,0.E0));
#4955=DIRECTION('',(-1.E0,0.E0,0.E0));
#4956=DIRECTION('',(0.E0,0.E0,1.E0));
#4957=AXIS2_PLACEMENT_3D('',#4954,#4955,#4956);
#4958=PLANE('',#4957);
#4960=ORIENTED_EDGE('',*,*,#4959,.F.);
#4962=ORIENTED_EDGE('',*,*,#4961,.F.);
#4964=ORIENTED_EDGE('',*,*,#4963,.F.);
#4966=ORIENTED_EDGE('',*,*,#4965,.F.);
#4968=ORIENTED_EDGE('',*,*,#4967,.F.);
#4970=ORIENTED_EDGE('',*,*,#4969,.F.);
#4972=ORIENTED_EDGE('',*,*,#4971,.F.);
#4974=ORIENTED_EDGE('',*,*,#4973,.F.);
#4976=ORIENTED_EDGE('',*,*,#4975,.F.);
#4977=ORIENTED_EDGE('',*,*,#4829,.T.);
#4978=EDGE_LOOP('',(#4960,#4962,#4964,#4966,#4968,#4970,#4972,#4974,#4976,
#4977));
#4979=FACE_OUTER_BOUND('',#4978,.F.);
#4981=CARTESIAN_POINT('',(1.675E0,-1.4E-1,-1.282941277891E0));
#4982=DIRECTION('',(-1.E0,0.E0,0.E0));
#4983=DIRECTION('',(0.E0,0.E0,1.E0));
#4984=AXIS2_PLACEMENT_3D('',#4981,#4982,#4983);
#4985=CYLINDRICAL_SURFACE('',#4984,5.E-2);
#4986=ORIENTED_EDGE('',*,*,#4925,.T.);
#4988=ORIENTED_EDGE('',*,*,#4987,.F.);
#4990=ORIENTED_EDGE('',*,*,#4989,.F.);
#4992=ORIENTED_EDGE('',*,*,#4991,.F.);
#4993=EDGE_LOOP('',(#4986,#4988,#4990,#4992));
#4994=FACE_OUTER_BOUND('',#4993,.F.);
#4996=CARTESIAN_POINT('',(0.E0,-5.E-1,-1.3E0));
#4997=DIRECTION('',(0.E0,0.E0,1.E0));
#4998=DIRECTION('',(1.E0,0.E0,0.E0));
#4999=AXIS2_PLACEMENT_3D('',#4996,#4997,#4998);
#5000=PLANE('',#4999);
#5001=ORIENTED_EDGE('',*,*,#4949,.F.);
#5003=ORIENTED_EDGE('',*,*,#5002,.F.);
#5005=ORIENTED_EDGE('',*,*,#5004,.T.);
#5007=ORIENTED_EDGE('',*,*,#5006,.T.);
#5009=ORIENTED_EDGE('',*,*,#5008,.F.);
#5011=ORIENTED_EDGE('',*,*,#5010,.F.);
#5013=ORIENTED_EDGE('',*,*,#5012,.T.);
#5015=ORIENTED_EDGE('',*,*,#5014,.T.);
#5017=ORIENTED_EDGE('',*,*,#5016,.F.);
#5019=ORIENTED_EDGE('',*,*,#5018,.F.);
#5021=ORIENTED_EDGE('',*,*,#5020,.T.);
#5023=ORIENTED_EDGE('',*,*,#5022,.T.);
#5025=ORIENTED_EDGE('',*,*,#5024,.F.);
#5027=ORIENTED_EDGE('',*,*,#5026,.F.);
#5029=ORIENTED_EDGE('',*,*,#5028,.T.);
#5031=ORIENTED_EDGE('',*,*,#5030,.T.);
#5033=ORIENTED_EDGE('',*,*,#5032,.F.);
#5035=ORIENTED_EDGE('',*,*,#5034,.F.);
#5037=ORIENTED_EDGE('',*,*,#5036,.T.);
#5039=ORIENTED_EDGE('',*,*,#5038,.T.);
#5041=ORIENTED_EDGE('',*,*,#5040,.F.);
#5043=ORIENTED_EDGE('',*,*,#5042,.F.);
#5045=ORIENTED_EDGE('',*,*,#5044,.T.);
#5047=ORIENTED_EDGE('',*,*,#5046,.T.);
#5049=ORIENTED_EDGE('',*,*,#5048,.F.);
#5051=ORIENTED_EDGE('',*,*,#5050,.F.);
#5053=ORIENTED_EDGE('',*,*,#5052,.T.);
#5055=ORIENTED_EDGE('',*,*,#5054,.T.);
#5057=ORIENTED_EDGE('',*,*,#5056,.F.);
#5059=ORIENTED_EDGE('',*,*,#5058,.F.);
#5061=ORIENTED_EDGE('',*,*,#5060,.F.);
#5063=ORIENTED_EDGE('',*,*,#5062,.F.);
#5065=ORIENTED_EDGE('',*,*,#5064,.F.);
#5067=ORIENTED_EDGE('',*,*,#5066,.F.);
#5069=ORIENTED_EDGE('',*,*,#5068,.T.);
#5070=ORIENTED_EDGE('',*,*,#4987,.T.);
#5071=EDGE_LOOP('',(#5001,#5003,#5005,#5007,#5009,#5011,#5013,#5015,#5017,#5019,
#5021,#5023,#5025,#5027,#5029,#5031,#5033,#5035,#5037,#5039,#5041,#5043,#5045,
#5047,#5049,#5051,#5053,#5055,#5057,#5059,#5061,#5063,#5065,#5067,#5069,#5070));
#5072=FACE_OUTER_BOUND('',#5071,.F.);
#5074=CARTESIAN_POINT('',(-2.285E0,-2.5E-1,0.E0));
#5075=DIRECTION('',(0.E0,-1.E0,0.E0));
#5076=DIRECTION('',(1.E0,0.E0,0.E0));
#5077=AXIS2_PLACEMENT_3D('',#5074,#5075,#5076);
#5078=PLANE('',#5077);
#5079=ORIENTED_EDGE('',*,*,#4947,.T.);
#5081=ORIENTED_EDGE('',*,*,#5080,.F.);
#5083=ORIENTED_EDGE('',*,*,#5082,.F.);
#5084=ORIENTED_EDGE('',*,*,#5066,.T.);
#5086=ORIENTED_EDGE('',*,*,#5085,.F.);
#5088=ORIENTED_EDGE('',*,*,#5087,.T.);
#5090=ORIENTED_EDGE('',*,*,#5089,.T.);
#5091=ORIENTED_EDGE('',*,*,#5058,.T.);
#5093=ORIENTED_EDGE('',*,*,#5092,.T.);
#5095=ORIENTED_EDGE('',*,*,#5094,.F.);
#5097=ORIENTED_EDGE('',*,*,#5096,.F.);
#5098=ORIENTED_EDGE('',*,*,#5050,.T.);
#5100=ORIENTED_EDGE('',*,*,#5099,.T.);
#5102=ORIENTED_EDGE('',*,*,#5101,.F.);
#5104=ORIENTED_EDGE('',*,*,#5103,.F.);
#5105=ORIENTED_EDGE('',*,*,#5042,.T.);
#5107=ORIENTED_EDGE('',*,*,#5106,.T.);
#5109=ORIENTED_EDGE('',*,*,#5108,.F.);
#5111=ORIENTED_EDGE('',*,*,#5110,.F.);
#5112=ORIENTED_EDGE('',*,*,#5034,.T.);
#5114=ORIENTED_EDGE('',*,*,#5113,.T.);
#5116=ORIENTED_EDGE('',*,*,#5115,.F.);
#5118=ORIENTED_EDGE('',*,*,#5117,.F.);
#5119=ORIENTED_EDGE('',*,*,#5026,.T.);
#5121=ORIENTED_EDGE('',*,*,#5120,.T.);
#5123=ORIENTED_EDGE('',*,*,#5122,.F.);
#5125=ORIENTED_EDGE('',*,*,#5124,.F.);
#5126=ORIENTED_EDGE('',*,*,#5018,.T.);
#5128=ORIENTED_EDGE('',*,*,#5127,.T.);
#5130=ORIENTED_EDGE('',*,*,#5129,.F.);
#5132=ORIENTED_EDGE('',*,*,#5131,.F.);
#5133=ORIENTED_EDGE('',*,*,#5010,.T.);
#5135=ORIENTED_EDGE('',*,*,#5134,.T.);
#5137=ORIENTED_EDGE('',*,*,#5136,.F.);
#5139=ORIENTED_EDGE('',*,*,#5138,.F.);
#5140=ORIENTED_EDGE('',*,*,#5002,.T.);
#5141=EDGE_LOOP('',(#5079,#5081,#5083,#5084,#5086,#5088,#5090,#5091,#5093,#5095,
#5097,#5098,#5100,#5102,#5104,#5105,#5107,#5109,#5111,#5112,#5114,#5116,#5118,
#5119,#5121,#5123,#5125,#5126,#5128,#5130,#5132,#5133,#5135,#5137,#5139,#5140));
#5142=FACE_OUTER_BOUND('',#5141,.F.);
#5144=CARTESIAN_POINT('',(1.675E0,-5.26E-1,-5.085756955777E-1));
#5145=DIRECTION('',(-1.E0,0.E0,0.E0));
#5146=DIRECTION('',(0.E0,0.E0,1.E0));
#5147=AXIS2_PLACEMENT_3D('',#5144,#5145,#5146);
#5148=CYLINDRICAL_SURFACE('',#5147,3.59E-1);
#5149=ORIENTED_EDGE('',*,*,#4945,.T.);
#5151=ORIENTED_EDGE('',*,*,#5150,.T.);
#5153=ORIENTED_EDGE('',*,*,#5152,.F.);
#5154=ORIENTED_EDGE('',*,*,#5080,.T.);
#5155=EDGE_LOOP('',(#5149,#5151,#5153,#5154));
#5156=FACE_OUTER_BOUND('',#5155,.F.);
#5158=CARTESIAN_POINT('',(1.675E0,-1.8E-1,-4.83E-1));
#5159=DIRECTION('',(-1.E0,0.E0,0.E0));
#5160=DIRECTION('',(0.E0,0.E0,1.E0));
#5161=AXIS2_PLACEMENT_3D('',#5158,#5159,#5160);
#5162=CYLINDRICAL_SURFACE('',#5161,5.E-2);
#5163=ORIENTED_EDGE('',*,*,#4943,.T.);
#5165=ORIENTED_EDGE('',*,*,#5164,.T.);
#5167=ORIENTED_EDGE('',*,*,#5166,.T.);
#5168=ORIENTED_EDGE('',*,*,#5150,.F.);
#5169=EDGE_LOOP('',(#5163,#5165,#5167,#5168));
#5170=FACE_OUTER_BOUND('',#5169,.F.);
#5172=CARTESIAN_POINT('',(1.675E0,-2.3E-1,-4.83E-1));
#5173=DIRECTION('',(0.E0,1.E0,0.E0));
#5174=DIRECTION('',(0.E0,0.E0,-1.E0));
#5175=AXIS2_PLACEMENT_3D('',#5172,#5173,#5174);
#5176=PLANE('',#5175);
#5177=ORIENTED_EDGE('',*,*,#4941,.T.);
#5179=ORIENTED_EDGE('',*,*,#5178,.T.);
#5181=ORIENTED_EDGE('',*,*,#5180,.F.);
#5182=ORIENTED_EDGE('',*,*,#5164,.F.);
#5183=EDGE_LOOP('',(#5177,#5179,#5181,#5182));
#5184=FACE_OUTER_BOUND('',#5183,.F.);
#5186=CARTESIAN_POINT('',(1.675E0,-1.8E-1,-6.49E-1));
#5187=DIRECTION('',(-1.E0,0.E0,0.E0));
#5188=DIRECTION('',(0.E0,0.E0,1.E0));
#5189=AXIS2_PLACEMENT_3D('',#5186,#5187,#5188);
#5190=CYLINDRICAL_SURFACE('',#5189,5.E-2);
#5191=ORIENTED_EDGE('',*,*,#4939,.T.);
#5193=ORIENTED_EDGE('',*,*,#5192,.T.);
#5195=ORIENTED_EDGE('',*,*,#5194,.F.);
#5196=ORIENTED_EDGE('',*,*,#5178,.F.);
#5197=EDGE_LOOP('',(#5191,#5193,#5195,#5196));
#5198=FACE_OUTER_BOUND('',#5197,.F.);
#5200=CARTESIAN_POINT('',(1.675E0,-2.05E-1,-7.248401042067E-1));
#5201=DIRECTION('',(-1.E0,0.E0,0.E0));
#5202=DIRECTION('',(0.E0,0.E0,1.E0));
#5203=AXIS2_PLACEMENT_3D('',#5200,#5201,#5202);
#5204=CYLINDRICAL_SURFACE('',#5203,3.E-2);
#5205=ORIENTED_EDGE('',*,*,#4937,.T.);
#5207=ORIENTED_EDGE('',*,*,#5206,.T.);
#5209=ORIENTED_EDGE('',*,*,#5208,.F.);
#5210=ORIENTED_EDGE('',*,*,#5192,.F.);
#5211=EDGE_LOOP('',(#5205,#5207,#5209,#5210));
#5212=FACE_OUTER_BOUND('',#5211,.F.);
#5214=CARTESIAN_POINT('',(1.675E0,-1.75E-1,-7.99E-1));
#5215=DIRECTION('',(-1.E0,0.E0,0.E0));
#5216=DIRECTION('',(0.E0,0.E0,1.E0));
#5217=AXIS2_PLACEMENT_3D('',#5214,#5215,#5216);
#5218=CYLINDRICAL_SURFACE('',#5217,5.E-2);
#5219=ORIENTED_EDGE('',*,*,#4935,.T.);
#5221=ORIENTED_EDGE('',*,*,#5220,.T.);
#5223=ORIENTED_EDGE('',*,*,#5222,.F.);
#5224=ORIENTED_EDGE('',*,*,#5206,.F.);
#5225=EDGE_LOOP('',(#5219,#5221,#5223,#5224));
#5226=FACE_OUTER_BOUND('',#5225,.F.);
#5228=CARTESIAN_POINT('',(1.675E0,-2.25E-1,-7.99E-1));
#5229=DIRECTION('',(0.E0,1.E0,0.E0));
#5230=DIRECTION('',(0.E0,0.E0,-1.E0));
#5231=AXIS2_PLACEMENT_3D('',#5228,#5229,#5230);
#5232=PLANE('',#5231);
#5233=ORIENTED_EDGE('',*,*,#4933,.T.);
#5235=ORIENTED_EDGE('',*,*,#5234,.T.);
#5237=ORIENTED_EDGE('',*,*,#5236,.F.);
#5238=ORIENTED_EDGE('',*,*,#5220,.F.);
#5239=EDGE_LOOP('',(#5233,#5235,#5237,#5238));
#5240=FACE_OUTER_BOUND('',#5239,.F.);
#5242=CARTESIAN_POINT('',(1.675E0,-7.5E-2,-9.464264917783E-1));
#5243=DIRECTION('',(-1.E0,0.E0,0.E0));
#5244=DIRECTION('',(0.E0,0.E0,1.E0));
#5245=AXIS2_PLACEMENT_3D('',#5242,#5243,#5244);
#5246=CYLINDRICAL_SURFACE('',#5245,1.5E-1);
#5247=ORIENTED_EDGE('',*,*,#4931,.T.);
#5249=ORIENTED_EDGE('',*,*,#5248,.T.);
#5251=ORIENTED_EDGE('',*,*,#5250,.F.);
#5252=ORIENTED_EDGE('',*,*,#5234,.F.);
#5253=EDGE_LOOP('',(#5247,#5249,#5251,#5252));
#5254=FACE_OUTER_BOUND('',#5253,.F.);
#5256=CARTESIAN_POINT('',(1.675E0,-2.9E-1,-1.074E0));
#5257=DIRECTION('',(-1.E0,0.E0,0.E0));
#5258=DIRECTION('',(0.E0,0.E0,1.E0));
#5259=AXIS2_PLACEMENT_3D('',#5256,#5257,#5258);
#5260=CYLINDRICAL_SURFACE('',#5259,1.E-1);
#5261=ORIENTED_EDGE('',*,*,#4929,.T.);
#5263=ORIENTED_EDGE('',*,*,#5262,.T.);
#5265=ORIENTED_EDGE('',*,*,#5264,.F.);
#5266=ORIENTED_EDGE('',*,*,#5248,.F.);
#5267=EDGE_LOOP('',(#5261,#5263,#5265,#5266));
#5268=FACE_OUTER_BOUND('',#5267,.F.);
#5270=CARTESIAN_POINT('',(1.675E0,-1.9E-1,-1.074E0));
#5271=DIRECTION('',(0.E0,1.E0,0.E0));
#5272=DIRECTION('',(0.E0,0.E0,-1.E0));
#5273=AXIS2_PLACEMENT_3D('',#5270,#5271,#5272);
#5274=PLANE('',#5273);
#5275=ORIENTED_EDGE('',*,*,#4927,.T.);
#5276=ORIENTED_EDGE('',*,*,#4991,.T.);
#5278=ORIENTED_EDGE('',*,*,#5277,.F.);
#5279=ORIENTED_EDGE('',*,*,#5262,.F.);
#5280=EDGE_LOOP('',(#5275,#5276,#5278,#5279));
#5281=FACE_OUTER_BOUND('',#5280,.F.);
#5283=CARTESIAN_POINT('',(1.825E0,-5.E-1,0.E0));
#5284=DIRECTION('',(-1.E0,0.E0,0.E0));
#5285=DIRECTION('',(0.E0,0.E0,1.E0));
#5286=AXIS2_PLACEMENT_3D('',#5283,#5284,#5285);
#5287=PLANE('',#5286);
#5288=ORIENTED_EDGE('',*,*,#4989,.T.);
#5289=ORIENTED_EDGE('',*,*,#5068,.F.);
#5290=ORIENTED_EDGE('',*,*,#5082,.T.);
#5291=ORIENTED_EDGE('',*,*,#5152,.T.);
#5292=ORIENTED_EDGE('',*,*,#5166,.F.);
#5293=ORIENTED_EDGE('',*,*,#5180,.T.);
#5294=ORIENTED_EDGE('',*,*,#5194,.T.);
#5295=ORIENTED_EDGE('',*,*,#5208,.T.);
#5296=ORIENTED_EDGE('',*,*,#5222,.T.);
#5297=ORIENTED_EDGE('',*,*,#5236,.T.);
#5298=ORIENTED_EDGE('',*,*,#5250,.T.);
#5299=ORIENTED_EDGE('',*,*,#5264,.T.);
#5300=ORIENTED_EDGE('',*,*,#5277,.T.);
#5301=EDGE_LOOP('',(#5288,#5289,#5290,#5291,#5292,#5293,#5294,#5295,#5296,#5297,
#5298,#5299,#5300));
#5302=FACE_OUTER_BOUND('',#5301,.F.);
#5304=CARTESIAN_POINT('',(1.825E0,-5.E-1,0.E0));
#5305=DIRECTION('',(-1.E0,0.E0,0.E0));
#5306=DIRECTION('',(0.E0,0.E0,1.E0));
#5307=AXIS2_PLACEMENT_3D('',#5304,#5305,#5306);
#5308=PLANE('',#5307);
#5310=ORIENTED_EDGE('',*,*,#5309,.T.);
#5311=ORIENTED_EDGE('',*,*,#4913,.F.);
#5313=ORIENTED_EDGE('',*,*,#5312,.T.);
#5315=ORIENTED_EDGE('',*,*,#5314,.T.);
#5317=ORIENTED_EDGE('',*,*,#5316,.T.);
#5319=ORIENTED_EDGE('',*,*,#5318,.T.);
#5321=ORIENTED_EDGE('',*,*,#5320,.T.);
#5323=ORIENTED_EDGE('',*,*,#5322,.T.);
#5325=ORIENTED_EDGE('',*,*,#5324,.T.);
#5327=ORIENTED_EDGE('',*,*,#5326,.T.);
#5328=EDGE_LOOP('',(#5310,#5311,#5313,#5315,#5317,#5319,#5321,#5323,#5325,
#5327));
#5329=FACE_OUTER_BOUND('',#5328,.F.);
#5331=CARTESIAN_POINT('',(1.675E0,-4.8751655E-1,-2.852E0));
#5332=DIRECTION('',(-1.E0,0.E0,0.E0));
#5333=DIRECTION('',(0.E0,0.E0,1.E0));
#5334=AXIS2_PLACEMENT_3D('',#5331,#5332,#5333);
#5335=CYLINDRICAL_SURFACE('',#5334,4.E-2);
#5336=ORIENTED_EDGE('',*,*,#4959,.T.);
#5337=ORIENTED_EDGE('',*,*,#4915,.F.);
#5338=ORIENTED_EDGE('',*,*,#5309,.F.);
#5340=ORIENTED_EDGE('',*,*,#5339,.F.);
#5341=EDGE_LOOP('',(#5336,#5337,#5338,#5340));
#5342=FACE_OUTER_BOUND('',#5341,.F.);
#5344=CARTESIAN_POINT('',(1.675E0,-5.2751655E-1,-3.162E0));
#5345=DIRECTION('',(0.E0,-1.E0,0.E0));
#5346=DIRECTION('',(0.E0,0.E0,1.E0));
#5347=AXIS2_PLACEMENT_3D('',#5344,#5345,#5346);
#5348=PLANE('',#5347);
#5349=ORIENTED_EDGE('',*,*,#4961,.T.);
#5350=ORIENTED_EDGE('',*,*,#5339,.T.);
#5351=ORIENTED_EDGE('',*,*,#5326,.F.);
#5353=ORIENTED_EDGE('',*,*,#5352,.F.);
#5354=EDGE_LOOP('',(#5349,#5350,#5351,#5353));
#5355=FACE_OUTER_BOUND('',#5354,.F.);
#5357=CARTESIAN_POINT('',(1.675E0,-4.77517E-1,-3.162E0));
#5358=DIRECTION('',(0.E0,0.E0,-1.E0));
#5359=DIRECTION('',(0.E0,-1.E0,0.E0));
#5360=AXIS2_PLACEMENT_3D('',#5357,#5358,#5359);
#5361=PLANE('',#5360);
#5362=ORIENTED_EDGE('',*,*,#4963,.T.);
#5363=ORIENTED_EDGE('',*,*,#5352,.T.);
#5364=ORIENTED_EDGE('',*,*,#5324,.F.);
#5366=ORIENTED_EDGE('',*,*,#5365,.F.);
#5367=EDGE_LOOP('',(#5362,#5363,#5364,#5366));
#5368=FACE_OUTER_BOUND('',#5367,.F.);
#5370=CARTESIAN_POINT('',(1.675E0,-4.77517E-1,-3.112E0));
#5371=DIRECTION('',(-1.E0,0.E0,0.E0));
#5372=DIRECTION('',(0.E0,0.E0,1.E0));
#5373=AXIS2_PLACEMENT_3D('',#5370,#5371,#5372);
#5374=CYLINDRICAL_SURFACE('',#5373,5.E-2);
#5375=ORIENTED_EDGE('',*,*,#4965,.T.);
#5376=ORIENTED_EDGE('',*,*,#5365,.T.);
#5377=ORIENTED_EDGE('',*,*,#5322,.F.);
#5379=ORIENTED_EDGE('',*,*,#5378,.F.);
#5380=EDGE_LOOP('',(#5375,#5376,#5377,#5379));
#5381=FACE_OUTER_BOUND('',#5380,.F.);
#5383=CARTESIAN_POINT('',(1.675E0,-4.661080841369E-1,-3.1911823E0));
#5384=DIRECTION('',(-1.E0,0.E0,0.E0));
#5385=DIRECTION('',(0.E0,0.E0,1.E0));
#5386=AXIS2_PLACEMENT_3D('',#5383,#5384,#5385);
#5387=CYLINDRICAL_SURFACE('',#5386,3.E-2);
#5388=ORIENTED_EDGE('',*,*,#4967,.T.);
#5389=ORIENTED_EDGE('',*,*,#5378,.T.);
#5390=ORIENTED_EDGE('',*,*,#5320,.F.);
#5392=ORIENTED_EDGE('',*,*,#5391,.F.);
#5393=EDGE_LOOP('',(#5388,#5389,#5390,#5392));
#5394=FACE_OUTER_BOUND('',#5393,.F.);
#5396=CARTESIAN_POINT('',(1.675E0,-3.9E-1,-3.25E0));
#5397=DIRECTION('',(0.E0,-8.265308078008E-1,-5.628914848851E-1));
#5398=DIRECTION('',(0.E0,-5.628914848851E-1,8.265308078008E-1));
#5399=AXIS2_PLACEMENT_3D('',#5396,#5397,#5398);
#5400=PLANE('',#5399);
#5401=ORIENTED_EDGE('',*,*,#4969,.T.);
#5402=ORIENTED_EDGE('',*,*,#5391,.T.);
#5403=ORIENTED_EDGE('',*,*,#5318,.F.);
#5405=ORIENTED_EDGE('',*,*,#5404,.F.);
#5406=EDGE_LOOP('',(#5401,#5402,#5403,#5405));
#5407=FACE_OUTER_BOUND('',#5406,.F.);
#5409=CARTESIAN_POINT('',(1.675E0,-2.2E-1,-3.25E0));
#5410=DIRECTION('',(0.E0,0.E0,-1.E0));
#5411=DIRECTION('',(0.E0,-1.E0,0.E0));
#5412=AXIS2_PLACEMENT_3D('',#5409,#5410,#5411);
#5413=PLANE('',#5412);
#5414=ORIENTED_EDGE('',*,*,#4971,.T.);
#5415=ORIENTED_EDGE('',*,*,#5404,.T.);
#5416=ORIENTED_EDGE('',*,*,#5316,.F.);
#5418=ORIENTED_EDGE('',*,*,#5417,.T.);
#5419=EDGE_LOOP('',(#5414,#5415,#5416,#5418));
#5420=FACE_OUTER_BOUND('',#5419,.F.);
#5422=CARTESIAN_POINT('',(-2.76E0,-2.2E-1,-2.9E0));
#5423=DIRECTION('',(0.E0,-1.E0,0.E0));
#5424=DIRECTION('',(0.E0,0.E0,-1.E0));
#5425=AXIS2_PLACEMENT_3D('',#5422,#5423,#5424);
#5426=PLANE('',#5425);
#5427=ORIENTED_EDGE('',*,*,#4973,.T.);
#5428=ORIENTED_EDGE('',*,*,#5417,.F.);
#5429=ORIENTED_EDGE('',*,*,#5314,.F.);
#5431=ORIENTED_EDGE('',*,*,#5430,.T.);
#5433=ORIENTED_EDGE('',*,*,#5432,.T.);
#5435=ORIENTED_EDGE('',*,*,#5434,.F.);
#5437=ORIENTED_EDGE('',*,*,#5436,.T.);
#5439=ORIENTED_EDGE('',*,*,#5438,.F.);
#5441=ORIENTED_EDGE('',*,*,#5440,.F.);
#5443=ORIENTED_EDGE('',*,*,#5442,.T.);
#5445=ORIENTED_EDGE('',*,*,#5444,.F.);
#5447=ORIENTED_EDGE('',*,*,#5446,.T.);
#5449=ORIENTED_EDGE('',*,*,#5448,.T.);
#5451=ORIENTED_EDGE('',*,*,#5450,.F.);
#5453=ORIENTED_EDGE('',*,*,#5452,.F.);
#5455=ORIENTED_EDGE('',*,*,#5454,.T.);
#5457=ORIENTED_EDGE('',*,*,#5456,.T.);
#5459=ORIENTED_EDGE('',*,*,#5458,.F.);
#5461=ORIENTED_EDGE('',*,*,#5460,.F.);
#5463=ORIENTED_EDGE('',*,*,#5462,.T.);
#5465=ORIENTED_EDGE('',*,*,#5464,.T.);
#5467=ORIENTED_EDGE('',*,*,#5466,.F.);
#5469=ORIENTED_EDGE('',*,*,#5468,.F.);
#5471=ORIENTED_EDGE('',*,*,#5470,.T.);
#5473=ORIENTED_EDGE('',*,*,#5472,.T.);
#5475=ORIENTED_EDGE('',*,*,#5474,.F.);
#5477=ORIENTED_EDGE('',*,*,#5476,.F.);
#5479=ORIENTED_EDGE('',*,*,#5478,.T.);
#5481=ORIENTED_EDGE('',*,*,#5480,.T.);
#5483=ORIENTED_EDGE('',*,*,#5482,.F.);
#5485=ORIENTED_EDGE('',*,*,#5484,.F.);
#5487=ORIENTED_EDGE('',*,*,#5486,.T.);
#5489=ORIENTED_EDGE('',*,*,#5488,.T.);
#5491=ORIENTED_EDGE('',*,*,#5490,.F.);
#5493=ORIENTED_EDGE('',*,*,#5492,.F.);
#5495=ORIENTED_EDGE('',*,*,#5494,.T.);
#5497=ORIENTED_EDGE('',*,*,#5496,.T.);
#5499=ORIENTED_EDGE('',*,*,#5498,.F.);
#5501=ORIENTED_EDGE('',*,*,#5500,.F.);
#5503=ORIENTED_EDGE('',*,*,#5502,.T.);
#5504=EDGE_LOOP('',(#5427,#5428,#5429,#5431,#5433,#5435,#5437,#5439,#5441,#5443,
#5445,#5447,#5449,#5451,#5453,#5455,#5457,#5459,#5461,#5463,#5465,#5467,#5469,
#5471,#5473,#5475,#5477,#5479,#5481,#5483,#5485,#5487,#5489,#5491,#5493,#5495,
#5497,#5499,#5501,#5503));
#5505=FACE_OUTER_BOUND('',#5504,.F.);
#5507=CARTESIAN_POINT('',(3.E0,-5.E-1,-2.9E0));
#5508=DIRECTION('',(0.E0,0.E0,-1.E0));
#5509=DIRECTION('',(-1.E0,0.E0,0.E0));
#5510=AXIS2_PLACEMENT_3D('',#5507,#5508,#5509);
#5511=PLANE('',#5510);
#5513=ORIENTED_EDGE('',*,*,#5512,.T.);
#5514=ORIENTED_EDGE('',*,*,#5454,.F.);
#5516=ORIENTED_EDGE('',*,*,#5515,.F.);
#5517=ORIENTED_EDGE('',*,*,#4879,.F.);
#5518=EDGE_LOOP('',(#5513,#5514,#5516,#5517));
#5519=FACE_OUTER_BOUND('',#5518,.F.);
#5521=CARTESIAN_POINT('',(3.E0,-5.E-1,-2.9E0));
#5522=DIRECTION('',(0.E0,0.E0,-1.E0));
#5523=DIRECTION('',(-1.E0,0.E0,0.E0));
#5524=AXIS2_PLACEMENT_3D('',#5521,#5522,#5523);
#5525=PLANE('',#5524);
#5527=ORIENTED_EDGE('',*,*,#5526,.T.);
#5528=ORIENTED_EDGE('',*,*,#5462,.F.);
#5530=ORIENTED_EDGE('',*,*,#5529,.F.);
#5531=ORIENTED_EDGE('',*,*,#4871,.F.);
#5532=EDGE_LOOP('',(#5527,#5528,#5530,#5531));
#5533=FACE_OUTER_BOUND('',#5532,.F.);
#5535=CARTESIAN_POINT('',(3.E0,-5.E-1,-2.9E0));
#5536=DIRECTION('',(0.E0,0.E0,-1.E0));
#5537=DIRECTION('',(-1.E0,0.E0,0.E0));
#5538=AXIS2_PLACEMENT_3D('',#5535,#5536,#5537);
#5539=PLANE('',#5538);
#5541=ORIENTED_EDGE('',*,*,#5540,.T.);
#5542=ORIENTED_EDGE('',*,*,#5470,.F.);
#5544=ORIENTED_EDGE('',*,*,#5543,.F.);
#5545=ORIENTED_EDGE('',*,*,#4863,.F.);
#5546=EDGE_LOOP('',(#5541,#5542,#5544,#5545));
#5547=FACE_OUTER_BOUND('',#5546,.F.);
#5549=CARTESIAN_POINT('',(3.E0,-5.E-1,-2.9E0));
#5550=DIRECTION('',(0.E0,0.E0,-1.E0));
#5551=DIRECTION('',(-1.E0,0.E0,0.E0));
#5552=AXIS2_PLACEMENT_3D('',#5549,#5550,#5551);
#5553=PLANE('',#5552);
#5555=ORIENTED_EDGE('',*,*,#5554,.T.);
#5556=ORIENTED_EDGE('',*,*,#5478,.F.);
#5558=ORIENTED_EDGE('',*,*,#5557,.F.);
#5559=ORIENTED_EDGE('',*,*,#4855,.F.);
#5560=EDGE_LOOP('',(#5555,#5556,#5558,#5559));
#5561=FACE_OUTER_BOUND('',#5560,.F.);
#5563=CARTESIAN_POINT('',(3.E0,-5.E-1,-2.9E0));
#5564=DIRECTION('',(0.E0,0.E0,-1.E0));
#5565=DIRECTION('',(-1.E0,0.E0,0.E0));
#5566=AXIS2_PLACEMENT_3D('',#5563,#5564,#5565);
#5567=PLANE('',#5566);
#5569=ORIENTED_EDGE('',*,*,#5568,.T.);
#5570=ORIENTED_EDGE('',*,*,#5486,.F.);
#5572=ORIENTED_EDGE('',*,*,#5571,.F.);
#5573=ORIENTED_EDGE('',*,*,#4847,.F.);
#5574=EDGE_LOOP('',(#5569,#5570,#5572,#5573));
#5575=FACE_OUTER_BOUND('',#5574,.F.);
#5577=CARTESIAN_POINT('',(3.E0,-5.E-1,-2.9E0));
#5578=DIRECTION('',(0.E0,0.E0,-1.E0));
#5579=DIRECTION('',(-1.E0,0.E0,0.E0));
#5580=AXIS2_PLACEMENT_3D('',#5577,#5578,#5579);
#5581=PLANE('',#5580);
#5583=ORIENTED_EDGE('',*,*,#5582,.T.);
#5584=ORIENTED_EDGE('',*,*,#5494,.F.);
#5586=ORIENTED_EDGE('',*,*,#5585,.F.);
#5587=ORIENTED_EDGE('',*,*,#4839,.F.);
#5588=EDGE_LOOP('',(#5583,#5584,#5586,#5587));
#5589=FACE_OUTER_BOUND('',#5588,.F.);
#5591=CARTESIAN_POINT('',(3.E0,-5.E-1,-2.9E0));
#5592=DIRECTION('',(0.E0,0.E0,-1.E0));
#5593=DIRECTION('',(-1.E0,0.E0,0.E0));
#5594=AXIS2_PLACEMENT_3D('',#5591,#5592,#5593);
#5595=PLANE('',#5594);
#5596=ORIENTED_EDGE('',*,*,#4975,.T.);
#5597=ORIENTED_EDGE('',*,*,#5502,.F.);
#5599=ORIENTED_EDGE('',*,*,#5598,.F.);
#5600=ORIENTED_EDGE('',*,*,#4831,.F.);
#5601=EDGE_LOOP('',(#5596,#5597,#5599,#5600));
#5602=FACE_OUTER_BOUND('',#5601,.F.);
#5604=CARTESIAN_POINT('',(3.E0,-5.E-1,-2.9E0));
#5605=DIRECTION('',(0.E0,0.E0,-1.E0));
#5606=DIRECTION('',(-1.E0,0.E0,0.E0));
#5607=AXIS2_PLACEMENT_3D('',#5604,#5605,#5606);
#5608=PLANE('',#5607);
#5609=ORIENTED_EDGE('',*,*,#5312,.F.);
#5610=ORIENTED_EDGE('',*,*,#4911,.F.);
#5612=ORIENTED_EDGE('',*,*,#5611,.T.);
#5614=ORIENTED_EDGE('',*,*,#5613,.T.);
#5616=ORIENTED_EDGE('',*,*,#5615,.F.);
#5617=ORIENTED_EDGE('',*,*,#4887,.F.);
#5619=ORIENTED_EDGE('',*,*,#5618,.T.);
#5620=ORIENTED_EDGE('',*,*,#5446,.F.);
#5622=ORIENTED_EDGE('',*,*,#5621,.F.);
#5624=ORIENTED_EDGE('',*,*,#5623,.T.);
#5626=ORIENTED_EDGE('',*,*,#5625,.T.);
#5627=ORIENTED_EDGE('',*,*,#5430,.F.);
#5628=EDGE_LOOP('',(#5609,#5610,#5612,#5614,#5616,#5617,#5619,#5620,#5622,#5624,
#5626,#5627));
#5629=FACE_OUTER_BOUND('',#5628,.F.);
#5631=CARTESIAN_POINT('',(-1.325E0,-5.E-1,0.E0));
#5632=DIRECTION('',(-1.E0,0.E0,0.E0));
#5633=DIRECTION('',(0.E0,0.E0,1.E0));
#5634=AXIS2_PLACEMENT_3D('',#5631,#5632,#5633);
#5635=PLANE('',#5634);
#5637=ORIENTED_EDGE('',*,*,#5636,.F.);
#5639=ORIENTED_EDGE('',*,*,#5638,.F.);
#5641=ORIENTED_EDGE('',*,*,#5640,.F.);
#5643=ORIENTED_EDGE('',*,*,#5642,.F.);
#5645=ORIENTED_EDGE('',*,*,#5644,.F.);
#5647=ORIENTED_EDGE('',*,*,#5646,.F.);
#5649=ORIENTED_EDGE('',*,*,#5648,.F.);
#5651=ORIENTED_EDGE('',*,*,#5650,.F.);
#5653=ORIENTED_EDGE('',*,*,#5652,.F.);
#5655=ORIENTED_EDGE('',*,*,#5654,.F.);
#5657=ORIENTED_EDGE('',*,*,#5656,.F.);
#5658=ORIENTED_EDGE('',*,*,#5099,.F.);
#5659=ORIENTED_EDGE('',*,*,#5048,.T.);
#5660=EDGE_LOOP('',(#5637,#5639,#5641,#5643,#5645,#5647,#5649,#5651,#5653,#5655,
#5657,#5658,#5659));
#5661=FACE_OUTER_BOUND('',#5660,.F.);
#5663=CARTESIAN_POINT('',(-1.325E0,-5.E-1,0.E0));
#5664=DIRECTION('',(-1.E0,0.E0,0.E0));
#5665=DIRECTION('',(0.E0,0.E0,1.E0));
#5666=AXIS2_PLACEMENT_3D('',#5663,#5664,#5665);
#5667=PLANE('',#5666);
#5669=ORIENTED_EDGE('',*,*,#5668,.F.);
#5671=ORIENTED_EDGE('',*,*,#5670,.F.);
#5673=ORIENTED_EDGE('',*,*,#5672,.F.);
#5675=ORIENTED_EDGE('',*,*,#5674,.F.);
#5677=ORIENTED_EDGE('',*,*,#5676,.F.);
#5679=ORIENTED_EDGE('',*,*,#5678,.F.);
#5681=ORIENTED_EDGE('',*,*,#5680,.F.);
#5682=ORIENTED_EDGE('',*,*,#5456,.F.);
#5683=ORIENTED_EDGE('',*,*,#5512,.F.);
#5684=ORIENTED_EDGE('',*,*,#4877,.T.);
#5685=EDGE_LOOP('',(#5669,#5671,#5673,#5675,#5677,#5679,#5681,#5682,#5683,
#5684));
#5686=FACE_OUTER_BOUND('',#5685,.F.);
#5688=CARTESIAN_POINT('',(-1.325E0,-1.4E-1,-1.282941277891E0));
#5689=DIRECTION('',(-1.E0,0.E0,0.E0));
#5690=DIRECTION('',(0.E0,0.E0,1.E0));
#5691=AXIS2_PLACEMENT_3D('',#5688,#5689,#5690);
#5692=CYLINDRICAL_SURFACE('',#5691,5.E-2);
#5693=ORIENTED_EDGE('',*,*,#5636,.T.);
#5694=ORIENTED_EDGE('',*,*,#5046,.F.);
#5696=ORIENTED_EDGE('',*,*,#5695,.F.);
#5698=ORIENTED_EDGE('',*,*,#5697,.F.);
#5699=EDGE_LOOP('',(#5693,#5694,#5696,#5698));
#5700=FACE_OUTER_BOUND('',#5699,.F.);
#5702=CARTESIAN_POINT('',(-1.175E0,-5.E-1,0.E0));
#5703=DIRECTION('',(-1.E0,0.E0,0.E0));
#5704=DIRECTION('',(0.E0,0.E0,1.E0));
#5705=AXIS2_PLACEMENT_3D('',#5702,#5703,#5704);
#5706=PLANE('',#5705);
#5707=ORIENTED_EDGE('',*,*,#5695,.T.);
#5708=ORIENTED_EDGE('',*,*,#5044,.F.);
#5709=ORIENTED_EDGE('',*,*,#5103,.T.);
#5711=ORIENTED_EDGE('',*,*,#5710,.T.);
#5713=ORIENTED_EDGE('',*,*,#5712,.F.);
#5715=ORIENTED_EDGE('',*,*,#5714,.T.);
#5717=ORIENTED_EDGE('',*,*,#5716,.T.);
#5719=ORIENTED_EDGE('',*,*,#5718,.T.);
#5721=ORIENTED_EDGE('',*,*,#5720,.T.);
#5723=ORIENTED_EDGE('',*,*,#5722,.T.);
#5725=ORIENTED_EDGE('',*,*,#5724,.T.);
#5727=ORIENTED_EDGE('',*,*,#5726,.T.);
#5729=ORIENTED_EDGE('',*,*,#5728,.T.);
#5730=EDGE_LOOP('',(#5707,#5708,#5709,#5711,#5713,#5715,#5717,#5719,#5721,#5723,
#5725,#5727,#5729));
#5731=FACE_OUTER_BOUND('',#5730,.F.);
#5733=CARTESIAN_POINT('',(-1.175E0,-5.E-1,0.E0));
#5734=DIRECTION('',(-1.E0,0.E0,0.E0));
#5735=DIRECTION('',(0.E0,0.E0,1.E0));
#5736=AXIS2_PLACEMENT_3D('',#5733,#5734,#5735);
#5737=PLANE('',#5736);
#5739=ORIENTED_EDGE('',*,*,#5738,.T.);
#5740=ORIENTED_EDGE('',*,*,#4873,.F.);
#5741=ORIENTED_EDGE('',*,*,#5529,.T.);
#5742=ORIENTED_EDGE('',*,*,#5460,.T.);
#5744=ORIENTED_EDGE('',*,*,#5743,.T.);
#5746=ORIENTED_EDGE('',*,*,#5745,.T.);
#5748=ORIENTED_EDGE('',*,*,#5747,.T.);
#5750=ORIENTED_EDGE('',*,*,#5749,.T.);
#5752=ORIENTED_EDGE('',*,*,#5751,.T.);
#5754=ORIENTED_EDGE('',*,*,#5753,.T.);
#5755=EDGE_LOOP('',(#5739,#5740,#5741,#5742,#5744,#5746,#5748,#5750,#5752,
#5754));
#5756=FACE_OUTER_BOUND('',#5755,.F.);
#5758=CARTESIAN_POINT('',(-1.325E0,-5.26E-1,-5.085756955777E-1));
#5759=DIRECTION('',(-1.E0,0.E0,0.E0));
#5760=DIRECTION('',(0.E0,0.E0,1.E0));
#5761=AXIS2_PLACEMENT_3D('',#5758,#5759,#5760);
#5762=CYLINDRICAL_SURFACE('',#5761,3.59E-1);
#5763=ORIENTED_EDGE('',*,*,#5656,.T.);
#5765=ORIENTED_EDGE('',*,*,#5764,.T.);
#5766=ORIENTED_EDGE('',*,*,#5710,.F.);
#5767=ORIENTED_EDGE('',*,*,#5101,.T.);
#5768=EDGE_LOOP('',(#5763,#5765,#5766,#5767));
#5769=FACE_OUTER_BOUND('',#5768,.F.);
#5771=CARTESIAN_POINT('',(-1.325E0,-1.8E-1,-4.83E-1));
#5772=DIRECTION('',(-1.E0,0.E0,0.E0));
#5773=DIRECTION('',(0.E0,0.E0,1.E0));
#5774=AXIS2_PLACEMENT_3D('',#5771,#5772,#5773);
#5775=CYLINDRICAL_SURFACE('',#5774,5.E-2);
#5776=ORIENTED_EDGE('',*,*,#5654,.T.);
#5778=ORIENTED_EDGE('',*,*,#5777,.T.);
#5779=ORIENTED_EDGE('',*,*,#5712,.T.);
#5780=ORIENTED_EDGE('',*,*,#5764,.F.);
#5781=EDGE_LOOP('',(#5776,#5778,#5779,#5780));
#5782=FACE_OUTER_BOUND('',#5781,.F.);
#5784=CARTESIAN_POINT('',(-1.325E0,-2.3E-1,-4.83E-1));
#5785=DIRECTION('',(0.E0,1.E0,0.E0));
#5786=DIRECTION('',(0.E0,0.E0,-1.E0));
#5787=AXIS2_PLACEMENT_3D('',#5784,#5785,#5786);
#5788=PLANE('',#5787);
#5789=ORIENTED_EDGE('',*,*,#5652,.T.);
#5791=ORIENTED_EDGE('',*,*,#5790,.T.);
#5792=ORIENTED_EDGE('',*,*,#5714,.F.);
#5793=ORIENTED_EDGE('',*,*,#5777,.F.);
#5794=EDGE_LOOP('',(#5789,#5791,#5792,#5793));
#5795=FACE_OUTER_BOUND('',#5794,.F.);
#5797=CARTESIAN_POINT('',(-1.325E0,-1.8E-1,-6.49E-1));
#5798=DIRECTION('',(-1.E0,0.E0,0.E0));
#5799=DIRECTION('',(0.E0,0.E0,1.E0));
#5800=AXIS2_PLACEMENT_3D('',#5797,#5798,#5799);
#5801=CYLINDRICAL_SURFACE('',#5800,5.E-2);
#5802=ORIENTED_EDGE('',*,*,#5650,.T.);
#5804=ORIENTED_EDGE('',*,*,#5803,.T.);
#5805=ORIENTED_EDGE('',*,*,#5716,.F.);
#5806=ORIENTED_EDGE('',*,*,#5790,.F.);
#5807=EDGE_LOOP('',(#5802,#5804,#5805,#5806));
#5808=FACE_OUTER_BOUND('',#5807,.F.);
#5810=CARTESIAN_POINT('',(-1.325E0,-2.05E-1,-7.248401042067E-1));
#5811=DIRECTION('',(-1.E0,0.E0,0.E0));
#5812=DIRECTION('',(0.E0,0.E0,1.E0));
#5813=AXIS2_PLACEMENT_3D('',#5810,#5811,#5812);
#5814=CYLINDRICAL_SURFACE('',#5813,3.E-2);
#5815=ORIENTED_EDGE('',*,*,#5648,.T.);
#5817=ORIENTED_EDGE('',*,*,#5816,.T.);
#5818=ORIENTED_EDGE('',*,*,#5718,.F.);
#5819=ORIENTED_EDGE('',*,*,#5803,.F.);
#5820=EDGE_LOOP('',(#5815,#5817,#5818,#5819));
#5821=FACE_OUTER_BOUND('',#5820,.F.);
#5823=CARTESIAN_POINT('',(-1.325E0,-1.75E-1,-7.99E-1));
#5824=DIRECTION('',(-1.E0,0.E0,0.E0));
#5825=DIRECTION('',(0.E0,0.E0,1.E0));
#5826=AXIS2_PLACEMENT_3D('',#5823,#5824,#5825);
#5827=CYLINDRICAL_SURFACE('',#5826,5.E-2);
#5828=ORIENTED_EDGE('',*,*,#5646,.T.);
#5830=ORIENTED_EDGE('',*,*,#5829,.T.);
#5831=ORIENTED_EDGE('',*,*,#5720,.F.);
#5832=ORIENTED_EDGE('',*,*,#5816,.F.);
#5833=EDGE_LOOP('',(#5828,#5830,#5831,#5832));
#5834=FACE_OUTER_BOUND('',#5833,.F.);
#5836=CARTESIAN_POINT('',(-1.325E0,-2.25E-1,-7.99E-1));
#5837=DIRECTION('',(0.E0,1.E0,0.E0));
#5838=DIRECTION('',(0.E0,0.E0,-1.E0));
#5839=AXIS2_PLACEMENT_3D('',#5836,#5837,#5838);
#5840=PLANE('',#5839);
#5841=ORIENTED_EDGE('',*,*,#5644,.T.);
#5843=ORIENTED_EDGE('',*,*,#5842,.T.);
#5844=ORIENTED_EDGE('',*,*,#5722,.F.);
#5845=ORIENTED_EDGE('',*,*,#5829,.F.);
#5846=EDGE_LOOP('',(#5841,#5843,#5844,#5845));
#5847=FACE_OUTER_BOUND('',#5846,.F.);
#5849=CARTESIAN_POINT('',(-1.325E0,-7.5E-2,-9.464264917783E-1));
#5850=DIRECTION('',(-1.E0,0.E0,0.E0));
#5851=DIRECTION('',(0.E0,0.E0,1.E0));
#5852=AXIS2_PLACEMENT_3D('',#5849,#5850,#5851);
#5853=CYLINDRICAL_SURFACE('',#5852,1.5E-1);
#5854=ORIENTED_EDGE('',*,*,#5642,.T.);
#5856=ORIENTED_EDGE('',*,*,#5855,.T.);
#5857=ORIENTED_EDGE('',*,*,#5724,.F.);
#5858=ORIENTED_EDGE('',*,*,#5842,.F.);
#5859=EDGE_LOOP('',(#5854,#5856,#5857,#5858));
#5860=FACE_OUTER_BOUND('',#5859,.F.);
#5862=CARTESIAN_POINT('',(-1.325E0,-2.9E-1,-1.074E0));
#5863=DIRECTION('',(-1.E0,0.E0,0.E0));
#5864=DIRECTION('',(0.E0,0.E0,1.E0));
#5865=AXIS2_PLACEMENT_3D('',#5862,#5863,#5864);
#5866=CYLINDRICAL_SURFACE('',#5865,1.E-1);
#5867=ORIENTED_EDGE('',*,*,#5640,.T.);
#5869=ORIENTED_EDGE('',*,*,#5868,.T.);
#5870=ORIENTED_EDGE('',*,*,#5726,.F.);
#5871=ORIENTED_EDGE('',*,*,#5855,.F.);
#5872=EDGE_LOOP('',(#5867,#5869,#5870,#5871));
#5873=FACE_OUTER_BOUND('',#5872,.F.);
#5875=CARTESIAN_POINT('',(-1.325E0,-1.9E-1,-1.074E0));
#5876=DIRECTION('',(0.E0,1.E0,0.E0));
#5877=DIRECTION('',(0.E0,0.E0,-1.E0));
#5878=AXIS2_PLACEMENT_3D('',#5875,#5876,#5877);
#5879=PLANE('',#5878);
#5880=ORIENTED_EDGE('',*,*,#5638,.T.);
#5881=ORIENTED_EDGE('',*,*,#5697,.T.);
#5882=ORIENTED_EDGE('',*,*,#5728,.F.);
#5883=ORIENTED_EDGE('',*,*,#5868,.F.);
#5884=EDGE_LOOP('',(#5880,#5881,#5882,#5883));
#5885=FACE_OUTER_BOUND('',#5884,.F.);
#5887=CARTESIAN_POINT('',(-1.325E0,-4.8751655E-1,-2.852E0));
#5888=DIRECTION('',(-1.E0,0.E0,0.E0));
#5889=DIRECTION('',(0.E0,0.E0,1.E0));
#5890=AXIS2_PLACEMENT_3D('',#5887,#5888,#5889);
#5891=CYLINDRICAL_SURFACE('',#5890,4.E-2);
#5892=ORIENTED_EDGE('',*,*,#5668,.T.);
#5893=ORIENTED_EDGE('',*,*,#4875,.F.);
#5894=ORIENTED_EDGE('',*,*,#5738,.F.);
#5896=ORIENTED_EDGE('',*,*,#5895,.F.);
#5897=EDGE_LOOP('',(#5892,#5893,#5894,#5896));
#5898=FACE_OUTER_BOUND('',#5897,.F.);
#5900=CARTESIAN_POINT('',(-1.325E0,-5.2751655E-1,-3.162E0));
#5901=DIRECTION('',(0.E0,-1.E0,0.E0));
#5902=DIRECTION('',(0.E0,0.E0,1.E0));
#5903=AXIS2_PLACEMENT_3D('',#5900,#5901,#5902);
#5904=PLANE('',#5903);
#5905=ORIENTED_EDGE('',*,*,#5670,.T.);
#5906=ORIENTED_EDGE('',*,*,#5895,.T.);
#5907=ORIENTED_EDGE('',*,*,#5753,.F.);
#5909=ORIENTED_EDGE('',*,*,#5908,.F.);
#5910=EDGE_LOOP('',(#5905,#5906,#5907,#5909));
#5911=FACE_OUTER_BOUND('',#5910,.F.);
#5913=CARTESIAN_POINT('',(-1.325E0,-4.77517E-1,-3.162E0));
#5914=DIRECTION('',(0.E0,0.E0,-1.E0));
#5915=DIRECTION('',(0.E0,-1.E0,0.E0));
#5916=AXIS2_PLACEMENT_3D('',#5913,#5914,#5915);
#5917=PLANE('',#5916);
#5918=ORIENTED_EDGE('',*,*,#5672,.T.);
#5919=ORIENTED_EDGE('',*,*,#5908,.T.);
#5920=ORIENTED_EDGE('',*,*,#5751,.F.);
#5922=ORIENTED_EDGE('',*,*,#5921,.F.);
#5923=EDGE_LOOP('',(#5918,#5919,#5920,#5922));
#5924=FACE_OUTER_BOUND('',#5923,.F.);
#5926=CARTESIAN_POINT('',(-1.325E0,-4.77517E-1,-3.112E0));
#5927=DIRECTION('',(-1.E0,0.E0,0.E0));
#5928=DIRECTION('',(0.E0,0.E0,1.E0));
#5929=AXIS2_PLACEMENT_3D('',#5926,#5927,#5928);
#5930=CYLINDRICAL_SURFACE('',#5929,5.E-2);
#5931=ORIENTED_EDGE('',*,*,#5674,.T.);
#5932=ORIENTED_EDGE('',*,*,#5921,.T.);
#5933=ORIENTED_EDGE('',*,*,#5749,.F.);
#5935=ORIENTED_EDGE('',*,*,#5934,.F.);
#5936=EDGE_LOOP('',(#5931,#5932,#5933,#5935));
#5937=FACE_OUTER_BOUND('',#5936,.F.);
#5939=CARTESIAN_POINT('',(-1.325E0,-4.661080841369E-1,-3.1911823E0));
#5940=DIRECTION('',(-1.E0,0.E0,0.E0));
#5941=DIRECTION('',(0.E0,0.E0,1.E0));
#5942=AXIS2_PLACEMENT_3D('',#5939,#5940,#5941);
#5943=CYLINDRICAL_SURFACE('',#5942,3.E-2);
#5944=ORIENTED_EDGE('',*,*,#5676,.T.);
#5945=ORIENTED_EDGE('',*,*,#5934,.T.);
#5946=ORIENTED_EDGE('',*,*,#5747,.F.);
#5948=ORIENTED_EDGE('',*,*,#5947,.F.);
#5949=EDGE_LOOP('',(#5944,#5945,#5946,#5948));
#5950=FACE_OUTER_BOUND('',#5949,.F.);
#5952=CARTESIAN_POINT('',(-1.325E0,-3.9E-1,-3.25E0));
#5953=DIRECTION('',(0.E0,-8.265308078008E-1,-5.628914848851E-1));
#5954=DIRECTION('',(0.E0,-5.628914848851E-1,8.265308078008E-1));
#5955=AXIS2_PLACEMENT_3D('',#5952,#5953,#5954);
#5956=PLANE('',#5955);
#5957=ORIENTED_EDGE('',*,*,#5678,.T.);
#5958=ORIENTED_EDGE('',*,*,#5947,.T.);
#5959=ORIENTED_EDGE('',*,*,#5745,.F.);
#5961=ORIENTED_EDGE('',*,*,#5960,.F.);
#5962=EDGE_LOOP('',(#5957,#5958,#5959,#5961));
#5963=FACE_OUTER_BOUND('',#5962,.F.);
#5965=CARTESIAN_POINT('',(-1.325E0,-2.2E-1,-3.25E0));
#5966=DIRECTION('',(0.E0,0.E0,-1.E0));
#5967=DIRECTION('',(0.E0,-1.E0,0.E0));
#5968=AXIS2_PLACEMENT_3D('',#5965,#5966,#5967);
#5969=PLANE('',#5968);
#5970=ORIENTED_EDGE('',*,*,#5680,.T.);
#5971=ORIENTED_EDGE('',*,*,#5960,.T.);
#5972=ORIENTED_EDGE('',*,*,#5743,.F.);
#5973=ORIENTED_EDGE('',*,*,#5458,.T.);
#5974=EDGE_LOOP('',(#5970,#5971,#5972,#5973));
#5975=FACE_OUTER_BOUND('',#5974,.F.);
#5977=CARTESIAN_POINT('',(-1.675E0,-5.E-1,0.E0));
#5978=DIRECTION('',(-1.E0,0.E0,0.E0));
#5979=DIRECTION('',(0.E0,0.E0,1.E0));
#5980=AXIS2_PLACEMENT_3D('',#5977,#5978,#5979);
#5981=PLANE('',#5980);
#5982=ORIENTED_EDGE('',*,*,#5096,.T.);
#5984=ORIENTED_EDGE('',*,*,#5983,.T.);
#5986=ORIENTED_EDGE('',*,*,#5985,.F.);
#5988=ORIENTED_EDGE('',*,*,#5987,.T.);
#5990=ORIENTED_EDGE('',*,*,#5989,.T.);
#5992=ORIENTED_EDGE('',*,*,#5991,.T.);
#5994=ORIENTED_EDGE('',*,*,#5993,.T.);
#5996=ORIENTED_EDGE('',*,*,#5995,.T.);
#5998=ORIENTED_EDGE('',*,*,#5997,.T.);
#6000=ORIENTED_EDGE('',*,*,#5999,.T.);
#6002=ORIENTED_EDGE('',*,*,#6001,.T.);
#6004=ORIENTED_EDGE('',*,*,#6003,.T.);
#6005=ORIENTED_EDGE('',*,*,#5052,.F.);
#6006=EDGE_LOOP('',(#5982,#5984,#5986,#5988,#5990,#5992,#5994,#5996,#5998,#6000,
#6002,#6004,#6005));
#6007=FACE_OUTER_BOUND('',#6006,.F.);
#6009=CARTESIAN_POINT('',(-1.675E0,-5.E-1,0.E0));
#6010=DIRECTION('',(-1.E0,0.E0,0.E0));
#6011=DIRECTION('',(0.E0,0.E0,1.E0));
#6012=AXIS2_PLACEMENT_3D('',#6009,#6010,#6011);
#6013=PLANE('',#6012);
#6014=ORIENTED_EDGE('',*,*,#4881,.F.);
#6015=ORIENTED_EDGE('',*,*,#5515,.T.);
#6016=ORIENTED_EDGE('',*,*,#5452,.T.);
#6018=ORIENTED_EDGE('',*,*,#6017,.T.);
#6020=ORIENTED_EDGE('',*,*,#6019,.T.);
#6022=ORIENTED_EDGE('',*,*,#6021,.T.);
#6024=ORIENTED_EDGE('',*,*,#6023,.T.);
#6026=ORIENTED_EDGE('',*,*,#6025,.T.);
#6028=ORIENTED_EDGE('',*,*,#6027,.T.);
#6030=ORIENTED_EDGE('',*,*,#6029,.T.);
#6031=EDGE_LOOP('',(#6014,#6015,#6016,#6018,#6020,#6022,#6024,#6026,#6028,
#6030));
#6032=FACE_OUTER_BOUND('',#6031,.F.);
#6034=CARTESIAN_POINT('',(-1.825E0,-5.26E-1,-5.085756955777E-1));
#6035=DIRECTION('',(-1.E0,0.E0,0.E0));
#6036=DIRECTION('',(0.E0,0.E0,1.E0));
#6037=AXIS2_PLACEMENT_3D('',#6034,#6035,#6036);
#6038=CYLINDRICAL_SURFACE('',#6037,3.59E-1);
#6039=ORIENTED_EDGE('',*,*,#5094,.T.);
#6041=ORIENTED_EDGE('',*,*,#6040,.T.);
#6043=ORIENTED_EDGE('',*,*,#6042,.T.);
#6044=ORIENTED_EDGE('',*,*,#5983,.F.);
#6045=EDGE_LOOP('',(#6039,#6041,#6043,#6044));
#6046=FACE_OUTER_BOUND('',#6045,.F.);
#6048=CARTESIAN_POINT('',(-1.825E0,-5.E-1,0.E0));
#6049=DIRECTION('',(-1.E0,0.E0,0.E0));
#6050=DIRECTION('',(0.E0,0.E0,1.E0));
#6051=AXIS2_PLACEMENT_3D('',#6048,#6049,#6050);
#6052=PLANE('',#6051);
#6053=ORIENTED_EDGE('',*,*,#5092,.F.);
#6054=ORIENTED_EDGE('',*,*,#5056,.T.);
#6056=ORIENTED_EDGE('',*,*,#6055,.F.);
#6058=ORIENTED_EDGE('',*,*,#6057,.F.);
#6060=ORIENTED_EDGE('',*,*,#6059,.F.);
#6062=ORIENTED_EDGE('',*,*,#6061,.F.);
#6064=ORIENTED_EDGE('',*,*,#6063,.F.);
#6066=ORIENTED_EDGE('',*,*,#6065,.F.);
#6068=ORIENTED_EDGE('',*,*,#6067,.F.);
#6070=ORIENTED_EDGE('',*,*,#6069,.F.);
#6072=ORIENTED_EDGE('',*,*,#6071,.F.);
#6074=ORIENTED_EDGE('',*,*,#6073,.F.);
#6075=ORIENTED_EDGE('',*,*,#6040,.F.);
#6076=EDGE_LOOP('',(#6053,#6054,#6056,#6058,#6060,#6062,#6064,#6066,#6068,#6070,
#6072,#6074,#6075));
#6077=FACE_OUTER_BOUND('',#6076,.F.);
#6079=CARTESIAN_POINT('',(-1.825E0,-5.E-1,0.E0));
#6080=DIRECTION('',(-1.E0,0.E0,0.E0));
#6081=DIRECTION('',(0.E0,0.E0,1.E0));
#6082=AXIS2_PLACEMENT_3D('',#6079,#6080,#6081);
#6083=PLANE('',#6082);
#6084=ORIENTED_EDGE('',*,*,#4885,.T.);
#6086=ORIENTED_EDGE('',*,*,#6085,.F.);
#6088=ORIENTED_EDGE('',*,*,#6087,.F.);
#6090=ORIENTED_EDGE('',*,*,#6089,.F.);
#6092=ORIENTED_EDGE('',*,*,#6091,.F.);
#6094=ORIENTED_EDGE('',*,*,#6093,.F.);
#6096=ORIENTED_EDGE('',*,*,#6095,.F.);
#6098=ORIENTED_EDGE('',*,*,#6097,.F.);
#6099=ORIENTED_EDGE('',*,*,#5448,.F.);
#6100=ORIENTED_EDGE('',*,*,#5618,.F.);
#6101=EDGE_LOOP('',(#6084,#6086,#6088,#6090,#6092,#6094,#6096,#6098,#6099,
#6100));
#6102=FACE_OUTER_BOUND('',#6101,.F.);
#6104=CARTESIAN_POINT('',(-1.825E0,-1.4E-1,-1.282941277891E0));
#6105=DIRECTION('',(-1.E0,0.E0,0.E0));
#6106=DIRECTION('',(0.E0,0.E0,1.E0));
#6107=AXIS2_PLACEMENT_3D('',#6104,#6105,#6106);
#6108=CYLINDRICAL_SURFACE('',#6107,5.E-2);
#6109=ORIENTED_EDGE('',*,*,#5054,.F.);
#6110=ORIENTED_EDGE('',*,*,#6003,.F.);
#6112=ORIENTED_EDGE('',*,*,#6111,.F.);
#6113=ORIENTED_EDGE('',*,*,#6055,.T.);
#6114=EDGE_LOOP('',(#6109,#6110,#6112,#6113));
#6115=FACE_OUTER_BOUND('',#6114,.F.);
#6117=CARTESIAN_POINT('',(-1.825E0,-1.9E-1,-1.074E0));
#6118=DIRECTION('',(0.E0,1.E0,0.E0));
#6119=DIRECTION('',(0.E0,0.E0,-1.E0));
#6120=AXIS2_PLACEMENT_3D('',#6117,#6118,#6119);
#6121=PLANE('',#6120);
#6122=ORIENTED_EDGE('',*,*,#6057,.T.);
#6123=ORIENTED_EDGE('',*,*,#6111,.T.);
#6124=ORIENTED_EDGE('',*,*,#6001,.F.);
#6126=ORIENTED_EDGE('',*,*,#6125,.F.);
#6127=EDGE_LOOP('',(#6122,#6123,#6124,#6126));
#6128=FACE_OUTER_BOUND('',#6127,.F.);
#6130=CARTESIAN_POINT('',(-1.825E0,-2.9E-1,-1.074E0));
#6131=DIRECTION('',(-1.E0,0.E0,0.E0));
#6132=DIRECTION('',(0.E0,0.E0,1.E0));
#6133=AXIS2_PLACEMENT_3D('',#6130,#6131,#6132);
#6134=CYLINDRICAL_SURFACE('',#6133,1.E-1);
#6135=ORIENTED_EDGE('',*,*,#6059,.T.);
#6136=ORIENTED_EDGE('',*,*,#6125,.T.);
#6137=ORIENTED_EDGE('',*,*,#5999,.F.);
#6139=ORIENTED_EDGE('',*,*,#6138,.F.);
#6140=EDGE_LOOP('',(#6135,#6136,#6137,#6139));
#6141=FACE_OUTER_BOUND('',#6140,.F.);
#6143=CARTESIAN_POINT('',(-1.825E0,-7.5E-2,-9.464264917783E-1));
#6144=DIRECTION('',(-1.E0,0.E0,0.E0));
#6145=DIRECTION('',(0.E0,0.E0,1.E0));
#6146=AXIS2_PLACEMENT_3D('',#6143,#6144,#6145);
#6147=CYLINDRICAL_SURFACE('',#6146,1.5E-1);
#6148=ORIENTED_EDGE('',*,*,#6061,.T.);
#6149=ORIENTED_EDGE('',*,*,#6138,.T.);
#6150=ORIENTED_EDGE('',*,*,#5997,.F.);
#6152=ORIENTED_EDGE('',*,*,#6151,.F.);
#6153=EDGE_LOOP('',(#6148,#6149,#6150,#6152));
#6154=FACE_OUTER_BOUND('',#6153,.F.);
#6156=CARTESIAN_POINT('',(-1.825E0,-2.25E-1,-7.99E-1));
#6157=DIRECTION('',(0.E0,1.E0,0.E0));
#6158=DIRECTION('',(0.E0,0.E0,-1.E0));
#6159=AXIS2_PLACEMENT_3D('',#6156,#6157,#6158);
#6160=PLANE('',#6159);
#6161=ORIENTED_EDGE('',*,*,#6063,.T.);
#6162=ORIENTED_EDGE('',*,*,#6151,.T.);
#6163=ORIENTED_EDGE('',*,*,#5995,.F.);
#6165=ORIENTED_EDGE('',*,*,#6164,.F.);
#6166=EDGE_LOOP('',(#6161,#6162,#6163,#6165));
#6167=FACE_OUTER_BOUND('',#6166,.F.);
#6169=CARTESIAN_POINT('',(-1.825E0,-1.75E-1,-7.99E-1));
#6170=DIRECTION('',(-1.E0,0.E0,0.E0));
#6171=DIRECTION('',(0.E0,0.E0,1.E0));
#6172=AXIS2_PLACEMENT_3D('',#6169,#6170,#6171);
#6173=CYLINDRICAL_SURFACE('',#6172,5.E-2);
#6174=ORIENTED_EDGE('',*,*,#6065,.T.);
#6175=ORIENTED_EDGE('',*,*,#6164,.T.);
#6176=ORIENTED_EDGE('',*,*,#5993,.F.);
#6178=ORIENTED_EDGE('',*,*,#6177,.F.);
#6179=EDGE_LOOP('',(#6174,#6175,#6176,#6178));
#6180=FACE_OUTER_BOUND('',#6179,.F.);
#6182=CARTESIAN_POINT('',(-1.825E0,-2.05E-1,-7.248401042067E-1));
#6183=DIRECTION('',(-1.E0,0.E0,0.E0));
#6184=DIRECTION('',(0.E0,0.E0,1.E0));
#6185=AXIS2_PLACEMENT_3D('',#6182,#6183,#6184);
#6186=CYLINDRICAL_SURFACE('',#6185,3.E-2);
#6187=ORIENTED_EDGE('',*,*,#6067,.T.);
#6188=ORIENTED_EDGE('',*,*,#6177,.T.);
#6189=ORIENTED_EDGE('',*,*,#5991,.F.);
#6191=ORIENTED_EDGE('',*,*,#6190,.F.);
#6192=EDGE_LOOP('',(#6187,#6188,#6189,#6191));
#6193=FACE_OUTER_BOUND('',#6192,.F.);
#6195=CARTESIAN_POINT('',(-1.825E0,-1.8E-1,-6.49E-1));
#6196=DIRECTION('',(-1.E0,0.E0,0.E0));
#6197=DIRECTION('',(0.E0,0.E0,1.E0));
#6198=AXIS2_PLACEMENT_3D('',#6195,#6196,#6197);
#6199=CYLINDRICAL_SURFACE('',#6198,5.E-2);
#6200=ORIENTED_EDGE('',*,*,#6069,.T.);
#6201=ORIENTED_EDGE('',*,*,#6190,.T.);
#6202=ORIENTED_EDGE('',*,*,#5989,.F.);
#6204=ORIENTED_EDGE('',*,*,#6203,.F.);
#6205=EDGE_LOOP('',(#6200,#6201,#6202,#6204));
#6206=FACE_OUTER_BOUND('',#6205,.F.);
#6208=CARTESIAN_POINT('',(-1.825E0,-2.3E-1,-4.83E-1));
#6209=DIRECTION('',(0.E0,1.E0,0.E0));
#6210=DIRECTION('',(0.E0,0.E0,-1.E0));
#6211=AXIS2_PLACEMENT_3D('',#6208,#6209,#6210);
#6212=PLANE('',#6211);
#6213=ORIENTED_EDGE('',*,*,#6071,.T.);
#6214=ORIENTED_EDGE('',*,*,#6203,.T.);
#6215=ORIENTED_EDGE('',*,*,#5987,.F.);
#6217=ORIENTED_EDGE('',*,*,#6216,.F.);
#6218=EDGE_LOOP('',(#6213,#6214,#6215,#6217));
#6219=FACE_OUTER_BOUND('',#6218,.F.);
#6221=CARTESIAN_POINT('',(-1.825E0,-1.8E-1,-4.83E-1));
#6222=DIRECTION('',(-1.E0,0.E0,0.E0));
#6223=DIRECTION('',(0.E0,0.E0,1.E0));
#6224=AXIS2_PLACEMENT_3D('',#6221,#6222,#6223);
#6225=CYLINDRICAL_SURFACE('',#6224,5.E-2);
#6226=ORIENTED_EDGE('',*,*,#6073,.T.);
#6227=ORIENTED_EDGE('',*,*,#6216,.T.);
#6228=ORIENTED_EDGE('',*,*,#5985,.T.);
#6229=ORIENTED_EDGE('',*,*,#6042,.F.);
#6230=EDGE_LOOP('',(#6226,#6227,#6228,#6229));
#6231=FACE_OUTER_BOUND('',#6230,.F.);
#6233=CARTESIAN_POINT('',(-1.825E0,-4.8751655E-1,-2.852E0));
#6234=DIRECTION('',(-1.E0,0.E0,0.E0));
#6235=DIRECTION('',(0.E0,0.E0,1.E0));
#6236=AXIS2_PLACEMENT_3D('',#6233,#6234,#6235);
#6237=CYLINDRICAL_SURFACE('',#6236,4.E-2);
#6238=ORIENTED_EDGE('',*,*,#4883,.F.);
#6239=ORIENTED_EDGE('',*,*,#6029,.F.);
#6241=ORIENTED_EDGE('',*,*,#6240,.F.);
#6242=ORIENTED_EDGE('',*,*,#6085,.T.);
#6243=EDGE_LOOP('',(#6238,#6239,#6241,#6242));
#6244=FACE_OUTER_BOUND('',#6243,.F.);
#6246=CARTESIAN_POINT('',(-1.825E0,-5.2751655E-1,-3.162E0));
#6247=DIRECTION('',(0.E0,-1.E0,0.E0));
#6248=DIRECTION('',(0.E0,0.E0,1.E0));
#6249=AXIS2_PLACEMENT_3D('',#6246,#6247,#6248);
#6250=PLANE('',#6249);
#6251=ORIENTED_EDGE('',*,*,#6087,.T.);
#6252=ORIENTED_EDGE('',*,*,#6240,.T.);
#6253=ORIENTED_EDGE('',*,*,#6027,.F.);
#6255=ORIENTED_EDGE('',*,*,#6254,.F.);
#6256=EDGE_LOOP('',(#6251,#6252,#6253,#6255));
#6257=FACE_OUTER_BOUND('',#6256,.F.);
#6259=CARTESIAN_POINT('',(-1.825E0,-4.77517E-1,-3.162E0));
#6260=DIRECTION('',(0.E0,0.E0,-1.E0));
#6261=DIRECTION('',(0.E0,-1.E0,0.E0));
#6262=AXIS2_PLACEMENT_3D('',#6259,#6260,#6261);
#6263=PLANE('',#6262);
#6264=ORIENTED_EDGE('',*,*,#6089,.T.);
#6265=ORIENTED_EDGE('',*,*,#6254,.T.);
#6266=ORIENTED_EDGE('',*,*,#6025,.F.);
#6268=ORIENTED_EDGE('',*,*,#6267,.F.);
#6269=EDGE_LOOP('',(#6264,#6265,#6266,#6268));
#6270=FACE_OUTER_BOUND('',#6269,.F.);
#6272=CARTESIAN_POINT('',(-1.825E0,-4.77517E-1,-3.112E0));
#6273=DIRECTION('',(-1.E0,0.E0,0.E0));
#6274=DIRECTION('',(0.E0,0.E0,1.E0));
#6275=AXIS2_PLACEMENT_3D('',#6272,#6273,#6274);
#6276=CYLINDRICAL_SURFACE('',#6275,5.E-2);
#6277=ORIENTED_EDGE('',*,*,#6091,.T.);
#6278=ORIENTED_EDGE('',*,*,#6267,.T.);
#6279=ORIENTED_EDGE('',*,*,#6023,.F.);
#6281=ORIENTED_EDGE('',*,*,#6280,.F.);
#6282=EDGE_LOOP('',(#6277,#6278,#6279,#6281));
#6283=FACE_OUTER_BOUND('',#6282,.F.);
#6285=CARTESIAN_POINT('',(-1.825E0,-4.661080841369E-1,-3.1911823E0));
#6286=DIRECTION('',(-1.E0,0.E0,0.E0));
#6287=DIRECTION('',(0.E0,0.E0,1.E0));
#6288=AXIS2_PLACEMENT_3D('',#6285,#6286,#6287);
#6289=CYLINDRICAL_SURFACE('',#6288,3.E-2);
#6290=ORIENTED_EDGE('',*,*,#6093,.T.);
#6291=ORIENTED_EDGE('',*,*,#6280,.T.);
#6292=ORIENTED_EDGE('',*,*,#6021,.F.);
#6294=ORIENTED_EDGE('',*,*,#6293,.F.);
#6295=EDGE_LOOP('',(#6290,#6291,#6292,#6294));
#6296=FACE_OUTER_BOUND('',#6295,.F.);
#6298=CARTESIAN_POINT('',(-1.825E0,-3.9E-1,-3.25E0));
#6299=DIRECTION('',(0.E0,-8.265308078008E-1,-5.628914848851E-1));
#6300=DIRECTION('',(0.E0,-5.628914848851E-1,8.265308078008E-1));
#6301=AXIS2_PLACEMENT_3D('',#6298,#6299,#6300);
#6302=PLANE('',#6301);
#6303=ORIENTED_EDGE('',*,*,#6095,.T.);
#6304=ORIENTED_EDGE('',*,*,#6293,.T.);
#6305=ORIENTED_EDGE('',*,*,#6019,.F.);
#6307=ORIENTED_EDGE('',*,*,#6306,.F.);
#6308=EDGE_LOOP('',(#6303,#6304,#6305,#6307));
#6309=FACE_OUTER_BOUND('',#6308,.F.);
#6311=CARTESIAN_POINT('',(-1.825E0,-2.2E-1,-3.25E0));
#6312=DIRECTION('',(0.E0,0.E0,-1.E0));
#6313=DIRECTION('',(0.E0,-1.E0,0.E0));
#6314=AXIS2_PLACEMENT_3D('',#6311,#6312,#6313);
#6315=PLANE('',#6314);
#6316=ORIENTED_EDGE('',*,*,#5450,.T.);
#6317=ORIENTED_EDGE('',*,*,#6097,.T.);
#6318=ORIENTED_EDGE('',*,*,#6306,.T.);
#6319=ORIENTED_EDGE('',*,*,#6017,.F.);
#6320=EDGE_LOOP('',(#6316,#6317,#6318,#6319));
#6321=FACE_OUTER_BOUND('',#6320,.F.);
#6323=CARTESIAN_POINT('',(-8.25E-1,-5.E-1,0.E0));
#6324=DIRECTION('',(-1.E0,0.E0,0.E0));
#6325=DIRECTION('',(0.E0,0.E0,1.E0));
#6326=AXIS2_PLACEMENT_3D('',#6323,#6324,#6325);
#6327=PLANE('',#6326);
#6329=ORIENTED_EDGE('',*,*,#6328,.F.);
#6331=ORIENTED_EDGE('',*,*,#6330,.F.);
#6333=ORIENTED_EDGE('',*,*,#6332,.F.);
#6335=ORIENTED_EDGE('',*,*,#6334,.F.);
#6337=ORIENTED_EDGE('',*,*,#6336,.F.);
#6339=ORIENTED_EDGE('',*,*,#6338,.F.);
#6341=ORIENTED_EDGE('',*,*,#6340,.F.);
#6343=ORIENTED_EDGE('',*,*,#6342,.F.);
#6345=ORIENTED_EDGE('',*,*,#6344,.F.);
#6347=ORIENTED_EDGE('',*,*,#6346,.F.);
#6349=ORIENTED_EDGE('',*,*,#6348,.F.);
#6350=ORIENTED_EDGE('',*,*,#5106,.F.);
#6351=ORIENTED_EDGE('',*,*,#5040,.T.);
#6352=EDGE_LOOP('',(#6329,#6331,#6333,#6335,#6337,#6339,#6341,#6343,#6345,#6347,
#6349,#6350,#6351));
#6353=FACE_OUTER_BOUND('',#6352,.F.);
#6355=CARTESIAN_POINT('',(-8.25E-1,-5.E-1,0.E0));
#6356=DIRECTION('',(-1.E0,0.E0,0.E0));
#6357=DIRECTION('',(0.E0,0.E0,1.E0));
#6358=AXIS2_PLACEMENT_3D('',#6355,#6356,#6357);
#6359=PLANE('',#6358);
#6361=ORIENTED_EDGE('',*,*,#6360,.F.);
#6363=ORIENTED_EDGE('',*,*,#6362,.F.);
#6365=ORIENTED_EDGE('',*,*,#6364,.F.);
#6367=ORIENTED_EDGE('',*,*,#6366,.F.);
#6369=ORIENTED_EDGE('',*,*,#6368,.F.);
#6371=ORIENTED_EDGE('',*,*,#6370,.F.);
#6373=ORIENTED_EDGE('',*,*,#6372,.F.);
#6374=ORIENTED_EDGE('',*,*,#5464,.F.);
#6375=ORIENTED_EDGE('',*,*,#5526,.F.);
#6376=ORIENTED_EDGE('',*,*,#4869,.T.);
#6377=EDGE_LOOP('',(#6361,#6363,#6365,#6367,#6369,#6371,#6373,#6374,#6375,
#6376));
#6378=FACE_OUTER_BOUND('',#6377,.F.);
#6380=CARTESIAN_POINT('',(-8.25E-1,-1.4E-1,-1.282941277891E0));
#6381=DIRECTION('',(-1.E0,0.E0,0.E0));
#6382=DIRECTION('',(0.E0,0.E0,1.E0));
#6383=AXIS2_PLACEMENT_3D('',#6380,#6381,#6382);
#6384=CYLINDRICAL_SURFACE('',#6383,5.E-2);
#6385=ORIENTED_EDGE('',*,*,#6328,.T.);
#6386=ORIENTED_EDGE('',*,*,#5038,.F.);
#6388=ORIENTED_EDGE('',*,*,#6387,.F.);
#6390=ORIENTED_EDGE('',*,*,#6389,.F.);
#6391=EDGE_LOOP('',(#6385,#6386,#6388,#6390));
#6392=FACE_OUTER_BOUND('',#6391,.F.);
#6394=CARTESIAN_POINT('',(-6.75E-1,-5.E-1,0.E0));
#6395=DIRECTION('',(-1.E0,0.E0,0.E0));
#6396=DIRECTION('',(0.E0,0.E0,1.E0));
#6397=AXIS2_PLACEMENT_3D('',#6394,#6395,#6396);
#6398=PLANE('',#6397);
#6399=ORIENTED_EDGE('',*,*,#6387,.T.);
#6400=ORIENTED_EDGE('',*,*,#5036,.F.);
#6401=ORIENTED_EDGE('',*,*,#5110,.T.);
#6403=ORIENTED_EDGE('',*,*,#6402,.T.);
#6405=ORIENTED_EDGE('',*,*,#6404,.F.);
#6407=ORIENTED_EDGE('',*,*,#6406,.T.);
#6409=ORIENTED_EDGE('',*,*,#6408,.T.);
#6411=ORIENTED_EDGE('',*,*,#6410,.T.);
#6413=ORIENTED_EDGE('',*,*,#6412,.T.);
#6415=ORIENTED_EDGE('',*,*,#6414,.T.);
#6417=ORIENTED_EDGE('',*,*,#6416,.T.);
#6419=ORIENTED_EDGE('',*,*,#6418,.T.);
#6421=ORIENTED_EDGE('',*,*,#6420,.T.);
#6422=EDGE_LOOP('',(#6399,#6400,#6401,#6403,#6405,#6407,#6409,#6411,#6413,#6415,
#6417,#6419,#6421));
#6423=FACE_OUTER_BOUND('',#6422,.F.);
#6425=CARTESIAN_POINT('',(-6.75E-1,-5.E-1,0.E0));
#6426=DIRECTION('',(-1.E0,0.E0,0.E0));
#6427=DIRECTION('',(0.E0,0.E0,1.E0));
#6428=AXIS2_PLACEMENT_3D('',#6425,#6426,#6427);
#6429=PLANE('',#6428);
#6431=ORIENTED_EDGE('',*,*,#6430,.T.);
#6432=ORIENTED_EDGE('',*,*,#4865,.F.);
#6433=ORIENTED_EDGE('',*,*,#5543,.T.);
#6434=ORIENTED_EDGE('',*,*,#5468,.T.);
#6436=ORIENTED_EDGE('',*,*,#6435,.T.);
#6438=ORIENTED_EDGE('',*,*,#6437,.T.);
#6440=ORIENTED_EDGE('',*,*,#6439,.T.);
#6442=ORIENTED_EDGE('',*,*,#6441,.T.);
#6444=ORIENTED_EDGE('',*,*,#6443,.T.);
#6446=ORIENTED_EDGE('',*,*,#6445,.T.);
#6447=EDGE_LOOP('',(#6431,#6432,#6433,#6434,#6436,#6438,#6440,#6442,#6444,
#6446));
#6448=FACE_OUTER_BOUND('',#6447,.F.);
#6450=CARTESIAN_POINT('',(-8.25E-1,-5.26E-1,-5.085756955777E-1));
#6451=DIRECTION('',(-1.E0,0.E0,0.E0));
#6452=DIRECTION('',(0.E0,0.E0,1.E0));
#6453=AXIS2_PLACEMENT_3D('',#6450,#6451,#6452);
#6454=CYLINDRICAL_SURFACE('',#6453,3.59E-1);
#6455=ORIENTED_EDGE('',*,*,#6348,.T.);
#6457=ORIENTED_EDGE('',*,*,#6456,.T.);
#6458=ORIENTED_EDGE('',*,*,#6402,.F.);
#6459=ORIENTED_EDGE('',*,*,#5108,.T.);
#6460=EDGE_LOOP('',(#6455,#6457,#6458,#6459));
#6461=FACE_OUTER_BOUND('',#6460,.F.);
#6463=CARTESIAN_POINT('',(-8.25E-1,-1.8E-1,-4.83E-1));
#6464=DIRECTION('',(-1.E0,0.E0,0.E0));
#6465=DIRECTION('',(0.E0,0.E0,1.E0));
#6466=AXIS2_PLACEMENT_3D('',#6463,#6464,#6465);
#6467=CYLINDRICAL_SURFACE('',#6466,5.E-2);
#6468=ORIENTED_EDGE('',*,*,#6346,.T.);
#6470=ORIENTED_EDGE('',*,*,#6469,.T.);
#6471=ORIENTED_EDGE('',*,*,#6404,.T.);
#6472=ORIENTED_EDGE('',*,*,#6456,.F.);
#6473=EDGE_LOOP('',(#6468,#6470,#6471,#6472));
#6474=FACE_OUTER_BOUND('',#6473,.F.);
#6476=CARTESIAN_POINT('',(-8.25E-1,-2.3E-1,-4.83E-1));
#6477=DIRECTION('',(0.E0,1.E0,0.E0));
#6478=DIRECTION('',(0.E0,0.E0,-1.E0));
#6479=AXIS2_PLACEMENT_3D('',#6476,#6477,#6478);
#6480=PLANE('',#6479);
#6481=ORIENTED_EDGE('',*,*,#6344,.T.);
#6483=ORIENTED_EDGE('',*,*,#6482,.T.);
#6484=ORIENTED_EDGE('',*,*,#6406,.F.);
#6485=ORIENTED_EDGE('',*,*,#6469,.F.);
#6486=EDGE_LOOP('',(#6481,#6483,#6484,#6485));
#6487=FACE_OUTER_BOUND('',#6486,.F.);
#6489=CARTESIAN_POINT('',(-8.25E-1,-1.8E-1,-6.49E-1));
#6490=DIRECTION('',(-1.E0,0.E0,0.E0));
#6491=DIRECTION('',(0.E0,0.E0,1.E0));
#6492=AXIS2_PLACEMENT_3D('',#6489,#6490,#6491);
#6493=CYLINDRICAL_SURFACE('',#6492,5.E-2);
#6494=ORIENTED_EDGE('',*,*,#6342,.T.);
#6496=ORIENTED_EDGE('',*,*,#6495,.T.);
#6497=ORIENTED_EDGE('',*,*,#6408,.F.);
#6498=ORIENTED_EDGE('',*,*,#6482,.F.);
#6499=EDGE_LOOP('',(#6494,#6496,#6497,#6498));
#6500=FACE_OUTER_BOUND('',#6499,.F.);
#6502=CARTESIAN_POINT('',(-8.25E-1,-2.05E-1,-7.248401042067E-1));
#6503=DIRECTION('',(-1.E0,0.E0,0.E0));
#6504=DIRECTION('',(0.E0,0.E0,1.E0));
#6505=AXIS2_PLACEMENT_3D('',#6502,#6503,#6504);
#6506=CYLINDRICAL_SURFACE('',#6505,3.E-2);
#6507=ORIENTED_EDGE('',*,*,#6340,.T.);
#6509=ORIENTED_EDGE('',*,*,#6508,.T.);
#6510=ORIENTED_EDGE('',*,*,#6410,.F.);
#6511=ORIENTED_EDGE('',*,*,#6495,.F.);
#6512=EDGE_LOOP('',(#6507,#6509,#6510,#6511));
#6513=FACE_OUTER_BOUND('',#6512,.F.);
#6515=CARTESIAN_POINT('',(-8.25E-1,-1.75E-1,-7.99E-1));
#6516=DIRECTION('',(-1.E0,0.E0,0.E0));
#6517=DIRECTION('',(0.E0,0.E0,1.E0));
#6518=AXIS2_PLACEMENT_3D('',#6515,#6516,#6517);
#6519=CYLINDRICAL_SURFACE('',#6518,5.E-2);
#6520=ORIENTED_EDGE('',*,*,#6338,.T.);
#6522=ORIENTED_EDGE('',*,*,#6521,.T.);
#6523=ORIENTED_EDGE('',*,*,#6412,.F.);
#6524=ORIENTED_EDGE('',*,*,#6508,.F.);
#6525=EDGE_LOOP('',(#6520,#6522,#6523,#6524));
#6526=FACE_OUTER_BOUND('',#6525,.F.);
#6528=CARTESIAN_POINT('',(-8.25E-1,-2.25E-1,-7.99E-1));
#6529=DIRECTION('',(0.E0,1.E0,0.E0));
#6530=DIRECTION('',(0.E0,0.E0,-1.E0));
#6531=AXIS2_PLACEMENT_3D('',#6528,#6529,#6530);
#6532=PLANE('',#6531);
#6533=ORIENTED_EDGE('',*,*,#6336,.T.);
#6535=ORIENTED_EDGE('',*,*,#6534,.T.);
#6536=ORIENTED_EDGE('',*,*,#6414,.F.);
#6537=ORIENTED_EDGE('',*,*,#6521,.F.);
#6538=EDGE_LOOP('',(#6533,#6535,#6536,#6537));
#6539=FACE_OUTER_BOUND('',#6538,.F.);
#6541=CARTESIAN_POINT('',(-8.25E-1,-7.5E-2,-9.464264917783E-1));
#6542=DIRECTION('',(-1.E0,0.E0,0.E0));
#6543=DIRECTION('',(0.E0,0.E0,1.E0));
#6544=AXIS2_PLACEMENT_3D('',#6541,#6542,#6543);
#6545=CYLINDRICAL_SURFACE('',#6544,1.5E-1);
#6546=ORIENTED_EDGE('',*,*,#6334,.T.);
#6548=ORIENTED_EDGE('',*,*,#6547,.T.);
#6549=ORIENTED_EDGE('',*,*,#6416,.F.);
#6550=ORIENTED_EDGE('',*,*,#6534,.F.);
#6551=EDGE_LOOP('',(#6546,#6548,#6549,#6550));
#6552=FACE_OUTER_BOUND('',#6551,.F.);
#6554=CARTESIAN_POINT('',(-8.25E-1,-2.9E-1,-1.074E0));
#6555=DIRECTION('',(-1.E0,0.E0,0.E0));
#6556=DIRECTION('',(0.E0,0.E0,1.E0));
#6557=AXIS2_PLACEMENT_3D('',#6554,#6555,#6556);
#6558=CYLINDRICAL_SURFACE('',#6557,1.E-1);
#6559=ORIENTED_EDGE('',*,*,#6332,.T.);
#6561=ORIENTED_EDGE('',*,*,#6560,.T.);
#6562=ORIENTED_EDGE('',*,*,#6418,.F.);
#6563=ORIENTED_EDGE('',*,*,#6547,.F.);
#6564=EDGE_LOOP('',(#6559,#6561,#6562,#6563));
#6565=FACE_OUTER_BOUND('',#6564,.F.);
#6567=CARTESIAN_POINT('',(-8.25E-1,-1.9E-1,-1.074E0));
#6568=DIRECTION('',(0.E0,1.E0,0.E0));
#6569=DIRECTION('',(0.E0,0.E0,-1.E0));
#6570=AXIS2_PLACEMENT_3D('',#6567,#6568,#6569);
#6571=PLANE('',#6570);
#6572=ORIENTED_EDGE('',*,*,#6330,.T.);
#6573=ORIENTED_EDGE('',*,*,#6389,.T.);
#6574=ORIENTED_EDGE('',*,*,#6420,.F.);
#6575=ORIENTED_EDGE('',*,*,#6560,.F.);
#6576=EDGE_LOOP('',(#6572,#6573,#6574,#6575));
#6577=FACE_OUTER_BOUND('',#6576,.F.);
#6579=CARTESIAN_POINT('',(-8.25E-1,-4.8751655E-1,-2.852E0));
#6580=DIRECTION('',(-1.E0,0.E0,0.E0));
#6581=DIRECTION('',(0.E0,0.E0,1.E0));
#6582=AXIS2_PLACEMENT_3D('',#6579,#6580,#6581);
#6583=CYLINDRICAL_SURFACE('',#6582,4.E-2);
#6584=ORIENTED_EDGE('',*,*,#6360,.T.);
#6585=ORIENTED_EDGE('',*,*,#4867,.F.);
#6586=ORIENTED_EDGE('',*,*,#6430,.F.);
#6588=ORIENTED_EDGE('',*,*,#6587,.F.);
#6589=EDGE_LOOP('',(#6584,#6585,#6586,#6588));
#6590=FACE_OUTER_BOUND('',#6589,.F.);
#6592=CARTESIAN_POINT('',(-8.25E-1,-5.2751655E-1,-3.162E0));
#6593=DIRECTION('',(0.E0,-1.E0,0.E0));
#6594=DIRECTION('',(0.E0,0.E0,1.E0));
#6595=AXIS2_PLACEMENT_3D('',#6592,#6593,#6594);
#6596=PLANE('',#6595);
#6597=ORIENTED_EDGE('',*,*,#6362,.T.);
#6598=ORIENTED_EDGE('',*,*,#6587,.T.);
#6599=ORIENTED_EDGE('',*,*,#6445,.F.);
#6601=ORIENTED_EDGE('',*,*,#6600,.F.);
#6602=EDGE_LOOP('',(#6597,#6598,#6599,#6601));
#6603=FACE_OUTER_BOUND('',#6602,.F.);
#6605=CARTESIAN_POINT('',(-8.25E-1,-4.77517E-1,-3.162E0));
#6606=DIRECTION('',(0.E0,0.E0,-1.E0));
#6607=DIRECTION('',(0.E0,-1.E0,0.E0));
#6608=AXIS2_PLACEMENT_3D('',#6605,#6606,#6607);
#6609=PLANE('',#6608);
#6610=ORIENTED_EDGE('',*,*,#6364,.T.);
#6611=ORIENTED_EDGE('',*,*,#6600,.T.);
#6612=ORIENTED_EDGE('',*,*,#6443,.F.);
#6614=ORIENTED_EDGE('',*,*,#6613,.F.);
#6615=EDGE_LOOP('',(#6610,#6611,#6612,#6614));
#6616=FACE_OUTER_BOUND('',#6615,.F.);
#6618=CARTESIAN_POINT('',(-8.25E-1,-4.77517E-1,-3.112E0));
#6619=DIRECTION('',(-1.E0,0.E0,0.E0));
#6620=DIRECTION('',(0.E0,0.E0,1.E0));
#6621=AXIS2_PLACEMENT_3D('',#6618,#6619,#6620);
#6622=CYLINDRICAL_SURFACE('',#6621,5.E-2);
#6623=ORIENTED_EDGE('',*,*,#6366,.T.);
#6624=ORIENTED_EDGE('',*,*,#6613,.T.);
#6625=ORIENTED_EDGE('',*,*,#6441,.F.);
#6627=ORIENTED_EDGE('',*,*,#6626,.F.);
#6628=EDGE_LOOP('',(#6623,#6624,#6625,#6627));
#6629=FACE_OUTER_BOUND('',#6628,.F.);
#6631=CARTESIAN_POINT('',(-8.25E-1,-4.661080841369E-1,-3.1911823E0));
#6632=DIRECTION('',(-1.E0,0.E0,0.E0));
#6633=DIRECTION('',(0.E0,0.E0,1.E0));
#6634=AXIS2_PLACEMENT_3D('',#6631,#6632,#6633);
#6635=CYLINDRICAL_SURFACE('',#6634,3.E-2);
#6636=ORIENTED_EDGE('',*,*,#6368,.T.);
#6637=ORIENTED_EDGE('',*,*,#6626,.T.);
#6638=ORIENTED_EDGE('',*,*,#6439,.F.);
#6640=ORIENTED_EDGE('',*,*,#6639,.F.);
#6641=EDGE_LOOP('',(#6636,#6637,#6638,#6640));
#6642=FACE_OUTER_BOUND('',#6641,.F.);
#6644=CARTESIAN_POINT('',(-8.25E-1,-3.9E-1,-3.25E0));
#6645=DIRECTION('',(0.E0,-8.265308078008E-1,-5.628914848851E-1));
#6646=DIRECTION('',(0.E0,-5.628914848851E-1,8.265308078008E-1));
#6647=AXIS2_PLACEMENT_3D('',#6644,#6645,#6646);
#6648=PLANE('',#6647);
#6649=ORIENTED_EDGE('',*,*,#6370,.T.);
#6650=ORIENTED_EDGE('',*,*,#6639,.T.);
#6651=ORIENTED_EDGE('',*,*,#6437,.F.);
#6653=ORIENTED_EDGE('',*,*,#6652,.F.);
#6654=EDGE_LOOP('',(#6649,#6650,#6651,#6653));
#6655=FACE_OUTER_BOUND('',#6654,.F.);
#6657=CARTESIAN_POINT('',(-8.25E-1,-2.2E-1,-3.25E0));
#6658=DIRECTION('',(0.E0,0.E0,-1.E0));
#6659=DIRECTION('',(0.E0,-1.E0,0.E0));
#6660=AXIS2_PLACEMENT_3D('',#6657,#6658,#6659);
#6661=PLANE('',#6660);
#6662=ORIENTED_EDGE('',*,*,#6372,.T.);
#6663=ORIENTED_EDGE('',*,*,#6652,.T.);
#6664=ORIENTED_EDGE('',*,*,#6435,.F.);
#6665=ORIENTED_EDGE('',*,*,#5466,.T.);
#6666=EDGE_LOOP('',(#6662,#6663,#6664,#6665));
#6667=FACE_OUTER_BOUND('',#6666,.F.);
#6669=CARTESIAN_POINT('',(-3.25E-1,-5.E-1,0.E0));
#6670=DIRECTION('',(-1.E0,0.E0,0.E0));
#6671=DIRECTION('',(0.E0,0.E0,1.E0));
#6672=AXIS2_PLACEMENT_3D('',#6669,#6670,#6671);
#6673=PLANE('',#6672);
#6675=ORIENTED_EDGE('',*,*,#6674,.F.);
#6677=ORIENTED_EDGE('',*,*,#6676,.F.);
#6679=ORIENTED_EDGE('',*,*,#6678,.F.);
#6681=ORIENTED_EDGE('',*,*,#6680,.F.);
#6683=ORIENTED_EDGE('',*,*,#6682,.F.);
#6685=ORIENTED_EDGE('',*,*,#6684,.F.);
#6687=ORIENTED_EDGE('',*,*,#6686,.F.);
#6689=ORIENTED_EDGE('',*,*,#6688,.F.);
#6691=ORIENTED_EDGE('',*,*,#6690,.F.);
#6693=ORIENTED_EDGE('',*,*,#6692,.F.);
#6695=ORIENTED_EDGE('',*,*,#6694,.F.);
#6696=ORIENTED_EDGE('',*,*,#5113,.F.);
#6697=ORIENTED_EDGE('',*,*,#5032,.T.);
#6698=EDGE_LOOP('',(#6675,#6677,#6679,#6681,#6683,#6685,#6687,#6689,#6691,#6693,
#6695,#6696,#6697));
#6699=FACE_OUTER_BOUND('',#6698,.F.);
#6701=CARTESIAN_POINT('',(-3.25E-1,-5.E-1,0.E0));
#6702=DIRECTION('',(-1.E0,0.E0,0.E0));
#6703=DIRECTION('',(0.E0,0.E0,1.E0));
#6704=AXIS2_PLACEMENT_3D('',#6701,#6702,#6703);
#6705=PLANE('',#6704);
#6707=ORIENTED_EDGE('',*,*,#6706,.F.);
#6709=ORIENTED_EDGE('',*,*,#6708,.F.);
#6711=ORIENTED_EDGE('',*,*,#6710,.F.);
#6713=ORIENTED_EDGE('',*,*,#6712,.F.);
#6715=ORIENTED_EDGE('',*,*,#6714,.F.);
#6717=ORIENTED_EDGE('',*,*,#6716,.F.);
#6719=ORIENTED_EDGE('',*,*,#6718,.F.);
#6720=ORIENTED_EDGE('',*,*,#5472,.F.);
#6721=ORIENTED_EDGE('',*,*,#5540,.F.);
#6722=ORIENTED_EDGE('',*,*,#4861,.T.);
#6723=EDGE_LOOP('',(#6707,#6709,#6711,#6713,#6715,#6717,#6719,#6720,#6721,
#6722));
#6724=FACE_OUTER_BOUND('',#6723,.F.);
#6726=CARTESIAN_POINT('',(-3.25E-1,-1.4E-1,-1.282941277891E0));
#6727=DIRECTION('',(-1.E0,0.E0,0.E0));
#6728=DIRECTION('',(0.E0,0.E0,1.E0));
#6729=AXIS2_PLACEMENT_3D('',#6726,#6727,#6728);
#6730=CYLINDRICAL_SURFACE('',#6729,5.E-2);
#6731=ORIENTED_EDGE('',*,*,#6674,.T.);
#6732=ORIENTED_EDGE('',*,*,#5030,.F.);
#6734=ORIENTED_EDGE('',*,*,#6733,.F.);
#6736=ORIENTED_EDGE('',*,*,#6735,.F.);
#6737=EDGE_LOOP('',(#6731,#6732,#6734,#6736));
#6738=FACE_OUTER_BOUND('',#6737,.F.);
#6740=CARTESIAN_POINT('',(-1.75E-1,-5.E-1,0.E0));
#6741=DIRECTION('',(-1.E0,0.E0,0.E0));
#6742=DIRECTION('',(0.E0,0.E0,1.E0));
#6743=AXIS2_PLACEMENT_3D('',#6740,#6741,#6742);
#6744=PLANE('',#6743);
#6745=ORIENTED_EDGE('',*,*,#6733,.T.);
#6746=ORIENTED_EDGE('',*,*,#5028,.F.);
#6747=ORIENTED_EDGE('',*,*,#5117,.T.);
#6749=ORIENTED_EDGE('',*,*,#6748,.T.);
#6751=ORIENTED_EDGE('',*,*,#6750,.F.);
#6753=ORIENTED_EDGE('',*,*,#6752,.T.);
#6755=ORIENTED_EDGE('',*,*,#6754,.T.);
#6757=ORIENTED_EDGE('',*,*,#6756,.T.);
#6759=ORIENTED_EDGE('',*,*,#6758,.T.);
#6761=ORIENTED_EDGE('',*,*,#6760,.T.);
#6763=ORIENTED_EDGE('',*,*,#6762,.T.);
#6765=ORIENTED_EDGE('',*,*,#6764,.T.);
#6767=ORIENTED_EDGE('',*,*,#6766,.T.);
#6768=EDGE_LOOP('',(#6745,#6746,#6747,#6749,#6751,#6753,#6755,#6757,#6759,#6761,
#6763,#6765,#6767));
#6769=FACE_OUTER_BOUND('',#6768,.F.);
#6771=CARTESIAN_POINT('',(-1.75E-1,-5.E-1,0.E0));
#6772=DIRECTION('',(-1.E0,0.E0,0.E0));
#6773=DIRECTION('',(0.E0,0.E0,1.E0));
#6774=AXIS2_PLACEMENT_3D('',#6771,#6772,#6773);
#6775=PLANE('',#6774);
#6777=ORIENTED_EDGE('',*,*,#6776,.T.);
#6778=ORIENTED_EDGE('',*,*,#4857,.F.);
#6779=ORIENTED_EDGE('',*,*,#5557,.T.);
#6780=ORIENTED_EDGE('',*,*,#5476,.T.);
#6782=ORIENTED_EDGE('',*,*,#6781,.T.);
#6784=ORIENTED_EDGE('',*,*,#6783,.T.);
#6786=ORIENTED_EDGE('',*,*,#6785,.T.);
#6788=ORIENTED_EDGE('',*,*,#6787,.T.);
#6790=ORIENTED_EDGE('',*,*,#6789,.T.);
#6792=ORIENTED_EDGE('',*,*,#6791,.T.);
#6793=EDGE_LOOP('',(#6777,#6778,#6779,#6780,#6782,#6784,#6786,#6788,#6790,
#6792));
#6794=FACE_OUTER_BOUND('',#6793,.F.);
#6796=CARTESIAN_POINT('',(-3.25E-1,-5.26E-1,-5.085756955777E-1));
#6797=DIRECTION('',(-1.E0,0.E0,0.E0));
#6798=DIRECTION('',(0.E0,0.E0,1.E0));
#6799=AXIS2_PLACEMENT_3D('',#6796,#6797,#6798);
#6800=CYLINDRICAL_SURFACE('',#6799,3.59E-1);
#6801=ORIENTED_EDGE('',*,*,#6694,.T.);
#6803=ORIENTED_EDGE('',*,*,#6802,.T.);
#6804=ORIENTED_EDGE('',*,*,#6748,.F.);
#6805=ORIENTED_EDGE('',*,*,#5115,.T.);
#6806=EDGE_LOOP('',(#6801,#6803,#6804,#6805));
#6807=FACE_OUTER_BOUND('',#6806,.F.);
#6809=CARTESIAN_POINT('',(-3.25E-1,-1.8E-1,-4.83E-1));
#6810=DIRECTION('',(-1.E0,0.E0,0.E0));
#6811=DIRECTION('',(0.E0,0.E0,1.E0));
#6812=AXIS2_PLACEMENT_3D('',#6809,#6810,#6811);
#6813=CYLINDRICAL_SURFACE('',#6812,5.E-2);
#6814=ORIENTED_EDGE('',*,*,#6692,.T.);
#6816=ORIENTED_EDGE('',*,*,#6815,.T.);
#6817=ORIENTED_EDGE('',*,*,#6750,.T.);
#6818=ORIENTED_EDGE('',*,*,#6802,.F.);
#6819=EDGE_LOOP('',(#6814,#6816,#6817,#6818));
#6820=FACE_OUTER_BOUND('',#6819,.F.);
#6822=CARTESIAN_POINT('',(-3.25E-1,-2.3E-1,-4.83E-1));
#6823=DIRECTION('',(0.E0,1.E0,0.E0));
#6824=DIRECTION('',(0.E0,0.E0,-1.E0));
#6825=AXIS2_PLACEMENT_3D('',#6822,#6823,#6824);
#6826=PLANE('',#6825);
#6827=ORIENTED_EDGE('',*,*,#6690,.T.);
#6829=ORIENTED_EDGE('',*,*,#6828,.T.);
#6830=ORIENTED_EDGE('',*,*,#6752,.F.);
#6831=ORIENTED_EDGE('',*,*,#6815,.F.);
#6832=EDGE_LOOP('',(#6827,#6829,#6830,#6831));
#6833=FACE_OUTER_BOUND('',#6832,.F.);
#6835=CARTESIAN_POINT('',(-3.25E-1,-1.8E-1,-6.49E-1));
#6836=DIRECTION('',(-1.E0,0.E0,0.E0));
#6837=DIRECTION('',(0.E0,0.E0,1.E0));
#6838=AXIS2_PLACEMENT_3D('',#6835,#6836,#6837);
#6839=CYLINDRICAL_SURFACE('',#6838,5.E-2);
#6840=ORIENTED_EDGE('',*,*,#6688,.T.);
#6842=ORIENTED_EDGE('',*,*,#6841,.T.);
#6843=ORIENTED_EDGE('',*,*,#6754,.F.);
#6844=ORIENTED_EDGE('',*,*,#6828,.F.);
#6845=EDGE_LOOP('',(#6840,#6842,#6843,#6844));
#6846=FACE_OUTER_BOUND('',#6845,.F.);
#6848=CARTESIAN_POINT('',(-3.25E-1,-2.05E-1,-7.248401042067E-1));
#6849=DIRECTION('',(-1.E0,0.E0,0.E0));
#6850=DIRECTION('',(0.E0,0.E0,1.E0));
#6851=AXIS2_PLACEMENT_3D('',#6848,#6849,#6850);
#6852=CYLINDRICAL_SURFACE('',#6851,3.E-2);
#6853=ORIENTED_EDGE('',*,*,#6686,.T.);
#6855=ORIENTED_EDGE('',*,*,#6854,.T.);
#6856=ORIENTED_EDGE('',*,*,#6756,.F.);
#6857=ORIENTED_EDGE('',*,*,#6841,.F.);
#6858=EDGE_LOOP('',(#6853,#6855,#6856,#6857));
#6859=FACE_OUTER_BOUND('',#6858,.F.);
#6861=CARTESIAN_POINT('',(-3.25E-1,-1.75E-1,-7.99E-1));
#6862=DIRECTION('',(-1.E0,0.E0,0.E0));
#6863=DIRECTION('',(0.E0,0.E0,1.E0));
#6864=AXIS2_PLACEMENT_3D('',#6861,#6862,#6863);
#6865=CYLINDRICAL_SURFACE('',#6864,5.E-2);
#6866=ORIENTED_EDGE('',*,*,#6684,.T.);
#6868=ORIENTED_EDGE('',*,*,#6867,.T.);
#6869=ORIENTED_EDGE('',*,*,#6758,.F.);
#6870=ORIENTED_EDGE('',*,*,#6854,.F.);
#6871=EDGE_LOOP('',(#6866,#6868,#6869,#6870));
#6872=FACE_OUTER_BOUND('',#6871,.F.);
#6874=CARTESIAN_POINT('',(-3.25E-1,-2.25E-1,-7.99E-1));
#6875=DIRECTION('',(0.E0,1.E0,0.E0));
#6876=DIRECTION('',(0.E0,0.E0,-1.E0));
#6877=AXIS2_PLACEMENT_3D('',#6874,#6875,#6876);
#6878=PLANE('',#6877);
#6879=ORIENTED_EDGE('',*,*,#6682,.T.);
#6881=ORIENTED_EDGE('',*,*,#6880,.T.);
#6882=ORIENTED_EDGE('',*,*,#6760,.F.);
#6883=ORIENTED_EDGE('',*,*,#6867,.F.);
#6884=EDGE_LOOP('',(#6879,#6881,#6882,#6883));
#6885=FACE_OUTER_BOUND('',#6884,.F.);
#6887=CARTESIAN_POINT('',(-3.25E-1,-7.5E-2,-9.464264917783E-1));
#6888=DIRECTION('',(-1.E0,0.E0,0.E0));
#6889=DIRECTION('',(0.E0,0.E0,1.E0));
#6890=AXIS2_PLACEMENT_3D('',#6887,#6888,#6889);
#6891=CYLINDRICAL_SURFACE('',#6890,1.5E-1);
#6892=ORIENTED_EDGE('',*,*,#6680,.T.);
#6894=ORIENTED_EDGE('',*,*,#6893,.T.);
#6895=ORIENTED_EDGE('',*,*,#6762,.F.);
#6896=ORIENTED_EDGE('',*,*,#6880,.F.);
#6897=EDGE_LOOP('',(#6892,#6894,#6895,#6896));
#6898=FACE_OUTER_BOUND('',#6897,.F.);
#6900=CARTESIAN_POINT('',(-3.25E-1,-2.9E-1,-1.074E0));
#6901=DIRECTION('',(-1.E0,0.E0,0.E0));
#6902=DIRECTION('',(0.E0,0.E0,1.E0));
#6903=AXIS2_PLACEMENT_3D('',#6900,#6901,#6902);
#6904=CYLINDRICAL_SURFACE('',#6903,1.E-1);
#6905=ORIENTED_EDGE('',*,*,#6678,.T.);
#6907=ORIENTED_EDGE('',*,*,#6906,.T.);
#6908=ORIENTED_EDGE('',*,*,#6764,.F.);
#6909=ORIENTED_EDGE('',*,*,#6893,.F.);
#6910=EDGE_LOOP('',(#6905,#6907,#6908,#6909));
#6911=FACE_OUTER_BOUND('',#6910,.F.);
#6913=CARTESIAN_POINT('',(-3.25E-1,-1.9E-1,-1.074E0));
#6914=DIRECTION('',(0.E0,1.E0,0.E0));
#6915=DIRECTION('',(0.E0,0.E0,-1.E0));
#6916=AXIS2_PLACEMENT_3D('',#6913,#6914,#6915);
#6917=PLANE('',#6916);
#6918=ORIENTED_EDGE('',*,*,#6676,.T.);
#6919=ORIENTED_EDGE('',*,*,#6735,.T.);
#6920=ORIENTED_EDGE('',*,*,#6766,.F.);
#6921=ORIENTED_EDGE('',*,*,#6906,.F.);
#6922=EDGE_LOOP('',(#6918,#6919,#6920,#6921));
#6923=FACE_OUTER_BOUND('',#6922,.F.);
#6925=CARTESIAN_POINT('',(-3.25E-1,-4.8751655E-1,-2.852E0));
#6926=DIRECTION('',(-1.E0,0.E0,0.E0));
#6927=DIRECTION('',(0.E0,0.E0,1.E0));
#6928=AXIS2_PLACEMENT_3D('',#6925,#6926,#6927);
#6929=CYLINDRICAL_SURFACE('',#6928,4.E-2);
#6930=ORIENTED_EDGE('',*,*,#6706,.T.);
#6931=ORIENTED_EDGE('',*,*,#4859,.F.);
#6932=ORIENTED_EDGE('',*,*,#6776,.F.);
#6934=ORIENTED_EDGE('',*,*,#6933,.F.);
#6935=EDGE_LOOP('',(#6930,#6931,#6932,#6934));
#6936=FACE_OUTER_BOUND('',#6935,.F.);
#6938=CARTESIAN_POINT('',(-3.25E-1,-5.2751655E-1,-3.162E0));
#6939=DIRECTION('',(0.E0,-1.E0,0.E0));
#6940=DIRECTION('',(0.E0,0.E0,1.E0));
#6941=AXIS2_PLACEMENT_3D('',#6938,#6939,#6940);
#6942=PLANE('',#6941);
#6943=ORIENTED_EDGE('',*,*,#6708,.T.);
#6944=ORIENTED_EDGE('',*,*,#6933,.T.);
#6945=ORIENTED_EDGE('',*,*,#6791,.F.);
#6947=ORIENTED_EDGE('',*,*,#6946,.F.);
#6948=EDGE_LOOP('',(#6943,#6944,#6945,#6947));
#6949=FACE_OUTER_BOUND('',#6948,.F.);
#6951=CARTESIAN_POINT('',(-3.25E-1,-4.77517E-1,-3.162E0));
#6952=DIRECTION('',(0.E0,0.E0,-1.E0));
#6953=DIRECTION('',(0.E0,-1.E0,0.E0));
#6954=AXIS2_PLACEMENT_3D('',#6951,#6952,#6953);
#6955=PLANE('',#6954);
#6956=ORIENTED_EDGE('',*,*,#6710,.T.);
#6957=ORIENTED_EDGE('',*,*,#6946,.T.);
#6958=ORIENTED_EDGE('',*,*,#6789,.F.);
#6960=ORIENTED_EDGE('',*,*,#6959,.F.);
#6961=EDGE_LOOP('',(#6956,#6957,#6958,#6960));
#6962=FACE_OUTER_BOUND('',#6961,.F.);
#6964=CARTESIAN_POINT('',(-3.25E-1,-4.77517E-1,-3.112E0));
#6965=DIRECTION('',(-1.E0,0.E0,0.E0));
#6966=DIRECTION('',(0.E0,0.E0,1.E0));
#6967=AXIS2_PLACEMENT_3D('',#6964,#6965,#6966);
#6968=CYLINDRICAL_SURFACE('',#6967,5.E-2);
#6969=ORIENTED_EDGE('',*,*,#6712,.T.);
#6970=ORIENTED_EDGE('',*,*,#6959,.T.);
#6971=ORIENTED_EDGE('',*,*,#6787,.F.);
#6973=ORIENTED_EDGE('',*,*,#6972,.F.);
#6974=EDGE_LOOP('',(#6969,#6970,#6971,#6973));
#6975=FACE_OUTER_BOUND('',#6974,.F.);
#6977=CARTESIAN_POINT('',(-3.25E-1,-4.661080841369E-1,-3.1911823E0));
#6978=DIRECTION('',(-1.E0,0.E0,0.E0));
#6979=DIRECTION('',(0.E0,0.E0,1.E0));
#6980=AXIS2_PLACEMENT_3D('',#6977,#6978,#6979);
#6981=CYLINDRICAL_SURFACE('',#6980,3.E-2);
#6982=ORIENTED_EDGE('',*,*,#6714,.T.);
#6983=ORIENTED_EDGE('',*,*,#6972,.T.);
#6984=ORIENTED_EDGE('',*,*,#6785,.F.);
#6986=ORIENTED_EDGE('',*,*,#6985,.F.);
#6987=EDGE_LOOP('',(#6982,#6983,#6984,#6986));
#6988=FACE_OUTER_BOUND('',#6987,.F.);
#6990=CARTESIAN_POINT('',(-3.25E-1,-3.9E-1,-3.25E0));
#6991=DIRECTION('',(0.E0,-8.265308078008E-1,-5.628914848851E-1));
#6992=DIRECTION('',(0.E0,-5.628914848851E-1,8.265308078008E-1));
#6993=AXIS2_PLACEMENT_3D('',#6990,#6991,#6992);
#6994=PLANE('',#6993);
#6995=ORIENTED_EDGE('',*,*,#6716,.T.);
#6996=ORIENTED_EDGE('',*,*,#6985,.T.);
#6997=ORIENTED_EDGE('',*,*,#6783,.F.);
#6999=ORIENTED_EDGE('',*,*,#6998,.F.);
#7000=EDGE_LOOP('',(#6995,#6996,#6997,#6999));
#7001=FACE_OUTER_BOUND('',#7000,.F.);
#7003=CARTESIAN_POINT('',(-3.25E-1,-2.2E-1,-3.25E0));
#7004=DIRECTION('',(0.E0,0.E0,-1.E0));
#7005=DIRECTION('',(0.E0,-1.E0,0.E0));
#7006=AXIS2_PLACEMENT_3D('',#7003,#7004,#7005);
#7007=PLANE('',#7006);
#7008=ORIENTED_EDGE('',*,*,#6718,.T.);
#7009=ORIENTED_EDGE('',*,*,#6998,.T.);
#7010=ORIENTED_EDGE('',*,*,#6781,.F.);
#7011=ORIENTED_EDGE('',*,*,#5474,.T.);
#7012=EDGE_LOOP('',(#7008,#7009,#7010,#7011));
#7013=FACE_OUTER_BOUND('',#7012,.F.);
#7015=CARTESIAN_POINT('',(1.75E-1,-5.E-1,0.E0));
#7016=DIRECTION('',(-1.E0,0.E0,0.E0));
#7017=DIRECTION('',(0.E0,0.E0,1.E0));
#7018=AXIS2_PLACEMENT_3D('',#7015,#7016,#7017);
#7019=PLANE('',#7018);
#7021=ORIENTED_EDGE('',*,*,#7020,.F.);
#7023=ORIENTED_EDGE('',*,*,#7022,.F.);
#7025=ORIENTED_EDGE('',*,*,#7024,.F.);
#7027=ORIENTED_EDGE('',*,*,#7026,.F.);
#7029=ORIENTED_EDGE('',*,*,#7028,.F.);
#7031=ORIENTED_EDGE('',*,*,#7030,.F.);
#7033=ORIENTED_EDGE('',*,*,#7032,.F.);
#7035=ORIENTED_EDGE('',*,*,#7034,.F.);
#7037=ORIENTED_EDGE('',*,*,#7036,.F.);
#7039=ORIENTED_EDGE('',*,*,#7038,.F.);
#7041=ORIENTED_EDGE('',*,*,#7040,.F.);
#7042=ORIENTED_EDGE('',*,*,#5120,.F.);
#7043=ORIENTED_EDGE('',*,*,#5024,.T.);
#7044=EDGE_LOOP('',(#7021,#7023,#7025,#7027,#7029,#7031,#7033,#7035,#7037,#7039,
#7041,#7042,#7043));
#7045=FACE_OUTER_BOUND('',#7044,.F.);
#7047=CARTESIAN_POINT('',(1.75E-1,-5.E-1,0.E0));
#7048=DIRECTION('',(-1.E0,0.E0,0.E0));
#7049=DIRECTION('',(0.E0,0.E0,1.E0));
#7050=AXIS2_PLACEMENT_3D('',#7047,#7048,#7049);
#7051=PLANE('',#7050);
#7053=ORIENTED_EDGE('',*,*,#7052,.F.);
#7055=ORIENTED_EDGE('',*,*,#7054,.F.);
#7057=ORIENTED_EDGE('',*,*,#7056,.F.);
#7059=ORIENTED_EDGE('',*,*,#7058,.F.);
#7061=ORIENTED_EDGE('',*,*,#7060,.F.);
#7063=ORIENTED_EDGE('',*,*,#7062,.F.);
#7065=ORIENTED_EDGE('',*,*,#7064,.F.);
#7066=ORIENTED_EDGE('',*,*,#5480,.F.);
#7067=ORIENTED_EDGE('',*,*,#5554,.F.);
#7068=ORIENTED_EDGE('',*,*,#4853,.T.);
#7069=EDGE_LOOP('',(#7053,#7055,#7057,#7059,#7061,#7063,#7065,#7066,#7067,
#7068));
#7070=FACE_OUTER_BOUND('',#7069,.F.);
#7072=CARTESIAN_POINT('',(1.75E-1,-1.4E-1,-1.282941277891E0));
#7073=DIRECTION('',(-1.E0,0.E0,0.E0));
#7074=DIRECTION('',(0.E0,0.E0,1.E0));
#7075=AXIS2_PLACEMENT_3D('',#7072,#7073,#7074);
#7076=CYLINDRICAL_SURFACE('',#7075,5.E-2);
#7077=ORIENTED_EDGE('',*,*,#7020,.T.);
#7078=ORIENTED_EDGE('',*,*,#5022,.F.);
#7080=ORIENTED_EDGE('',*,*,#7079,.F.);
#7082=ORIENTED_EDGE('',*,*,#7081,.F.);
#7083=EDGE_LOOP('',(#7077,#7078,#7080,#7082));
#7084=FACE_OUTER_BOUND('',#7083,.F.);
#7086=CARTESIAN_POINT('',(3.25E-1,-5.E-1,0.E0));
#7087=DIRECTION('',(-1.E0,0.E0,0.E0));
#7088=DIRECTION('',(0.E0,0.E0,1.E0));
#7089=AXIS2_PLACEMENT_3D('',#7086,#7087,#7088);
#7090=PLANE('',#7089);
#7091=ORIENTED_EDGE('',*,*,#7079,.T.);
#7092=ORIENTED_EDGE('',*,*,#5020,.F.);
#7093=ORIENTED_EDGE('',*,*,#5124,.T.);
#7095=ORIENTED_EDGE('',*,*,#7094,.T.);
#7097=ORIENTED_EDGE('',*,*,#7096,.F.);
#7099=ORIENTED_EDGE('',*,*,#7098,.T.);
#7101=ORIENTED_EDGE('',*,*,#7100,.T.);
#7103=ORIENTED_EDGE('',*,*,#7102,.T.);
#7105=ORIENTED_EDGE('',*,*,#7104,.T.);
#7107=ORIENTED_EDGE('',*,*,#7106,.T.);
#7109=ORIENTED_EDGE('',*,*,#7108,.T.);
#7111=ORIENTED_EDGE('',*,*,#7110,.T.);
#7113=ORIENTED_EDGE('',*,*,#7112,.T.);
#7114=EDGE_LOOP('',(#7091,#7092,#7093,#7095,#7097,#7099,#7101,#7103,#7105,#7107,
#7109,#7111,#7113));
#7115=FACE_OUTER_BOUND('',#7114,.F.);
#7117=CARTESIAN_POINT('',(3.25E-1,-5.E-1,0.E0));
#7118=DIRECTION('',(-1.E0,0.E0,0.E0));
#7119=DIRECTION('',(0.E0,0.E0,1.E0));
#7120=AXIS2_PLACEMENT_3D('',#7117,#7118,#7119);
#7121=PLANE('',#7120);
#7123=ORIENTED_EDGE('',*,*,#7122,.T.);
#7124=ORIENTED_EDGE('',*,*,#4849,.F.);
#7125=ORIENTED_EDGE('',*,*,#5571,.T.);
#7126=ORIENTED_EDGE('',*,*,#5484,.T.);
#7128=ORIENTED_EDGE('',*,*,#7127,.T.);
#7130=ORIENTED_EDGE('',*,*,#7129,.T.);
#7132=ORIENTED_EDGE('',*,*,#7131,.T.);
#7134=ORIENTED_EDGE('',*,*,#7133,.T.);
#7136=ORIENTED_EDGE('',*,*,#7135,.T.);
#7138=ORIENTED_EDGE('',*,*,#7137,.T.);
#7139=EDGE_LOOP('',(#7123,#7124,#7125,#7126,#7128,#7130,#7132,#7134,#7136,
#7138));
#7140=FACE_OUTER_BOUND('',#7139,.F.);
#7142=CARTESIAN_POINT('',(1.75E-1,-5.26E-1,-5.085756955777E-1));
#7143=DIRECTION('',(-1.E0,0.E0,0.E0));
#7144=DIRECTION('',(0.E0,0.E0,1.E0));
#7145=AXIS2_PLACEMENT_3D('',#7142,#7143,#7144);
#7146=CYLINDRICAL_SURFACE('',#7145,3.59E-1);
#7147=ORIENTED_EDGE('',*,*,#7040,.T.);
#7149=ORIENTED_EDGE('',*,*,#7148,.T.);
#7150=ORIENTED_EDGE('',*,*,#7094,.F.);
#7151=ORIENTED_EDGE('',*,*,#5122,.T.);
#7152=EDGE_LOOP('',(#7147,#7149,#7150,#7151));
#7153=FACE_OUTER_BOUND('',#7152,.F.);
#7155=CARTESIAN_POINT('',(1.75E-1,-1.8E-1,-4.83E-1));
#7156=DIRECTION('',(-1.E0,0.E0,0.E0));
#7157=DIRECTION('',(0.E0,0.E0,1.E0));
#7158=AXIS2_PLACEMENT_3D('',#7155,#7156,#7157);
#7159=CYLINDRICAL_SURFACE('',#7158,5.E-2);
#7160=ORIENTED_EDGE('',*,*,#7038,.T.);
#7162=ORIENTED_EDGE('',*,*,#7161,.T.);
#7163=ORIENTED_EDGE('',*,*,#7096,.T.);
#7164=ORIENTED_EDGE('',*,*,#7148,.F.);
#7165=EDGE_LOOP('',(#7160,#7162,#7163,#7164));
#7166=FACE_OUTER_BOUND('',#7165,.F.);
#7168=CARTESIAN_POINT('',(1.75E-1,-2.3E-1,-4.83E-1));
#7169=DIRECTION('',(0.E0,1.E0,0.E0));
#7170=DIRECTION('',(0.E0,0.E0,-1.E0));
#7171=AXIS2_PLACEMENT_3D('',#7168,#7169,#7170);
#7172=PLANE('',#7171);
#7173=ORIENTED_EDGE('',*,*,#7036,.T.);
#7175=ORIENTED_EDGE('',*,*,#7174,.T.);
#7176=ORIENTED_EDGE('',*,*,#7098,.F.);
#7177=ORIENTED_EDGE('',*,*,#7161,.F.);
#7178=EDGE_LOOP('',(#7173,#7175,#7176,#7177));
#7179=FACE_OUTER_BOUND('',#7178,.F.);
#7181=CARTESIAN_POINT('',(1.75E-1,-1.8E-1,-6.49E-1));
#7182=DIRECTION('',(-1.E0,0.E0,0.E0));
#7183=DIRECTION('',(0.E0,0.E0,1.E0));
#7184=AXIS2_PLACEMENT_3D('',#7181,#7182,#7183);
#7185=CYLINDRICAL_SURFACE('',#7184,5.E-2);
#7186=ORIENTED_EDGE('',*,*,#7034,.T.);
#7188=ORIENTED_EDGE('',*,*,#7187,.T.);
#7189=ORIENTED_EDGE('',*,*,#7100,.F.);
#7190=ORIENTED_EDGE('',*,*,#7174,.F.);
#7191=EDGE_LOOP('',(#7186,#7188,#7189,#7190));
#7192=FACE_OUTER_BOUND('',#7191,.F.);
#7194=CARTESIAN_POINT('',(1.75E-1,-2.05E-1,-7.248401042067E-1));
#7195=DIRECTION('',(-1.E0,0.E0,0.E0));
#7196=DIRECTION('',(0.E0,0.E0,1.E0));
#7197=AXIS2_PLACEMENT_3D('',#7194,#7195,#7196);
#7198=CYLINDRICAL_SURFACE('',#7197,3.E-2);
#7199=ORIENTED_EDGE('',*,*,#7032,.T.);
#7201=ORIENTED_EDGE('',*,*,#7200,.T.);
#7202=ORIENTED_EDGE('',*,*,#7102,.F.);
#7203=ORIENTED_EDGE('',*,*,#7187,.F.);
#7204=EDGE_LOOP('',(#7199,#7201,#7202,#7203));
#7205=FACE_OUTER_BOUND('',#7204,.F.);
#7207=CARTESIAN_POINT('',(1.75E-1,-1.75E-1,-7.99E-1));
#7208=DIRECTION('',(-1.E0,0.E0,0.E0));
#7209=DIRECTION('',(0.E0,0.E0,1.E0));
#7210=AXIS2_PLACEMENT_3D('',#7207,#7208,#7209);
#7211=CYLINDRICAL_SURFACE('',#7210,5.E-2);
#7212=ORIENTED_EDGE('',*,*,#7030,.T.);
#7214=ORIENTED_EDGE('',*,*,#7213,.T.);
#7215=ORIENTED_EDGE('',*,*,#7104,.F.);
#7216=ORIENTED_EDGE('',*,*,#7200,.F.);
#7217=EDGE_LOOP('',(#7212,#7214,#7215,#7216));
#7218=FACE_OUTER_BOUND('',#7217,.F.);
#7220=CARTESIAN_POINT('',(1.75E-1,-2.25E-1,-7.99E-1));
#7221=DIRECTION('',(0.E0,1.E0,0.E0));
#7222=DIRECTION('',(0.E0,0.E0,-1.E0));
#7223=AXIS2_PLACEMENT_3D('',#7220,#7221,#7222);
#7224=PLANE('',#7223);
#7225=ORIENTED_EDGE('',*,*,#7028,.T.);
#7227=ORIENTED_EDGE('',*,*,#7226,.T.);
#7228=ORIENTED_EDGE('',*,*,#7106,.F.);
#7229=ORIENTED_EDGE('',*,*,#7213,.F.);
#7230=EDGE_LOOP('',(#7225,#7227,#7228,#7229));
#7231=FACE_OUTER_BOUND('',#7230,.F.);
#7233=CARTESIAN_POINT('',(1.75E-1,-7.5E-2,-9.464264917783E-1));
#7234=DIRECTION('',(-1.E0,0.E0,0.E0));
#7235=DIRECTION('',(0.E0,0.E0,1.E0));
#7236=AXIS2_PLACEMENT_3D('',#7233,#7234,#7235);
#7237=CYLINDRICAL_SURFACE('',#7236,1.5E-1);
#7238=ORIENTED_EDGE('',*,*,#7026,.T.);
#7240=ORIENTED_EDGE('',*,*,#7239,.T.);
#7241=ORIENTED_EDGE('',*,*,#7108,.F.);
#7242=ORIENTED_EDGE('',*,*,#7226,.F.);
#7243=EDGE_LOOP('',(#7238,#7240,#7241,#7242));
#7244=FACE_OUTER_BOUND('',#7243,.F.);
#7246=CARTESIAN_POINT('',(1.75E-1,-2.9E-1,-1.074E0));
#7247=DIRECTION('',(-1.E0,0.E0,0.E0));
#7248=DIRECTION('',(0.E0,0.E0,1.E0));
#7249=AXIS2_PLACEMENT_3D('',#7246,#7247,#7248);
#7250=CYLINDRICAL_SURFACE('',#7249,1.E-1);
#7251=ORIENTED_EDGE('',*,*,#7024,.T.);
#7253=ORIENTED_EDGE('',*,*,#7252,.T.);
#7254=ORIENTED_EDGE('',*,*,#7110,.F.);
#7255=ORIENTED_EDGE('',*,*,#7239,.F.);
#7256=EDGE_LOOP('',(#7251,#7253,#7254,#7255));
#7257=FACE_OUTER_BOUND('',#7256,.F.);
#7259=CARTESIAN_POINT('',(1.75E-1,-1.9E-1,-1.074E0));
#7260=DIRECTION('',(0.E0,1.E0,0.E0));
#7261=DIRECTION('',(0.E0,0.E0,-1.E0));
#7262=AXIS2_PLACEMENT_3D('',#7259,#7260,#7261);
#7263=PLANE('',#7262);
#7264=ORIENTED_EDGE('',*,*,#7022,.T.);
#7265=ORIENTED_EDGE('',*,*,#7081,.T.);
#7266=ORIENTED_EDGE('',*,*,#7112,.F.);
#7267=ORIENTED_EDGE('',*,*,#7252,.F.);
#7268=EDGE_LOOP('',(#7264,#7265,#7266,#7267));
#7269=FACE_OUTER_BOUND('',#7268,.F.);
#7271=CARTESIAN_POINT('',(1.75E-1,-4.8751655E-1,-2.852E0));
#7272=DIRECTION('',(-1.E0,0.E0,0.E0));
#7273=DIRECTION('',(0.E0,0.E0,1.E0));
#7274=AXIS2_PLACEMENT_3D('',#7271,#7272,#7273);
#7275=CYLINDRICAL_SURFACE('',#7274,4.E-2);
#7276=ORIENTED_EDGE('',*,*,#7052,.T.);
#7277=ORIENTED_EDGE('',*,*,#4851,.F.);
#7278=ORIENTED_EDGE('',*,*,#7122,.F.);
#7280=ORIENTED_EDGE('',*,*,#7279,.F.);
#7281=EDGE_LOOP('',(#7276,#7277,#7278,#7280));
#7282=FACE_OUTER_BOUND('',#7281,.F.);
#7284=CARTESIAN_POINT('',(1.75E-1,-5.2751655E-1,-3.162E0));
#7285=DIRECTION('',(0.E0,-1.E0,0.E0));
#7286=DIRECTION('',(0.E0,0.E0,1.E0));
#7287=AXIS2_PLACEMENT_3D('',#7284,#7285,#7286);
#7288=PLANE('',#7287);
#7289=ORIENTED_EDGE('',*,*,#7054,.T.);
#7290=ORIENTED_EDGE('',*,*,#7279,.T.);
#7291=ORIENTED_EDGE('',*,*,#7137,.F.);
#7293=ORIENTED_EDGE('',*,*,#7292,.F.);
#7294=EDGE_LOOP('',(#7289,#7290,#7291,#7293));
#7295=FACE_OUTER_BOUND('',#7294,.F.);
#7297=CARTESIAN_POINT('',(1.75E-1,-4.77517E-1,-3.162E0));
#7298=DIRECTION('',(0.E0,0.E0,-1.E0));
#7299=DIRECTION('',(0.E0,-1.E0,0.E0));
#7300=AXIS2_PLACEMENT_3D('',#7297,#7298,#7299);
#7301=PLANE('',#7300);
#7302=ORIENTED_EDGE('',*,*,#7056,.T.);
#7303=ORIENTED_EDGE('',*,*,#7292,.T.);
#7304=ORIENTED_EDGE('',*,*,#7135,.F.);
#7306=ORIENTED_EDGE('',*,*,#7305,.F.);
#7307=EDGE_LOOP('',(#7302,#7303,#7304,#7306));
#7308=FACE_OUTER_BOUND('',#7307,.F.);
#7310=CARTESIAN_POINT('',(1.75E-1,-4.77517E-1,-3.112E0));
#7311=DIRECTION('',(-1.E0,0.E0,0.E0));
#7312=DIRECTION('',(0.E0,0.E0,1.E0));
#7313=AXIS2_PLACEMENT_3D('',#7310,#7311,#7312);
#7314=CYLINDRICAL_SURFACE('',#7313,5.E-2);
#7315=ORIENTED_EDGE('',*,*,#7058,.T.);
#7316=ORIENTED_EDGE('',*,*,#7305,.T.);
#7317=ORIENTED_EDGE('',*,*,#7133,.F.);
#7319=ORIENTED_EDGE('',*,*,#7318,.F.);
#7320=EDGE_LOOP('',(#7315,#7316,#7317,#7319));
#7321=FACE_OUTER_BOUND('',#7320,.F.);
#7323=CARTESIAN_POINT('',(1.75E-1,-4.661080841369E-1,-3.1911823E0));
#7324=DIRECTION('',(-1.E0,0.E0,0.E0));
#7325=DIRECTION('',(0.E0,0.E0,1.E0));
#7326=AXIS2_PLACEMENT_3D('',#7323,#7324,#7325);
#7327=CYLINDRICAL_SURFACE('',#7326,3.E-2);
#7328=ORIENTED_EDGE('',*,*,#7060,.T.);
#7329=ORIENTED_EDGE('',*,*,#7318,.T.);
#7330=ORIENTED_EDGE('',*,*,#7131,.F.);
#7332=ORIENTED_EDGE('',*,*,#7331,.F.);
#7333=EDGE_LOOP('',(#7328,#7329,#7330,#7332));
#7334=FACE_OUTER_BOUND('',#7333,.F.);
#7336=CARTESIAN_POINT('',(1.75E-1,-3.9E-1,-3.25E0));
#7337=DIRECTION('',(0.E0,-8.265308078008E-1,-5.628914848851E-1));
#7338=DIRECTION('',(0.E0,-5.628914848851E-1,8.265308078008E-1));
#7339=AXIS2_PLACEMENT_3D('',#7336,#7337,#7338);
#7340=PLANE('',#7339);
#7341=ORIENTED_EDGE('',*,*,#7062,.T.);
#7342=ORIENTED_EDGE('',*,*,#7331,.T.);
#7343=ORIENTED_EDGE('',*,*,#7129,.F.);
#7345=ORIENTED_EDGE('',*,*,#7344,.F.);
#7346=EDGE_LOOP('',(#7341,#7342,#7343,#7345));
#7347=FACE_OUTER_BOUND('',#7346,.F.);
#7349=CARTESIAN_POINT('',(1.75E-1,-2.2E-1,-3.25E0));
#7350=DIRECTION('',(0.E0,0.E0,-1.E0));
#7351=DIRECTION('',(0.E0,-1.E0,0.E0));
#7352=AXIS2_PLACEMENT_3D('',#7349,#7350,#7351);
#7353=PLANE('',#7352);
#7354=ORIENTED_EDGE('',*,*,#7064,.T.);
#7355=ORIENTED_EDGE('',*,*,#7344,.T.);
#7356=ORIENTED_EDGE('',*,*,#7127,.F.);
#7357=ORIENTED_EDGE('',*,*,#5482,.T.);
#7358=EDGE_LOOP('',(#7354,#7355,#7356,#7357));
#7359=FACE_OUTER_BOUND('',#7358,.F.);
#7361=CARTESIAN_POINT('',(6.75E-1,-5.E-1,0.E0));
#7362=DIRECTION('',(-1.E0,0.E0,0.E0));
#7363=DIRECTION('',(0.E0,0.E0,1.E0));
#7364=AXIS2_PLACEMENT_3D('',#7361,#7362,#7363);
#7365=PLANE('',#7364);
#7367=ORIENTED_EDGE('',*,*,#7366,.F.);
#7369=ORIENTED_EDGE('',*,*,#7368,.F.);
#7371=ORIENTED_EDGE('',*,*,#7370,.F.);
#7373=ORIENTED_EDGE('',*,*,#7372,.F.);
#7375=ORIENTED_EDGE('',*,*,#7374,.F.);
#7377=ORIENTED_EDGE('',*,*,#7376,.F.);
#7379=ORIENTED_EDGE('',*,*,#7378,.F.);
#7381=ORIENTED_EDGE('',*,*,#7380,.F.);
#7383=ORIENTED_EDGE('',*,*,#7382,.F.);
#7385=ORIENTED_EDGE('',*,*,#7384,.F.);
#7387=ORIENTED_EDGE('',*,*,#7386,.F.);
#7388=ORIENTED_EDGE('',*,*,#5127,.F.);
#7389=ORIENTED_EDGE('',*,*,#5016,.T.);
#7390=EDGE_LOOP('',(#7367,#7369,#7371,#7373,#7375,#7377,#7379,#7381,#7383,#7385,
#7387,#7388,#7389));
#7391=FACE_OUTER_BOUND('',#7390,.F.);
#7393=CARTESIAN_POINT('',(6.75E-1,-5.E-1,0.E0));
#7394=DIRECTION('',(-1.E0,0.E0,0.E0));
#7395=DIRECTION('',(0.E0,0.E0,1.E0));
#7396=AXIS2_PLACEMENT_3D('',#7393,#7394,#7395);
#7397=PLANE('',#7396);
#7399=ORIENTED_EDGE('',*,*,#7398,.F.);
#7401=ORIENTED_EDGE('',*,*,#7400,.F.);
#7403=ORIENTED_EDGE('',*,*,#7402,.F.);
#7405=ORIENTED_EDGE('',*,*,#7404,.F.);
#7407=ORIENTED_EDGE('',*,*,#7406,.F.);
#7409=ORIENTED_EDGE('',*,*,#7408,.F.);
#7411=ORIENTED_EDGE('',*,*,#7410,.F.);
#7412=ORIENTED_EDGE('',*,*,#5488,.F.);
#7413=ORIENTED_EDGE('',*,*,#5568,.F.);
#7414=ORIENTED_EDGE('',*,*,#4845,.T.);
#7415=EDGE_LOOP('',(#7399,#7401,#7403,#7405,#7407,#7409,#7411,#7412,#7413,
#7414));
#7416=FACE_OUTER_BOUND('',#7415,.F.);
#7418=CARTESIAN_POINT('',(6.75E-1,-1.4E-1,-1.282941277891E0));
#7419=DIRECTION('',(-1.E0,0.E0,0.E0));
#7420=DIRECTION('',(0.E0,0.E0,1.E0));
#7421=AXIS2_PLACEMENT_3D('',#7418,#7419,#7420);
#7422=CYLINDRICAL_SURFACE('',#7421,5.E-2);
#7423=ORIENTED_EDGE('',*,*,#7366,.T.);
#7424=ORIENTED_EDGE('',*,*,#5014,.F.);
#7426=ORIENTED_EDGE('',*,*,#7425,.F.);
#7428=ORIENTED_EDGE('',*,*,#7427,.F.);
#7429=EDGE_LOOP('',(#7423,#7424,#7426,#7428));
#7430=FACE_OUTER_BOUND('',#7429,.F.);
#7432=CARTESIAN_POINT('',(8.25E-1,-5.E-1,0.E0));
#7433=DIRECTION('',(-1.E0,0.E0,0.E0));
#7434=DIRECTION('',(0.E0,0.E0,1.E0));
#7435=AXIS2_PLACEMENT_3D('',#7432,#7433,#7434);
#7436=PLANE('',#7435);
#7437=ORIENTED_EDGE('',*,*,#7425,.T.);
#7438=ORIENTED_EDGE('',*,*,#5012,.F.);
#7439=ORIENTED_EDGE('',*,*,#5131,.T.);
#7441=ORIENTED_EDGE('',*,*,#7440,.T.);
#7443=ORIENTED_EDGE('',*,*,#7442,.F.);
#7445=ORIENTED_EDGE('',*,*,#7444,.T.);
#7447=ORIENTED_EDGE('',*,*,#7446,.T.);
#7449=ORIENTED_EDGE('',*,*,#7448,.T.);
#7451=ORIENTED_EDGE('',*,*,#7450,.T.);
#7453=ORIENTED_EDGE('',*,*,#7452,.T.);
#7455=ORIENTED_EDGE('',*,*,#7454,.T.);
#7457=ORIENTED_EDGE('',*,*,#7456,.T.);
#7459=ORIENTED_EDGE('',*,*,#7458,.T.);
#7460=EDGE_LOOP('',(#7437,#7438,#7439,#7441,#7443,#7445,#7447,#7449,#7451,#7453,
#7455,#7457,#7459));
#7461=FACE_OUTER_BOUND('',#7460,.F.);
#7463=CARTESIAN_POINT('',(8.25E-1,-5.E-1,0.E0));
#7464=DIRECTION('',(-1.E0,0.E0,0.E0));
#7465=DIRECTION('',(0.E0,0.E0,1.E0));
#7466=AXIS2_PLACEMENT_3D('',#7463,#7464,#7465);
#7467=PLANE('',#7466);
#7469=ORIENTED_EDGE('',*,*,#7468,.T.);
#7470=ORIENTED_EDGE('',*,*,#4841,.F.);
#7471=ORIENTED_EDGE('',*,*,#5585,.T.);
#7472=ORIENTED_EDGE('',*,*,#5492,.T.);
#7474=ORIENTED_EDGE('',*,*,#7473,.T.);
#7476=ORIENTED_EDGE('',*,*,#7475,.T.);
#7478=ORIENTED_EDGE('',*,*,#7477,.T.);
#7480=ORIENTED_EDGE('',*,*,#7479,.T.);
#7482=ORIENTED_EDGE('',*,*,#7481,.T.);
#7484=ORIENTED_EDGE('',*,*,#7483,.T.);
#7485=EDGE_LOOP('',(#7469,#7470,#7471,#7472,#7474,#7476,#7478,#7480,#7482,
#7484));
#7486=FACE_OUTER_BOUND('',#7485,.F.);
#7488=CARTESIAN_POINT('',(6.75E-1,-5.26E-1,-5.085756955777E-1));
#7489=DIRECTION('',(-1.E0,0.E0,0.E0));
#7490=DIRECTION('',(0.E0,0.E0,1.E0));
#7491=AXIS2_PLACEMENT_3D('',#7488,#7489,#7490);
#7492=CYLINDRICAL_SURFACE('',#7491,3.59E-1);
#7493=ORIENTED_EDGE('',*,*,#7386,.T.);
#7495=ORIENTED_EDGE('',*,*,#7494,.T.);
#7496=ORIENTED_EDGE('',*,*,#7440,.F.);
#7497=ORIENTED_EDGE('',*,*,#5129,.T.);
#7498=EDGE_LOOP('',(#7493,#7495,#7496,#7497));
#7499=FACE_OUTER_BOUND('',#7498,.F.);
#7501=CARTESIAN_POINT('',(6.75E-1,-1.8E-1,-4.83E-1));
#7502=DIRECTION('',(-1.E0,0.E0,0.E0));
#7503=DIRECTION('',(0.E0,0.E0,1.E0));
#7504=AXIS2_PLACEMENT_3D('',#7501,#7502,#7503);
#7505=CYLINDRICAL_SURFACE('',#7504,5.E-2);
#7506=ORIENTED_EDGE('',*,*,#7384,.T.);
#7508=ORIENTED_EDGE('',*,*,#7507,.T.);
#7509=ORIENTED_EDGE('',*,*,#7442,.T.);
#7510=ORIENTED_EDGE('',*,*,#7494,.F.);
#7511=EDGE_LOOP('',(#7506,#7508,#7509,#7510));
#7512=FACE_OUTER_BOUND('',#7511,.F.);
#7514=CARTESIAN_POINT('',(6.75E-1,-2.3E-1,-4.83E-1));
#7515=DIRECTION('',(0.E0,1.E0,0.E0));
#7516=DIRECTION('',(0.E0,0.E0,-1.E0));
#7517=AXIS2_PLACEMENT_3D('',#7514,#7515,#7516);
#7518=PLANE('',#7517);
#7519=ORIENTED_EDGE('',*,*,#7382,.T.);
#7521=ORIENTED_EDGE('',*,*,#7520,.T.);
#7522=ORIENTED_EDGE('',*,*,#7444,.F.);
#7523=ORIENTED_EDGE('',*,*,#7507,.F.);
#7524=EDGE_LOOP('',(#7519,#7521,#7522,#7523));
#7525=FACE_OUTER_BOUND('',#7524,.F.);
#7527=CARTESIAN_POINT('',(6.75E-1,-1.8E-1,-6.49E-1));
#7528=DIRECTION('',(-1.E0,0.E0,0.E0));
#7529=DIRECTION('',(0.E0,0.E0,1.E0));
#7530=AXIS2_PLACEMENT_3D('',#7527,#7528,#7529);
#7531=CYLINDRICAL_SURFACE('',#7530,5.E-2);
#7532=ORIENTED_EDGE('',*,*,#7380,.T.);
#7534=ORIENTED_EDGE('',*,*,#7533,.T.);
#7535=ORIENTED_EDGE('',*,*,#7446,.F.);
#7536=ORIENTED_EDGE('',*,*,#7520,.F.);
#7537=EDGE_LOOP('',(#7532,#7534,#7535,#7536));
#7538=FACE_OUTER_BOUND('',#7537,.F.);
#7540=CARTESIAN_POINT('',(6.75E-1,-2.05E-1,-7.248401042067E-1));
#7541=DIRECTION('',(-1.E0,0.E0,0.E0));
#7542=DIRECTION('',(0.E0,0.E0,1.E0));
#7543=AXIS2_PLACEMENT_3D('',#7540,#7541,#7542);
#7544=CYLINDRICAL_SURFACE('',#7543,3.E-2);
#7545=ORIENTED_EDGE('',*,*,#7378,.T.);
#7547=ORIENTED_EDGE('',*,*,#7546,.T.);
#7548=ORIENTED_EDGE('',*,*,#7448,.F.);
#7549=ORIENTED_EDGE('',*,*,#7533,.F.);
#7550=EDGE_LOOP('',(#7545,#7547,#7548,#7549));
#7551=FACE_OUTER_BOUND('',#7550,.F.);
#7553=CARTESIAN_POINT('',(6.75E-1,-1.75E-1,-7.99E-1));
#7554=DIRECTION('',(-1.E0,0.E0,0.E0));
#7555=DIRECTION('',(0.E0,0.E0,1.E0));
#7556=AXIS2_PLACEMENT_3D('',#7553,#7554,#7555);
#7557=CYLINDRICAL_SURFACE('',#7556,5.E-2);
#7558=ORIENTED_EDGE('',*,*,#7376,.T.);
#7560=ORIENTED_EDGE('',*,*,#7559,.T.);
#7561=ORIENTED_EDGE('',*,*,#7450,.F.);
#7562=ORIENTED_EDGE('',*,*,#7546,.F.);
#7563=EDGE_LOOP('',(#7558,#7560,#7561,#7562));
#7564=FACE_OUTER_BOUND('',#7563,.F.);
#7566=CARTESIAN_POINT('',(6.75E-1,-2.25E-1,-7.99E-1));
#7567=DIRECTION('',(0.E0,1.E0,0.E0));
#7568=DIRECTION('',(0.E0,0.E0,-1.E0));
#7569=AXIS2_PLACEMENT_3D('',#7566,#7567,#7568);
#7570=PLANE('',#7569);
#7571=ORIENTED_EDGE('',*,*,#7374,.T.);
#7573=ORIENTED_EDGE('',*,*,#7572,.T.);
#7574=ORIENTED_EDGE('',*,*,#7452,.F.);
#7575=ORIENTED_EDGE('',*,*,#7559,.F.);
#7576=EDGE_LOOP('',(#7571,#7573,#7574,#7575));
#7577=FACE_OUTER_BOUND('',#7576,.F.);
#7579=CARTESIAN_POINT('',(6.75E-1,-7.5E-2,-9.464264917783E-1));
#7580=DIRECTION('',(-1.E0,0.E0,0.E0));
#7581=DIRECTION('',(0.E0,0.E0,1.E0));
#7582=AXIS2_PLACEMENT_3D('',#7579,#7580,#7581);
#7583=CYLINDRICAL_SURFACE('',#7582,1.5E-1);
#7584=ORIENTED_EDGE('',*,*,#7372,.T.);
#7586=ORIENTED_EDGE('',*,*,#7585,.T.);
#7587=ORIENTED_EDGE('',*,*,#7454,.F.);
#7588=ORIENTED_EDGE('',*,*,#7572,.F.);
#7589=EDGE_LOOP('',(#7584,#7586,#7587,#7588));
#7590=FACE_OUTER_BOUND('',#7589,.F.);
#7592=CARTESIAN_POINT('',(6.75E-1,-2.9E-1,-1.074E0));
#7593=DIRECTION('',(-1.E0,0.E0,0.E0));
#7594=DIRECTION('',(0.E0,0.E0,1.E0));
#7595=AXIS2_PLACEMENT_3D('',#7592,#7593,#7594);
#7596=CYLINDRICAL_SURFACE('',#7595,1.E-1);
#7597=ORIENTED_EDGE('',*,*,#7370,.T.);
#7599=ORIENTED_EDGE('',*,*,#7598,.T.);
#7600=ORIENTED_EDGE('',*,*,#7456,.F.);
#7601=ORIENTED_EDGE('',*,*,#7585,.F.);
#7602=EDGE_LOOP('',(#7597,#7599,#7600,#7601));
#7603=FACE_OUTER_BOUND('',#7602,.F.);
#7605=CARTESIAN_POINT('',(6.75E-1,-1.9E-1,-1.074E0));
#7606=DIRECTION('',(0.E0,1.E0,0.E0));
#7607=DIRECTION('',(0.E0,0.E0,-1.E0));
#7608=AXIS2_PLACEMENT_3D('',#7605,#7606,#7607);
#7609=PLANE('',#7608);
#7610=ORIENTED_EDGE('',*,*,#7368,.T.);
#7611=ORIENTED_EDGE('',*,*,#7427,.T.);
#7612=ORIENTED_EDGE('',*,*,#7458,.F.);
#7613=ORIENTED_EDGE('',*,*,#7598,.F.);
#7614=EDGE_LOOP('',(#7610,#7611,#7612,#7613));
#7615=FACE_OUTER_BOUND('',#7614,.F.);
#7617=CARTESIAN_POINT('',(6.75E-1,-4.8751655E-1,-2.852E0));
#7618=DIRECTION('',(-1.E0,0.E0,0.E0));
#7619=DIRECTION('',(0.E0,0.E0,1.E0));
#7620=AXIS2_PLACEMENT_3D('',#7617,#7618,#7619);
#7621=CYLINDRICAL_SURFACE('',#7620,4.E-2);
#7622=ORIENTED_EDGE('',*,*,#7398,.T.);
#7623=ORIENTED_EDGE('',*,*,#4843,.F.);
#7624=ORIENTED_EDGE('',*,*,#7468,.F.);
#7626=ORIENTED_EDGE('',*,*,#7625,.F.);
#7627=EDGE_LOOP('',(#7622,#7623,#7624,#7626));
#7628=FACE_OUTER_BOUND('',#7627,.F.);
#7630=CARTESIAN_POINT('',(6.75E-1,-5.2751655E-1,-3.162E0));
#7631=DIRECTION('',(0.E0,-1.E0,0.E0));
#7632=DIRECTION('',(0.E0,0.E0,1.E0));
#7633=AXIS2_PLACEMENT_3D('',#7630,#7631,#7632);
#7634=PLANE('',#7633);
#7635=ORIENTED_EDGE('',*,*,#7400,.T.);
#7636=ORIENTED_EDGE('',*,*,#7625,.T.);
#7637=ORIENTED_EDGE('',*,*,#7483,.F.);
#7639=ORIENTED_EDGE('',*,*,#7638,.F.);
#7640=EDGE_LOOP('',(#7635,#7636,#7637,#7639));
#7641=FACE_OUTER_BOUND('',#7640,.F.);
#7643=CARTESIAN_POINT('',(6.75E-1,-4.77517E-1,-3.162E0));
#7644=DIRECTION('',(0.E0,0.E0,-1.E0));
#7645=DIRECTION('',(0.E0,-1.E0,0.E0));
#7646=AXIS2_PLACEMENT_3D('',#7643,#7644,#7645);
#7647=PLANE('',#7646);
#7648=ORIENTED_EDGE('',*,*,#7402,.T.);
#7649=ORIENTED_EDGE('',*,*,#7638,.T.);
#7650=ORIENTED_EDGE('',*,*,#7481,.F.);
#7652=ORIENTED_EDGE('',*,*,#7651,.F.);
#7653=EDGE_LOOP('',(#7648,#7649,#7650,#7652));
#7654=FACE_OUTER_BOUND('',#7653,.F.);
#7656=CARTESIAN_POINT('',(6.75E-1,-4.77517E-1,-3.112E0));
#7657=DIRECTION('',(-1.E0,0.E0,0.E0));
#7658=DIRECTION('',(0.E0,0.E0,1.E0));
#7659=AXIS2_PLACEMENT_3D('',#7656,#7657,#7658);
#7660=CYLINDRICAL_SURFACE('',#7659,5.E-2);
#7661=ORIENTED_EDGE('',*,*,#7404,.T.);
#7662=ORIENTED_EDGE('',*,*,#7651,.T.);
#7663=ORIENTED_EDGE('',*,*,#7479,.F.);
#7665=ORIENTED_EDGE('',*,*,#7664,.F.);
#7666=EDGE_LOOP('',(#7661,#7662,#7663,#7665));
#7667=FACE_OUTER_BOUND('',#7666,.F.);
#7669=CARTESIAN_POINT('',(6.75E-1,-4.661080841369E-1,-3.1911823E0));
#7670=DIRECTION('',(-1.E0,0.E0,0.E0));
#7671=DIRECTION('',(0.E0,0.E0,1.E0));
#7672=AXIS2_PLACEMENT_3D('',#7669,#7670,#7671);
#7673=CYLINDRICAL_SURFACE('',#7672,3.E-2);
#7674=ORIENTED_EDGE('',*,*,#7406,.T.);
#7675=ORIENTED_EDGE('',*,*,#7664,.T.);
#7676=ORIENTED_EDGE('',*,*,#7477,.F.);
#7678=ORIENTED_EDGE('',*,*,#7677,.F.);
#7679=EDGE_LOOP('',(#7674,#7675,#7676,#7678));
#7680=FACE_OUTER_BOUND('',#7679,.F.);
#7682=CARTESIAN_POINT('',(6.75E-1,-3.9E-1,-3.25E0));
#7683=DIRECTION('',(0.E0,-8.265308078008E-1,-5.628914848851E-1));
#7684=DIRECTION('',(0.E0,-5.628914848851E-1,8.265308078008E-1));
#7685=AXIS2_PLACEMENT_3D('',#7682,#7683,#7684);
#7686=PLANE('',#7685);
#7687=ORIENTED_EDGE('',*,*,#7408,.T.);
#7688=ORIENTED_EDGE('',*,*,#7677,.T.);
#7689=ORIENTED_EDGE('',*,*,#7475,.F.);
#7691=ORIENTED_EDGE('',*,*,#7690,.F.);
#7692=EDGE_LOOP('',(#7687,#7688,#7689,#7691));
#7693=FACE_OUTER_BOUND('',#7692,.F.);
#7695=CARTESIAN_POINT('',(6.75E-1,-2.2E-1,-3.25E0));
#7696=DIRECTION('',(0.E0,0.E0,-1.E0));
#7697=DIRECTION('',(0.E0,-1.E0,0.E0));
#7698=AXIS2_PLACEMENT_3D('',#7695,#7696,#7697);
#7699=PLANE('',#7698);
#7700=ORIENTED_EDGE('',*,*,#7410,.T.);
#7701=ORIENTED_EDGE('',*,*,#7690,.T.);
#7702=ORIENTED_EDGE('',*,*,#7473,.F.);
#7703=ORIENTED_EDGE('',*,*,#5490,.T.);
#7704=EDGE_LOOP('',(#7700,#7701,#7702,#7703));
#7705=FACE_OUTER_BOUND('',#7704,.F.);
#7707=CARTESIAN_POINT('',(1.175E0,-5.E-1,0.E0));
#7708=DIRECTION('',(-1.E0,0.E0,0.E0));
#7709=DIRECTION('',(0.E0,0.E0,1.E0));
#7710=AXIS2_PLACEMENT_3D('',#7707,#7708,#7709);
#7711=PLANE('',#7710);
#7713=ORIENTED_EDGE('',*,*,#7712,.F.);
#7715=ORIENTED_EDGE('',*,*,#7714,.F.);
#7717=ORIENTED_EDGE('',*,*,#7716,.F.);
#7719=ORIENTED_EDGE('',*,*,#7718,.F.);
#7721=ORIENTED_EDGE('',*,*,#7720,.F.);
#7723=ORIENTED_EDGE('',*,*,#7722,.F.);
#7725=ORIENTED_EDGE('',*,*,#7724,.F.);
#7727=ORIENTED_EDGE('',*,*,#7726,.F.);
#7729=ORIENTED_EDGE('',*,*,#7728,.F.);
#7731=ORIENTED_EDGE('',*,*,#7730,.F.);
#7733=ORIENTED_EDGE('',*,*,#7732,.F.);
#7734=ORIENTED_EDGE('',*,*,#5134,.F.);
#7735=ORIENTED_EDGE('',*,*,#5008,.T.);
#7736=EDGE_LOOP('',(#7713,#7715,#7717,#7719,#7721,#7723,#7725,#7727,#7729,#7731,
#7733,#7734,#7735));
#7737=FACE_OUTER_BOUND('',#7736,.F.);
#7739=CARTESIAN_POINT('',(1.175E0,-5.E-1,0.E0));
#7740=DIRECTION('',(-1.E0,0.E0,0.E0));
#7741=DIRECTION('',(0.E0,0.E0,1.E0));
#7742=AXIS2_PLACEMENT_3D('',#7739,#7740,#7741);
#7743=PLANE('',#7742);
#7745=ORIENTED_EDGE('',*,*,#7744,.F.);
#7747=ORIENTED_EDGE('',*,*,#7746,.F.);
#7749=ORIENTED_EDGE('',*,*,#7748,.F.);
#7751=ORIENTED_EDGE('',*,*,#7750,.F.);
#7753=ORIENTED_EDGE('',*,*,#7752,.F.);
#7755=ORIENTED_EDGE('',*,*,#7754,.F.);
#7757=ORIENTED_EDGE('',*,*,#7756,.F.);
#7758=ORIENTED_EDGE('',*,*,#5496,.F.);
#7759=ORIENTED_EDGE('',*,*,#5582,.F.);
#7760=ORIENTED_EDGE('',*,*,#4837,.T.);
#7761=EDGE_LOOP('',(#7745,#7747,#7749,#7751,#7753,#7755,#7757,#7758,#7759,
#7760));
#7762=FACE_OUTER_BOUND('',#7761,.F.);
#7764=CARTESIAN_POINT('',(1.175E0,-1.4E-1,-1.282941277891E0));
#7765=DIRECTION('',(-1.E0,0.E0,0.E0));
#7766=DIRECTION('',(0.E0,0.E0,1.E0));
#7767=AXIS2_PLACEMENT_3D('',#7764,#7765,#7766);
#7768=CYLINDRICAL_SURFACE('',#7767,5.E-2);
#7769=ORIENTED_EDGE('',*,*,#7712,.T.);
#7770=ORIENTED_EDGE('',*,*,#5006,.F.);
#7772=ORIENTED_EDGE('',*,*,#7771,.F.);
#7774=ORIENTED_EDGE('',*,*,#7773,.F.);
#7775=EDGE_LOOP('',(#7769,#7770,#7772,#7774));
#7776=FACE_OUTER_BOUND('',#7775,.F.);
#7778=CARTESIAN_POINT('',(1.325E0,-5.E-1,0.E0));
#7779=DIRECTION('',(-1.E0,0.E0,0.E0));
#7780=DIRECTION('',(0.E0,0.E0,1.E0));
#7781=AXIS2_PLACEMENT_3D('',#7778,#7779,#7780);
#7782=PLANE('',#7781);
#7783=ORIENTED_EDGE('',*,*,#7771,.T.);
#7784=ORIENTED_EDGE('',*,*,#5004,.F.);
#7785=ORIENTED_EDGE('',*,*,#5138,.T.);
#7787=ORIENTED_EDGE('',*,*,#7786,.T.);
#7789=ORIENTED_EDGE('',*,*,#7788,.F.);
#7791=ORIENTED_EDGE('',*,*,#7790,.T.);
#7793=ORIENTED_EDGE('',*,*,#7792,.T.);
#7795=ORIENTED_EDGE('',*,*,#7794,.T.);
#7797=ORIENTED_EDGE('',*,*,#7796,.T.);
#7799=ORIENTED_EDGE('',*,*,#7798,.T.);
#7801=ORIENTED_EDGE('',*,*,#7800,.T.);
#7803=ORIENTED_EDGE('',*,*,#7802,.T.);
#7805=ORIENTED_EDGE('',*,*,#7804,.T.);
#7806=EDGE_LOOP('',(#7783,#7784,#7785,#7787,#7789,#7791,#7793,#7795,#7797,#7799,
#7801,#7803,#7805));
#7807=FACE_OUTER_BOUND('',#7806,.F.);
#7809=CARTESIAN_POINT('',(1.325E0,-5.E-1,0.E0));
#7810=DIRECTION('',(-1.E0,0.E0,0.E0));
#7811=DIRECTION('',(0.E0,0.E0,1.E0));
#7812=AXIS2_PLACEMENT_3D('',#7809,#7810,#7811);
#7813=PLANE('',#7812);
#7815=ORIENTED_EDGE('',*,*,#7814,.T.);
#7816=ORIENTED_EDGE('',*,*,#4833,.F.);
#7817=ORIENTED_EDGE('',*,*,#5598,.T.);
#7818=ORIENTED_EDGE('',*,*,#5500,.T.);
#7820=ORIENTED_EDGE('',*,*,#7819,.T.);
#7822=ORIENTED_EDGE('',*,*,#7821,.T.);
#7824=ORIENTED_EDGE('',*,*,#7823,.T.);
#7826=ORIENTED_EDGE('',*,*,#7825,.T.);
#7828=ORIENTED_EDGE('',*,*,#7827,.T.);
#7830=ORIENTED_EDGE('',*,*,#7829,.T.);
#7831=EDGE_LOOP('',(#7815,#7816,#7817,#7818,#7820,#7822,#7824,#7826,#7828,
#7830));
#7832=FACE_OUTER_BOUND('',#7831,.F.);
#7834=CARTESIAN_POINT('',(1.175E0,-5.26E-1,-5.085756955777E-1));
#7835=DIRECTION('',(-1.E0,0.E0,0.E0));
#7836=DIRECTION('',(0.E0,0.E0,1.E0));
#7837=AXIS2_PLACEMENT_3D('',#7834,#7835,#7836);
#7838=CYLINDRICAL_SURFACE('',#7837,3.59E-1);
#7839=ORIENTED_EDGE('',*,*,#7732,.T.);
#7841=ORIENTED_EDGE('',*,*,#7840,.T.);
#7842=ORIENTED_EDGE('',*,*,#7786,.F.);
#7843=ORIENTED_EDGE('',*,*,#5136,.T.);
#7844=EDGE_LOOP('',(#7839,#7841,#7842,#7843));
#7845=FACE_OUTER_BOUND('',#7844,.F.);
#7847=CARTESIAN_POINT('',(1.175E0,-1.8E-1,-4.83E-1));
#7848=DIRECTION('',(-1.E0,0.E0,0.E0));
#7849=DIRECTION('',(0.E0,0.E0,1.E0));
#7850=AXIS2_PLACEMENT_3D('',#7847,#7848,#7849);
#7851=CYLINDRICAL_SURFACE('',#7850,5.E-2);
#7852=ORIENTED_EDGE('',*,*,#7730,.T.);
#7854=ORIENTED_EDGE('',*,*,#7853,.T.);
#7855=ORIENTED_EDGE('',*,*,#7788,.T.);
#7856=ORIENTED_EDGE('',*,*,#7840,.F.);
#7857=EDGE_LOOP('',(#7852,#7854,#7855,#7856));
#7858=FACE_OUTER_BOUND('',#7857,.F.);
#7860=CARTESIAN_POINT('',(1.175E0,-2.3E-1,-4.83E-1));
#7861=DIRECTION('',(0.E0,1.E0,0.E0));
#7862=DIRECTION('',(0.E0,0.E0,-1.E0));
#7863=AXIS2_PLACEMENT_3D('',#7860,#7861,#7862);
#7864=PLANE('',#7863);
#7865=ORIENTED_EDGE('',*,*,#7728,.T.);
#7867=ORIENTED_EDGE('',*,*,#7866,.T.);
#7868=ORIENTED_EDGE('',*,*,#7790,.F.);
#7869=ORIENTED_EDGE('',*,*,#7853,.F.);
#7870=EDGE_LOOP('',(#7865,#7867,#7868,#7869));
#7871=FACE_OUTER_BOUND('',#7870,.F.);
#7873=CARTESIAN_POINT('',(1.175E0,-1.8E-1,-6.49E-1));
#7874=DIRECTION('',(-1.E0,0.E0,0.E0));
#7875=DIRECTION('',(0.E0,0.E0,1.E0));
#7876=AXIS2_PLACEMENT_3D('',#7873,#7874,#7875);
#7877=CYLINDRICAL_SURFACE('',#7876,5.E-2);
#7878=ORIENTED_EDGE('',*,*,#7726,.T.);
#7880=ORIENTED_EDGE('',*,*,#7879,.T.);
#7881=ORIENTED_EDGE('',*,*,#7792,.F.);
#7882=ORIENTED_EDGE('',*,*,#7866,.F.);
#7883=EDGE_LOOP('',(#7878,#7880,#7881,#7882));
#7884=FACE_OUTER_BOUND('',#7883,.F.);
#7886=CARTESIAN_POINT('',(1.175E0,-2.05E-1,-7.248401042067E-1));
#7887=DIRECTION('',(-1.E0,0.E0,0.E0));
#7888=DIRECTION('',(0.E0,0.E0,1.E0));
#7889=AXIS2_PLACEMENT_3D('',#7886,#7887,#7888);
#7890=CYLINDRICAL_SURFACE('',#7889,3.E-2);
#7891=ORIENTED_EDGE('',*,*,#7724,.T.);
#7893=ORIENTED_EDGE('',*,*,#7892,.T.);
#7894=ORIENTED_EDGE('',*,*,#7794,.F.);
#7895=ORIENTED_EDGE('',*,*,#7879,.F.);
#7896=EDGE_LOOP('',(#7891,#7893,#7894,#7895));
#7897=FACE_OUTER_BOUND('',#7896,.F.);
#7899=CARTESIAN_POINT('',(1.175E0,-1.75E-1,-7.99E-1));
#7900=DIRECTION('',(-1.E0,0.E0,0.E0));
#7901=DIRECTION('',(0.E0,0.E0,1.E0));
#7902=AXIS2_PLACEMENT_3D('',#7899,#7900,#7901);
#7903=CYLINDRICAL_SURFACE('',#7902,5.E-2);
#7904=ORIENTED_EDGE('',*,*,#7722,.T.);
#7906=ORIENTED_EDGE('',*,*,#7905,.T.);
#7907=ORIENTED_EDGE('',*,*,#7796,.F.);
#7908=ORIENTED_EDGE('',*,*,#7892,.F.);
#7909=EDGE_LOOP('',(#7904,#7906,#7907,#7908));
#7910=FACE_OUTER_BOUND('',#7909,.F.);
#7912=CARTESIAN_POINT('',(1.175E0,-2.25E-1,-7.99E-1));
#7913=DIRECTION('',(0.E0,1.E0,0.E0));
#7914=DIRECTION('',(0.E0,0.E0,-1.E0));
#7915=AXIS2_PLACEMENT_3D('',#7912,#7913,#7914);
#7916=PLANE('',#7915);
#7917=ORIENTED_EDGE('',*,*,#7720,.T.);
#7919=ORIENTED_EDGE('',*,*,#7918,.T.);
#7920=ORIENTED_EDGE('',*,*,#7798,.F.);
#7921=ORIENTED_EDGE('',*,*,#7905,.F.);
#7922=EDGE_LOOP('',(#7917,#7919,#7920,#7921));
#7923=FACE_OUTER_BOUND('',#7922,.F.);
#7925=CARTESIAN_POINT('',(1.175E0,-7.5E-2,-9.464264917783E-1));
#7926=DIRECTION('',(-1.E0,0.E0,0.E0));
#7927=DIRECTION('',(0.E0,0.E0,1.E0));
#7928=AXIS2_PLACEMENT_3D('',#7925,#7926,#7927);
#7929=CYLINDRICAL_SURFACE('',#7928,1.5E-1);
#7930=ORIENTED_EDGE('',*,*,#7718,.T.);
#7932=ORIENTED_EDGE('',*,*,#7931,.T.);
#7933=ORIENTED_EDGE('',*,*,#7800,.F.);
#7934=ORIENTED_EDGE('',*,*,#7918,.F.);
#7935=EDGE_LOOP('',(#7930,#7932,#7933,#7934));
#7936=FACE_OUTER_BOUND('',#7935,.F.);
#7938=CARTESIAN_POINT('',(1.175E0,-2.9E-1,-1.074E0));
#7939=DIRECTION('',(-1.E0,0.E0,0.E0));
#7940=DIRECTION('',(0.E0,0.E0,1.E0));
#7941=AXIS2_PLACEMENT_3D('',#7938,#7939,#7940);
#7942=CYLINDRICAL_SURFACE('',#7941,1.E-1);
#7943=ORIENTED_EDGE('',*,*,#7716,.T.);
#7945=ORIENTED_EDGE('',*,*,#7944,.T.);
#7946=ORIENTED_EDGE('',*,*,#7802,.F.);
#7947=ORIENTED_EDGE('',*,*,#7931,.F.);
#7948=EDGE_LOOP('',(#7943,#7945,#7946,#7947));
#7949=FACE_OUTER_BOUND('',#7948,.F.);
#7951=CARTESIAN_POINT('',(1.175E0,-1.9E-1,-1.074E0));
#7952=DIRECTION('',(0.E0,1.E0,0.E0));
#7953=DIRECTION('',(0.E0,0.E0,-1.E0));
#7954=AXIS2_PLACEMENT_3D('',#7951,#7952,#7953);
#7955=PLANE('',#7954);
#7956=ORIENTED_EDGE('',*,*,#7714,.T.);
#7957=ORIENTED_EDGE('',*,*,#7773,.T.);
#7958=ORIENTED_EDGE('',*,*,#7804,.F.);
#7959=ORIENTED_EDGE('',*,*,#7944,.F.);
#7960=EDGE_LOOP('',(#7956,#7957,#7958,#7959));
#7961=FACE_OUTER_BOUND('',#7960,.F.);
#7963=CARTESIAN_POINT('',(1.175E0,-4.8751655E-1,-2.852E0));
#7964=DIRECTION('',(-1.E0,0.E0,0.E0));
#7965=DIRECTION('',(0.E0,0.E0,1.E0));
#7966=AXIS2_PLACEMENT_3D('',#7963,#7964,#7965);
#7967=CYLINDRICAL_SURFACE('',#7966,4.E-2);
#7968=ORIENTED_EDGE('',*,*,#7744,.T.);
#7969=ORIENTED_EDGE('',*,*,#4835,.F.);
#7970=ORIENTED_EDGE('',*,*,#7814,.F.);
#7972=ORIENTED_EDGE('',*,*,#7971,.F.);
#7973=EDGE_LOOP('',(#7968,#7969,#7970,#7972));
#7974=FACE_OUTER_BOUND('',#7973,.F.);
#7976=CARTESIAN_POINT('',(1.175E0,-5.2751655E-1,-3.162E0));
#7977=DIRECTION('',(0.E0,-1.E0,0.E0));
#7978=DIRECTION('',(0.E0,0.E0,1.E0));
#7979=AXIS2_PLACEMENT_3D('',#7976,#7977,#7978);
#7980=PLANE('',#7979);
#7981=ORIENTED_EDGE('',*,*,#7746,.T.);
#7982=ORIENTED_EDGE('',*,*,#7971,.T.);
#7983=ORIENTED_EDGE('',*,*,#7829,.F.);
#7985=ORIENTED_EDGE('',*,*,#7984,.F.);
#7986=EDGE_LOOP('',(#7981,#7982,#7983,#7985));
#7987=FACE_OUTER_BOUND('',#7986,.F.);
#7989=CARTESIAN_POINT('',(1.175E0,-4.77517E-1,-3.162E0));
#7990=DIRECTION('',(0.E0,0.E0,-1.E0));
#7991=DIRECTION('',(0.E0,-1.E0,0.E0));
#7992=AXIS2_PLACEMENT_3D('',#7989,#7990,#7991);
#7993=PLANE('',#7992);
#7994=ORIENTED_EDGE('',*,*,#7748,.T.);
#7995=ORIENTED_EDGE('',*,*,#7984,.T.);
#7996=ORIENTED_EDGE('',*,*,#7827,.F.);
#7998=ORIENTED_EDGE('',*,*,#7997,.F.);
#7999=EDGE_LOOP('',(#7994,#7995,#7996,#7998));
#8000=FACE_OUTER_BOUND('',#7999,.F.);
#8002=CARTESIAN_POINT('',(1.175E0,-4.77517E-1,-3.112E0));
#8003=DIRECTION('',(-1.E0,0.E0,0.E0));
#8004=DIRECTION('',(0.E0,0.E0,1.E0));
#8005=AXIS2_PLACEMENT_3D('',#8002,#8003,#8004);
#8006=CYLINDRICAL_SURFACE('',#8005,5.E-2);
#8007=ORIENTED_EDGE('',*,*,#7750,.T.);
#8008=ORIENTED_EDGE('',*,*,#7997,.T.);
#8009=ORIENTED_EDGE('',*,*,#7825,.F.);
#8011=ORIENTED_EDGE('',*,*,#8010,.F.);
#8012=EDGE_LOOP('',(#8007,#8008,#8009,#8011));
#8013=FACE_OUTER_BOUND('',#8012,.F.);
#8015=CARTESIAN_POINT('',(1.175E0,-4.661080841369E-1,-3.1911823E0));
#8016=DIRECTION('',(-1.E0,0.E0,0.E0));
#8017=DIRECTION('',(0.E0,0.E0,1.E0));
#8018=AXIS2_PLACEMENT_3D('',#8015,#8016,#8017);
#8019=CYLINDRICAL_SURFACE('',#8018,3.E-2);
#8020=ORIENTED_EDGE('',*,*,#7752,.T.);
#8021=ORIENTED_EDGE('',*,*,#8010,.T.);
#8022=ORIENTED_EDGE('',*,*,#7823,.F.);
#8024=ORIENTED_EDGE('',*,*,#8023,.F.);
#8025=EDGE_LOOP('',(#8020,#8021,#8022,#8024));
#8026=FACE_OUTER_BOUND('',#8025,.F.);
#8028=CARTESIAN_POINT('',(1.175E0,-3.9E-1,-3.25E0));
#8029=DIRECTION('',(0.E0,-8.265308078008E-1,-5.628914848851E-1));
#8030=DIRECTION('',(0.E0,-5.628914848851E-1,8.265308078008E-1));
#8031=AXIS2_PLACEMENT_3D('',#8028,#8029,#8030);
#8032=PLANE('',#8031);
#8033=ORIENTED_EDGE('',*,*,#7754,.T.);
#8034=ORIENTED_EDGE('',*,*,#8023,.T.);
#8035=ORIENTED_EDGE('',*,*,#7821,.F.);
#8037=ORIENTED_EDGE('',*,*,#8036,.F.);
#8038=EDGE_LOOP('',(#8033,#8034,#8035,#8037));
#8039=FACE_OUTER_BOUND('',#8038,.F.);
#8041=CARTESIAN_POINT('',(1.175E0,-2.2E-1,-3.25E0));
#8042=DIRECTION('',(0.E0,0.E0,-1.E0));
#8043=DIRECTION('',(0.E0,-1.E0,0.E0));
#8044=AXIS2_PLACEMENT_3D('',#8041,#8042,#8043);
#8045=PLANE('',#8044);
#8046=ORIENTED_EDGE('',*,*,#7756,.T.);
#8047=ORIENTED_EDGE('',*,*,#8036,.T.);
#8048=ORIENTED_EDGE('',*,*,#7819,.F.);
#8049=ORIENTED_EDGE('',*,*,#5498,.T.);
#8050=EDGE_LOOP('',(#8046,#8047,#8048,#8049));
#8051=FACE_OUTER_BOUND('',#8050,.F.);
#8053=CARTESIAN_POINT('',(3.E0,-5.E-1,-9.4E-1));
#8054=DIRECTION('',(1.E0,0.E0,0.E0));
#8055=DIRECTION('',(0.E0,0.E0,-1.E0));
#8056=AXIS2_PLACEMENT_3D('',#8053,#8054,#8055);
#8057=PLANE('',#8056);
#8058=ORIENTED_EDGE('',*,*,#4909,.F.);
#8060=ORIENTED_EDGE('',*,*,#8059,.T.);
#8062=ORIENTED_EDGE('',*,*,#8061,.T.);
#8063=ORIENTED_EDGE('',*,*,#5611,.F.);
#8064=EDGE_LOOP('',(#8058,#8060,#8062,#8063));
#8065=FACE_OUTER_BOUND('',#8064,.F.);
#8067=CARTESIAN_POINT('',(2.625E0,-5.E-1,-9.4E-1));
#8068=DIRECTION('',(0.E0,0.E0,1.E0));
#8069=DIRECTION('',(1.E0,0.E0,0.E0));
#8070=AXIS2_PLACEMENT_3D('',#8067,#8068,#8069);
#8071=PLANE('',#8070);
#8073=ORIENTED_EDGE('',*,*,#8072,.T.);
#8075=ORIENTED_EDGE('',*,*,#8074,.T.);
#8077=ORIENTED_EDGE('',*,*,#8076,.T.);
#8079=ORIENTED_EDGE('',*,*,#8078,.T.);
#8080=ORIENTED_EDGE('',*,*,#8059,.F.);
#8081=ORIENTED_EDGE('',*,*,#4907,.F.);
#8083=ORIENTED_EDGE('',*,*,#8082,.T.);
#8085=ORIENTED_EDGE('',*,*,#8084,.F.);
#8086=EDGE_LOOP('',(#8073,#8075,#8077,#8079,#8080,#8081,#8083,#8085));
#8087=FACE_OUTER_BOUND('',#8086,.F.);
#8089=CARTESIAN_POINT('',(2.775E0,-5.E-1,0.E0));
#8090=DIRECTION('',(-1.E0,0.E0,0.E0));
#8091=DIRECTION('',(0.E0,0.E0,1.E0));
#8092=AXIS2_PLACEMENT_3D('',#8089,#8090,#8091);
#8093=PLANE('',#8092);
#8095=ORIENTED_EDGE('',*,*,#8094,.T.);
#8097=ORIENTED_EDGE('',*,*,#8096,.T.);
#8099=ORIENTED_EDGE('',*,*,#8098,.T.);
#8101=ORIENTED_EDGE('',*,*,#8100,.T.);
#8103=ORIENTED_EDGE('',*,*,#8102,.T.);
#8105=ORIENTED_EDGE('',*,*,#8104,.T.);
#8107=ORIENTED_EDGE('',*,*,#8106,.T.);
#8109=ORIENTED_EDGE('',*,*,#8108,.T.);
#8111=ORIENTED_EDGE('',*,*,#8110,.T.);
#8113=ORIENTED_EDGE('',*,*,#8112,.T.);
#8115=ORIENTED_EDGE('',*,*,#8114,.T.);
#8117=ORIENTED_EDGE('',*,*,#8116,.T.);
#8119=ORIENTED_EDGE('',*,*,#8118,.T.);
#8121=ORIENTED_EDGE('',*,*,#8120,.T.);
#8123=ORIENTED_EDGE('',*,*,#8122,.T.);
#8124=ORIENTED_EDGE('',*,*,#8072,.F.);
#8125=EDGE_LOOP('',(#8095,#8097,#8099,#8101,#8103,#8105,#8107,#8109,#8111,#8113,
#8115,#8117,#8119,#8121,#8123,#8124));
#8126=FACE_OUTER_BOUND('',#8125,.F.);
#8128=CARTESIAN_POINT('',(2.775E0,-1.56E-1,-9.7E-1));
#8129=DIRECTION('',(-1.E0,0.E0,0.E0));
#8130=DIRECTION('',(0.E0,0.E0,1.E0));
#8131=AXIS2_PLACEMENT_3D('',#8128,#8129,#8130);
#8132=CYLINDRICAL_SURFACE('',#8131,5.E-2);
#8133=ORIENTED_EDGE('',*,*,#8094,.F.);
#8134=ORIENTED_EDGE('',*,*,#8084,.T.);
#8136=ORIENTED_EDGE('',*,*,#8135,.F.);
#8138=ORIENTED_EDGE('',*,*,#8137,.F.);
#8139=EDGE_LOOP('',(#8133,#8134,#8136,#8138));
#8140=FACE_OUTER_BOUND('',#8139,.F.);
#8142=CARTESIAN_POINT('',(2.625E0,-5.E-1,0.E0));
#8143=DIRECTION('',(1.E0,0.E0,0.E0));
#8144=DIRECTION('',(0.E0,0.E0,-1.E0));
#8145=AXIS2_PLACEMENT_3D('',#8142,#8143,#8144);
#8146=PLANE('',#8145);
#8147=ORIENTED_EDGE('',*,*,#8135,.T.);
#8148=ORIENTED_EDGE('',*,*,#8082,.F.);
#8149=ORIENTED_EDGE('',*,*,#4905,.F.);
#8151=ORIENTED_EDGE('',*,*,#8150,.F.);
#8153=ORIENTED_EDGE('',*,*,#8152,.F.);
#8155=ORIENTED_EDGE('',*,*,#8154,.T.);
#8157=ORIENTED_EDGE('',*,*,#8156,.F.);
#8159=ORIENTED_EDGE('',*,*,#8158,.F.);
#8161=ORIENTED_EDGE('',*,*,#8160,.F.);
#8162=EDGE_LOOP('',(#8147,#8148,#8149,#8151,#8153,#8155,#8157,#8159,#8161));
#8163=FACE_OUTER_BOUND('',#8162,.F.);
#8165=CARTESIAN_POINT('',(2.625E0,-5.E-1,0.E0));
#8166=DIRECTION('',(1.E0,0.E0,0.E0));
#8167=DIRECTION('',(0.E0,0.E0,-1.E0));
#8168=AXIS2_PLACEMENT_3D('',#8165,#8166,#8167);
#8169=PLANE('',#8168);
#8171=ORIENTED_EDGE('',*,*,#8170,.F.);
#8172=ORIENTED_EDGE('',*,*,#4901,.F.);
#8174=ORIENTED_EDGE('',*,*,#8173,.T.);
#8176=ORIENTED_EDGE('',*,*,#8175,.T.);
#8177=ORIENTED_EDGE('',*,*,#8076,.F.);
#8179=ORIENTED_EDGE('',*,*,#8178,.T.);
#8181=ORIENTED_EDGE('',*,*,#8180,.F.);
#8183=ORIENTED_EDGE('',*,*,#8182,.F.);
#8185=ORIENTED_EDGE('',*,*,#8184,.F.);
#8187=ORIENTED_EDGE('',*,*,#8186,.F.);
#8189=ORIENTED_EDGE('',*,*,#8188,.T.);
#8190=EDGE_LOOP('',(#8171,#8172,#8174,#8176,#8177,#8179,#8181,#8183,#8185,#8187,
#8189));
#8191=FACE_OUTER_BOUND('',#8190,.F.);
#8193=CARTESIAN_POINT('',(2.775E0,-4.7751655E-1,-7.2E-1));
#8194=DIRECTION('',(-1.E0,0.E0,0.E0));
#8195=DIRECTION('',(0.E0,0.E0,1.E0));
#8196=AXIS2_PLACEMENT_3D('',#8193,#8194,#8195);
#8197=CYLINDRICAL_SURFACE('',#8196,5.E-2);
#8199=ORIENTED_EDGE('',*,*,#8198,.T.);
#8201=ORIENTED_EDGE('',*,*,#8200,.F.);
#8202=ORIENTED_EDGE('',*,*,#8106,.F.);
#8204=ORIENTED_EDGE('',*,*,#8203,.T.);
#8205=ORIENTED_EDGE('',*,*,#8150,.T.);
#8206=EDGE_LOOP('',(#8199,#8201,#8202,#8204,#8205));
#8207=FACE_OUTER_BOUND('',#8206,.F.);
#8209=CARTESIAN_POINT('',(2.625E0,-5.E-1,0.E0));
#8210=DIRECTION('',(-1.E0,0.E0,0.E0));
#8211=DIRECTION('',(0.E0,0.E0,1.E0));
#8212=AXIS2_PLACEMENT_3D('',#8209,#8210,#8211);
#8213=PLANE('',#8212);
#8214=ORIENTED_EDGE('',*,*,#8198,.F.);
#8215=ORIENTED_EDGE('',*,*,#4903,.T.);
#8217=ORIENTED_EDGE('',*,*,#8216,.F.);
#8219=ORIENTED_EDGE('',*,*,#8218,.F.);
#8220=EDGE_LOOP('',(#8214,#8215,#8217,#8219));
#8221=FACE_OUTER_BOUND('',#8220,.F.);
#8223=CARTESIAN_POINT('',(2.775E0,-5.2751655E-1,-2.7E-1));
#8224=DIRECTION('',(0.E0,0.E0,-1.E0));
#8225=DIRECTION('',(0.E0,1.E0,0.E0));
#8226=AXIS2_PLACEMENT_3D('',#8223,#8224,#8225);
#8227=PLANE('',#8226);
#8228=ORIENTED_EDGE('',*,*,#8216,.T.);
#8229=ORIENTED_EDGE('',*,*,#8170,.T.);
#8231=ORIENTED_EDGE('',*,*,#8230,.F.);
#8232=ORIENTED_EDGE('',*,*,#8110,.F.);
#8234=ORIENTED_EDGE('',*,*,#8233,.T.);
#8235=EDGE_LOOP('',(#8228,#8229,#8231,#8232,#8234));
#8236=FACE_OUTER_BOUND('',#8235,.F.);
#8238=CARTESIAN_POINT('',(2.775E0,-3.05765924E-1,-2.2E-1));
#8239=DIRECTION('',(-1.E0,0.E0,0.E0));
#8240=DIRECTION('',(0.E0,0.E0,1.E0));
#8241=AXIS2_PLACEMENT_3D('',#8238,#8239,#8240);
#8242=CYLINDRICAL_SURFACE('',#8241,5.E-2);
#8243=ORIENTED_EDGE('',*,*,#8230,.T.);
#8244=ORIENTED_EDGE('',*,*,#8188,.F.);
#8246=ORIENTED_EDGE('',*,*,#8245,.F.);
#8247=ORIENTED_EDGE('',*,*,#8112,.F.);
#8248=EDGE_LOOP('',(#8243,#8244,#8246,#8247));
#8249=FACE_OUTER_BOUND('',#8248,.F.);
#8251=CARTESIAN_POINT('',(2.775E0,-2.55765924E-1,-2.2E-1));
#8252=DIRECTION('',(0.E0,1.E0,0.E0));
#8253=DIRECTION('',(0.E0,0.E0,1.E0));
#8254=AXIS2_PLACEMENT_3D('',#8251,#8252,#8253);
#8255=PLANE('',#8254);
#8256=ORIENTED_EDGE('',*,*,#8245,.T.);
#8257=ORIENTED_EDGE('',*,*,#8186,.T.);
#8259=ORIENTED_EDGE('',*,*,#8258,.F.);
#8260=ORIENTED_EDGE('',*,*,#8114,.F.);
#8261=EDGE_LOOP('',(#8256,#8257,#8259,#8260));
#8262=FACE_OUTER_BOUND('',#8261,.F.);
#8264=CARTESIAN_POINT('',(2.775E0,-2.55765924E-1,-2.E-2));
#8265=DIRECTION('',(0.E0,0.E0,-1.E0));
#8266=DIRECTION('',(0.E0,1.E0,0.E0));
#8267=AXIS2_PLACEMENT_3D('',#8264,#8265,#8266);
#8268=PLANE('',#8267);
#8269=ORIENTED_EDGE('',*,*,#8258,.T.);
#8270=ORIENTED_EDGE('',*,*,#8184,.T.);
#8272=ORIENTED_EDGE('',*,*,#8271,.F.);
#8273=ORIENTED_EDGE('',*,*,#8116,.F.);
#8274=EDGE_LOOP('',(#8269,#8270,#8272,#8273));
#8275=FACE_OUTER_BOUND('',#8274,.F.);
#8277=CARTESIAN_POINT('',(2.775E0,4.55177268E-1,-2.E-2));
#8278=DIRECTION('',(0.E0,-1.E0,0.E0));
#8279=DIRECTION('',(0.E0,0.E0,-1.E0));
#8280=AXIS2_PLACEMENT_3D('',#8277,#8278,#8279);
#8281=PLANE('',#8280);
#8282=ORIENTED_EDGE('',*,*,#8271,.T.);
#8283=ORIENTED_EDGE('',*,*,#8182,.T.);
#8285=ORIENTED_EDGE('',*,*,#8284,.F.);
#8286=ORIENTED_EDGE('',*,*,#8118,.F.);
#8287=EDGE_LOOP('',(#8282,#8283,#8285,#8286));
#8288=FACE_OUTER_BOUND('',#8287,.F.);
#8290=CARTESIAN_POINT('',(2.775E0,4.55177268E-1,-9.2E-1));
#8291=DIRECTION('',(0.E0,0.E0,1.E0));
#8292=DIRECTION('',(0.E0,-1.E0,0.E0));
#8293=AXIS2_PLACEMENT_3D('',#8290,#8291,#8292);
#8294=PLANE('',#8293);
#8295=ORIENTED_EDGE('',*,*,#8284,.T.);
#8296=ORIENTED_EDGE('',*,*,#8180,.T.);
#8298=ORIENTED_EDGE('',*,*,#8297,.F.);
#8299=ORIENTED_EDGE('',*,*,#8120,.F.);
#8300=EDGE_LOOP('',(#8295,#8296,#8298,#8299));
#8301=FACE_OUTER_BOUND('',#8300,.F.);
#8303=CARTESIAN_POINT('',(2.775E0,3.08E-1,-9.7E-1));
#8304=DIRECTION('',(-1.E0,0.E0,0.E0));
#8305=DIRECTION('',(0.E0,0.E0,1.E0));
#8306=AXIS2_PLACEMENT_3D('',#8303,#8304,#8305);
#8307=CYLINDRICAL_SURFACE('',#8306,5.E-2);
#8308=ORIENTED_EDGE('',*,*,#8122,.F.);
#8309=ORIENTED_EDGE('',*,*,#8297,.T.);
#8310=ORIENTED_EDGE('',*,*,#8178,.F.);
#8311=ORIENTED_EDGE('',*,*,#8074,.F.);
#8312=EDGE_LOOP('',(#8308,#8309,#8310,#8311));
#8313=FACE_OUTER_BOUND('',#8312,.F.);
#8315=CARTESIAN_POINT('',(2.775E0,-5.2751655E-1,-7.2E-1));
#8316=DIRECTION('',(0.E0,1.E0,0.E0));
#8317=DIRECTION('',(0.E0,0.E0,1.E0));
#8318=AXIS2_PLACEMENT_3D('',#8315,#8316,#8317);
#8319=PLANE('',#8318);
#8320=ORIENTED_EDGE('',*,*,#8108,.F.);
#8321=ORIENTED_EDGE('',*,*,#8200,.T.);
#8322=ORIENTED_EDGE('',*,*,#8218,.T.);
#8323=ORIENTED_EDGE('',*,*,#8233,.F.);
#8324=EDGE_LOOP('',(#8320,#8321,#8322,#8323));
#8325=FACE_OUTER_BOUND('',#8324,.F.);
#8327=CARTESIAN_POINT('',(2.775E0,-4.04E-1,-7.7E-1));
#8328=DIRECTION('',(0.E0,0.E0,1.E0));
#8329=DIRECTION('',(0.E0,-1.E0,0.E0));
#8330=AXIS2_PLACEMENT_3D('',#8327,#8328,#8329);
#8331=PLANE('',#8330);
#8333=ORIENTED_EDGE('',*,*,#8332,.T.);
#8334=ORIENTED_EDGE('',*,*,#8152,.T.);
#8335=ORIENTED_EDGE('',*,*,#8203,.F.);
#8336=ORIENTED_EDGE('',*,*,#8104,.F.);
#8337=EDGE_LOOP('',(#8333,#8334,#8335,#8336));
#8338=FACE_OUTER_BOUND('',#8337,.F.);
#8340=CARTESIAN_POINT('',(2.775E0,-4.04E-1,-8.2E-1));
#8341=DIRECTION('',(-1.E0,0.E0,0.E0));
#8342=DIRECTION('',(0.E0,0.E0,1.E0));
#8343=AXIS2_PLACEMENT_3D('',#8340,#8341,#8342);
#8344=CYLINDRICAL_SURFACE('',#8343,5.E-2);
#8346=ORIENTED_EDGE('',*,*,#8345,.T.);
#8347=ORIENTED_EDGE('',*,*,#8154,.F.);
#8348=ORIENTED_EDGE('',*,*,#8332,.F.);
#8349=ORIENTED_EDGE('',*,*,#8102,.F.);
#8350=EDGE_LOOP('',(#8346,#8347,#8348,#8349));
#8351=FACE_OUTER_BOUND('',#8350,.F.);
#8353=CARTESIAN_POINT('',(2.775E0,-3.54E-1,-8.7E-1));
#8354=DIRECTION('',(0.E0,1.E0,0.E0));
#8355=DIRECTION('',(0.E0,0.E0,1.E0));
#8356=AXIS2_PLACEMENT_3D('',#8353,#8354,#8355);
#8357=PLANE('',#8356);
#8359=ORIENTED_EDGE('',*,*,#8358,.T.);
#8360=ORIENTED_EDGE('',*,*,#8156,.T.);
#8361=ORIENTED_EDGE('',*,*,#8345,.F.);
#8362=ORIENTED_EDGE('',*,*,#8100,.F.);
#8363=EDGE_LOOP('',(#8359,#8360,#8361,#8362));
#8364=FACE_OUTER_BOUND('',#8363,.F.);
#8366=CARTESIAN_POINT('',(2.775E0,-3.04E-1,-8.7E-1));
#8367=DIRECTION('',(-1.E0,0.E0,0.E0));
#8368=DIRECTION('',(0.E0,0.E0,1.E0));
#8369=AXIS2_PLACEMENT_3D('',#8366,#8367,#8368);
#8370=CYLINDRICAL_SURFACE('',#8369,5.E-2);
#8372=ORIENTED_EDGE('',*,*,#8371,.T.);
#8373=ORIENTED_EDGE('',*,*,#8158,.T.);
#8374=ORIENTED_EDGE('',*,*,#8358,.F.);
#8375=ORIENTED_EDGE('',*,*,#8098,.F.);
#8376=EDGE_LOOP('',(#8372,#8373,#8374,#8375));
#8377=FACE_OUTER_BOUND('',#8376,.F.);
#8379=CARTESIAN_POINT('',(2.775E0,-1.56E-1,-9.2E-1));
#8380=DIRECTION('',(0.E0,0.E0,1.E0));
#8381=DIRECTION('',(0.E0,-1.E0,0.E0));
#8382=AXIS2_PLACEMENT_3D('',#8379,#8380,#8381);
#8383=PLANE('',#8382);
#8384=ORIENTED_EDGE('',*,*,#8137,.T.);
#8385=ORIENTED_EDGE('',*,*,#8160,.T.);
#8386=ORIENTED_EDGE('',*,*,#8371,.F.);
#8387=ORIENTED_EDGE('',*,*,#8096,.F.);
#8388=EDGE_LOOP('',(#8384,#8385,#8386,#8387));
#8389=FACE_OUTER_BOUND('',#8388,.F.);
#8391=CARTESIAN_POINT('',(-2.625E0,-5.E-1,0.E0));
#8392=DIRECTION('',(0.E0,0.E0,1.E0));
#8393=DIRECTION('',(1.E0,0.E0,0.E0));
#8394=AXIS2_PLACEMENT_3D('',#8391,#8392,#8393);
#8395=PLANE('',#8394);
#8397=ORIENTED_EDGE('',*,*,#8396,.T.);
#8399=ORIENTED_EDGE('',*,*,#8398,.F.);
#8401=ORIENTED_EDGE('',*,*,#8400,.T.);
#8403=ORIENTED_EDGE('',*,*,#8402,.T.);
#8404=ORIENTED_EDGE('',*,*,#8173,.F.);
#8405=ORIENTED_EDGE('',*,*,#4899,.F.);
#8407=ORIENTED_EDGE('',*,*,#8406,.T.);
#8409=ORIENTED_EDGE('',*,*,#8408,.T.);
#8410=EDGE_LOOP('',(#8397,#8399,#8401,#8403,#8404,#8405,#8407,#8409));
#8411=FACE_OUTER_BOUND('',#8410,.F.);
#8413=CARTESIAN_POINT('',(-2.36E0,1.25E-1,-7.5E-2));
#8414=DIRECTION('',(7.071067811865E-1,0.E0,7.071067811865E-1));
#8415=DIRECTION('',(-7.071067811865E-1,0.E0,7.071067811865E-1));
#8416=AXIS2_PLACEMENT_3D('',#8413,#8414,#8415);
#8417=PLANE('',#8416);
#8419=ORIENTED_EDGE('',*,*,#8418,.T.);
#8421=ORIENTED_EDGE('',*,*,#8420,.T.);
#8423=ORIENTED_EDGE('',*,*,#8422,.F.);
#8425=ORIENTED_EDGE('',*,*,#8424,.T.);
#8426=ORIENTED_EDGE('',*,*,#8396,.F.);
#8427=EDGE_LOOP('',(#8419,#8421,#8423,#8425,#8426));
#8428=FACE_OUTER_BOUND('',#8427,.F.);
#8430=CARTESIAN_POINT('',(0.E0,5.E-1,0.E0));
#8431=DIRECTION('',(0.E0,1.E0,0.E0));
#8432=DIRECTION('',(1.E0,0.E0,0.E0));
#8433=AXIS2_PLACEMENT_3D('',#8430,#8431,#8432);
#8434=PLANE('',#8433);
#8435=ORIENTED_EDGE('',*,*,#8418,.F.);
#8436=ORIENTED_EDGE('',*,*,#8408,.F.);
#8438=ORIENTED_EDGE('',*,*,#8437,.F.);
#8440=ORIENTED_EDGE('',*,*,#8439,.F.);
#8442=ORIENTED_EDGE('',*,*,#8441,.F.);
#8443=ORIENTED_EDGE('',*,*,#5613,.F.);
#8444=ORIENTED_EDGE('',*,*,#8061,.F.);
#8445=ORIENTED_EDGE('',*,*,#8078,.F.);
#8446=ORIENTED_EDGE('',*,*,#8175,.F.);
#8447=ORIENTED_EDGE('',*,*,#8402,.F.);
#8449=ORIENTED_EDGE('',*,*,#8448,.F.);
#8451=ORIENTED_EDGE('',*,*,#8450,.F.);
#8452=EDGE_LOOP('',(#8435,#8436,#8438,#8440,#8442,#8443,#8444,#8445,#8446,#8447,
#8449,#8451));
#8453=FACE_OUTER_BOUND('',#8452,.F.);
#8455=CARTESIAN_POINT('',(-2.625E0,-5.E-1,-9.4E-1));
#8456=DIRECTION('',(-1.E0,0.E0,0.E0));
#8457=DIRECTION('',(0.E0,0.E0,1.E0));
#8458=AXIS2_PLACEMENT_3D('',#8455,#8456,#8457);
#8459=PLANE('',#8458);
#8461=ORIENTED_EDGE('',*,*,#8460,.F.);
#8463=ORIENTED_EDGE('',*,*,#8462,.T.);
#8465=ORIENTED_EDGE('',*,*,#8464,.T.);
#8467=ORIENTED_EDGE('',*,*,#8466,.T.);
#8469=ORIENTED_EDGE('',*,*,#8468,.F.);
#8471=ORIENTED_EDGE('',*,*,#8470,.T.);
#8473=ORIENTED_EDGE('',*,*,#8472,.T.);
#8474=ORIENTED_EDGE('',*,*,#4893,.F.);
#8476=ORIENTED_EDGE('',*,*,#8475,.T.);
#8477=EDGE_LOOP('',(#8461,#8463,#8465,#8467,#8469,#8471,#8473,#8474,#8476));
#8478=FACE_OUTER_BOUND('',#8477,.F.);
#8480=CARTESIAN_POINT('',(-2.625E0,-5.E-1,-9.4E-1));
#8481=DIRECTION('',(-1.E0,0.E0,0.E0));
#8482=DIRECTION('',(0.E0,0.E0,1.E0));
#8483=AXIS2_PLACEMENT_3D('',#8480,#8481,#8482);
#8484=PLANE('',#8483);
#8486=ORIENTED_EDGE('',*,*,#8485,.T.);
#8488=ORIENTED_EDGE('',*,*,#8487,.F.);
#8490=ORIENTED_EDGE('',*,*,#8489,.T.);
#8492=ORIENTED_EDGE('',*,*,#8491,.T.);
#8494=ORIENTED_EDGE('',*,*,#8493,.T.);
#8496=ORIENTED_EDGE('',*,*,#8495,.T.);
#8498=ORIENTED_EDGE('',*,*,#8497,.F.);
#8500=ORIENTED_EDGE('',*,*,#8499,.T.);
#8501=ORIENTED_EDGE('',*,*,#8437,.T.);
#8502=ORIENTED_EDGE('',*,*,#8406,.F.);
#8503=ORIENTED_EDGE('',*,*,#4897,.F.);
#8504=EDGE_LOOP('',(#8486,#8488,#8490,#8492,#8494,#8496,#8498,#8500,#8501,#8502,
#8503));
#8505=FACE_OUTER_BOUND('',#8504,.F.);
#8507=CARTESIAN_POINT('',(-2.775E0,-1.56E-1,-9.7E-1));
#8508=DIRECTION('',(-1.E0,0.E0,0.E0));
#8509=DIRECTION('',(0.E0,0.E0,1.E0));
#8510=AXIS2_PLACEMENT_3D('',#8507,#8508,#8509);
#8511=CYLINDRICAL_SURFACE('',#8510,5.E-2);
#8513=ORIENTED_EDGE('',*,*,#8512,.T.);
#8515=ORIENTED_EDGE('',*,*,#8514,.T.);
#8517=ORIENTED_EDGE('',*,*,#8516,.T.);
#8518=ORIENTED_EDGE('',*,*,#8460,.T.);
#8519=EDGE_LOOP('',(#8513,#8515,#8517,#8518));
#8520=FACE_OUTER_BOUND('',#8519,.F.);
#8522=CARTESIAN_POINT('',(-3.E0,-5.E-1,-9.4E-1));
#8523=DIRECTION('',(0.E0,0.E0,1.E0));
#8524=DIRECTION('',(1.E0,0.E0,0.E0));
#8525=AXIS2_PLACEMENT_3D('',#8522,#8523,#8524);
#8526=PLANE('',#8525);
#8528=ORIENTED_EDGE('',*,*,#8527,.F.);
#8529=ORIENTED_EDGE('',*,*,#8512,.F.);
#8530=ORIENTED_EDGE('',*,*,#8475,.F.);
#8531=ORIENTED_EDGE('',*,*,#4891,.F.);
#8533=ORIENTED_EDGE('',*,*,#8532,.T.);
#8534=ORIENTED_EDGE('',*,*,#8439,.T.);
#8535=ORIENTED_EDGE('',*,*,#8499,.F.);
#8537=ORIENTED_EDGE('',*,*,#8536,.T.);
#8538=EDGE_LOOP('',(#8528,#8529,#8530,#8531,#8533,#8534,#8535,#8537));
#8539=FACE_OUTER_BOUND('',#8538,.F.);
#8541=CARTESIAN_POINT('',(-2.775E0,-5.E-1,0.E0));
#8542=DIRECTION('',(-1.E0,0.E0,0.E0));
#8543=DIRECTION('',(0.E0,0.E0,1.E0));
#8544=AXIS2_PLACEMENT_3D('',#8541,#8542,#8543);
#8545=PLANE('',#8544);
#8546=ORIENTED_EDGE('',*,*,#8527,.T.);
#8548=ORIENTED_EDGE('',*,*,#8547,.F.);
#8550=ORIENTED_EDGE('',*,*,#8549,.F.);
#8552=ORIENTED_EDGE('',*,*,#8551,.F.);
#8554=ORIENTED_EDGE('',*,*,#8553,.F.);
#8556=ORIENTED_EDGE('',*,*,#8555,.F.);
#8558=ORIENTED_EDGE('',*,*,#8557,.F.);
#8560=ORIENTED_EDGE('',*,*,#8559,.F.);
#8562=ORIENTED_EDGE('',*,*,#8561,.F.);
#8564=ORIENTED_EDGE('',*,*,#8563,.F.);
#8566=ORIENTED_EDGE('',*,*,#8565,.F.);
#8568=ORIENTED_EDGE('',*,*,#8567,.F.);
#8570=ORIENTED_EDGE('',*,*,#8569,.F.);
#8572=ORIENTED_EDGE('',*,*,#8571,.F.);
#8574=ORIENTED_EDGE('',*,*,#8573,.F.);
#8575=ORIENTED_EDGE('',*,*,#8514,.F.);
#8576=EDGE_LOOP('',(#8546,#8548,#8550,#8552,#8554,#8556,#8558,#8560,#8562,#8564,
#8566,#8568,#8570,#8572,#8574,#8575));
#8577=FACE_OUTER_BOUND('',#8576,.F.);
#8579=CARTESIAN_POINT('',(-2.775E0,3.08E-1,-9.7E-1));
#8580=DIRECTION('',(-1.E0,0.E0,0.E0));
#8581=DIRECTION('',(0.E0,0.E0,1.E0));
#8582=AXIS2_PLACEMENT_3D('',#8579,#8580,#8581);
#8583=CYLINDRICAL_SURFACE('',#8582,5.E-2);
#8584=ORIENTED_EDGE('',*,*,#8536,.F.);
#8585=ORIENTED_EDGE('',*,*,#8497,.T.);
#8587=ORIENTED_EDGE('',*,*,#8586,.F.);
#8588=ORIENTED_EDGE('',*,*,#8547,.T.);
#8589=EDGE_LOOP('',(#8584,#8585,#8587,#8588));
#8590=FACE_OUTER_BOUND('',#8589,.F.);
#8592=CARTESIAN_POINT('',(-2.775E0,4.55177268E-1,-9.2E-1));
#8593=DIRECTION('',(0.E0,0.E0,-1.E0));
#8594=DIRECTION('',(0.E0,-1.E0,0.E0));
#8595=AXIS2_PLACEMENT_3D('',#8592,#8593,#8594);
#8596=PLANE('',#8595);
#8597=ORIENTED_EDGE('',*,*,#8495,.F.);
#8599=ORIENTED_EDGE('',*,*,#8598,.F.);
#8600=ORIENTED_EDGE('',*,*,#8549,.T.);
#8601=ORIENTED_EDGE('',*,*,#8586,.T.);
#8602=EDGE_LOOP('',(#8597,#8599,#8600,#8601));
#8603=FACE_OUTER_BOUND('',#8602,.F.);
#8605=CARTESIAN_POINT('',(-2.775E0,4.55177268E-1,-2.E-2));
#8606=DIRECTION('',(0.E0,1.E0,0.E0));
#8607=DIRECTION('',(0.E0,0.E0,-1.E0));
#8608=AXIS2_PLACEMENT_3D('',#8605,#8606,#8607);
#8609=PLANE('',#8608);
#8610=ORIENTED_EDGE('',*,*,#8493,.F.);
#8612=ORIENTED_EDGE('',*,*,#8611,.F.);
#8613=ORIENTED_EDGE('',*,*,#8551,.T.);
#8614=ORIENTED_EDGE('',*,*,#8598,.T.);
#8615=EDGE_LOOP('',(#8610,#8612,#8613,#8614));
#8616=FACE_OUTER_BOUND('',#8615,.F.);
#8618=CARTESIAN_POINT('',(-2.775E0,-2.55765924E-1,-2.E-2));
#8619=DIRECTION('',(0.E0,0.E0,1.E0));
#8620=DIRECTION('',(0.E0,1.E0,0.E0));
#8621=AXIS2_PLACEMENT_3D('',#8618,#8619,#8620);
#8622=PLANE('',#8621);
#8623=ORIENTED_EDGE('',*,*,#8491,.F.);
#8625=ORIENTED_EDGE('',*,*,#8624,.F.);
#8626=ORIENTED_EDGE('',*,*,#8553,.T.);
#8627=ORIENTED_EDGE('',*,*,#8611,.T.);
#8628=EDGE_LOOP('',(#8623,#8625,#8626,#8627));
#8629=FACE_OUTER_BOUND('',#8628,.F.);
#8631=CARTESIAN_POINT('',(-2.775E0,-2.55765924E-1,-2.2E-1));
#8632=DIRECTION('',(0.E0,-1.E0,0.E0));
#8633=DIRECTION('',(0.E0,0.E0,1.E0));
#8634=AXIS2_PLACEMENT_3D('',#8631,#8632,#8633);
#8635=PLANE('',#8634);
#8636=ORIENTED_EDGE('',*,*,#8489,.F.);
#8638=ORIENTED_EDGE('',*,*,#8637,.F.);
#8639=ORIENTED_EDGE('',*,*,#8555,.T.);
#8640=ORIENTED_EDGE('',*,*,#8624,.T.);
#8641=EDGE_LOOP('',(#8636,#8638,#8639,#8640));
#8642=FACE_OUTER_BOUND('',#8641,.F.);
#8644=CARTESIAN_POINT('',(-2.775E0,-3.05765924E-1,-2.2E-1));
#8645=DIRECTION('',(-1.E0,0.E0,0.E0));
#8646=DIRECTION('',(0.E0,0.E0,1.E0));
#8647=AXIS2_PLACEMENT_3D('',#8644,#8645,#8646);
#8648=CYLINDRICAL_SURFACE('',#8647,5.E-2);
#8649=ORIENTED_EDGE('',*,*,#8487,.T.);
#8651=ORIENTED_EDGE('',*,*,#8650,.F.);
#8652=ORIENTED_EDGE('',*,*,#8557,.T.);
#8653=ORIENTED_EDGE('',*,*,#8637,.T.);
#8654=EDGE_LOOP('',(#8649,#8651,#8652,#8653));
#8655=FACE_OUTER_BOUND('',#8654,.F.);
#8657=CARTESIAN_POINT('',(-2.775E0,-5.2751655E-1,-2.7E-1));
#8658=DIRECTION('',(0.E0,0.E0,1.E0));
#8659=DIRECTION('',(0.E0,1.E0,0.E0));
#8660=AXIS2_PLACEMENT_3D('',#8657,#8658,#8659);
#8661=PLANE('',#8660);
#8662=ORIENTED_EDGE('',*,*,#8485,.F.);
#8664=ORIENTED_EDGE('',*,*,#8663,.F.);
#8666=ORIENTED_EDGE('',*,*,#8665,.F.);
#8667=ORIENTED_EDGE('',*,*,#8559,.T.);
#8668=ORIENTED_EDGE('',*,*,#8650,.T.);
#8669=EDGE_LOOP('',(#8662,#8664,#8666,#8667,#8668));
#8670=FACE_OUTER_BOUND('',#8669,.F.);
#8672=CARTESIAN_POINT('',(-2.625E0,-5.E-1,0.E0));
#8673=DIRECTION('',(-1.E0,0.E0,0.E0));
#8674=DIRECTION('',(0.E0,0.E0,1.E0));
#8675=AXIS2_PLACEMENT_3D('',#8672,#8673,#8674);
#8676=PLANE('',#8675);
#8678=ORIENTED_EDGE('',*,*,#8677,.T.);
#8680=ORIENTED_EDGE('',*,*,#8679,.T.);
#8681=ORIENTED_EDGE('',*,*,#8663,.T.);
#8682=ORIENTED_EDGE('',*,*,#4895,.F.);
#8683=EDGE_LOOP('',(#8678,#8680,#8681,#8682));
#8684=FACE_OUTER_BOUND('',#8683,.F.);
#8686=CARTESIAN_POINT('',(-2.775E0,-4.7751655E-1,-7.2E-1));
#8687=DIRECTION('',(-1.E0,0.E0,0.E0));
#8688=DIRECTION('',(0.E0,0.E0,1.E0));
#8689=AXIS2_PLACEMENT_3D('',#8686,#8687,#8688);
#8690=CYLINDRICAL_SURFACE('',#8689,5.E-2);
#8691=ORIENTED_EDGE('',*,*,#8472,.F.);
#8693=ORIENTED_EDGE('',*,*,#8692,.F.);
#8694=ORIENTED_EDGE('',*,*,#8563,.T.);
#8696=ORIENTED_EDGE('',*,*,#8695,.T.);
#8697=ORIENTED_EDGE('',*,*,#8677,.F.);
#8698=EDGE_LOOP('',(#8691,#8693,#8694,#8696,#8697));
#8699=FACE_OUTER_BOUND('',#8698,.F.);
#8701=CARTESIAN_POINT('',(-2.775E0,-4.04E-1,-7.7E-1));
#8702=DIRECTION('',(0.E0,0.E0,-1.E0));
#8703=DIRECTION('',(0.E0,-1.E0,0.E0));
#8704=AXIS2_PLACEMENT_3D('',#8701,#8702,#8703);
#8705=PLANE('',#8704);
#8706=ORIENTED_EDGE('',*,*,#8470,.F.);
#8708=ORIENTED_EDGE('',*,*,#8707,.F.);
#8709=ORIENTED_EDGE('',*,*,#8565,.T.);
#8710=ORIENTED_EDGE('',*,*,#8692,.T.);
#8711=EDGE_LOOP('',(#8706,#8708,#8709,#8710));
#8712=FACE_OUTER_BOUND('',#8711,.F.);
#8714=CARTESIAN_POINT('',(-2.775E0,-4.04E-1,-8.2E-1));
#8715=DIRECTION('',(-1.E0,0.E0,0.E0));
#8716=DIRECTION('',(0.E0,0.E0,1.E0));
#8717=AXIS2_PLACEMENT_3D('',#8714,#8715,#8716);
#8718=CYLINDRICAL_SURFACE('',#8717,5.E-2);
#8719=ORIENTED_EDGE('',*,*,#8468,.T.);
#8721=ORIENTED_EDGE('',*,*,#8720,.F.);
#8722=ORIENTED_EDGE('',*,*,#8567,.T.);
#8723=ORIENTED_EDGE('',*,*,#8707,.T.);
#8724=EDGE_LOOP('',(#8719,#8721,#8722,#8723));
#8725=FACE_OUTER_BOUND('',#8724,.F.);
#8727=CARTESIAN_POINT('',(-2.775E0,-3.54E-1,-8.7E-1));
#8728=DIRECTION('',(0.E0,-1.E0,0.E0));
#8729=DIRECTION('',(0.E0,0.E0,1.E0));
#8730=AXIS2_PLACEMENT_3D('',#8727,#8728,#8729);
#8731=PLANE('',#8730);
#8732=ORIENTED_EDGE('',*,*,#8466,.F.);
#8734=ORIENTED_EDGE('',*,*,#8733,.F.);
#8735=ORIENTED_EDGE('',*,*,#8569,.T.);
#8736=ORIENTED_EDGE('',*,*,#8720,.T.);
#8737=EDGE_LOOP('',(#8732,#8734,#8735,#8736));
#8738=FACE_OUTER_BOUND('',#8737,.F.);
#8740=CARTESIAN_POINT('',(-2.775E0,-3.04E-1,-8.7E-1));
#8741=DIRECTION('',(-1.E0,0.E0,0.E0));
#8742=DIRECTION('',(0.E0,0.E0,1.E0));
#8743=AXIS2_PLACEMENT_3D('',#8740,#8741,#8742);
#8744=CYLINDRICAL_SURFACE('',#8743,5.E-2);
#8745=ORIENTED_EDGE('',*,*,#8464,.F.);
#8747=ORIENTED_EDGE('',*,*,#8746,.F.);
#8748=ORIENTED_EDGE('',*,*,#8571,.T.);
#8749=ORIENTED_EDGE('',*,*,#8733,.T.);
#8750=EDGE_LOOP('',(#8745,#8747,#8748,#8749));
#8751=FACE_OUTER_BOUND('',#8750,.F.);
#8753=CARTESIAN_POINT('',(-2.775E0,-1.56E-1,-9.2E-1));
#8754=DIRECTION('',(0.E0,0.E0,-1.E0));
#8755=DIRECTION('',(0.E0,-1.E0,0.E0));
#8756=AXIS2_PLACEMENT_3D('',#8753,#8754,#8755);
#8757=PLANE('',#8756);
#8758=ORIENTED_EDGE('',*,*,#8462,.F.);
#8759=ORIENTED_EDGE('',*,*,#8516,.F.);
#8760=ORIENTED_EDGE('',*,*,#8573,.T.);
#8761=ORIENTED_EDGE('',*,*,#8746,.T.);
#8762=EDGE_LOOP('',(#8758,#8759,#8760,#8761));
#8763=FACE_OUTER_BOUND('',#8762,.F.);
#8765=CARTESIAN_POINT('',(-2.775E0,-5.2751655E-1,-7.2E-1));
#8766=DIRECTION('',(0.E0,-1.E0,0.E0));
#8767=DIRECTION('',(0.E0,0.E0,1.E0));
#8768=AXIS2_PLACEMENT_3D('',#8765,#8766,#8767);
#8769=PLANE('',#8768);
#8770=ORIENTED_EDGE('',*,*,#8561,.T.);
#8771=ORIENTED_EDGE('',*,*,#8665,.T.);
#8772=ORIENTED_EDGE('',*,*,#8679,.F.);
#8773=ORIENTED_EDGE('',*,*,#8695,.F.);
#8774=EDGE_LOOP('',(#8770,#8771,#8772,#8773));
#8775=FACE_OUTER_BOUND('',#8774,.F.);
#8777=CARTESIAN_POINT('',(-3.E0,-5.E-1,-2.9E0));
#8778=DIRECTION('',(-1.E0,0.E0,0.E0));
#8779=DIRECTION('',(0.E0,0.E0,1.E0));
#8780=AXIS2_PLACEMENT_3D('',#8777,#8778,#8779);
#8781=PLANE('',#8780);
#8782=ORIENTED_EDGE('',*,*,#4889,.F.);
#8783=ORIENTED_EDGE('',*,*,#5615,.T.);
#8784=ORIENTED_EDGE('',*,*,#8441,.T.);
#8785=ORIENTED_EDGE('',*,*,#8532,.F.);
#8786=EDGE_LOOP('',(#8782,#8783,#8784,#8785));
#8787=FACE_OUTER_BOUND('',#8786,.F.);
#8789=CARTESIAN_POINT('',(2.36E0,1.25E-1,-7.5E-2));
#8790=DIRECTION('',(-7.071067811865E-1,0.E0,7.071067811865E-1));
#8791=DIRECTION('',(7.071067811865E-1,0.E0,7.071067811865E-1));
#8792=AXIS2_PLACEMENT_3D('',#8789,#8790,#8791);
#8793=PLANE('',#8792);
#8794=ORIENTED_EDGE('',*,*,#8448,.T.);
#8795=ORIENTED_EDGE('',*,*,#8400,.F.);
#8797=ORIENTED_EDGE('',*,*,#8796,.F.);
#8799=ORIENTED_EDGE('',*,*,#8798,.F.);
#8801=ORIENTED_EDGE('',*,*,#8800,.T.);
#8802=EDGE_LOOP('',(#8794,#8795,#8797,#8799,#8801));
#8803=FACE_OUTER_BOUND('',#8802,.F.);
#8805=CARTESIAN_POINT('',(0.E0,-3.25E-1,-7.5E-2));
#8806=DIRECTION('',(0.E0,7.071067811865E-1,7.071067811865E-1));
#8807=DIRECTION('',(0.E0,7.071067811865E-1,-7.071067811865E-1));
#8808=AXIS2_PLACEMENT_3D('',#8805,#8806,#8807);
#8809=PLANE('',#8808);
#8810=ORIENTED_EDGE('',*,*,#8398,.T.);
#8811=ORIENTED_EDGE('',*,*,#8424,.F.);
#8812=ORIENTED_EDGE('',*,*,#5087,.F.);
#8813=ORIENTED_EDGE('',*,*,#8796,.T.);
#8814=EDGE_LOOP('',(#8810,#8811,#8812,#8813));
#8815=FACE_OUTER_BOUND('',#8814,.F.);
#8817=CARTESIAN_POINT('',(2.285E0,-2.5E-1,0.E0));
#8818=DIRECTION('',(1.E0,0.E0,0.E0));
#8819=DIRECTION('',(0.E0,1.E0,0.E0));
#8820=AXIS2_PLACEMENT_3D('',#8817,#8818,#8819);
#8821=PLANE('',#8820);
#8823=ORIENTED_EDGE('',*,*,#8822,.F.);
#8825=ORIENTED_EDGE('',*,*,#8824,.F.);
#8826=ORIENTED_EDGE('',*,*,#8798,.T.);
#8827=ORIENTED_EDGE('',*,*,#5085,.T.);
#8828=ORIENTED_EDGE('',*,*,#5064,.T.);
#8829=EDGE_LOOP('',(#8823,#8825,#8826,#8827,#8828));
#8830=FACE_OUTER_BOUND('',#8829,.F.);
#8832=CARTESIAN_POINT('',(2.285E0,1.7E-1,0.E0));
#8833=DIRECTION('',(0.E0,1.E0,0.E0));
#8834=DIRECTION('',(-1.E0,0.E0,0.E0));
#8835=AXIS2_PLACEMENT_3D('',#8832,#8833,#8834);
#8836=PLANE('',#8835);
#8838=ORIENTED_EDGE('',*,*,#8837,.F.);
#8840=ORIENTED_EDGE('',*,*,#8839,.F.);
#8841=ORIENTED_EDGE('',*,*,#8822,.T.);
#8842=ORIENTED_EDGE('',*,*,#5062,.T.);
#8843=EDGE_LOOP('',(#8838,#8840,#8841,#8842));
#8844=FACE_OUTER_BOUND('',#8843,.F.);
#8846=ORIENTED_EDGE('',*,*,#8845,.T.);
#8848=ORIENTED_EDGE('',*,*,#8847,.F.);
#8850=ORIENTED_EDGE('',*,*,#8849,.F.);
#8852=ORIENTED_EDGE('',*,*,#8851,.T.);
#8853=EDGE_LOOP('',(#8846,#8848,#8850,#8852));
#8854=FACE_BOUND('',#8853,.F.);
#8856=ORIENTED_EDGE('',*,*,#8855,.F.);
#8858=ORIENTED_EDGE('',*,*,#8857,.F.);
#8860=ORIENTED_EDGE('',*,*,#8859,.T.);
#8862=ORIENTED_EDGE('',*,*,#8861,.T.);
#8863=EDGE_LOOP('',(#8856,#8858,#8860,#8862));
#8864=FACE_BOUND('',#8863,.F.);
#8866=ORIENTED_EDGE('',*,*,#8865,.F.);
#8868=ORIENTED_EDGE('',*,*,#8867,.F.);
#8870=ORIENTED_EDGE('',*,*,#8869,.T.);
#8872=ORIENTED_EDGE('',*,*,#8871,.T.);
#8873=EDGE_LOOP('',(#8866,#8868,#8870,#8872));
#8874=FACE_BOUND('',#8873,.F.);
#8876=ORIENTED_EDGE('',*,*,#8875,.F.);
#8878=ORIENTED_EDGE('',*,*,#8877,.F.);
#8880=ORIENTED_EDGE('',*,*,#8879,.T.);
#8882=ORIENTED_EDGE('',*,*,#8881,.T.);
#8883=EDGE_LOOP('',(#8876,#8878,#8880,#8882));
#8884=FACE_BOUND('',#8883,.F.);
#8886=ORIENTED_EDGE('',*,*,#8885,.F.);
#8888=ORIENTED_EDGE('',*,*,#8887,.F.);
#8890=ORIENTED_EDGE('',*,*,#8889,.T.);
#8892=ORIENTED_EDGE('',*,*,#8891,.T.);
#8893=EDGE_LOOP('',(#8886,#8888,#8890,#8892));
#8894=FACE_BOUND('',#8893,.F.);
#8896=ORIENTED_EDGE('',*,*,#8895,.F.);
#8898=ORIENTED_EDGE('',*,*,#8897,.F.);
#8900=ORIENTED_EDGE('',*,*,#8899,.T.);
#8902=ORIENTED_EDGE('',*,*,#8901,.T.);
#8903=EDGE_LOOP('',(#8896,#8898,#8900,#8902));
#8904=FACE_BOUND('',#8903,.F.);
#8906=ORIENTED_EDGE('',*,*,#8905,.F.);
#8908=ORIENTED_EDGE('',*,*,#8907,.F.);
#8910=ORIENTED_EDGE('',*,*,#8909,.T.);
#8912=ORIENTED_EDGE('',*,*,#8911,.T.);
#8913=EDGE_LOOP('',(#8906,#8908,#8910,#8912));
#8914=FACE_BOUND('',#8913,.F.);
#8916=ORIENTED_EDGE('',*,*,#8915,.F.);
#8918=ORIENTED_EDGE('',*,*,#8917,.F.);
#8920=ORIENTED_EDGE('',*,*,#8919,.T.);
#8922=ORIENTED_EDGE('',*,*,#8921,.T.);
#8923=EDGE_LOOP('',(#8916,#8918,#8920,#8922));
#8924=FACE_BOUND('',#8923,.F.);
#8926=CARTESIAN_POINT('',(-2.285E0,1.7E-1,0.E0));
#8927=DIRECTION('',(-1.E0,0.E0,0.E0));
#8928=DIRECTION('',(0.E0,-1.E0,0.E0));
#8929=AXIS2_PLACEMENT_3D('',#8926,#8927,#8928);
#8930=PLANE('',#8929);
#8931=ORIENTED_EDGE('',*,*,#8422,.T.);
#8933=ORIENTED_EDGE('',*,*,#8932,.F.);
#8934=ORIENTED_EDGE('',*,*,#8837,.T.);
#8935=ORIENTED_EDGE('',*,*,#5060,.T.);
#8936=ORIENTED_EDGE('',*,*,#5089,.F.);
#8937=EDGE_LOOP('',(#8931,#8933,#8934,#8935,#8936));
#8938=FACE_OUTER_BOUND('',#8937,.F.);
#8940=CARTESIAN_POINT('',(0.E0,2.45E-1,-2.25E-1));
#8941=DIRECTION('',(0.E0,-7.071067811865E-1,7.071067811865E-1));
#8942=DIRECTION('',(0.E0,7.071067811865E-1,7.071067811865E-1));
#8943=AXIS2_PLACEMENT_3D('',#8940,#8941,#8942);
#8944=PLANE('',#8943);
#8945=ORIENTED_EDGE('',*,*,#8839,.T.);
#8946=ORIENTED_EDGE('',*,*,#8932,.T.);
#8948=ORIENTED_EDGE('',*,*,#8947,.F.);
#8949=ORIENTED_EDGE('',*,*,#8824,.T.);
#8950=EDGE_LOOP('',(#8945,#8946,#8948,#8949));
#8951=FACE_OUTER_BOUND('',#8950,.F.);
#8953=CARTESIAN_POINT('',(0.E0,-5.E-1,-1.5E-1));
#8954=DIRECTION('',(0.E0,0.E0,1.E0));
#8955=DIRECTION('',(1.E0,0.E0,0.E0));
#8956=AXIS2_PLACEMENT_3D('',#8953,#8954,#8955);
#8957=PLANE('',#8956);
#8958=ORIENTED_EDGE('',*,*,#8420,.F.);
#8959=ORIENTED_EDGE('',*,*,#8450,.T.);
#8960=ORIENTED_EDGE('',*,*,#8800,.F.);
#8961=ORIENTED_EDGE('',*,*,#8947,.T.);
#8962=EDGE_LOOP('',(#8958,#8959,#8960,#8961));
#8963=FACE_OUTER_BOUND('',#8962,.F.);
#8965=CARTESIAN_POINT('',(-1.825E0,-5.E-1,0.E0));
#8966=DIRECTION('',(-1.E0,0.E0,0.E0));
#8967=DIRECTION('',(0.E0,0.E0,1.E0));
#8968=AXIS2_PLACEMENT_3D('',#8965,#8966,#8967);
#8969=PLANE('',#8968);
#8970=ORIENTED_EDGE('',*,*,#8845,.F.);
#8972=ORIENTED_EDGE('',*,*,#8971,.F.);
#8974=ORIENTED_EDGE('',*,*,#8973,.F.);
#8976=ORIENTED_EDGE('',*,*,#8975,.F.);
#8978=ORIENTED_EDGE('',*,*,#8977,.F.);
#8979=EDGE_LOOP('',(#8970,#8972,#8974,#8976,#8978));
#8980=FACE_OUTER_BOUND('',#8979,.F.);
#8982=CARTESIAN_POINT('',(-1.825E0,4.369919642963E-1,-5.806770496477E-1));
#8983=DIRECTION('',(-1.E0,0.E0,0.E0));
#8984=DIRECTION('',(0.E0,0.E0,1.E0));
#8985=AXIS2_PLACEMENT_3D('',#8982,#8983,#8984);
#8986=CYLINDRICAL_SURFACE('',#8985,3.32E-1);
#8987=ORIENTED_EDGE('',*,*,#8851,.F.);
#8989=ORIENTED_EDGE('',*,*,#8988,.F.);
#8991=ORIENTED_EDGE('',*,*,#8990,.F.);
#8992=ORIENTED_EDGE('',*,*,#8971,.T.);
#8993=EDGE_LOOP('',(#8987,#8989,#8991,#8992));
#8994=FACE_OUTER_BOUND('',#8993,.F.);
#8996=CARTESIAN_POINT('',(-1.675E0,-5.E-1,0.E0));
#8997=DIRECTION('',(-1.E0,0.E0,0.E0));
#8998=DIRECTION('',(0.E0,0.E0,1.E0));
#8999=AXIS2_PLACEMENT_3D('',#8996,#8997,#8998);
#9000=PLANE('',#8999);
#9001=ORIENTED_EDGE('',*,*,#8849,.T.);
#9003=ORIENTED_EDGE('',*,*,#9002,.T.);
#9005=ORIENTED_EDGE('',*,*,#9004,.T.);
#9007=ORIENTED_EDGE('',*,*,#9006,.T.);
#9008=ORIENTED_EDGE('',*,*,#8988,.T.);
#9009=EDGE_LOOP('',(#9001,#9003,#9005,#9007,#9008));
#9010=FACE_OUTER_BOUND('',#9009,.F.);
#9012=CARTESIAN_POINT('',(-1.825E0,1.37E-1,-5.949099188539E-1));
#9013=DIRECTION('',(-1.E0,0.E0,0.E0));
#9014=DIRECTION('',(0.E0,0.E0,1.E0));
#9015=AXIS2_PLACEMENT_3D('',#9012,#9013,#9014);
#9016=CYLINDRICAL_SURFACE('',#9015,5.E-2);
#9017=ORIENTED_EDGE('',*,*,#8847,.T.);
#9018=ORIENTED_EDGE('',*,*,#8977,.T.);
#9020=ORIENTED_EDGE('',*,*,#9019,.T.);
#9021=ORIENTED_EDGE('',*,*,#9002,.F.);
#9022=EDGE_LOOP('',(#9017,#9018,#9020,#9021));
#9023=FACE_OUTER_BOUND('',#9022,.F.);
#9025=CARTESIAN_POINT('',(-1.825E0,1.4E-1,-5.45E-1));
#9026=DIRECTION('',(0.E0,0.E0,-1.E0));
#9027=DIRECTION('',(0.E0,-1.E0,0.E0));
#9028=AXIS2_PLACEMENT_3D('',#9025,#9026,#9027);
#9029=PLANE('',#9028);
#9030=ORIENTED_EDGE('',*,*,#8975,.T.);
#9032=ORIENTED_EDGE('',*,*,#9031,.T.);
#9033=ORIENTED_EDGE('',*,*,#9004,.F.);
#9034=ORIENTED_EDGE('',*,*,#9019,.F.);
#9035=EDGE_LOOP('',(#9030,#9032,#9033,#9034));
#9036=FACE_OUTER_BOUND('',#9035,.F.);
#9038=CARTESIAN_POINT('',(-1.825E0,1.3E-1,-5.25E-1));
#9039=DIRECTION('',(-1.E0,0.E0,0.E0));
#9040=DIRECTION('',(0.E0,0.E0,1.E0));
#9041=AXIS2_PLACEMENT_3D('',#9038,#9039,#9040);
#9042=CYLINDRICAL_SURFACE('',#9041,2.E-2);
#9043=ORIENTED_EDGE('',*,*,#8973,.T.);
#9044=ORIENTED_EDGE('',*,*,#8990,.T.);
#9045=ORIENTED_EDGE('',*,*,#9006,.F.);
#9046=ORIENTED_EDGE('',*,*,#9031,.F.);
#9047=EDGE_LOOP('',(#9043,#9044,#9045,#9046));
#9048=FACE_OUTER_BOUND('',#9047,.F.);
#9050=CARTESIAN_POINT('',(-1.325E0,-5.E-1,0.E0));
#9051=DIRECTION('',(-1.E0,0.E0,0.E0));
#9052=DIRECTION('',(0.E0,0.E0,1.E0));
#9053=AXIS2_PLACEMENT_3D('',#9050,#9051,#9052);
#9054=PLANE('',#9053);
#9056=ORIENTED_EDGE('',*,*,#9055,.F.);
#9058=ORIENTED_EDGE('',*,*,#9057,.F.);
#9060=ORIENTED_EDGE('',*,*,#9059,.F.);
#9062=ORIENTED_EDGE('',*,*,#9061,.F.);
#9063=ORIENTED_EDGE('',*,*,#8855,.T.);
#9064=EDGE_LOOP('',(#9056,#9058,#9060,#9062,#9063));
#9065=FACE_OUTER_BOUND('',#9064,.F.);
#9067=CARTESIAN_POINT('',(-1.325E0,4.369919642963E-1,-5.806770496477E-1));
#9068=DIRECTION('',(-1.E0,0.E0,0.E0));
#9069=DIRECTION('',(0.E0,0.E0,1.E0));
#9070=AXIS2_PLACEMENT_3D('',#9067,#9068,#9069);
#9071=CYLINDRICAL_SURFACE('',#9070,3.32E-1);
#9072=ORIENTED_EDGE('',*,*,#9055,.T.);
#9073=ORIENTED_EDGE('',*,*,#8861,.F.);
#9075=ORIENTED_EDGE('',*,*,#9074,.F.);
#9077=ORIENTED_EDGE('',*,*,#9076,.F.);
#9078=EDGE_LOOP('',(#9072,#9073,#9075,#9077));
#9079=FACE_OUTER_BOUND('',#9078,.F.);
#9081=CARTESIAN_POINT('',(-1.175E0,-5.E-1,0.E0));
#9082=DIRECTION('',(-1.E0,0.E0,0.E0));
#9083=DIRECTION('',(0.E0,0.E0,1.E0));
#9084=AXIS2_PLACEMENT_3D('',#9081,#9082,#9083);
#9085=PLANE('',#9084);
#9086=ORIENTED_EDGE('',*,*,#9074,.T.);
#9087=ORIENTED_EDGE('',*,*,#8859,.F.);
#9089=ORIENTED_EDGE('',*,*,#9088,.T.);
#9091=ORIENTED_EDGE('',*,*,#9090,.T.);
#9093=ORIENTED_EDGE('',*,*,#9092,.T.);
#9094=EDGE_LOOP('',(#9086,#9087,#9089,#9091,#9093));
#9095=FACE_OUTER_BOUND('',#9094,.F.);
#9097=CARTESIAN_POINT('',(-1.325E0,1.37E-1,-5.949099188539E-1));
#9098=DIRECTION('',(-1.E0,0.E0,0.E0));
#9099=DIRECTION('',(0.E0,0.E0,1.E0));
#9100=AXIS2_PLACEMENT_3D('',#9097,#9098,#9099);
#9101=CYLINDRICAL_SURFACE('',#9100,5.E-2);
#9102=ORIENTED_EDGE('',*,*,#9061,.T.);
#9104=ORIENTED_EDGE('',*,*,#9103,.T.);
#9105=ORIENTED_EDGE('',*,*,#9088,.F.);
#9106=ORIENTED_EDGE('',*,*,#8857,.T.);
#9107=EDGE_LOOP('',(#9102,#9104,#9105,#9106));
#9108=FACE_OUTER_BOUND('',#9107,.F.);
#9110=CARTESIAN_POINT('',(-1.325E0,1.4E-1,-5.45E-1));
#9111=DIRECTION('',(0.E0,0.E0,-1.E0));
#9112=DIRECTION('',(0.E0,-1.E0,0.E0));
#9113=AXIS2_PLACEMENT_3D('',#9110,#9111,#9112);
#9114=PLANE('',#9113);
#9115=ORIENTED_EDGE('',*,*,#9059,.T.);
#9117=ORIENTED_EDGE('',*,*,#9116,.T.);
#9118=ORIENTED_EDGE('',*,*,#9090,.F.);
#9119=ORIENTED_EDGE('',*,*,#9103,.F.);
#9120=EDGE_LOOP('',(#9115,#9117,#9118,#9119));
#9121=FACE_OUTER_BOUND('',#9120,.F.);
#9123=CARTESIAN_POINT('',(-1.325E0,1.3E-1,-5.25E-1));
#9124=DIRECTION('',(-1.E0,0.E0,0.E0));
#9125=DIRECTION('',(0.E0,0.E0,1.E0));
#9126=AXIS2_PLACEMENT_3D('',#9123,#9124,#9125);
#9127=CYLINDRICAL_SURFACE('',#9126,2.E-2);
#9128=ORIENTED_EDGE('',*,*,#9057,.T.);
#9129=ORIENTED_EDGE('',*,*,#9076,.T.);
#9130=ORIENTED_EDGE('',*,*,#9092,.F.);
#9131=ORIENTED_EDGE('',*,*,#9116,.F.);
#9132=EDGE_LOOP('',(#9128,#9129,#9130,#9131));
#9133=FACE_OUTER_BOUND('',#9132,.F.);
#9135=CARTESIAN_POINT('',(-8.25E-1,-5.E-1,0.E0));
#9136=DIRECTION('',(-1.E0,0.E0,0.E0));
#9137=DIRECTION('',(0.E0,0.E0,1.E0));
#9138=AXIS2_PLACEMENT_3D('',#9135,#9136,#9137);
#9139=PLANE('',#9138);
#9141=ORIENTED_EDGE('',*,*,#9140,.F.);
#9143=ORIENTED_EDGE('',*,*,#9142,.F.);
#9145=ORIENTED_EDGE('',*,*,#9144,.F.);
#9147=ORIENTED_EDGE('',*,*,#9146,.F.);
#9148=ORIENTED_EDGE('',*,*,#8865,.T.);
#9149=EDGE_LOOP('',(#9141,#9143,#9145,#9147,#9148));
#9150=FACE_OUTER_BOUND('',#9149,.F.);
#9152=CARTESIAN_POINT('',(-8.25E-1,4.369919642963E-1,-5.806770496477E-1));
#9153=DIRECTION('',(-1.E0,0.E0,0.E0));
#9154=DIRECTION('',(0.E0,0.E0,1.E0));
#9155=AXIS2_PLACEMENT_3D('',#9152,#9153,#9154);
#9156=CYLINDRICAL_SURFACE('',#9155,3.32E-1);
#9157=ORIENTED_EDGE('',*,*,#9140,.T.);
#9158=ORIENTED_EDGE('',*,*,#8871,.F.);
#9160=ORIENTED_EDGE('',*,*,#9159,.F.);
#9162=ORIENTED_EDGE('',*,*,#9161,.F.);
#9163=EDGE_LOOP('',(#9157,#9158,#9160,#9162));
#9164=FACE_OUTER_BOUND('',#9163,.F.);
#9166=CARTESIAN_POINT('',(-6.75E-1,-5.E-1,0.E0));
#9167=DIRECTION('',(-1.E0,0.E0,0.E0));
#9168=DIRECTION('',(0.E0,0.E0,1.E0));
#9169=AXIS2_PLACEMENT_3D('',#9166,#9167,#9168);
#9170=PLANE('',#9169);
#9171=ORIENTED_EDGE('',*,*,#9159,.T.);
#9172=ORIENTED_EDGE('',*,*,#8869,.F.);
#9174=ORIENTED_EDGE('',*,*,#9173,.T.);
#9176=ORIENTED_EDGE('',*,*,#9175,.T.);
#9178=ORIENTED_EDGE('',*,*,#9177,.T.);
#9179=EDGE_LOOP('',(#9171,#9172,#9174,#9176,#9178));
#9180=FACE_OUTER_BOUND('',#9179,.F.);
#9182=CARTESIAN_POINT('',(-8.25E-1,1.37E-1,-5.949099188539E-1));
#9183=DIRECTION('',(-1.E0,0.E0,0.E0));
#9184=DIRECTION('',(0.E0,0.E0,1.E0));
#9185=AXIS2_PLACEMENT_3D('',#9182,#9183,#9184);
#9186=CYLINDRICAL_SURFACE('',#9185,5.E-2);
#9187=ORIENTED_EDGE('',*,*,#9146,.T.);
#9189=ORIENTED_EDGE('',*,*,#9188,.T.);
#9190=ORIENTED_EDGE('',*,*,#9173,.F.);
#9191=ORIENTED_EDGE('',*,*,#8867,.T.);
#9192=EDGE_LOOP('',(#9187,#9189,#9190,#9191));
#9193=FACE_OUTER_BOUND('',#9192,.F.);
#9195=CARTESIAN_POINT('',(-8.25E-1,1.4E-1,-5.45E-1));
#9196=DIRECTION('',(0.E0,0.E0,-1.E0));
#9197=DIRECTION('',(0.E0,-1.E0,0.E0));
#9198=AXIS2_PLACEMENT_3D('',#9195,#9196,#9197);
#9199=PLANE('',#9198);
#9200=ORIENTED_EDGE('',*,*,#9144,.T.);
#9202=ORIENTED_EDGE('',*,*,#9201,.T.);
#9203=ORIENTED_EDGE('',*,*,#9175,.F.);
#9204=ORIENTED_EDGE('',*,*,#9188,.F.);
#9205=EDGE_LOOP('',(#9200,#9202,#9203,#9204));
#9206=FACE_OUTER_BOUND('',#9205,.F.);
#9208=CARTESIAN_POINT('',(-8.25E-1,1.3E-1,-5.25E-1));
#9209=DIRECTION('',(-1.E0,0.E0,0.E0));
#9210=DIRECTION('',(0.E0,0.E0,1.E0));
#9211=AXIS2_PLACEMENT_3D('',#9208,#9209,#9210);
#9212=CYLINDRICAL_SURFACE('',#9211,2.E-2);
#9213=ORIENTED_EDGE('',*,*,#9142,.T.);
#9214=ORIENTED_EDGE('',*,*,#9161,.T.);
#9215=ORIENTED_EDGE('',*,*,#9177,.F.);
#9216=ORIENTED_EDGE('',*,*,#9201,.F.);
#9217=EDGE_LOOP('',(#9213,#9214,#9215,#9216));
#9218=FACE_OUTER_BOUND('',#9217,.F.);
#9220=CARTESIAN_POINT('',(-3.25E-1,-5.E-1,0.E0));
#9221=DIRECTION('',(-1.E0,0.E0,0.E0));
#9222=DIRECTION('',(0.E0,0.E0,1.E0));
#9223=AXIS2_PLACEMENT_3D('',#9220,#9221,#9222);
#9224=PLANE('',#9223);
#9226=ORIENTED_EDGE('',*,*,#9225,.F.);
#9228=ORIENTED_EDGE('',*,*,#9227,.F.);
#9230=ORIENTED_EDGE('',*,*,#9229,.F.);
#9232=ORIENTED_EDGE('',*,*,#9231,.F.);
#9233=ORIENTED_EDGE('',*,*,#8875,.T.);
#9234=EDGE_LOOP('',(#9226,#9228,#9230,#9232,#9233));
#9235=FACE_OUTER_BOUND('',#9234,.F.);
#9237=CARTESIAN_POINT('',(-3.25E-1,4.369919642963E-1,-5.806770496477E-1));
#9238=DIRECTION('',(-1.E0,0.E0,0.E0));
#9239=DIRECTION('',(0.E0,0.E0,1.E0));
#9240=AXIS2_PLACEMENT_3D('',#9237,#9238,#9239);
#9241=CYLINDRICAL_SURFACE('',#9240,3.32E-1);
#9242=ORIENTED_EDGE('',*,*,#9225,.T.);
#9243=ORIENTED_EDGE('',*,*,#8881,.F.);
#9245=ORIENTED_EDGE('',*,*,#9244,.F.);
#9247=ORIENTED_EDGE('',*,*,#9246,.F.);
#9248=EDGE_LOOP('',(#9242,#9243,#9245,#9247));
#9249=FACE_OUTER_BOUND('',#9248,.F.);
#9251=CARTESIAN_POINT('',(-1.75E-1,-5.E-1,0.E0));
#9252=DIRECTION('',(-1.E0,0.E0,0.E0));
#9253=DIRECTION('',(0.E0,0.E0,1.E0));
#9254=AXIS2_PLACEMENT_3D('',#9251,#9252,#9253);
#9255=PLANE('',#9254);
#9256=ORIENTED_EDGE('',*,*,#9244,.T.);
#9257=ORIENTED_EDGE('',*,*,#8879,.F.);
#9259=ORIENTED_EDGE('',*,*,#9258,.T.);
#9261=ORIENTED_EDGE('',*,*,#9260,.T.);
#9263=ORIENTED_EDGE('',*,*,#9262,.T.);
#9264=EDGE_LOOP('',(#9256,#9257,#9259,#9261,#9263));
#9265=FACE_OUTER_BOUND('',#9264,.F.);
#9267=CARTESIAN_POINT('',(-3.25E-1,1.37E-1,-5.949099188539E-1));
#9268=DIRECTION('',(-1.E0,0.E0,0.E0));
#9269=DIRECTION('',(0.E0,0.E0,1.E0));
#9270=AXIS2_PLACEMENT_3D('',#9267,#9268,#9269);
#9271=CYLINDRICAL_SURFACE('',#9270,5.E-2);
#9272=ORIENTED_EDGE('',*,*,#9231,.T.);
#9274=ORIENTED_EDGE('',*,*,#9273,.T.);
#9275=ORIENTED_EDGE('',*,*,#9258,.F.);
#9276=ORIENTED_EDGE('',*,*,#8877,.T.);
#9277=EDGE_LOOP('',(#9272,#9274,#9275,#9276));
#9278=FACE_OUTER_BOUND('',#9277,.F.);
#9280=CARTESIAN_POINT('',(-3.25E-1,1.4E-1,-5.45E-1));
#9281=DIRECTION('',(0.E0,0.E0,-1.E0));
#9282=DIRECTION('',(0.E0,-1.E0,0.E0));
#9283=AXIS2_PLACEMENT_3D('',#9280,#9281,#9282);
#9284=PLANE('',#9283);
#9285=ORIENTED_EDGE('',*,*,#9229,.T.);
#9287=ORIENTED_EDGE('',*,*,#9286,.T.);
#9288=ORIENTED_EDGE('',*,*,#9260,.F.);
#9289=ORIENTED_EDGE('',*,*,#9273,.F.);
#9290=EDGE_LOOP('',(#9285,#9287,#9288,#9289));
#9291=FACE_OUTER_BOUND('',#9290,.F.);
#9293=CARTESIAN_POINT('',(-3.25E-1,1.3E-1,-5.25E-1));
#9294=DIRECTION('',(-1.E0,0.E0,0.E0));
#9295=DIRECTION('',(0.E0,0.E0,1.E0));
#9296=AXIS2_PLACEMENT_3D('',#9293,#9294,#9295);
#9297=CYLINDRICAL_SURFACE('',#9296,2.E-2);
#9298=ORIENTED_EDGE('',*,*,#9227,.T.);
#9299=ORIENTED_EDGE('',*,*,#9246,.T.);
#9300=ORIENTED_EDGE('',*,*,#9262,.F.);
#9301=ORIENTED_EDGE('',*,*,#9286,.F.);
#9302=EDGE_LOOP('',(#9298,#9299,#9300,#9301));
#9303=FACE_OUTER_BOUND('',#9302,.F.);
#9305=CARTESIAN_POINT('',(1.75E-1,-5.E-1,0.E0));
#9306=DIRECTION('',(-1.E0,0.E0,0.E0));
#9307=DIRECTION('',(0.E0,0.E0,1.E0));
#9308=AXIS2_PLACEMENT_3D('',#9305,#9306,#9307);
#9309=PLANE('',#9308);
#9311=ORIENTED_EDGE('',*,*,#9310,.F.);
#9313=ORIENTED_EDGE('',*,*,#9312,.F.);
#9315=ORIENTED_EDGE('',*,*,#9314,.F.);
#9317=ORIENTED_EDGE('',*,*,#9316,.F.);
#9318=ORIENTED_EDGE('',*,*,#8885,.T.);
#9319=EDGE_LOOP('',(#9311,#9313,#9315,#9317,#9318));
#9320=FACE_OUTER_BOUND('',#9319,.F.);
#9322=CARTESIAN_POINT('',(1.75E-1,4.369919642963E-1,-5.806770496477E-1));
#9323=DIRECTION('',(-1.E0,0.E0,0.E0));
#9324=DIRECTION('',(0.E0,0.E0,1.E0));
#9325=AXIS2_PLACEMENT_3D('',#9322,#9323,#9324);
#9326=CYLINDRICAL_SURFACE('',#9325,3.32E-1);
#9327=ORIENTED_EDGE('',*,*,#9310,.T.);
#9328=ORIENTED_EDGE('',*,*,#8891,.F.);
#9330=ORIENTED_EDGE('',*,*,#9329,.F.);
#9332=ORIENTED_EDGE('',*,*,#9331,.F.);
#9333=EDGE_LOOP('',(#9327,#9328,#9330,#9332));
#9334=FACE_OUTER_BOUND('',#9333,.F.);
#9336=CARTESIAN_POINT('',(3.25E-1,-5.E-1,0.E0));
#9337=DIRECTION('',(-1.E0,0.E0,0.E0));
#9338=DIRECTION('',(0.E0,0.E0,1.E0));
#9339=AXIS2_PLACEMENT_3D('',#9336,#9337,#9338);
#9340=PLANE('',#9339);
#9341=ORIENTED_EDGE('',*,*,#9329,.T.);
#9342=ORIENTED_EDGE('',*,*,#8889,.F.);
#9344=ORIENTED_EDGE('',*,*,#9343,.T.);
#9346=ORIENTED_EDGE('',*,*,#9345,.T.);
#9348=ORIENTED_EDGE('',*,*,#9347,.T.);
#9349=EDGE_LOOP('',(#9341,#9342,#9344,#9346,#9348));
#9350=FACE_OUTER_BOUND('',#9349,.F.);
#9352=CARTESIAN_POINT('',(1.75E-1,1.37E-1,-5.949099188539E-1));
#9353=DIRECTION('',(-1.E0,0.E0,0.E0));
#9354=DIRECTION('',(0.E0,0.E0,1.E0));
#9355=AXIS2_PLACEMENT_3D('',#9352,#9353,#9354);
#9356=CYLINDRICAL_SURFACE('',#9355,5.E-2);
#9357=ORIENTED_EDGE('',*,*,#9316,.T.);
#9359=ORIENTED_EDGE('',*,*,#9358,.T.);
#9360=ORIENTED_EDGE('',*,*,#9343,.F.);
#9361=ORIENTED_EDGE('',*,*,#8887,.T.);
#9362=EDGE_LOOP('',(#9357,#9359,#9360,#9361));
#9363=FACE_OUTER_BOUND('',#9362,.F.);
#9365=CARTESIAN_POINT('',(1.75E-1,1.4E-1,-5.45E-1));
#9366=DIRECTION('',(0.E0,0.E0,-1.E0));
#9367=DIRECTION('',(0.E0,-1.E0,0.E0));
#9368=AXIS2_PLACEMENT_3D('',#9365,#9366,#9367);
#9369=PLANE('',#9368);
#9370=ORIENTED_EDGE('',*,*,#9314,.T.);
#9372=ORIENTED_EDGE('',*,*,#9371,.T.);
#9373=ORIENTED_EDGE('',*,*,#9345,.F.);
#9374=ORIENTED_EDGE('',*,*,#9358,.F.);
#9375=EDGE_LOOP('',(#9370,#9372,#9373,#9374));
#9376=FACE_OUTER_BOUND('',#9375,.F.);
#9378=CARTESIAN_POINT('',(1.75E-1,1.3E-1,-5.25E-1));
#9379=DIRECTION('',(-1.E0,0.E0,0.E0));
#9380=DIRECTION('',(0.E0,0.E0,1.E0));
#9381=AXIS2_PLACEMENT_3D('',#9378,#9379,#9380);
#9382=CYLINDRICAL_SURFACE('',#9381,2.E-2);
#9383=ORIENTED_EDGE('',*,*,#9312,.T.);
#9384=ORIENTED_EDGE('',*,*,#9331,.T.);
#9385=ORIENTED_EDGE('',*,*,#9347,.F.);
#9386=ORIENTED_EDGE('',*,*,#9371,.F.);
#9387=EDGE_LOOP('',(#9383,#9384,#9385,#9386));
#9388=FACE_OUTER_BOUND('',#9387,.F.);
#9390=CARTESIAN_POINT('',(6.75E-1,-5.E-1,0.E0));
#9391=DIRECTION('',(-1.E0,0.E0,0.E0));
#9392=DIRECTION('',(0.E0,0.E0,1.E0));
#9393=AXIS2_PLACEMENT_3D('',#9390,#9391,#9392);
#9394=PLANE('',#9393);
#9396=ORIENTED_EDGE('',*,*,#9395,.F.);
#9398=ORIENTED_EDGE('',*,*,#9397,.F.);
#9400=ORIENTED_EDGE('',*,*,#9399,.F.);
#9402=ORIENTED_EDGE('',*,*,#9401,.F.);
#9403=ORIENTED_EDGE('',*,*,#8895,.T.);
#9404=EDGE_LOOP('',(#9396,#9398,#9400,#9402,#9403));
#9405=FACE_OUTER_BOUND('',#9404,.F.);
#9407=CARTESIAN_POINT('',(6.75E-1,4.369919642963E-1,-5.806770496477E-1));
#9408=DIRECTION('',(-1.E0,0.E0,0.E0));
#9409=DIRECTION('',(0.E0,0.E0,1.E0));
#9410=AXIS2_PLACEMENT_3D('',#9407,#9408,#9409);
#9411=CYLINDRICAL_SURFACE('',#9410,3.32E-1);
#9412=ORIENTED_EDGE('',*,*,#9395,.T.);
#9413=ORIENTED_EDGE('',*,*,#8901,.F.);
#9415=ORIENTED_EDGE('',*,*,#9414,.F.);
#9417=ORIENTED_EDGE('',*,*,#9416,.F.);
#9418=EDGE_LOOP('',(#9412,#9413,#9415,#9417));
#9419=FACE_OUTER_BOUND('',#9418,.F.);
#9421=CARTESIAN_POINT('',(8.25E-1,-5.E-1,0.E0));
#9422=DIRECTION('',(-1.E0,0.E0,0.E0));
#9423=DIRECTION('',(0.E0,0.E0,1.E0));
#9424=AXIS2_PLACEMENT_3D('',#9421,#9422,#9423);
#9425=PLANE('',#9424);
#9426=ORIENTED_EDGE('',*,*,#9414,.T.);
#9427=ORIENTED_EDGE('',*,*,#8899,.F.);
#9429=ORIENTED_EDGE('',*,*,#9428,.T.);
#9431=ORIENTED_EDGE('',*,*,#9430,.T.);
#9433=ORIENTED_EDGE('',*,*,#9432,.T.);
#9434=EDGE_LOOP('',(#9426,#9427,#9429,#9431,#9433));
#9435=FACE_OUTER_BOUND('',#9434,.F.);
#9437=CARTESIAN_POINT('',(6.75E-1,1.37E-1,-5.949099188539E-1));
#9438=DIRECTION('',(-1.E0,0.E0,0.E0));
#9439=DIRECTION('',(0.E0,0.E0,1.E0));
#9440=AXIS2_PLACEMENT_3D('',#9437,#9438,#9439);
#9441=CYLINDRICAL_SURFACE('',#9440,5.E-2);
#9442=ORIENTED_EDGE('',*,*,#9401,.T.);
#9444=ORIENTED_EDGE('',*,*,#9443,.T.);
#9445=ORIENTED_EDGE('',*,*,#9428,.F.);
#9446=ORIENTED_EDGE('',*,*,#8897,.T.);
#9447=EDGE_LOOP('',(#9442,#9444,#9445,#9446));
#9448=FACE_OUTER_BOUND('',#9447,.F.);
#9450=CARTESIAN_POINT('',(6.75E-1,1.4E-1,-5.45E-1));
#9451=DIRECTION('',(0.E0,0.E0,-1.E0));
#9452=DIRECTION('',(0.E0,-1.E0,0.E0));
#9453=AXIS2_PLACEMENT_3D('',#9450,#9451,#9452);
#9454=PLANE('',#9453);
#9455=ORIENTED_EDGE('',*,*,#9399,.T.);
#9457=ORIENTED_EDGE('',*,*,#9456,.T.);
#9458=ORIENTED_EDGE('',*,*,#9430,.F.);
#9459=ORIENTED_EDGE('',*,*,#9443,.F.);
#9460=EDGE_LOOP('',(#9455,#9457,#9458,#9459));
#9461=FACE_OUTER_BOUND('',#9460,.F.);
#9463=CARTESIAN_POINT('',(6.75E-1,1.3E-1,-5.25E-1));
#9464=DIRECTION('',(-1.E0,0.E0,0.E0));
#9465=DIRECTION('',(0.E0,0.E0,1.E0));
#9466=AXIS2_PLACEMENT_3D('',#9463,#9464,#9465);
#9467=CYLINDRICAL_SURFACE('',#9466,2.E-2);
#9468=ORIENTED_EDGE('',*,*,#9397,.T.);
#9469=ORIENTED_EDGE('',*,*,#9416,.T.);
#9470=ORIENTED_EDGE('',*,*,#9432,.F.);
#9471=ORIENTED_EDGE('',*,*,#9456,.F.);
#9472=EDGE_LOOP('',(#9468,#9469,#9470,#9471));
#9473=FACE_OUTER_BOUND('',#9472,.F.);
#9475=CARTESIAN_POINT('',(1.175E0,-5.E-1,0.E0));
#9476=DIRECTION('',(-1.E0,0.E0,0.E0));
#9477=DIRECTION('',(0.E0,0.E0,1.E0));
#9478=AXIS2_PLACEMENT_3D('',#9475,#9476,#9477);
#9479=PLANE('',#9478);
#9481=ORIENTED_EDGE('',*,*,#9480,.F.);
#9483=ORIENTED_EDGE('',*,*,#9482,.F.);
#9485=ORIENTED_EDGE('',*,*,#9484,.F.);
#9487=ORIENTED_EDGE('',*,*,#9486,.F.);
#9488=ORIENTED_EDGE('',*,*,#8905,.T.);
#9489=EDGE_LOOP('',(#9481,#9483,#9485,#9487,#9488));
#9490=FACE_OUTER_BOUND('',#9489,.F.);
#9492=CARTESIAN_POINT('',(1.175E0,4.369919642963E-1,-5.806770496477E-1));
#9493=DIRECTION('',(-1.E0,0.E0,0.E0));
#9494=DIRECTION('',(0.E0,0.E0,1.E0));
#9495=AXIS2_PLACEMENT_3D('',#9492,#9493,#9494);
#9496=CYLINDRICAL_SURFACE('',#9495,3.32E-1);
#9497=ORIENTED_EDGE('',*,*,#9480,.T.);
#9498=ORIENTED_EDGE('',*,*,#8911,.F.);
#9500=ORIENTED_EDGE('',*,*,#9499,.F.);
#9502=ORIENTED_EDGE('',*,*,#9501,.F.);
#9503=EDGE_LOOP('',(#9497,#9498,#9500,#9502));
#9504=FACE_OUTER_BOUND('',#9503,.F.);
#9506=CARTESIAN_POINT('',(1.325E0,-5.E-1,0.E0));
#9507=DIRECTION('',(-1.E0,0.E0,0.E0));
#9508=DIRECTION('',(0.E0,0.E0,1.E0));
#9509=AXIS2_PLACEMENT_3D('',#9506,#9507,#9508);
#9510=PLANE('',#9509);
#9511=ORIENTED_EDGE('',*,*,#9499,.T.);
#9512=ORIENTED_EDGE('',*,*,#8909,.F.);
#9514=ORIENTED_EDGE('',*,*,#9513,.T.);
#9516=ORIENTED_EDGE('',*,*,#9515,.T.);
#9518=ORIENTED_EDGE('',*,*,#9517,.T.);
#9519=EDGE_LOOP('',(#9511,#9512,#9514,#9516,#9518));
#9520=FACE_OUTER_BOUND('',#9519,.F.);
#9522=CARTESIAN_POINT('',(1.175E0,1.37E-1,-5.949099188539E-1));
#9523=DIRECTION('',(-1.E0,0.E0,0.E0));
#9524=DIRECTION('',(0.E0,0.E0,1.E0));
#9525=AXIS2_PLACEMENT_3D('',#9522,#9523,#9524);
#9526=CYLINDRICAL_SURFACE('',#9525,5.E-2);
#9527=ORIENTED_EDGE('',*,*,#9486,.T.);
#9529=ORIENTED_EDGE('',*,*,#9528,.T.);
#9530=ORIENTED_EDGE('',*,*,#9513,.F.);
#9531=ORIENTED_EDGE('',*,*,#8907,.T.);
#9532=EDGE_LOOP('',(#9527,#9529,#9530,#9531));
#9533=FACE_OUTER_BOUND('',#9532,.F.);
#9535=CARTESIAN_POINT('',(1.175E0,1.4E-1,-5.45E-1));
#9536=DIRECTION('',(0.E0,0.E0,-1.E0));
#9537=DIRECTION('',(0.E0,-1.E0,0.E0));
#9538=AXIS2_PLACEMENT_3D('',#9535,#9536,#9537);
#9539=PLANE('',#9538);
#9540=ORIENTED_EDGE('',*,*,#9484,.T.);
#9542=ORIENTED_EDGE('',*,*,#9541,.T.);
#9543=ORIENTED_EDGE('',*,*,#9515,.F.);
#9544=ORIENTED_EDGE('',*,*,#9528,.F.);
#9545=EDGE_LOOP('',(#9540,#9542,#9543,#9544));
#9546=FACE_OUTER_BOUND('',#9545,.F.);
#9548=CARTESIAN_POINT('',(1.175E0,1.3E-1,-5.25E-1));
#9549=DIRECTION('',(-1.E0,0.E0,0.E0));
#9550=DIRECTION('',(0.E0,0.E0,1.E0));
#9551=AXIS2_PLACEMENT_3D('',#9548,#9549,#9550);
#9552=CYLINDRICAL_SURFACE('',#9551,2.E-2);
#9553=ORIENTED_EDGE('',*,*,#9482,.T.);
#9554=ORIENTED_EDGE('',*,*,#9501,.T.);
#9555=ORIENTED_EDGE('',*,*,#9517,.F.);
#9556=ORIENTED_EDGE('',*,*,#9541,.F.);
#9557=EDGE_LOOP('',(#9553,#9554,#9555,#9556));
#9558=FACE_OUTER_BOUND('',#9557,.F.);
#9560=CARTESIAN_POINT('',(1.675E0,-5.E-1,0.E0));
#9561=DIRECTION('',(-1.E0,0.E0,0.E0));
#9562=DIRECTION('',(0.E0,0.E0,1.E0));
#9563=AXIS2_PLACEMENT_3D('',#9560,#9561,#9562);
#9564=PLANE('',#9563);
#9566=ORIENTED_EDGE('',*,*,#9565,.F.);
#9568=ORIENTED_EDGE('',*,*,#9567,.F.);
#9570=ORIENTED_EDGE('',*,*,#9569,.F.);
#9572=ORIENTED_EDGE('',*,*,#9571,.F.);
#9573=ORIENTED_EDGE('',*,*,#8915,.T.);
#9574=EDGE_LOOP('',(#9566,#9568,#9570,#9572,#9573));
#9575=FACE_OUTER_BOUND('',#9574,.F.);
#9577=CARTESIAN_POINT('',(1.675E0,4.369919642963E-1,-5.806770496477E-1));
#9578=DIRECTION('',(-1.E0,0.E0,0.E0));
#9579=DIRECTION('',(0.E0,0.E0,1.E0));
#9580=AXIS2_PLACEMENT_3D('',#9577,#9578,#9579);
#9581=CYLINDRICAL_SURFACE('',#9580,3.32E-1);
#9582=ORIENTED_EDGE('',*,*,#9565,.T.);
#9583=ORIENTED_EDGE('',*,*,#8921,.F.);
#9585=ORIENTED_EDGE('',*,*,#9584,.F.);
#9587=ORIENTED_EDGE('',*,*,#9586,.F.);
#9588=EDGE_LOOP('',(#9582,#9583,#9585,#9587));
#9589=FACE_OUTER_BOUND('',#9588,.F.);
#9591=CARTESIAN_POINT('',(1.825E0,-5.E-1,0.E0));
#9592=DIRECTION('',(-1.E0,0.E0,0.E0));
#9593=DIRECTION('',(0.E0,0.E0,1.E0));
#9594=AXIS2_PLACEMENT_3D('',#9591,#9592,#9593);
#9595=PLANE('',#9594);
#9596=ORIENTED_EDGE('',*,*,#9584,.T.);
#9597=ORIENTED_EDGE('',*,*,#8919,.F.);
#9599=ORIENTED_EDGE('',*,*,#9598,.T.);
#9601=ORIENTED_EDGE('',*,*,#9600,.T.);
#9603=ORIENTED_EDGE('',*,*,#9602,.T.);
#9604=EDGE_LOOP('',(#9596,#9597,#9599,#9601,#9603));
#9605=FACE_OUTER_BOUND('',#9604,.F.);
#9607=CARTESIAN_POINT('',(1.675E0,1.37E-1,-5.949099188539E-1));
#9608=DIRECTION('',(-1.E0,0.E0,0.E0));
#9609=DIRECTION('',(0.E0,0.E0,1.E0));
#9610=AXIS2_PLACEMENT_3D('',#9607,#9608,#9609);
#9611=CYLINDRICAL_SURFACE('',#9610,5.E-2);
#9612=ORIENTED_EDGE('',*,*,#9571,.T.);
#9614=ORIENTED_EDGE('',*,*,#9613,.T.);
#9615=ORIENTED_EDGE('',*,*,#9598,.F.);
#9616=ORIENTED_EDGE('',*,*,#8917,.T.);
#9617=EDGE_LOOP('',(#9612,#9614,#9615,#9616));
#9618=FACE_OUTER_BOUND('',#9617,.F.);
#9620=CARTESIAN_POINT('',(1.675E0,1.4E-1,-5.45E-1));
#9621=DIRECTION('',(0.E0,0.E0,-1.E0));
#9622=DIRECTION('',(0.E0,-1.E0,0.E0));
#9623=AXIS2_PLACEMENT_3D('',#9620,#9621,#9622);
#9624=PLANE('',#9623);
#9625=ORIENTED_EDGE('',*,*,#9569,.T.);
#9627=ORIENTED_EDGE('',*,*,#9626,.T.);
#9628=ORIENTED_EDGE('',*,*,#9600,.F.);
#9629=ORIENTED_EDGE('',*,*,#9613,.F.);
#9630=EDGE_LOOP('',(#9625,#9627,#9628,#9629));
#9631=FACE_OUTER_BOUND('',#9630,.F.);
#9633=CARTESIAN_POINT('',(1.675E0,1.3E-1,-5.25E-1));
#9634=DIRECTION('',(-1.E0,0.E0,0.E0));
#9635=DIRECTION('',(0.E0,0.E0,1.E0));
#9636=AXIS2_PLACEMENT_3D('',#9633,#9634,#9635);
#9637=CYLINDRICAL_SURFACE('',#9636,2.E-2);
#9638=ORIENTED_EDGE('',*,*,#9567,.T.);
#9639=ORIENTED_EDGE('',*,*,#9586,.T.);
#9640=ORIENTED_EDGE('',*,*,#9602,.F.);
#9641=ORIENTED_EDGE('',*,*,#9626,.F.);
#9642=EDGE_LOOP('',(#9638,#9639,#9640,#9641));
#9643=FACE_OUTER_BOUND('',#9642,.F.);
#9645=CARTESIAN_POINT('',(-2.58E0,5.E-1,-2.9E0));
#9646=DIRECTION('',(1.E0,0.E0,0.E0));
#9647=DIRECTION('',(0.E0,0.E0,-1.E0));
#9648=AXIS2_PLACEMENT_3D('',#9645,#9646,#9647);
#9649=PLANE('',#9648);
#9650=ORIENTED_EDGE('',*,*,#5444,.T.);
#9652=ORIENTED_EDGE('',*,*,#9651,.F.);
#9654=ORIENTED_EDGE('',*,*,#9653,.F.);
#9655=ORIENTED_EDGE('',*,*,#5621,.T.);
#9656=EDGE_LOOP('',(#9650,#9652,#9654,#9655));
#9657=FACE_OUTER_BOUND('',#9656,.F.);
#9659=CARTESIAN_POINT('',(-2.58E0,5.E-1,-3.220488E0));
#9660=DIRECTION('',(0.E0,0.E0,-1.E0));
#9661=DIRECTION('',(-1.E0,0.E0,0.E0));
#9662=AXIS2_PLACEMENT_3D('',#9659,#9660,#9661);
#9663=PLANE('',#9662);
#9664=ORIENTED_EDGE('',*,*,#5442,.F.);
#9666=ORIENTED_EDGE('',*,*,#9665,.T.);
#9668=ORIENTED_EDGE('',*,*,#9667,.T.);
#9669=ORIENTED_EDGE('',*,*,#9651,.T.);
#9670=EDGE_LOOP('',(#9664,#9666,#9668,#9669));
#9671=FACE_OUTER_BOUND('',#9670,.F.);
#9673=CARTESIAN_POINT('',(-2.76E0,-5.E-1,-2.9E0));
#9674=DIRECTION('',(-1.E0,0.E0,0.E0));
#9675=DIRECTION('',(0.E0,0.E0,1.E0));
#9676=AXIS2_PLACEMENT_3D('',#9673,#9674,#9675);
#9677=PLANE('',#9676);
#9678=ORIENTED_EDGE('',*,*,#9665,.F.);
#9679=ORIENTED_EDGE('',*,*,#5440,.T.);
#9681=ORIENTED_EDGE('',*,*,#9680,.T.);
#9683=ORIENTED_EDGE('',*,*,#9682,.T.);
#9685=ORIENTED_EDGE('',*,*,#9684,.T.);
#9687=ORIENTED_EDGE('',*,*,#9686,.T.);
#9688=EDGE_LOOP('',(#9678,#9679,#9681,#9683,#9685,#9687));
#9689=FACE_OUTER_BOUND('',#9688,.F.);
#9691=CARTESIAN_POINT('',(-2.76E0,-2.2E-1,-3.650487715E0));
#9692=DIRECTION('',(0.E0,0.E0,-1.E0));
#9693=DIRECTION('',(0.E0,1.E0,0.E0));
#9694=AXIS2_PLACEMENT_3D('',#9691,#9692,#9693);
#9695=PLANE('',#9694);
#9696=ORIENTED_EDGE('',*,*,#9680,.F.);
#9697=ORIENTED_EDGE('',*,*,#5438,.T.);
#9699=ORIENTED_EDGE('',*,*,#9698,.T.);
#9701=ORIENTED_EDGE('',*,*,#9700,.F.);
#9702=EDGE_LOOP('',(#9696,#9697,#9699,#9701));
#9703=FACE_OUTER_BOUND('',#9702,.F.);
#9705=CARTESIAN_POINT('',(2.76E0,-5.E-1,-9.4E-1));
#9706=DIRECTION('',(1.E0,0.E0,0.E0));
#9707=DIRECTION('',(0.E0,0.E0,-1.E0));
#9708=AXIS2_PLACEMENT_3D('',#9705,#9706,#9707);
#9709=PLANE('',#9708);
#9711=ORIENTED_EDGE('',*,*,#9710,.T.);
#9713=ORIENTED_EDGE('',*,*,#9712,.F.);
#9715=ORIENTED_EDGE('',*,*,#9714,.F.);
#9717=ORIENTED_EDGE('',*,*,#9716,.F.);
#9718=ORIENTED_EDGE('',*,*,#9698,.F.);
#9719=ORIENTED_EDGE('',*,*,#5436,.F.);
#9720=EDGE_LOOP('',(#9711,#9713,#9715,#9717,#9718,#9719));
#9721=FACE_OUTER_BOUND('',#9720,.F.);
#9723=CARTESIAN_POINT('',(3.E0,5.E-1,-3.220488E0));
#9724=DIRECTION('',(0.E0,0.E0,-1.E0));
#9725=DIRECTION('',(-1.E0,0.E0,0.E0));
#9726=AXIS2_PLACEMENT_3D('',#9723,#9724,#9725);
#9727=PLANE('',#9726);
#9728=ORIENTED_EDGE('',*,*,#5434,.T.);
#9730=ORIENTED_EDGE('',*,*,#9729,.F.);
#9732=ORIENTED_EDGE('',*,*,#9731,.F.);
#9733=ORIENTED_EDGE('',*,*,#9710,.F.);
#9734=EDGE_LOOP('',(#9728,#9730,#9732,#9733));
#9735=FACE_OUTER_BOUND('',#9734,.F.);
#9737=CARTESIAN_POINT('',(2.58E0,5.E-1,-3.220488E0));
#9738=DIRECTION('',(-1.E0,0.E0,0.E0));
#9739=DIRECTION('',(0.E0,0.E0,1.E0));
#9740=AXIS2_PLACEMENT_3D('',#9737,#9738,#9739);
#9741=PLANE('',#9740);
#9742=ORIENTED_EDGE('',*,*,#5432,.F.);
#9743=ORIENTED_EDGE('',*,*,#5625,.F.);
#9745=ORIENTED_EDGE('',*,*,#9744,.T.);
#9746=ORIENTED_EDGE('',*,*,#9729,.T.);
#9747=EDGE_LOOP('',(#9742,#9743,#9745,#9746));
#9748=FACE_OUTER_BOUND('',#9747,.F.);
#9750=CARTESIAN_POINT('',(-2.76E0,4.5E-1,-3.920487715E0));
#9751=DIRECTION('',(0.E0,1.E0,0.E0));
#9752=DIRECTION('',(0.E0,0.E0,1.E0));
#9753=AXIS2_PLACEMENT_3D('',#9750,#9751,#9752);
#9754=PLANE('',#9753);
#9755=ORIENTED_EDGE('',*,*,#9653,.T.);
#9756=ORIENTED_EDGE('',*,*,#9667,.F.);
#9757=ORIENTED_EDGE('',*,*,#9686,.F.);
#9759=ORIENTED_EDGE('',*,*,#9758,.T.);
#9760=ORIENTED_EDGE('',*,*,#9712,.T.);
#9761=ORIENTED_EDGE('',*,*,#9731,.T.);
#9762=ORIENTED_EDGE('',*,*,#9744,.F.);
#9763=ORIENTED_EDGE('',*,*,#5623,.F.);
#9764=EDGE_LOOP('',(#9755,#9756,#9757,#9759,#9760,#9761,#9762,#9763));
#9765=FACE_OUTER_BOUND('',#9764,.F.);
#9767=CARTESIAN_POINT('',(-2.76E0,1.E-1,-3.920487715E0));
#9768=DIRECTION('',(0.E0,0.E0,-1.E0));
#9769=DIRECTION('',(0.E0,1.E0,0.E0));
#9770=AXIS2_PLACEMENT_3D('',#9767,#9768,#9769);
#9771=PLANE('',#9770);
#9772=ORIENTED_EDGE('',*,*,#9684,.F.);
#9774=ORIENTED_EDGE('',*,*,#9773,.T.);
#9775=ORIENTED_EDGE('',*,*,#9714,.T.);
#9776=ORIENTED_EDGE('',*,*,#9758,.F.);
#9777=EDGE_LOOP('',(#9772,#9774,#9775,#9776));
#9778=FACE_OUTER_BOUND('',#9777,.F.);
#9780=CARTESIAN_POINT('',(-2.76E0,3.E-2,-3.650487715E0));
#9781=DIRECTION('',(0.E0,-9.679968981658E-1,-2.509621587837E-1));
#9782=DIRECTION('',(0.E0,2.509621587837E-1,-9.679968981658E-1));
#9783=AXIS2_PLACEMENT_3D('',#9780,#9781,#9782);
#9784=PLANE('',#9783);
#9785=ORIENTED_EDGE('',*,*,#9682,.F.);
#9786=ORIENTED_EDGE('',*,*,#9700,.T.);
#9787=ORIENTED_EDGE('',*,*,#9716,.T.);
#9788=ORIENTED_EDGE('',*,*,#9773,.F.);
#9789=EDGE_LOOP('',(#9785,#9786,#9787,#9788));
#9790=FACE_OUTER_BOUND('',#9789,.F.);
#9794=CARTESIAN_POINT('',(-1.75E0,-3.512538095589E-1,-1.7645E0));
#9795=DIRECTION('',(0.E0,0.E0,1.E0));
#9796=DIRECTION('',(1.E0,0.E0,0.E0));
#9797=AXIS2_PLACEMENT_3D('',#9794,#9795,#9796);
#9798=CARTESIAN_POINT('',(-1.25E0,-3.512538095589E-1,-1.7645E0));
#9799=DIRECTION('',(0.E0,0.E0,1.E0));
#9800=DIRECTION('',(1.E0,0.E0,0.E0));
#9801=AXIS2_PLACEMENT_3D('',#9798,#9799,#9800);
#9802=CARTESIAN_POINT('',(-7.5E-1,-3.512538095589E-1,-1.7645E0));
#9803=DIRECTION('',(0.E0,0.E0,1.E0));
#9804=DIRECTION('',(1.E0,0.E0,0.E0));
#9805=AXIS2_PLACEMENT_3D('',#9802,#9803,#9804);
#9806=CARTESIAN_POINT('',(-2.5E-1,-3.512538095589E-1,-1.7645E0));
#9807=DIRECTION('',(0.E0,0.E0,1.E0));
#9808=DIRECTION('',(1.E0,0.E0,0.E0));
#9809=AXIS2_PLACEMENT_3D('',#9806,#9807,#9808);
#9810=CARTESIAN_POINT('',(2.5E-1,-3.512538095589E-1,-1.7645E0));
#9811=DIRECTION('',(0.E0,0.E0,1.E0));
#9812=DIRECTION('',(1.E0,0.E0,0.E0));
#9813=AXIS2_PLACEMENT_3D('',#9810,#9811,#9812);
#9814=CARTESIAN_POINT('',(7.5E-1,-3.512538095589E-1,-1.7645E0));
#9815=DIRECTION('',(0.E0,0.E0,1.E0));
#9816=DIRECTION('',(1.E0,0.E0,0.E0));
#9817=AXIS2_PLACEMENT_3D('',#9814,#9815,#9816);
#9818=CARTESIAN_POINT('',(1.25E0,-3.512538095589E-1,-1.7645E0));
#9819=DIRECTION('',(0.E0,0.E0,1.E0));
#9820=DIRECTION('',(1.E0,0.E0,0.E0));
#9821=AXIS2_PLACEMENT_3D('',#9818,#9819,#9820);
#9822=CARTESIAN_POINT('',(1.75E0,-3.512538095589E-1,-1.7645E0));
#9823=DIRECTION('',(0.E0,0.E0,1.E0));
#9824=DIRECTION('',(1.E0,0.E0,0.E0));
#9825=AXIS2_PLACEMENT_3D('',#9822,#9823,#9824);
#9828=PLANE_ANGLE_MEASURE_WITH_UNIT(PLANE_ANGLE_MEASURE(1.745329251994E-2),
#9827);
#9829=(CONVERSION_BASED_UNIT('DEGREE',#9828)NAMED_UNIT(*)PLANE_ANGLE_UNIT());
#9831=UNCERTAINTY_MEASURE_WITH_UNIT(LENGTH_MEASURE(1.E-3),#9826,
'distance_accuracy_value',
'Maximum model space distance between geometric entities at asserted connectivities');
#9834=APPLICATION_CONTEXT('automotive_design');
#9835=APPLICATION_PROTOCOL_DEFINITION('international standard',
'automotive_design',2001,#9834);
#9836=PRODUCT_DEFINITION_CONTEXT('part definition',#9834,'design');
#9837=PRODUCT_CONTEXT('',#9834,'mechanical');
#9838=PRODUCT('C-2495219-8','C-2495219-8','NOT SPECIFIED',(#9837));
#9839=PRODUCT_DEFINITION_FORMATION('1','LAST_VERSION',#9838);
#9847=DERIVED_UNIT_ELEMENT(#9846,2.E0);
#9848=DERIVED_UNIT((#9847));
#9849=MEASURE_REPRESENTATION_ITEM('surface area measure',AREA_MEASURE(
7.777916369297E1),#9848);
#9854=DERIVED_UNIT_ELEMENT(#9853,3.E0);
#9855=DERIVED_UNIT((#9854));
#9856=MEASURE_REPRESENTATION_ITEM('volume measure',VOLUME_MEASURE(
1.754080467168E1),#9855);
#9860=CARTESIAN_POINT('centre point',(7.172122790051E-13,2.464609014463E-2,
-1.983995924553E0));
#9865=DERIVED_UNIT_ELEMENT(#9864,2.E0);
#9866=DERIVED_UNIT((#9865));
#9867=MEASURE_REPRESENTATION_ITEM('surface area measure',AREA_MEASURE(
7.777916369297E1),#9866);
#9872=DERIVED_UNIT_ELEMENT(#9871,3.E0);
#9873=DERIVED_UNIT((#9872));
#9874=MEASURE_REPRESENTATION_ITEM('volume measure',VOLUME_MEASURE(
1.754080467168E1),#9873);
#9878=CARTESIAN_POINT('centre point',(7.172122790051E-13,2.464609014463E-2,
-1.983995924553E0));
#9883=PRODUCT_RELATED_PRODUCT_CATEGORY('part','',(#9838));
#1=DRAUGHTING_PRE_DEFINED_COLOUR('green');
#2=COLOUR_RGB('',1.1E-2,1.2E-2,1.E0);
#3=COLOUR_RGB('',4.1E-1,2.61589E-1,1.12848E-1);
#4=COLOUR_RGB('',5.04854E-1,1.5455E-2,1.5455E-2);
#5=COLOUR_RGB('',6.35294E-1,6.86275E-1,7.4902E-1);
#6=COLOUR_RGB('',6.40777E-1,6.40777E-1,6.40777E-1);
#7=COLOUR_RGB('',6.69062E-1,6.69903E-1,6.55217E-1);
#8=COLOUR_RGB('',9.21569E-1,7.05882E-1,4.70588E-1);
#9=DRAUGHTING_PRE_DEFINED_COLOUR('red');
#10=DRAUGHTING_PRE_DEFINED_COLOUR('yellow');
#11=COLOUR_RGB('',1.E0,1.E0,5.3E-1);
#12=COLOUR_RGB('',1.E0,1.E0,9.49E-1);
#13=DRAUGHTING_PRE_DEFINED_COLOUR('white');
#194=CIRCLE('',#193,5.E-2);
#203=CIRCLE('',#202,1.E-1);
#208=CIRCLE('',#207,1.5E-1);
#217=CIRCLE('',#216,5.E-2);
#222=CIRCLE('',#221,3.E-2);
#227=CIRCLE('',#226,5.E-2);
#236=CIRCLE('',#235,3.59E-1);
#241=CIRCLE('',#240,4.E-2);
#254=CIRCLE('',#253,5.E-2);
#259=CIRCLE('',#258,3.E-2);
#524=CIRCLE('',#523,5.E-2);
#529=CIRCLE('',#528,5.E-2);
#570=CIRCLE('',#569,5.E-2);
#575=CIRCLE('',#574,3.59E-1);
#584=CIRCLE('',#583,5.E-2);
#589=CIRCLE('',#588,3.E-2);
#594=CIRCLE('',#593,5.E-2);
#603=CIRCLE('',#602,1.5E-1);
#608=CIRCLE('',#607,1.E-1);
#617=CIRCLE('',#616,4.E-2);
#630=CIRCLE('',#629,3.E-2);
#635=CIRCLE('',#634,5.E-2);
#896=CIRCLE('',#895,5.E-2);
#905=CIRCLE('',#904,1.E-1);
#910=CIRCLE('',#909,1.5E-1);
#919=CIRCLE('',#918,5.E-2);
#924=CIRCLE('',#923,3.E-2);
#929=CIRCLE('',#928,5.E-2);
#938=CIRCLE('',#937,3.59E-1);
#943=CIRCLE('',#942,4.E-2);
#956=CIRCLE('',#955,5.E-2);
#961=CIRCLE('',#960,3.E-2);
#978=CIRCLE('',#977,5.E-2);
#983=CIRCLE('',#982,3.59E-1);
#992=CIRCLE('',#991,5.E-2);
#997=CIRCLE('',#996,3.E-2);
#1002=CIRCLE('',#1001,5.E-2);
#1011=CIRCLE('',#1010,1.5E-1);
#1016=CIRCLE('',#1015,1.E-1);
#1025=CIRCLE('',#1024,4.E-2);
#1038=CIRCLE('',#1037,3.E-2);
#1043=CIRCLE('',#1042,5.E-2);
#1056=CIRCLE('',#1055,5.E-2);
#1061=CIRCLE('',#1060,5.E-2);
#1126=CIRCLE('',#1125,3.59E-1);
#1135=CIRCLE('',#1134,5.E-2);
#1140=CIRCLE('',#1139,3.E-2);
#1145=CIRCLE('',#1144,5.E-2);
#1154=CIRCLE('',#1153,1.5E-1);
#1159=CIRCLE('',#1158,1.E-1);
#1168=CIRCLE('',#1167,5.E-2);
#1181=CIRCLE('',#1180,3.E-2);
#1186=CIRCLE('',#1185,5.E-2);
#1199=CIRCLE('',#1198,4.E-2);
#1204=CIRCLE('',#1203,5.E-2);
#1213=CIRCLE('',#1212,1.E-1);
#1218=CIRCLE('',#1217,1.5E-1);
#1227=CIRCLE('',#1226,5.E-2);
#1232=CIRCLE('',#1231,3.E-2);
#1237=CIRCLE('',#1236,5.E-2);
#1246=CIRCLE('',#1245,3.59E-1);
#1251=CIRCLE('',#1250,4.E-2);
#1264=CIRCLE('',#1263,5.E-2);
#1269=CIRCLE('',#1268,3.E-2);
#1318=CIRCLE('',#1317,5.E-2);
#1323=CIRCLE('',#1322,5.E-2);
#1356=CIRCLE('',#1355,5.E-2);
#1365=CIRCLE('',#1364,1.E-1);
#1370=CIRCLE('',#1369,1.5E-1);
#1379=CIRCLE('',#1378,5.E-2);
#1384=CIRCLE('',#1383,3.E-2);
#1389=CIRCLE('',#1388,5.E-2);
#1398=CIRCLE('',#1397,3.59E-1);
#1403=CIRCLE('',#1402,4.E-2);
#1416=CIRCLE('',#1415,5.E-2);
#1421=CIRCLE('',#1420,3.E-2);
#1438=CIRCLE('',#1437,5.E-2);
#1443=CIRCLE('',#1442,3.59E-1);
#1452=CIRCLE('',#1451,5.E-2);
#1457=CIRCLE('',#1456,3.E-2);
#1462=CIRCLE('',#1461,5.E-2);
#1471=CIRCLE('',#1470,1.5E-1);
#1476=CIRCLE('',#1475,1.E-1);
#1485=CIRCLE('',#1484,4.E-2);
#1498=CIRCLE('',#1497,3.E-2);
#1503=CIRCLE('',#1502,5.E-2);
#1516=CIRCLE('',#1515,5.E-2);
#1521=CIRCLE('',#1520,5.E-2);
#1586=CIRCLE('',#1585,5.E-2);
#1595=CIRCLE('',#1594,1.E-1);
#1600=CIRCLE('',#1599,1.5E-1);
#1609=CIRCLE('',#1608,5.E-2);
#1614=CIRCLE('',#1613,3.E-2);
#1619=CIRCLE('',#1618,5.E-2);
#1628=CIRCLE('',#1627,3.59E-1);
#1633=CIRCLE('',#1632,4.E-2);
#1646=CIRCLE('',#1645,5.E-2);
#1651=CIRCLE('',#1650,3.E-2);
#1668=CIRCLE('',#1667,5.E-2);
#1673=CIRCLE('',#1672,3.59E-1);
#1682=CIRCLE('',#1681,5.E-2);
#1687=CIRCLE('',#1686,3.E-2);
#1692=CIRCLE('',#1691,5.E-2);
#1701=CIRCLE('',#1700,1.5E-1);
#1706=CIRCLE('',#1705,1.E-1);
#1715=CIRCLE('',#1714,4.E-2);
#1728=CIRCLE('',#1727,3.E-2);
#1733=CIRCLE('',#1732,5.E-2);
#1746=CIRCLE('',#1745,5.E-2);
#1751=CIRCLE('',#1750,5.E-2);
#1816=CIRCLE('',#1815,5.E-2);
#1825=CIRCLE('',#1824,1.E-1);
#1830=CIRCLE('',#1829,1.5E-1);
#1839=CIRCLE('',#1838,5.E-2);
#1844=CIRCLE('',#1843,3.E-2);
#1849=CIRCLE('',#1848,5.E-2);
#1858=CIRCLE('',#1857,3.59E-1);
#1863=CIRCLE('',#1862,4.E-2);
#1876=CIRCLE('',#1875,5.E-2);
#1881=CIRCLE('',#1880,3.E-2);
#1898=CIRCLE('',#1897,5.E-2);
#1903=CIRCLE('',#1902,3.59E-1);
#1912=CIRCLE('',#1911,5.E-2);
#1917=CIRCLE('',#1916,3.E-2);
#1922=CIRCLE('',#1921,5.E-2);
#1931=CIRCLE('',#1930,1.5E-1);
#1936=CIRCLE('',#1935,1.E-1);
#1945=CIRCLE('',#1944,4.E-2);
#1958=CIRCLE('',#1957,3.E-2);
#1963=CIRCLE('',#1962,5.E-2);
#1976=CIRCLE('',#1975,5.E-2);
#1981=CIRCLE('',#1980,5.E-2);
#2046=CIRCLE('',#2045,5.E-2);
#2055=CIRCLE('',#2054,1.E-1);
#2060=CIRCLE('',#2059,1.5E-1);
#2069=CIRCLE('',#2068,5.E-2);
#2074=CIRCLE('',#2073,3.E-2);
#2079=CIRCLE('',#2078,5.E-2);
#2088=CIRCLE('',#2087,3.59E-1);
#2093=CIRCLE('',#2092,4.E-2);
#2106=CIRCLE('',#2105,5.E-2);
#2111=CIRCLE('',#2110,3.E-2);
#2128=CIRCLE('',#2127,5.E-2);
#2133=CIRCLE('',#2132,3.59E-1);
#2142=CIRCLE('',#2141,5.E-2);
#2147=CIRCLE('',#2146,3.E-2);
#2152=CIRCLE('',#2151,5.E-2);
#2161=CIRCLE('',#2160,1.5E-1);
#2166=CIRCLE('',#2165,1.E-1);
#2175=CIRCLE('',#2174,4.E-2);
#2188=CIRCLE('',#2187,3.E-2);
#2193=CIRCLE('',#2192,5.E-2);
#2206=CIRCLE('',#2205,5.E-2);
#2211=CIRCLE('',#2210,5.E-2);
#2276=CIRCLE('',#2275,5.E-2);
#2285=CIRCLE('',#2284,1.E-1);
#2290=CIRCLE('',#2289,1.5E-1);
#2299=CIRCLE('',#2298,5.E-2);
#2304=CIRCLE('',#2303,3.E-2);
#2309=CIRCLE('',#2308,5.E-2);
#2318=CIRCLE('',#2317,3.59E-1);
#2323=CIRCLE('',#2322,4.E-2);
#2336=CIRCLE('',#2335,5.E-2);
#2341=CIRCLE('',#2340,3.E-2);
#2358=CIRCLE('',#2357,5.E-2);
#2363=CIRCLE('',#2362,3.59E-1);
#2372=CIRCLE('',#2371,5.E-2);
#2377=CIRCLE('',#2376,3.E-2);
#2382=CIRCLE('',#2381,5.E-2);
#2391=CIRCLE('',#2390,1.5E-1);
#2396=CIRCLE('',#2395,1.E-1);
#2405=CIRCLE('',#2404,4.E-2);
#2418=CIRCLE('',#2417,3.E-2);
#2423=CIRCLE('',#2422,5.E-2);
#2436=CIRCLE('',#2435,5.E-2);
#2441=CIRCLE('',#2440,5.E-2);
#2530=CIRCLE('',#2529,5.E-2);
#2539=CIRCLE('',#2538,5.E-2);
#2548=CIRCLE('',#2547,5.E-2);
#2557=CIRCLE('',#2556,5.E-2);
#2570=CIRCLE('',#2569,5.E-2);
#2591=CIRCLE('',#2590,5.E-2);
#2596=CIRCLE('',#2595,5.E-2);
#2601=CIRCLE('',#2600,5.E-2);
#2610=CIRCLE('',#2609,5.E-2);
#2619=CIRCLE('',#2618,5.E-2);
#2636=CIRCLE('',#2635,5.E-2);
#2657=CIRCLE('',#2656,5.E-2);
#2666=CIRCLE('',#2665,5.E-2);
#2795=CIRCLE('',#2794,5.E-2);
#2804=CIRCLE('',#2803,5.E-2);
#2813=CIRCLE('',#2812,5.E-2);
#2822=CIRCLE('',#2821,5.E-2);
#2835=CIRCLE('',#2834,5.E-2);
#2856=CIRCLE('',#2855,5.E-2);
#2881=CIRCLE('',#2880,5.E-2);
#2902=CIRCLE('',#2901,5.E-2);
#2915=CIRCLE('',#2914,5.E-2);
#2924=CIRCLE('',#2923,5.E-2);
#2933=CIRCLE('',#2932,5.E-2);
#2942=CIRCLE('',#2941,5.E-2);
#2975=CIRCLE('',#2974,5.E-2);
#3200=CIRCLE('',#3199,3.32E-1);
#3205=CIRCLE('',#3204,2.E-2);
#3214=CIRCLE('',#3213,5.E-2);
#3223=CIRCLE('',#3222,5.E-2);
#3232=CIRCLE('',#3231,2.E-2);
#3237=CIRCLE('',#3236,3.32E-1);
#3250=CIRCLE('',#3249,3.32E-1);
#3255=CIRCLE('',#3254,2.E-2);
#3264=CIRCLE('',#3263,5.E-2);
#3273=CIRCLE('',#3272,3.32E-1);
#3278=CIRCLE('',#3277,5.E-2);
#3287=CIRCLE('',#3286,2.E-2);
#3300=CIRCLE('',#3299,3.32E-1);
#3305=CIRCLE('',#3304,2.E-2);
#3314=CIRCLE('',#3313,5.E-2);
#3323=CIRCLE('',#3322,3.32E-1);
#3328=CIRCLE('',#3327,5.E-2);
#3337=CIRCLE('',#3336,2.E-2);
#3350=CIRCLE('',#3349,3.32E-1);
#3355=CIRCLE('',#3354,2.E-2);
#3364=CIRCLE('',#3363,5.E-2);
#3373=CIRCLE('',#3372,3.32E-1);
#3378=CIRCLE('',#3377,5.E-2);
#3387=CIRCLE('',#3386,2.E-2);
#3400=CIRCLE('',#3399,3.32E-1);
#3405=CIRCLE('',#3404,2.E-2);
#3414=CIRCLE('',#3413,5.E-2);
#3423=CIRCLE('',#3422,3.32E-1);
#3428=CIRCLE('',#3427,5.E-2);
#3437=CIRCLE('',#3436,2.E-2);
#3450=CIRCLE('',#3449,3.32E-1);
#3455=CIRCLE('',#3454,2.E-2);
#3464=CIRCLE('',#3463,5.E-2);
#3473=CIRCLE('',#3472,3.32E-1);
#3478=CIRCLE('',#3477,5.E-2);
#3487=CIRCLE('',#3486,2.E-2);
#3500=CIRCLE('',#3499,3.32E-1);
#3505=CIRCLE('',#3504,2.E-2);
#3514=CIRCLE('',#3513,5.E-2);
#3523=CIRCLE('',#3522,3.32E-1);
#3528=CIRCLE('',#3527,5.E-2);
#3537=CIRCLE('',#3536,2.E-2);
#3550=CIRCLE('',#3549,3.32E-1);
#3555=CIRCLE('',#3554,2.E-2);
#3564=CIRCLE('',#3563,5.E-2);
#3573=CIRCLE('',#3572,3.32E-1);
#3578=CIRCLE('',#3577,5.E-2);
#3587=CIRCLE('',#3586,2.E-2);
#4829=EDGE_CURVE('',#4813,#4769,#17,.T.);
#4831=EDGE_CURVE('',#4813,#4803,#21,.T.);
#4833=EDGE_CURVE('',#4803,#4677,#25,.T.);
#4835=EDGE_CURVE('',#4677,#4669,#29,.T.);
#4837=EDGE_CURVE('',#4801,#4669,#33,.T.);
#4839=EDGE_CURVE('',#4801,#4591,#37,.T.);
#4841=EDGE_CURVE('',#4591,#4553,#41,.T.);
#4843=EDGE_CURVE('',#4553,#4545,#45,.T.);
#4845=EDGE_CURVE('',#4589,#4545,#49,.T.);
#4847=EDGE_CURVE('',#4589,#4579,#53,.T.);
#4849=EDGE_CURVE('',#4579,#4453,#57,.T.);
#4851=EDGE_CURVE('',#4453,#4445,#61,.T.);
#4853=EDGE_CURVE('',#4577,#4445,#65,.T.);
#4855=EDGE_CURVE('',#4577,#4367,#69,.T.);
#4857=EDGE_CURVE('',#4367,#4317,#73,.T.);
#4859=EDGE_CURVE('',#4317,#4309,#77,.T.);
#4861=EDGE_CURVE('',#4365,#4309,#81,.T.);
#4863=EDGE_CURVE('',#4365,#4355,#85,.T.);
#4865=EDGE_CURVE('',#4355,#4217,#89,.T.);
#4867=EDGE_CURVE('',#4217,#4209,#93,.T.);
#4869=EDGE_CURVE('',#4353,#4209,#97,.T.);
#4871=EDGE_CURVE('',#4353,#4343,#101,.T.);
#4873=EDGE_CURVE('',#4343,#4117,#105,.T.);
#4875=EDGE_CURVE('',#4117,#4109,#109,.T.);
#4877=EDGE_CURVE('',#4341,#4109,#113,.T.);
#4879=EDGE_CURVE('',#4341,#4006,#117,.T.);
#4881=EDGE_CURVE('',#4006,#4007,#121,.T.);
#4883=EDGE_CURVE('',#4007,#4003,#125,.T.);
#4885=EDGE_CURVE('',#4002,#4003,#129,.T.);
#4887=EDGE_CURVE('',#4002,#3690,#133,.T.);
#4889=EDGE_CURVE('',#3690,#3691,#137,.T.);
#4891=EDGE_CURVE('',#3691,#3693,#141,.T.);
#4893=EDGE_CURVE('',#3693,#3845,#145,.T.);
#4895=EDGE_CURVE('',#3845,#3848,#149,.T.);
#4897=EDGE_CURVE('',#3848,#3696,#153,.T.);
#4899=EDGE_CURVE('',#3696,#3697,#157,.T.);
#4901=EDGE_CURVE('',#3697,#3899,#161,.T.);
#4903=EDGE_CURVE('',#3897,#3899,#165,.T.);
#4905=EDGE_CURVE('',#3897,#3700,#169,.T.);
#4907=EDGE_CURVE('',#3700,#3701,#173,.T.);
#4909=EDGE_CURVE('',#3701,#3703,#177,.T.);
#4911=EDGE_CURVE('',#3703,#4815,#181,.T.);
#4913=EDGE_CURVE('',#4815,#4777,#185,.T.);
#4915=EDGE_CURVE('',#4777,#4769,#189,.T.);
#4919=ADVANCED_FACE('',(#4918),#4828,.F.);
#4925=EDGE_CURVE('',#4703,#4765,#194,.T.);
#4927=EDGE_CURVE('',#4702,#4703,#198,.T.);
#4929=EDGE_CURVE('',#4717,#4702,#203,.T.);
#4931=EDGE_CURVE('',#4715,#4717,#208,.T.);
#4933=EDGE_CURVE('',#4713,#4715,#212,.T.);
#4935=EDGE_CURVE('',#4711,#4713,#217,.T.);
#4937=EDGE_CURVE('',#4709,#4711,#222,.T.);
#4939=EDGE_CURVE('',#4707,#4709,#227,.T.);
#4941=EDGE_CURVE('',#4706,#4707,#231,.T.);
#4943=EDGE_CURVE('',#4762,#4706,#524,.T.);
#4945=EDGE_CURVE('',#4767,#4762,#236,.T.);
#4947=EDGE_CURVE('',#4821,#4767,#419,.T.);
#4949=EDGE_CURVE('',#4821,#4765,#275,.T.);
#4953=ADVANCED_FACE('',(#4952),#4924,.T.);
#4959=EDGE_CURVE('',#4729,#4769,#241,.T.);
#4961=EDGE_CURVE('',#4727,#4729,#245,.T.);
#4963=EDGE_CURVE('',#4725,#4727,#249,.T.);
#4965=EDGE_CURVE('',#4723,#4725,#254,.T.);
#4967=EDGE_CURVE('',#4721,#4723,#259,.T.);
#4969=EDGE_CURVE('',#4720,#4721,#263,.T.);
#4971=EDGE_CURVE('',#4771,#4720,#267,.T.);
#4973=EDGE_CURVE('',#4817,#4771,#671,.T.);
#4975=EDGE_CURVE('',#4813,#4817,#855,.T.);
#4980=ADVANCED_FACE('',(#4979),#4958,.T.);
#4987=EDGE_CURVE('',#4773,#4765,#415,.T.);
#4989=EDGE_CURVE('',#4733,#4773,#570,.T.);
#4991=EDGE_CURVE('',#4703,#4733,#271,.T.);
#4995=ADVANCED_FACE('',(#4994),#4985,.F.);
#5002=EDGE_CURVE('',#4811,#4821,#279,.T.);
#5004=EDGE_CURVE('',#4811,#4673,#283,.T.);
#5006=EDGE_CURVE('',#4673,#4665,#287,.T.);
#5008=EDGE_CURVE('',#4809,#4665,#291,.T.);
#5010=EDGE_CURVE('',#4599,#4809,#295,.T.);
#5012=EDGE_CURVE('',#4599,#4549,#299,.T.);
#5014=EDGE_CURVE('',#4549,#4541,#303,.T.);
#5016=EDGE_CURVE('',#4597,#4541,#307,.T.);
#5018=EDGE_CURVE('',#4587,#4597,#311,.T.);
#5020=EDGE_CURVE('',#4587,#4449,#315,.T.);
#5022=EDGE_CURVE('',#4449,#4441,#319,.T.);
#5024=EDGE_CURVE('',#4585,#4441,#323,.T.);
#5026=EDGE_CURVE('',#4375,#4585,#327,.T.);
#5028=EDGE_CURVE('',#4375,#4313,#331,.T.);
#5030=EDGE_CURVE('',#4313,#4305,#335,.T.);
#5032=EDGE_CURVE('',#4373,#4305,#339,.T.);
#5034=EDGE_CURVE('',#4363,#4373,#343,.T.);
#5036=EDGE_CURVE('',#4363,#4213,#347,.T.);
#5038=EDGE_CURVE('',#4213,#4205,#351,.T.);
#5040=EDGE_CURVE('',#4361,#4205,#355,.T.);
#5042=EDGE_CURVE('',#4351,#4361,#359,.T.);
#5044=EDGE_CURVE('',#4351,#4113,#363,.T.);
#5046=EDGE_CURVE('',#4113,#4105,#367,.T.);
#5048=EDGE_CURVE('',#4349,#4105,#371,.T.);
#5050=EDGE_CURVE('',#3934,#4349,#375,.T.);
#5052=EDGE_CURVE('',#3934,#4015,#379,.T.);
#5054=EDGE_CURVE('',#4015,#4013,#383,.T.);
#5056=EDGE_CURVE('',#3930,#4013,#387,.T.);
#5058=EDGE_CURVE('',#3723,#3930,#391,.T.);
#5060=EDGE_CURVE('',#3722,#3723,#395,.T.);
#5062=EDGE_CURVE('',#3727,#3722,#399,.T.);
#5064=EDGE_CURVE('',#3726,#3727,#403,.T.);
#5066=EDGE_CURVE('',#4823,#3726,#407,.T.);
#5068=EDGE_CURVE('',#4823,#4773,#411,.T.);
#5073=ADVANCED_FACE('',(#5072),#5000,.T.);
#5080=EDGE_CURVE('',#4775,#4767,#423,.T.);
#5082=EDGE_CURVE('',#4823,#4775,#427,.T.);
#5085=EDGE_CURVE('',#3740,#3726,#3031,.T.);
#5087=EDGE_CURVE('',#3740,#3741,#431,.T.);
#5089=EDGE_CURVE('',#3741,#3723,#435,.T.);
#5092=EDGE_CURVE('',#3930,#3931,#439,.T.);
#5094=EDGE_CURVE('',#3935,#3931,#443,.T.);
#5096=EDGE_CURVE('',#3934,#3935,#447,.T.);
#5099=EDGE_CURVE('',#4349,#4107,#451,.T.);
#5101=EDGE_CURVE('',#4115,#4107,#455,.T.);
#5103=EDGE_CURVE('',#4351,#4115,#459,.T.);
#5106=EDGE_CURVE('',#4361,#4207,#463,.T.);
#5108=EDGE_CURVE('',#4215,#4207,#467,.T.);
#5110=EDGE_CURVE('',#4363,#4215,#471,.T.);
#5113=EDGE_CURVE('',#4373,#4307,#475,.T.);
#5115=EDGE_CURVE('',#4315,#4307,#479,.T.);
#5117=EDGE_CURVE('',#4375,#4315,#483,.T.);
#5120=EDGE_CURVE('',#4585,#4443,#487,.T.);
#5122=EDGE_CURVE('',#4451,#4443,#491,.T.);
#5124=EDGE_CURVE('',#4587,#4451,#495,.T.);
#5127=EDGE_CURVE('',#4597,#4543,#499,.T.);
#5129=EDGE_CURVE('',#4551,#4543,#503,.T.);
#5131=EDGE_CURVE('',#4599,#4551,#507,.T.);
#5134=EDGE_CURVE('',#4809,#4667,#511,.T.);
#5136=EDGE_CURVE('',#4675,#4667,#515,.T.);
#5138=EDGE_CURVE('',#4811,#4675,#519,.T.);
#5143=ADVANCED_FACE('',(#5142),#5078,.F.);
#5150=EDGE_CURVE('',#4762,#4763,#533,.T.);
#5152=EDGE_CURVE('',#4775,#4763,#575,.T.);
#5157=ADVANCED_FACE('',(#5156),#5148,.T.);
#5164=EDGE_CURVE('',#4706,#4736,#537,.T.);
#5166=EDGE_CURVE('',#4736,#4763,#529,.T.);
#5171=ADVANCED_FACE('',(#5170),#5162,.F.);
#5178=EDGE_CURVE('',#4707,#4737,#541,.T.);
#5180=EDGE_CURVE('',#4736,#4737,#579,.T.);
#5185=ADVANCED_FACE('',(#5184),#5176,.T.);
#5192=EDGE_CURVE('',#4709,#4739,#545,.T.);
#5194=EDGE_CURVE('',#4737,#4739,#584,.T.);
#5199=ADVANCED_FACE('',(#5198),#5190,.F.);
#5206=EDGE_CURVE('',#4711,#4741,#549,.T.);
#5208=EDGE_CURVE('',#4739,#4741,#589,.T.);
#5213=ADVANCED_FACE('',(#5212),#5204,.T.);
#5220=EDGE_CURVE('',#4713,#4743,#553,.T.);
#5222=EDGE_CURVE('',#4741,#4743,#594,.T.);
#5227=ADVANCED_FACE('',(#5226),#5218,.F.);
#5234=EDGE_CURVE('',#4715,#4745,#557,.T.);
#5236=EDGE_CURVE('',#4743,#4745,#598,.T.);
#5241=ADVANCED_FACE('',(#5240),#5232,.T.);
#5248=EDGE_CURVE('',#4717,#4747,#561,.T.);
#5250=EDGE_CURVE('',#4745,#4747,#603,.T.);
#5255=ADVANCED_FACE('',(#5254),#5246,.F.);
#5262=EDGE_CURVE('',#4702,#4732,#565,.T.);
#5264=EDGE_CURVE('',#4747,#4732,#608,.T.);
#5269=ADVANCED_FACE('',(#5268),#5260,.T.);
#5277=EDGE_CURVE('',#4732,#4733,#612,.T.);
#5282=ADVANCED_FACE('',(#5281),#5274,.T.);
#5303=ADVANCED_FACE('',(#5302),#5287,.F.);
#5309=EDGE_CURVE('',#4759,#4777,#617,.T.);
#5312=EDGE_CURVE('',#4815,#4819,#867,.T.);
#5314=EDGE_CURVE('',#4819,#4779,#679,.T.);
#5316=EDGE_CURVE('',#4779,#4750,#621,.T.);
#5318=EDGE_CURVE('',#4750,#4751,#625,.T.);
#5320=EDGE_CURVE('',#4751,#4753,#630,.T.);
#5322=EDGE_CURVE('',#4753,#4755,#635,.T.);
#5324=EDGE_CURVE('',#4755,#4757,#639,.T.);
#5326=EDGE_CURVE('',#4757,#4759,#643,.T.);
#5330=ADVANCED_FACE('',(#5329),#5308,.F.);
#5339=EDGE_CURVE('',#4729,#4759,#647,.T.);
#5343=ADVANCED_FACE('',(#5342),#5335,.T.);
#5352=EDGE_CURVE('',#4727,#4757,#651,.T.);
#5356=ADVANCED_FACE('',(#5355),#5348,.T.);
#5365=EDGE_CURVE('',#4725,#4755,#655,.T.);
#5369=ADVANCED_FACE('',(#5368),#5361,.T.);
#5378=EDGE_CURVE('',#4723,#4753,#659,.T.);
#5382=ADVANCED_FACE('',(#5381),#5374,.T.);
#5391=EDGE_CURVE('',#4721,#4751,#663,.T.);
#5395=ADVANCED_FACE('',(#5394),#5387,.F.);
#5404=EDGE_CURVE('',#4720,#4750,#667,.T.);
#5408=ADVANCED_FACE('',(#5407),#5400,.T.);
#5417=EDGE_CURVE('',#4779,#4771,#675,.T.);
#5421=ADVANCED_FACE('',(#5420),#5413,.T.);
#5430=EDGE_CURVE('',#4819,#3779,#891,.T.);
#5432=EDGE_CURVE('',#3779,#3777,#683,.T.);
#5434=EDGE_CURVE('',#3776,#3777,#687,.T.);
#5436=EDGE_CURVE('',#3776,#3762,#3655,.T.);
#5438=EDGE_CURVE('',#3754,#3762,#3631,.T.);
#5440=EDGE_CURVE('',#3773,#3754,#3611,.T.);
#5442=EDGE_CURVE('',#3773,#3771,#691,.T.);
#5444=EDGE_CURVE('',#3770,#3771,#695,.T.);
#5446=EDGE_CURVE('',#3770,#4009,#879,.T.);
#5448=EDGE_CURVE('',#4009,#4017,#699,.T.);
#5450=EDGE_CURVE('',#4019,#4017,#703,.T.);
#5452=EDGE_CURVE('',#4011,#4019,#707,.T.);
#5454=EDGE_CURVE('',#4011,#4345,#787,.T.);
#5456=EDGE_CURVE('',#4345,#4111,#711,.T.);
#5458=EDGE_CURVE('',#4119,#4111,#715,.T.);
#5460=EDGE_CURVE('',#4347,#4119,#719,.T.);
#5462=EDGE_CURVE('',#4347,#4357,#799,.T.);
#5464=EDGE_CURVE('',#4357,#4211,#723,.T.);
#5466=EDGE_CURVE('',#4219,#4211,#727,.T.);
#5468=EDGE_CURVE('',#4359,#4219,#731,.T.);
#5470=EDGE_CURVE('',#4359,#4369,#811,.T.);
#5472=EDGE_CURVE('',#4369,#4311,#735,.T.);
#5474=EDGE_CURVE('',#4319,#4311,#739,.T.);
#5476=EDGE_CURVE('',#4371,#4319,#743,.T.);
#5478=EDGE_CURVE('',#4371,#4581,#823,.T.);
#5480=EDGE_CURVE('',#4581,#4447,#747,.T.);
#5482=EDGE_CURVE('',#4455,#4447,#751,.T.);
#5484=EDGE_CURVE('',#4583,#4455,#755,.T.);
#5486=EDGE_CURVE('',#4583,#4593,#835,.T.);
#5488=EDGE_CURVE('',#4593,#4547,#759,.T.);
#5490=EDGE_CURVE('',#4555,#4547,#763,.T.);
#5492=EDGE_CURVE('',#4595,#4555,#767,.T.);
#5494=EDGE_CURVE('',#4595,#4805,#847,.T.);
#5496=EDGE_CURVE('',#4805,#4671,#771,.T.);
#5498=EDGE_CURVE('',#4679,#4671,#775,.T.);
#5500=EDGE_CURVE('',#4807,#4679,#779,.T.);
#5502=EDGE_CURVE('',#4807,#4817,#859,.T.);
#5506=ADVANCED_FACE('',(#5505),#5426,.T.);
#5512=EDGE_CURVE('',#4341,#4345,#783,.T.);
#5515=EDGE_CURVE('',#4006,#4011,#791,.T.);
#5520=ADVANCED_FACE('',(#5519),#5511,.T.);
#5526=EDGE_CURVE('',#4353,#4357,#795,.T.);
#5529=EDGE_CURVE('',#4343,#4347,#803,.T.);
#5534=ADVANCED_FACE('',(#5533),#5525,.T.);
#5540=EDGE_CURVE('',#4365,#4369,#807,.T.);
#5543=EDGE_CURVE('',#4355,#4359,#815,.T.);
#5548=ADVANCED_FACE('',(#5547),#5539,.T.);
#5554=EDGE_CURVE('',#4577,#4581,#819,.T.);
#5557=EDGE_CURVE('',#4367,#4371,#827,.T.);
#5562=ADVANCED_FACE('',(#5561),#5553,.T.);
#5568=EDGE_CURVE('',#4589,#4593,#831,.T.);
#5571=EDGE_CURVE('',#4579,#4583,#839,.T.);
#5576=ADVANCED_FACE('',(#5575),#5567,.T.);
#5582=EDGE_CURVE('',#4801,#4805,#843,.T.);
#5585=EDGE_CURVE('',#4591,#4595,#851,.T.);
#5590=ADVANCED_FACE('',(#5589),#5581,.T.);
#5598=EDGE_CURVE('',#4803,#4807,#863,.T.);
#5603=ADVANCED_FACE('',(#5602),#5595,.T.);
#5611=EDGE_CURVE('',#3703,#3719,#871,.T.);
#5613=EDGE_CURVE('',#3719,#3706,#2766,.T.);
#5615=EDGE_CURVE('',#3690,#3706,#3015,.T.);
#5618=EDGE_CURVE('',#4002,#4009,#875,.T.);
#5621=EDGE_CURVE('',#3782,#3770,#3599,.T.);
#5623=EDGE_CURVE('',#3782,#3791,#883,.T.);
#5625=EDGE_CURVE('',#3791,#3779,#887,.T.);
#5630=ADVANCED_FACE('',(#5629),#5608,.T.);
#5636=EDGE_CURVE('',#4043,#4105,#896,.T.);
#5638=EDGE_CURVE('',#4042,#4043,#900,.T.);
#5640=EDGE_CURVE('',#4057,#4042,#905,.T.);
#5642=EDGE_CURVE('',#4055,#4057,#910,.T.);
#5644=EDGE_CURVE('',#4053,#4055,#914,.T.);
#5646=EDGE_CURVE('',#4051,#4053,#919,.T.);
#5648=EDGE_CURVE('',#4049,#4051,#924,.T.);
#5650=EDGE_CURVE('',#4047,#4049,#929,.T.);
#5652=EDGE_CURVE('',#4046,#4047,#933,.T.);
#5654=EDGE_CURVE('',#4102,#4046,#1056,.T.);
#5656=EDGE_CURVE('',#4107,#4102,#938,.T.);
#5662=ADVANCED_FACE('',(#5661),#5635,.T.);
#5668=EDGE_CURVE('',#4069,#4109,#943,.T.);
#5670=EDGE_CURVE('',#4067,#4069,#947,.T.);
#5672=EDGE_CURVE('',#4065,#4067,#951,.T.);
#5674=EDGE_CURVE('',#4063,#4065,#956,.T.);
#5676=EDGE_CURVE('',#4061,#4063,#961,.T.);
#5678=EDGE_CURVE('',#4060,#4061,#965,.T.);
#5680=EDGE_CURVE('',#4111,#4060,#969,.T.);
#5687=ADVANCED_FACE('',(#5686),#5667,.T.);
#5695=EDGE_CURVE('',#4073,#4113,#978,.T.);
#5697=EDGE_CURVE('',#4043,#4073,#973,.T.);
#5701=ADVANCED_FACE('',(#5700),#5692,.F.);
#5710=EDGE_CURVE('',#4115,#4103,#983,.T.);
#5712=EDGE_CURVE('',#4076,#4103,#1061,.T.);
#5714=EDGE_CURVE('',#4076,#4077,#987,.T.);
#5716=EDGE_CURVE('',#4077,#4079,#992,.T.);
#5718=EDGE_CURVE('',#4079,#4081,#997,.T.);
#5720=EDGE_CURVE('',#4081,#4083,#1002,.T.);
#5722=EDGE_CURVE('',#4083,#4085,#1006,.T.);
#5724=EDGE_CURVE('',#4085,#4087,#1011,.T.);
#5726=EDGE_CURVE('',#4087,#4072,#1016,.T.);
#5728=EDGE_CURVE('',#4072,#4073,#1020,.T.);
#5732=ADVANCED_FACE('',(#5731),#5706,.F.);
#5738=EDGE_CURVE('',#4099,#4117,#1025,.T.);
#5743=EDGE_CURVE('',#4119,#4090,#1029,.T.);
#5745=EDGE_CURVE('',#4090,#4091,#1033,.T.);
#5747=EDGE_CURVE('',#4091,#4093,#1038,.T.);
#5749=EDGE_CURVE('',#4093,#4095,#1043,.T.);
#5751=EDGE_CURVE('',#4095,#4097,#1047,.T.);
#5753=EDGE_CURVE('',#4097,#4099,#1051,.T.);
#5757=ADVANCED_FACE('',(#5756),#5737,.F.);
#5764=EDGE_CURVE('',#4102,#4103,#1065,.T.);
#5770=ADVANCED_FACE('',(#5769),#5762,.T.);
#5777=EDGE_CURVE('',#4046,#4076,#1069,.T.);
#5783=ADVANCED_FACE('',(#5782),#5775,.F.);
#5790=EDGE_CURVE('',#4047,#4077,#1073,.T.);
#5796=ADVANCED_FACE('',(#5795),#5788,.T.);
#5803=EDGE_CURVE('',#4049,#4079,#1077,.T.);
#5809=ADVANCED_FACE('',(#5808),#5801,.F.);
#5816=EDGE_CURVE('',#4051,#4081,#1081,.T.);
#5822=ADVANCED_FACE('',(#5821),#5814,.T.);
#5829=EDGE_CURVE('',#4053,#4083,#1085,.T.);
#5835=ADVANCED_FACE('',(#5834),#5827,.F.);
#5842=EDGE_CURVE('',#4055,#4085,#1089,.T.);
#5848=ADVANCED_FACE('',(#5847),#5840,.T.);
#5855=EDGE_CURVE('',#4057,#4087,#1093,.T.);
#5861=ADVANCED_FACE('',(#5860),#5853,.F.);
#5868=EDGE_CURVE('',#4042,#4072,#1097,.T.);
#5874=ADVANCED_FACE('',(#5873),#5866,.T.);
#5886=ADVANCED_FACE('',(#5885),#5879,.T.);
#5895=EDGE_CURVE('',#4069,#4099,#1101,.T.);
#5899=ADVANCED_FACE('',(#5898),#5891,.T.);
#5908=EDGE_CURVE('',#4067,#4097,#1105,.T.);
#5912=ADVANCED_FACE('',(#5911),#5904,.T.);
#5921=EDGE_CURVE('',#4065,#4095,#1109,.T.);
#5925=ADVANCED_FACE('',(#5924),#5917,.T.);
#5934=EDGE_CURVE('',#4063,#4093,#1113,.T.);
#5938=ADVANCED_FACE('',(#5937),#5930,.T.);
#5947=EDGE_CURVE('',#4061,#4091,#1117,.T.);
#5951=ADVANCED_FACE('',(#5950),#5943,.F.);
#5960=EDGE_CURVE('',#4060,#4090,#1121,.T.);
#5964=ADVANCED_FACE('',(#5963),#5956,.T.);
#5976=ADVANCED_FACE('',(#5975),#5969,.T.);
#5983=EDGE_CURVE('',#3935,#3999,#1126,.T.);
#5985=EDGE_CURVE('',#3972,#3999,#1323,.T.);
#5987=EDGE_CURVE('',#3972,#3973,#1130,.T.);
#5989=EDGE_CURVE('',#3973,#3975,#1135,.T.);
#5991=EDGE_CURVE('',#3975,#3977,#1140,.T.);
#5993=EDGE_CURVE('',#3977,#3979,#1145,.T.);
#5995=EDGE_CURVE('',#3979,#3981,#1149,.T.);
#5997=EDGE_CURVE('',#3981,#3983,#1154,.T.);
#5999=EDGE_CURVE('',#3983,#3968,#1159,.T.);
#6001=EDGE_CURVE('',#3968,#3969,#1163,.T.);
#6003=EDGE_CURVE('',#3969,#4015,#1168,.T.);
#6008=ADVANCED_FACE('',(#6007),#5981,.F.);
#6017=EDGE_CURVE('',#4019,#3986,#1172,.T.);
#6019=EDGE_CURVE('',#3986,#3987,#1176,.T.);
#6021=EDGE_CURVE('',#3987,#3989,#1181,.T.);
#6023=EDGE_CURVE('',#3989,#3991,#1186,.T.);
#6025=EDGE_CURVE('',#3991,#3993,#1190,.T.);
#6027=EDGE_CURVE('',#3993,#3995,#1194,.T.);
#6029=EDGE_CURVE('',#3995,#4007,#1199,.T.);
#6033=ADVANCED_FACE('',(#6032),#6013,.F.);
#6040=EDGE_CURVE('',#3931,#3998,#1246,.T.);
#6042=EDGE_CURVE('',#3998,#3999,#1327,.T.);
#6047=ADVANCED_FACE('',(#6046),#6038,.T.);
#6055=EDGE_CURVE('',#3939,#4013,#1204,.T.);
#6057=EDGE_CURVE('',#3938,#3939,#1208,.T.);
#6059=EDGE_CURVE('',#3953,#3938,#1213,.T.);
#6061=EDGE_CURVE('',#3951,#3953,#1218,.T.);
#6063=EDGE_CURVE('',#3949,#3951,#1222,.T.);
#6065=EDGE_CURVE('',#3947,#3949,#1227,.T.);
#6067=EDGE_CURVE('',#3945,#3947,#1232,.T.);
#6069=EDGE_CURVE('',#3943,#3945,#1237,.T.);
#6071=EDGE_CURVE('',#3942,#3943,#1241,.T.);
#6073=EDGE_CURVE('',#3998,#3942,#1318,.T.);
#6078=ADVANCED_FACE('',(#6077),#6052,.T.);
#6085=EDGE_CURVE('',#3965,#4003,#1251,.T.);
#6087=EDGE_CURVE('',#3963,#3965,#1255,.T.);
#6089=EDGE_CURVE('',#3961,#3963,#1259,.T.);
#6091=EDGE_CURVE('',#3959,#3961,#1264,.T.);
#6093=EDGE_CURVE('',#3957,#3959,#1269,.T.);
#6095=EDGE_CURVE('',#3956,#3957,#1273,.T.);
#6097=EDGE_CURVE('',#4017,#3956,#1277,.T.);
#6103=ADVANCED_FACE('',(#6102),#6083,.T.);
#6111=EDGE_CURVE('',#3939,#3969,#1281,.T.);
#6116=ADVANCED_FACE('',(#6115),#6108,.F.);
#6125=EDGE_CURVE('',#3938,#3968,#1285,.T.);
#6129=ADVANCED_FACE('',(#6128),#6121,.T.);
#6138=EDGE_CURVE('',#3953,#3983,#1289,.T.);
#6142=ADVANCED_FACE('',(#6141),#6134,.T.);
#6151=EDGE_CURVE('',#3951,#3981,#1293,.T.);
#6155=ADVANCED_FACE('',(#6154),#6147,.F.);
#6164=EDGE_CURVE('',#3949,#3979,#1297,.T.);
#6168=ADVANCED_FACE('',(#6167),#6160,.T.);
#6177=EDGE_CURVE('',#3947,#3977,#1301,.T.);
#6181=ADVANCED_FACE('',(#6180),#6173,.F.);
#6190=EDGE_CURVE('',#3945,#3975,#1305,.T.);
#6194=ADVANCED_FACE('',(#6193),#6186,.T.);
#6203=EDGE_CURVE('',#3943,#3973,#1309,.T.);
#6207=ADVANCED_FACE('',(#6206),#6199,.F.);
#6216=EDGE_CURVE('',#3942,#3972,#1313,.T.);
#6220=ADVANCED_FACE('',(#6219),#6212,.T.);
#6232=ADVANCED_FACE('',(#6231),#6225,.F.);
#6240=EDGE_CURVE('',#3965,#3995,#1331,.T.);
#6245=ADVANCED_FACE('',(#6244),#6237,.T.);
#6254=EDGE_CURVE('',#3963,#3993,#1335,.T.);
#6258=ADVANCED_FACE('',(#6257),#6250,.T.);
#6267=EDGE_CURVE('',#3961,#3991,#1339,.T.);
#6271=ADVANCED_FACE('',(#6270),#6263,.T.);
#6280=EDGE_CURVE('',#3959,#3989,#1343,.T.);
#6284=ADVANCED_FACE('',(#6283),#6276,.T.);
#6293=EDGE_CURVE('',#3957,#3987,#1347,.T.);
#6297=ADVANCED_FACE('',(#6296),#6289,.F.);
#6306=EDGE_CURVE('',#3956,#3986,#1351,.T.);
#6310=ADVANCED_FACE('',(#6309),#6302,.T.);
#6322=ADVANCED_FACE('',(#6321),#6315,.T.);
#6328=EDGE_CURVE('',#4143,#4205,#1356,.T.);
#6330=EDGE_CURVE('',#4142,#4143,#1360,.T.);
#6332=EDGE_CURVE('',#4157,#4142,#1365,.T.);
#6334=EDGE_CURVE('',#4155,#4157,#1370,.T.);
#6336=EDGE_CURVE('',#4153,#4155,#1374,.T.);
#6338=EDGE_CURVE('',#4151,#4153,#1379,.T.);
#6340=EDGE_CURVE('',#4149,#4151,#1384,.T.);
#6342=EDGE_CURVE('',#4147,#4149,#1389,.T.);
#6344=EDGE_CURVE('',#4146,#4147,#1393,.T.);
#6346=EDGE_CURVE('',#4202,#4146,#1516,.T.);
#6348=EDGE_CURVE('',#4207,#4202,#1398,.T.);
#6354=ADVANCED_FACE('',(#6353),#6327,.T.);
#6360=EDGE_CURVE('',#4169,#4209,#1403,.T.);
#6362=EDGE_CURVE('',#4167,#4169,#1407,.T.);
#6364=EDGE_CURVE('',#4165,#4167,#1411,.T.);
#6366=EDGE_CURVE('',#4163,#4165,#1416,.T.);
#6368=EDGE_CURVE('',#4161,#4163,#1421,.T.);
#6370=EDGE_CURVE('',#4160,#4161,#1425,.T.);
#6372=EDGE_CURVE('',#4211,#4160,#1429,.T.);
#6379=ADVANCED_FACE('',(#6378),#6359,.T.);
#6387=EDGE_CURVE('',#4173,#4213,#1438,.T.);
#6389=EDGE_CURVE('',#4143,#4173,#1433,.T.);
#6393=ADVANCED_FACE('',(#6392),#6384,.F.);
#6402=EDGE_CURVE('',#4215,#4203,#1443,.T.);
#6404=EDGE_CURVE('',#4176,#4203,#1521,.T.);
#6406=EDGE_CURVE('',#4176,#4177,#1447,.T.);
#6408=EDGE_CURVE('',#4177,#4179,#1452,.T.);
#6410=EDGE_CURVE('',#4179,#4181,#1457,.T.);
#6412=EDGE_CURVE('',#4181,#4183,#1462,.T.);
#6414=EDGE_CURVE('',#4183,#4185,#1466,.T.);
#6416=EDGE_CURVE('',#4185,#4187,#1471,.T.);
#6418=EDGE_CURVE('',#4187,#4172,#1476,.T.);
#6420=EDGE_CURVE('',#4172,#4173,#1480,.T.);
#6424=ADVANCED_FACE('',(#6423),#6398,.F.);
#6430=EDGE_CURVE('',#4199,#4217,#1485,.T.);
#6435=EDGE_CURVE('',#4219,#4190,#1489,.T.);
#6437=EDGE_CURVE('',#4190,#4191,#1493,.T.);
#6439=EDGE_CURVE('',#4191,#4193,#1498,.T.);
#6441=EDGE_CURVE('',#4193,#4195,#1503,.T.);
#6443=EDGE_CURVE('',#4195,#4197,#1507,.T.);
#6445=EDGE_CURVE('',#4197,#4199,#1511,.T.);
#6449=ADVANCED_FACE('',(#6448),#6429,.F.);
#6456=EDGE_CURVE('',#4202,#4203,#1525,.T.);
#6462=ADVANCED_FACE('',(#6461),#6454,.T.);
#6469=EDGE_CURVE('',#4146,#4176,#1529,.T.);
#6475=ADVANCED_FACE('',(#6474),#6467,.F.);
#6482=EDGE_CURVE('',#4147,#4177,#1533,.T.);
#6488=ADVANCED_FACE('',(#6487),#6480,.T.);
#6495=EDGE_CURVE('',#4149,#4179,#1537,.T.);
#6501=ADVANCED_FACE('',(#6500),#6493,.F.);
#6508=EDGE_CURVE('',#4151,#4181,#1541,.T.);
#6514=ADVANCED_FACE('',(#6513),#6506,.T.);
#6521=EDGE_CURVE('',#4153,#4183,#1545,.T.);
#6527=ADVANCED_FACE('',(#6526),#6519,.F.);
#6534=EDGE_CURVE('',#4155,#4185,#1549,.T.);
#6540=ADVANCED_FACE('',(#6539),#6532,.T.);
#6547=EDGE_CURVE('',#4157,#4187,#1553,.T.);
#6553=ADVANCED_FACE('',(#6552),#6545,.F.);
#6560=EDGE_CURVE('',#4142,#4172,#1557,.T.);
#6566=ADVANCED_FACE('',(#6565),#6558,.T.);
#6578=ADVANCED_FACE('',(#6577),#6571,.T.);
#6587=EDGE_CURVE('',#4169,#4199,#1561,.T.);
#6591=ADVANCED_FACE('',(#6590),#6583,.T.);
#6600=EDGE_CURVE('',#4167,#4197,#1565,.T.);
#6604=ADVANCED_FACE('',(#6603),#6596,.T.);
#6613=EDGE_CURVE('',#4165,#4195,#1569,.T.);
#6617=ADVANCED_FACE('',(#6616),#6609,.T.);
#6626=EDGE_CURVE('',#4163,#4193,#1573,.T.);
#6630=ADVANCED_FACE('',(#6629),#6622,.T.);
#6639=EDGE_CURVE('',#4161,#4191,#1577,.T.);
#6643=ADVANCED_FACE('',(#6642),#6635,.F.);
#6652=EDGE_CURVE('',#4160,#4190,#1581,.T.);
#6656=ADVANCED_FACE('',(#6655),#6648,.T.);
#6668=ADVANCED_FACE('',(#6667),#6661,.T.);
#6674=EDGE_CURVE('',#4243,#4305,#1586,.T.);
#6676=EDGE_CURVE('',#4242,#4243,#1590,.T.);
#6678=EDGE_CURVE('',#4257,#4242,#1595,.T.);
#6680=EDGE_CURVE('',#4255,#4257,#1600,.T.);
#6682=EDGE_CURVE('',#4253,#4255,#1604,.T.);
#6684=EDGE_CURVE('',#4251,#4253,#1609,.T.);
#6686=EDGE_CURVE('',#4249,#4251,#1614,.T.);
#6688=EDGE_CURVE('',#4247,#4249,#1619,.T.);
#6690=EDGE_CURVE('',#4246,#4247,#1623,.T.);
#6692=EDGE_CURVE('',#4302,#4246,#1746,.T.);
#6694=EDGE_CURVE('',#4307,#4302,#1628,.T.);
#6700=ADVANCED_FACE('',(#6699),#6673,.T.);
#6706=EDGE_CURVE('',#4269,#4309,#1633,.T.);
#6708=EDGE_CURVE('',#4267,#4269,#1637,.T.);
#6710=EDGE_CURVE('',#4265,#4267,#1641,.T.);
#6712=EDGE_CURVE('',#4263,#4265,#1646,.T.);
#6714=EDGE_CURVE('',#4261,#4263,#1651,.T.);
#6716=EDGE_CURVE('',#4260,#4261,#1655,.T.);
#6718=EDGE_CURVE('',#4311,#4260,#1659,.T.);
#6725=ADVANCED_FACE('',(#6724),#6705,.T.);
#6733=EDGE_CURVE('',#4273,#4313,#1668,.T.);
#6735=EDGE_CURVE('',#4243,#4273,#1663,.T.);
#6739=ADVANCED_FACE('',(#6738),#6730,.F.);
#6748=EDGE_CURVE('',#4315,#4303,#1673,.T.);
#6750=EDGE_CURVE('',#4276,#4303,#1751,.T.);
#6752=EDGE_CURVE('',#4276,#4277,#1677,.T.);
#6754=EDGE_CURVE('',#4277,#4279,#1682,.T.);
#6756=EDGE_CURVE('',#4279,#4281,#1687,.T.);
#6758=EDGE_CURVE('',#4281,#4283,#1692,.T.);
#6760=EDGE_CURVE('',#4283,#4285,#1696,.T.);
#6762=EDGE_CURVE('',#4285,#4287,#1701,.T.);
#6764=EDGE_CURVE('',#4287,#4272,#1706,.T.);
#6766=EDGE_CURVE('',#4272,#4273,#1710,.T.);
#6770=ADVANCED_FACE('',(#6769),#6744,.F.);
#6776=EDGE_CURVE('',#4299,#4317,#1715,.T.);
#6781=EDGE_CURVE('',#4319,#4290,#1719,.T.);
#6783=EDGE_CURVE('',#4290,#4291,#1723,.T.);
#6785=EDGE_CURVE('',#4291,#4293,#1728,.T.);
#6787=EDGE_CURVE('',#4293,#4295,#1733,.T.);
#6789=EDGE_CURVE('',#4295,#4297,#1737,.T.);
#6791=EDGE_CURVE('',#4297,#4299,#1741,.T.);
#6795=ADVANCED_FACE('',(#6794),#6775,.F.);
#6802=EDGE_CURVE('',#4302,#4303,#1755,.T.);
#6808=ADVANCED_FACE('',(#6807),#6800,.T.);
#6815=EDGE_CURVE('',#4246,#4276,#1759,.T.);
#6821=ADVANCED_FACE('',(#6820),#6813,.F.);
#6828=EDGE_CURVE('',#4247,#4277,#1763,.T.);
#6834=ADVANCED_FACE('',(#6833),#6826,.T.);
#6841=EDGE_CURVE('',#4249,#4279,#1767,.T.);
#6847=ADVANCED_FACE('',(#6846),#6839,.F.);
#6854=EDGE_CURVE('',#4251,#4281,#1771,.T.);
#6860=ADVANCED_FACE('',(#6859),#6852,.T.);
#6867=EDGE_CURVE('',#4253,#4283,#1775,.T.);
#6873=ADVANCED_FACE('',(#6872),#6865,.F.);
#6880=EDGE_CURVE('',#4255,#4285,#1779,.T.);
#6886=ADVANCED_FACE('',(#6885),#6878,.T.);
#6893=EDGE_CURVE('',#4257,#4287,#1783,.T.);
#6899=ADVANCED_FACE('',(#6898),#6891,.F.);
#6906=EDGE_CURVE('',#4242,#4272,#1787,.T.);
#6912=ADVANCED_FACE('',(#6911),#6904,.T.);
#6924=ADVANCED_FACE('',(#6923),#6917,.T.);
#6933=EDGE_CURVE('',#4269,#4299,#1791,.T.);
#6937=ADVANCED_FACE('',(#6936),#6929,.T.);
#6946=EDGE_CURVE('',#4267,#4297,#1795,.T.);
#6950=ADVANCED_FACE('',(#6949),#6942,.T.);
#6959=EDGE_CURVE('',#4265,#4295,#1799,.T.);
#6963=ADVANCED_FACE('',(#6962),#6955,.T.);
#6972=EDGE_CURVE('',#4263,#4293,#1803,.T.);
#6976=ADVANCED_FACE('',(#6975),#6968,.T.);
#6985=EDGE_CURVE('',#4261,#4291,#1807,.T.);
#6989=ADVANCED_FACE('',(#6988),#6981,.F.);
#6998=EDGE_CURVE('',#4260,#4290,#1811,.T.);
#7002=ADVANCED_FACE('',(#7001),#6994,.T.);
#7014=ADVANCED_FACE('',(#7013),#7007,.T.);
#7020=EDGE_CURVE('',#4379,#4441,#1816,.T.);
#7022=EDGE_CURVE('',#4378,#4379,#1820,.T.);
#7024=EDGE_CURVE('',#4393,#4378,#1825,.T.);
#7026=EDGE_CURVE('',#4391,#4393,#1830,.T.);
#7028=EDGE_CURVE('',#4389,#4391,#1834,.T.);
#7030=EDGE_CURVE('',#4387,#4389,#1839,.T.);
#7032=EDGE_CURVE('',#4385,#4387,#1844,.T.);
#7034=EDGE_CURVE('',#4383,#4385,#1849,.T.);
#7036=EDGE_CURVE('',#4382,#4383,#1853,.T.);
#7038=EDGE_CURVE('',#4438,#4382,#1976,.T.);
#7040=EDGE_CURVE('',#4443,#4438,#1858,.T.);
#7046=ADVANCED_FACE('',(#7045),#7019,.T.);
#7052=EDGE_CURVE('',#4405,#4445,#1863,.T.);
#7054=EDGE_CURVE('',#4403,#4405,#1867,.T.);
#7056=EDGE_CURVE('',#4401,#4403,#1871,.T.);
#7058=EDGE_CURVE('',#4399,#4401,#1876,.T.);
#7060=EDGE_CURVE('',#4397,#4399,#1881,.T.);
#7062=EDGE_CURVE('',#4396,#4397,#1885,.T.);
#7064=EDGE_CURVE('',#4447,#4396,#1889,.T.);
#7071=ADVANCED_FACE('',(#7070),#7051,.T.);
#7079=EDGE_CURVE('',#4409,#4449,#1898,.T.);
#7081=EDGE_CURVE('',#4379,#4409,#1893,.T.);
#7085=ADVANCED_FACE('',(#7084),#7076,.F.);
#7094=EDGE_CURVE('',#4451,#4439,#1903,.T.);
#7096=EDGE_CURVE('',#4412,#4439,#1981,.T.);
#7098=EDGE_CURVE('',#4412,#4413,#1907,.T.);
#7100=EDGE_CURVE('',#4413,#4415,#1912,.T.);
#7102=EDGE_CURVE('',#4415,#4417,#1917,.T.);
#7104=EDGE_CURVE('',#4417,#4419,#1922,.T.);
#7106=EDGE_CURVE('',#4419,#4421,#1926,.T.);
#7108=EDGE_CURVE('',#4421,#4423,#1931,.T.);
#7110=EDGE_CURVE('',#4423,#4408,#1936,.T.);
#7112=EDGE_CURVE('',#4408,#4409,#1940,.T.);
#7116=ADVANCED_FACE('',(#7115),#7090,.F.);
#7122=EDGE_CURVE('',#4435,#4453,#1945,.T.);
#7127=EDGE_CURVE('',#4455,#4426,#1949,.T.);
#7129=EDGE_CURVE('',#4426,#4427,#1953,.T.);
#7131=EDGE_CURVE('',#4427,#4429,#1958,.T.);
#7133=EDGE_CURVE('',#4429,#4431,#1963,.T.);
#7135=EDGE_CURVE('',#4431,#4433,#1967,.T.);
#7137=EDGE_CURVE('',#4433,#4435,#1971,.T.);
#7141=ADVANCED_FACE('',(#7140),#7121,.F.);
#7148=EDGE_CURVE('',#4438,#4439,#1985,.T.);
#7154=ADVANCED_FACE('',(#7153),#7146,.T.);
#7161=EDGE_CURVE('',#4382,#4412,#1989,.T.);
#7167=ADVANCED_FACE('',(#7166),#7159,.F.);
#7174=EDGE_CURVE('',#4383,#4413,#1993,.T.);
#7180=ADVANCED_FACE('',(#7179),#7172,.T.);
#7187=EDGE_CURVE('',#4385,#4415,#1997,.T.);
#7193=ADVANCED_FACE('',(#7192),#7185,.F.);
#7200=EDGE_CURVE('',#4387,#4417,#2001,.T.);
#7206=ADVANCED_FACE('',(#7205),#7198,.T.);
#7213=EDGE_CURVE('',#4389,#4419,#2005,.T.);
#7219=ADVANCED_FACE('',(#7218),#7211,.F.);
#7226=EDGE_CURVE('',#4391,#4421,#2009,.T.);
#7232=ADVANCED_FACE('',(#7231),#7224,.T.);
#7239=EDGE_CURVE('',#4393,#4423,#2013,.T.);
#7245=ADVANCED_FACE('',(#7244),#7237,.F.);
#7252=EDGE_CURVE('',#4378,#4408,#2017,.T.);
#7258=ADVANCED_FACE('',(#7257),#7250,.T.);
#7270=ADVANCED_FACE('',(#7269),#7263,.T.);
#7279=EDGE_CURVE('',#4405,#4435,#2021,.T.);
#7283=ADVANCED_FACE('',(#7282),#7275,.T.);
#7292=EDGE_CURVE('',#4403,#4433,#2025,.T.);
#7296=ADVANCED_FACE('',(#7295),#7288,.T.);
#7305=EDGE_CURVE('',#4401,#4431,#2029,.T.);
#7309=ADVANCED_FACE('',(#7308),#7301,.T.);
#7318=EDGE_CURVE('',#4399,#4429,#2033,.T.);
#7322=ADVANCED_FACE('',(#7321),#7314,.T.);
#7331=EDGE_CURVE('',#4397,#4427,#2037,.T.);
#7335=ADVANCED_FACE('',(#7334),#7327,.F.);
#7344=EDGE_CURVE('',#4396,#4426,#2041,.T.);
#7348=ADVANCED_FACE('',(#7347),#7340,.T.);
#7360=ADVANCED_FACE('',(#7359),#7353,.T.);
#7366=EDGE_CURVE('',#4479,#4541,#2046,.T.);
#7368=EDGE_CURVE('',#4478,#4479,#2050,.T.);
#7370=EDGE_CURVE('',#4493,#4478,#2055,.T.);
#7372=EDGE_CURVE('',#4491,#4493,#2060,.T.);
#7374=EDGE_CURVE('',#4489,#4491,#2064,.T.);
#7376=EDGE_CURVE('',#4487,#4489,#2069,.T.);
#7378=EDGE_CURVE('',#4485,#4487,#2074,.T.);
#7380=EDGE_CURVE('',#4483,#4485,#2079,.T.);
#7382=EDGE_CURVE('',#4482,#4483,#2083,.T.);
#7384=EDGE_CURVE('',#4538,#4482,#2206,.T.);
#7386=EDGE_CURVE('',#4543,#4538,#2088,.T.);
#7392=ADVANCED_FACE('',(#7391),#7365,.T.);
#7398=EDGE_CURVE('',#4505,#4545,#2093,.T.);
#7400=EDGE_CURVE('',#4503,#4505,#2097,.T.);
#7402=EDGE_CURVE('',#4501,#4503,#2101,.T.);
#7404=EDGE_CURVE('',#4499,#4501,#2106,.T.);
#7406=EDGE_CURVE('',#4497,#4499,#2111,.T.);
#7408=EDGE_CURVE('',#4496,#4497,#2115,.T.);
#7410=EDGE_CURVE('',#4547,#4496,#2119,.T.);
#7417=ADVANCED_FACE('',(#7416),#7397,.T.);
#7425=EDGE_CURVE('',#4509,#4549,#2128,.T.);
#7427=EDGE_CURVE('',#4479,#4509,#2123,.T.);
#7431=ADVANCED_FACE('',(#7430),#7422,.F.);
#7440=EDGE_CURVE('',#4551,#4539,#2133,.T.);
#7442=EDGE_CURVE('',#4512,#4539,#2211,.T.);
#7444=EDGE_CURVE('',#4512,#4513,#2137,.T.);
#7446=EDGE_CURVE('',#4513,#4515,#2142,.T.);
#7448=EDGE_CURVE('',#4515,#4517,#2147,.T.);
#7450=EDGE_CURVE('',#4517,#4519,#2152,.T.);
#7452=EDGE_CURVE('',#4519,#4521,#2156,.T.);
#7454=EDGE_CURVE('',#4521,#4523,#2161,.T.);
#7456=EDGE_CURVE('',#4523,#4508,#2166,.T.);
#7458=EDGE_CURVE('',#4508,#4509,#2170,.T.);
#7462=ADVANCED_FACE('',(#7461),#7436,.F.);
#7468=EDGE_CURVE('',#4535,#4553,#2175,.T.);
#7473=EDGE_CURVE('',#4555,#4526,#2179,.T.);
#7475=EDGE_CURVE('',#4526,#4527,#2183,.T.);
#7477=EDGE_CURVE('',#4527,#4529,#2188,.T.);
#7479=EDGE_CURVE('',#4529,#4531,#2193,.T.);
#7481=EDGE_CURVE('',#4531,#4533,#2197,.T.);
#7483=EDGE_CURVE('',#4533,#4535,#2201,.T.);
#7487=ADVANCED_FACE('',(#7486),#7467,.F.);
#7494=EDGE_CURVE('',#4538,#4539,#2215,.T.);
#7500=ADVANCED_FACE('',(#7499),#7492,.T.);
#7507=EDGE_CURVE('',#4482,#4512,#2219,.T.);
#7513=ADVANCED_FACE('',(#7512),#7505,.F.);
#7520=EDGE_CURVE('',#4483,#4513,#2223,.T.);
#7526=ADVANCED_FACE('',(#7525),#7518,.T.);
#7533=EDGE_CURVE('',#4485,#4515,#2227,.T.);
#7539=ADVANCED_FACE('',(#7538),#7531,.F.);
#7546=EDGE_CURVE('',#4487,#4517,#2231,.T.);
#7552=ADVANCED_FACE('',(#7551),#7544,.T.);
#7559=EDGE_CURVE('',#4489,#4519,#2235,.T.);
#7565=ADVANCED_FACE('',(#7564),#7557,.F.);
#7572=EDGE_CURVE('',#4491,#4521,#2239,.T.);
#7578=ADVANCED_FACE('',(#7577),#7570,.T.);
#7585=EDGE_CURVE('',#4493,#4523,#2243,.T.);
#7591=ADVANCED_FACE('',(#7590),#7583,.F.);
#7598=EDGE_CURVE('',#4478,#4508,#2247,.T.);
#7604=ADVANCED_FACE('',(#7603),#7596,.T.);
#7616=ADVANCED_FACE('',(#7615),#7609,.T.);
#7625=EDGE_CURVE('',#4505,#4535,#2251,.T.);
#7629=ADVANCED_FACE('',(#7628),#7621,.T.);
#7638=EDGE_CURVE('',#4503,#4533,#2255,.T.);
#7642=ADVANCED_FACE('',(#7641),#7634,.T.);
#7651=EDGE_CURVE('',#4501,#4531,#2259,.T.);
#7655=ADVANCED_FACE('',(#7654),#7647,.T.);
#7664=EDGE_CURVE('',#4499,#4529,#2263,.T.);
#7668=ADVANCED_FACE('',(#7667),#7660,.T.);
#7677=EDGE_CURVE('',#4497,#4527,#2267,.T.);
#7681=ADVANCED_FACE('',(#7680),#7673,.F.);
#7690=EDGE_CURVE('',#4496,#4526,#2271,.T.);
#7694=ADVANCED_FACE('',(#7693),#7686,.T.);
#7706=ADVANCED_FACE('',(#7705),#7699,.T.);
#7712=EDGE_CURVE('',#4603,#4665,#2276,.T.);
#7714=EDGE_CURVE('',#4602,#4603,#2280,.T.);
#7716=EDGE_CURVE('',#4617,#4602,#2285,.T.);
#7718=EDGE_CURVE('',#4615,#4617,#2290,.T.);
#7720=EDGE_CURVE('',#4613,#4615,#2294,.T.);
#7722=EDGE_CURVE('',#4611,#4613,#2299,.T.);
#7724=EDGE_CURVE('',#4609,#4611,#2304,.T.);
#7726=EDGE_CURVE('',#4607,#4609,#2309,.T.);
#7728=EDGE_CURVE('',#4606,#4607,#2313,.T.);
#7730=EDGE_CURVE('',#4662,#4606,#2436,.T.);
#7732=EDGE_CURVE('',#4667,#4662,#2318,.T.);
#7738=ADVANCED_FACE('',(#7737),#7711,.T.);
#7744=EDGE_CURVE('',#4629,#4669,#2323,.T.);
#7746=EDGE_CURVE('',#4627,#4629,#2327,.T.);
#7748=EDGE_CURVE('',#4625,#4627,#2331,.T.);
#7750=EDGE_CURVE('',#4623,#4625,#2336,.T.);
#7752=EDGE_CURVE('',#4621,#4623,#2341,.T.);
#7754=EDGE_CURVE('',#4620,#4621,#2345,.T.);
#7756=EDGE_CURVE('',#4671,#4620,#2349,.T.);
#7763=ADVANCED_FACE('',(#7762),#7743,.T.);
#7771=EDGE_CURVE('',#4633,#4673,#2358,.T.);
#7773=EDGE_CURVE('',#4603,#4633,#2353,.T.);
#7777=ADVANCED_FACE('',(#7776),#7768,.F.);
#7786=EDGE_CURVE('',#4675,#4663,#2363,.T.);
#7788=EDGE_CURVE('',#4636,#4663,#2441,.T.);
#7790=EDGE_CURVE('',#4636,#4637,#2367,.T.);
#7792=EDGE_CURVE('',#4637,#4639,#2372,.T.);
#7794=EDGE_CURVE('',#4639,#4641,#2377,.T.);
#7796=EDGE_CURVE('',#4641,#4643,#2382,.T.);
#7798=EDGE_CURVE('',#4643,#4645,#2386,.T.);
#7800=EDGE_CURVE('',#4645,#4647,#2391,.T.);
#7802=EDGE_CURVE('',#4647,#4632,#2396,.T.);
#7804=EDGE_CURVE('',#4632,#4633,#2400,.T.);
#7808=ADVANCED_FACE('',(#7807),#7782,.F.);
#7814=EDGE_CURVE('',#4659,#4677,#2405,.T.);
#7819=EDGE_CURVE('',#4679,#4650,#2409,.T.);
#7821=EDGE_CURVE('',#4650,#4651,#2413,.T.);
#7823=EDGE_CURVE('',#4651,#4653,#2418,.T.);
#7825=EDGE_CURVE('',#4653,#4655,#2423,.T.);
#7827=EDGE_CURVE('',#4655,#4657,#2427,.T.);
#7829=EDGE_CURVE('',#4657,#4659,#2431,.T.);
#7833=ADVANCED_FACE('',(#7832),#7813,.F.);
#7840=EDGE_CURVE('',#4662,#4663,#2445,.T.);
#7846=ADVANCED_FACE('',(#7845),#7838,.T.);
#7853=EDGE_CURVE('',#4606,#4636,#2449,.T.);
#7859=ADVANCED_FACE('',(#7858),#7851,.F.);
#7866=EDGE_CURVE('',#4607,#4637,#2453,.T.);
#7872=ADVANCED_FACE('',(#7871),#7864,.T.);
#7879=EDGE_CURVE('',#4609,#4639,#2457,.T.);
#7885=ADVANCED_FACE('',(#7884),#7877,.F.);
#7892=EDGE_CURVE('',#4611,#4641,#2461,.T.);
#7898=ADVANCED_FACE('',(#7897),#7890,.T.);
#7905=EDGE_CURVE('',#4613,#4643,#2465,.T.);
#7911=ADVANCED_FACE('',(#7910),#7903,.F.);
#7918=EDGE_CURVE('',#4615,#4645,#2469,.T.);
#7924=ADVANCED_FACE('',(#7923),#7916,.T.);
#7931=EDGE_CURVE('',#4617,#4647,#2473,.T.);
#7937=ADVANCED_FACE('',(#7936),#7929,.F.);
#7944=EDGE_CURVE('',#4602,#4632,#2477,.T.);
#7950=ADVANCED_FACE('',(#7949),#7942,.T.);
#7962=ADVANCED_FACE('',(#7961),#7955,.T.);
#7971=EDGE_CURVE('',#4629,#4659,#2481,.T.);
#7975=ADVANCED_FACE('',(#7974),#7967,.T.);
#7984=EDGE_CURVE('',#4627,#4657,#2485,.T.);
#7988=ADVANCED_FACE('',(#7987),#7980,.T.);
#7997=EDGE_CURVE('',#4625,#4655,#2489,.T.);
#8001=ADVANCED_FACE('',(#8000),#7993,.T.);
#8010=EDGE_CURVE('',#4623,#4653,#2493,.T.);
#8014=ADVANCED_FACE('',(#8013),#8006,.T.);
#8023=EDGE_CURVE('',#4621,#4651,#2497,.T.);
#8027=ADVANCED_FACE('',(#8026),#8019,.F.);
#8036=EDGE_CURVE('',#4620,#4650,#2501,.T.);
#8040=ADVANCED_FACE('',(#8039),#8032,.T.);
#8052=ADVANCED_FACE('',(#8051),#8045,.T.);
#8059=EDGE_CURVE('',#3701,#3717,#2505,.T.);
#8061=EDGE_CURVE('',#3717,#3719,#2770,.T.);
#8066=ADVANCED_FACE('',(#8065),#8057,.T.);
#8072=EDGE_CURVE('',#3893,#3895,#2509,.T.);
#8074=EDGE_CURVE('',#3895,#3927,#2513,.T.);
#8076=EDGE_CURVE('',#3927,#3715,#2517,.T.);
#8078=EDGE_CURVE('',#3715,#3717,#2774,.T.);
#8082=EDGE_CURVE('',#3700,#3925,#2521,.T.);
#8084=EDGE_CURVE('',#3893,#3925,#2525,.T.);
#8088=ADVANCED_FACE('',(#8087),#8071,.T.);
#8094=EDGE_CURVE('',#3893,#3862,#2530,.T.);
#8096=EDGE_CURVE('',#3862,#3863,#2534,.T.);
#8098=EDGE_CURVE('',#3863,#3865,#2539,.T.);
#8100=EDGE_CURVE('',#3865,#3867,#2543,.T.);
#8102=EDGE_CURVE('',#3867,#3869,#2548,.T.);
#8104=EDGE_CURVE('',#3869,#3871,#2552,.T.);
#8106=EDGE_CURVE('',#3871,#3873,#2557,.T.);
#8108=EDGE_CURVE('',#3873,#3875,#2561,.T.);
#8110=EDGE_CURVE('',#3875,#3877,#2565,.T.);
#8112=EDGE_CURVE('',#3877,#3879,#2570,.T.);
#8114=EDGE_CURVE('',#3879,#3881,#2574,.T.);
#8116=EDGE_CURVE('',#3881,#3883,#2578,.T.);
#8118=EDGE_CURVE('',#3883,#3885,#2582,.T.);
#8120=EDGE_CURVE('',#3885,#3887,#2586,.T.);
#8122=EDGE_CURVE('',#3887,#3895,#2591,.T.);
#8127=ADVANCED_FACE('',(#8126),#8093,.F.);
#8135=EDGE_CURVE('',#3901,#3925,#2596,.T.);
#8137=EDGE_CURVE('',#3862,#3901,#2726,.T.);
#8141=ADVANCED_FACE('',(#8140),#8132,.F.);
#8150=EDGE_CURVE('',#3911,#3897,#2601,.T.);
#8152=EDGE_CURVE('',#3909,#3911,#2605,.T.);
#8154=EDGE_CURVE('',#3909,#3907,#2610,.T.);
#8156=EDGE_CURVE('',#3905,#3907,#2614,.T.);
#8158=EDGE_CURVE('',#3903,#3905,#2619,.T.);
#8160=EDGE_CURVE('',#3901,#3903,#2623,.T.);
#8164=ADVANCED_FACE('',(#8163),#8146,.T.);
#8170=EDGE_CURVE('',#3899,#3913,#2627,.T.);
#8173=EDGE_CURVE('',#3697,#3714,#2631,.T.);
#8175=EDGE_CURVE('',#3714,#3715,#2778,.T.);
#8178=EDGE_CURVE('',#3927,#3923,#2636,.T.);
#8180=EDGE_CURVE('',#3921,#3923,#2640,.T.);
#8182=EDGE_CURVE('',#3919,#3921,#2644,.T.);
#8184=EDGE_CURVE('',#3917,#3919,#2648,.T.);
#8186=EDGE_CURVE('',#3915,#3917,#2652,.T.);
#8188=EDGE_CURVE('',#3915,#3913,#2657,.T.);
#8192=ADVANCED_FACE('',(#8191),#8169,.T.);
#8198=EDGE_CURVE('',#3897,#3890,#2666,.T.);
#8200=EDGE_CURVE('',#3873,#3890,#2706,.T.);
#8203=EDGE_CURVE('',#3871,#3911,#2661,.T.);
#8208=ADVANCED_FACE('',(#8207),#8197,.T.);
#8216=EDGE_CURVE('',#3891,#3899,#2670,.T.);
#8218=EDGE_CURVE('',#3890,#3891,#2674,.T.);
#8222=ADVANCED_FACE('',(#8221),#8213,.T.);
#8230=EDGE_CURVE('',#3877,#3913,#2682,.T.);
#8233=EDGE_CURVE('',#3875,#3891,#2678,.T.);
#8237=ADVANCED_FACE('',(#8236),#8227,.F.);
#8245=EDGE_CURVE('',#3879,#3915,#2686,.T.);
#8250=ADVANCED_FACE('',(#8249),#8242,.F.);
#8258=EDGE_CURVE('',#3881,#3917,#2690,.T.);
#8263=ADVANCED_FACE('',(#8262),#8255,.F.);
#8271=EDGE_CURVE('',#3883,#3919,#2694,.T.);
#8276=ADVANCED_FACE('',(#8275),#8268,.F.);
#8284=EDGE_CURVE('',#3885,#3921,#2698,.T.);
#8289=ADVANCED_FACE('',(#8288),#8281,.F.);
#8297=EDGE_CURVE('',#3887,#3923,#2702,.T.);
#8302=ADVANCED_FACE('',(#8301),#8294,.F.);
#8314=ADVANCED_FACE('',(#8313),#8307,.F.);
#8326=ADVANCED_FACE('',(#8325),#8319,.F.);
#8332=EDGE_CURVE('',#3869,#3909,#2710,.T.);
#8339=ADVANCED_FACE('',(#8338),#8331,.F.);
#8345=EDGE_CURVE('',#3867,#3907,#2714,.T.);
#8352=ADVANCED_FACE('',(#8351),#8344,.F.);
#8358=EDGE_CURVE('',#3865,#3905,#2718,.T.);
#8365=ADVANCED_FACE('',(#8364),#8357,.F.);
#8371=EDGE_CURVE('',#3863,#3903,#2722,.T.);
#8378=ADVANCED_FACE('',(#8377),#8370,.T.);
#8390=ADVANCED_FACE('',(#8389),#8383,.F.);
#8396=EDGE_CURVE('',#3730,#3735,#2730,.T.);
#8398=EDGE_CURVE('',#3737,#3735,#2734,.T.);
#8400=EDGE_CURVE('',#3737,#3745,#2738,.T.);
#8402=EDGE_CURVE('',#3745,#3714,#2782,.T.);
#8406=EDGE_CURVE('',#3696,#3711,#2742,.T.);
#8408=EDGE_CURVE('',#3711,#3730,#2750,.T.);
#8412=ADVANCED_FACE('',(#8411),#8395,.T.);
#8418=EDGE_CURVE('',#3730,#3731,#2746,.T.);
#8420=EDGE_CURVE('',#3731,#3733,#3187,.T.);
#8422=EDGE_CURVE('',#3741,#3733,#3171,.T.);
#8424=EDGE_CURVE('',#3741,#3735,#3023,.T.);
#8429=ADVANCED_FACE('',(#8428),#8417,.T.);
#8437=EDGE_CURVE('',#3709,#3711,#2754,.T.);
#8439=EDGE_CURVE('',#3707,#3709,#2758,.T.);
#8441=EDGE_CURVE('',#3706,#3707,#2762,.T.);
#8448=EDGE_CURVE('',#3744,#3745,#2786,.T.);
#8450=EDGE_CURVE('',#3731,#3744,#2790,.T.);
#8454=ADVANCED_FACE('',(#8453),#8434,.T.);
#8460=EDGE_CURVE('',#3833,#3829,#2795,.T.);
#8462=EDGE_CURVE('',#3833,#3835,#2799,.T.);
#8464=EDGE_CURVE('',#3835,#3837,#2804,.T.);
#8466=EDGE_CURVE('',#3837,#3839,#2808,.T.);
#8468=EDGE_CURVE('',#3841,#3839,#2813,.T.);
#8470=EDGE_CURVE('',#3841,#3843,#2817,.T.);
#8472=EDGE_CURVE('',#3843,#3845,#2822,.T.);
#8475=EDGE_CURVE('',#3693,#3829,#2826,.T.);
#8479=ADVANCED_FACE('',(#8478),#8459,.T.);
#8485=EDGE_CURVE('',#3848,#3849,#2830,.T.);
#8487=EDGE_CURVE('',#3851,#3849,#2835,.T.);
#8489=EDGE_CURVE('',#3851,#3853,#2839,.T.);
#8491=EDGE_CURVE('',#3853,#3855,#2843,.T.);
#8493=EDGE_CURVE('',#3855,#3857,#2847,.T.);
#8495=EDGE_CURVE('',#3857,#3859,#2851,.T.);
#8497=EDGE_CURVE('',#3831,#3859,#2856,.T.);
#8499=EDGE_CURVE('',#3831,#3709,#2860,.T.);
#8506=ADVANCED_FACE('',(#8505),#8484,.T.);
#8512=EDGE_CURVE('',#3829,#3794,#2868,.T.);
#8514=EDGE_CURVE('',#3794,#3798,#2942,.T.);
#8516=EDGE_CURVE('',#3798,#3833,#3007,.T.);
#8521=ADVANCED_FACE('',(#8520),#8511,.F.);
#8527=EDGE_CURVE('',#3794,#3795,#2864,.T.);
#8532=EDGE_CURVE('',#3691,#3707,#2872,.T.);
#8536=EDGE_CURVE('',#3831,#3795,#2876,.T.);
#8540=ADVANCED_FACE('',(#8539),#8526,.T.);
#8547=EDGE_CURVE('',#3823,#3795,#2881,.T.);
#8549=EDGE_CURVE('',#3821,#3823,#2885,.T.);
#8551=EDGE_CURVE('',#3819,#3821,#2889,.T.);
#8553=EDGE_CURVE('',#3817,#3819,#2893,.T.);
#8555=EDGE_CURVE('',#3815,#3817,#2897,.T.);
#8557=EDGE_CURVE('',#3813,#3815,#2902,.T.);
#8559=EDGE_CURVE('',#3811,#3813,#2906,.T.);
#8561=EDGE_CURVE('',#3809,#3811,#2910,.T.);
#8563=EDGE_CURVE('',#3807,#3809,#2915,.T.);
#8565=EDGE_CURVE('',#3805,#3807,#2919,.T.);
#8567=EDGE_CURVE('',#3803,#3805,#2924,.T.);
#8569=EDGE_CURVE('',#3801,#3803,#2928,.T.);
#8571=EDGE_CURVE('',#3799,#3801,#2933,.T.);
#8573=EDGE_CURVE('',#3798,#3799,#2937,.T.);
#8578=ADVANCED_FACE('',(#8577),#8545,.T.);
#8586=EDGE_CURVE('',#3823,#3859,#2946,.T.);
#8591=ADVANCED_FACE('',(#8590),#8583,.F.);
#8598=EDGE_CURVE('',#3821,#3857,#2950,.T.);
#8604=ADVANCED_FACE('',(#8603),#8596,.T.);
#8611=EDGE_CURVE('',#3819,#3855,#2954,.T.);
#8617=ADVANCED_FACE('',(#8616),#8609,.T.);
#8624=EDGE_CURVE('',#3817,#3853,#2958,.T.);
#8630=ADVANCED_FACE('',(#8629),#8622,.T.);
#8637=EDGE_CURVE('',#3815,#3851,#2962,.T.);
#8643=ADVANCED_FACE('',(#8642),#8635,.T.);
#8650=EDGE_CURVE('',#3813,#3849,#2966,.T.);
#8656=ADVANCED_FACE('',(#8655),#8648,.F.);
#8663=EDGE_CURVE('',#3827,#3848,#2983,.T.);
#8665=EDGE_CURVE('',#3811,#3827,#2970,.T.);
#8671=ADVANCED_FACE('',(#8670),#8661,.T.);
#8677=EDGE_CURVE('',#3845,#3826,#2975,.T.);
#8679=EDGE_CURVE('',#3826,#3827,#2979,.T.);
#8685=ADVANCED_FACE('',(#8684),#8676,.F.);
#8692=EDGE_CURVE('',#3807,#3843,#2987,.T.);
#8695=EDGE_CURVE('',#3809,#3826,#3011,.T.);
#8700=ADVANCED_FACE('',(#8699),#8690,.T.);
#8707=EDGE_CURVE('',#3805,#3841,#2991,.T.);
#8713=ADVANCED_FACE('',(#8712),#8705,.T.);
#8720=EDGE_CURVE('',#3803,#3839,#2995,.T.);
#8726=ADVANCED_FACE('',(#8725),#8718,.F.);
#8733=EDGE_CURVE('',#3801,#3837,#2999,.T.);
#8739=ADVANCED_FACE('',(#8738),#8731,.T.);
#8746=EDGE_CURVE('',#3799,#3835,#3003,.T.);
#8752=ADVANCED_FACE('',(#8751),#8744,.T.);
#8764=ADVANCED_FACE('',(#8763),#8757,.T.);
#8776=ADVANCED_FACE('',(#8775),#8769,.T.);
#8788=ADVANCED_FACE('',(#8787),#8781,.T.);
#8796=EDGE_CURVE('',#3740,#3737,#3019,.T.);
#8798=EDGE_CURVE('',#3747,#3740,#3027,.T.);
#8800=EDGE_CURVE('',#3747,#3744,#3191,.T.);
#8804=ADVANCED_FACE('',(#8803),#8793,.T.);
#8816=ADVANCED_FACE('',(#8815),#8809,.T.);
#8822=EDGE_CURVE('',#3751,#3727,#3039,.T.);
#8824=EDGE_CURVE('',#3747,#3751,#3183,.T.);
#8831=ADVANCED_FACE('',(#8830),#8821,.F.);
#8837=EDGE_CURVE('',#3749,#3722,#3175,.T.);
#8839=EDGE_CURVE('',#3751,#3749,#3035,.T.);
#8845=EDGE_CURVE('',#4022,#4023,#3043,.T.);
#8847=EDGE_CURVE('',#4027,#4023,#3047,.T.);
#8849=EDGE_CURVE('',#4026,#4027,#3051,.T.);
#8851=EDGE_CURVE('',#4026,#4022,#3055,.T.);
#8855=EDGE_CURVE('',#4135,#4133,#3059,.T.);
#8857=EDGE_CURVE('',#4139,#4135,#3063,.T.);
#8859=EDGE_CURVE('',#4139,#4137,#3067,.T.);
#8861=EDGE_CURVE('',#4137,#4133,#3071,.T.);
#8865=EDGE_CURVE('',#4235,#4233,#3075,.T.);
#8867=EDGE_CURVE('',#4239,#4235,#3079,.T.);
#8869=EDGE_CURVE('',#4239,#4237,#3083,.T.);
#8871=EDGE_CURVE('',#4237,#4233,#3087,.T.);
#8875=EDGE_CURVE('',#4335,#4333,#3091,.T.);
#8877=EDGE_CURVE('',#4339,#4335,#3095,.T.);
#8879=EDGE_CURVE('',#4339,#4337,#3099,.T.);
#8881=EDGE_CURVE('',#4337,#4333,#3103,.T.);
#8885=EDGE_CURVE('',#4471,#4469,#3107,.T.);
#8887=EDGE_CURVE('',#4475,#4471,#3111,.T.);
#8889=EDGE_CURVE('',#4475,#4473,#3115,.T.);
#8891=EDGE_CURVE('',#4473,#4469,#3119,.T.);
#8895=EDGE_CURVE('',#4571,#4569,#3123,.T.);
#8897=EDGE_CURVE('',#4575,#4571,#3127,.T.);
#8899=EDGE_CURVE('',#4575,#4573,#3131,.T.);
#8901=EDGE_CURVE('',#4573,#4569,#3135,.T.);
#8905=EDGE_CURVE('',#4695,#4693,#3139,.T.);
#8907=EDGE_CURVE('',#4699,#4695,#3143,.T.);
#8909=EDGE_CURVE('',#4699,#4697,#3147,.T.);
#8911=EDGE_CURVE('',#4697,#4693,#3151,.T.);
#8915=EDGE_CURVE('',#4795,#4793,#3155,.T.);
#8917=EDGE_CURVE('',#4799,#4795,#3159,.T.);
#8919=EDGE_CURVE('',#4799,#4797,#3163,.T.);
#8921=EDGE_CURVE('',#4797,#4793,#3167,.T.);
#8925=ADVANCED_FACE('',(#8844,#8854,#8864,#8874,#8884,#8894,#8904,#8914,#8924),
#8836,.F.);
#8932=EDGE_CURVE('',#3749,#3733,#3179,.T.);
#8939=ADVANCED_FACE('',(#8938),#8930,.F.);
#8947=EDGE_CURVE('',#3747,#3733,#3195,.T.);
#8952=ADVANCED_FACE('',(#8951),#8944,.T.);
#8964=ADVANCED_FACE('',(#8963),#8957,.T.);
#8971=EDGE_CURVE('',#4033,#4022,#3200,.T.);
#8973=EDGE_CURVE('',#4031,#4033,#3205,.T.);
#8975=EDGE_CURVE('',#4030,#4031,#3209,.T.);
#8977=EDGE_CURVE('',#4023,#4030,#3214,.T.);
#8981=ADVANCED_FACE('',(#8980),#8969,.T.);
#8988=EDGE_CURVE('',#4039,#4026,#3237,.T.);
#8990=EDGE_CURVE('',#4033,#4039,#3218,.T.);
#8995=ADVANCED_FACE('',(#8994),#8986,.T.);
#9002=EDGE_CURVE('',#4027,#4036,#3223,.T.);
#9004=EDGE_CURVE('',#4036,#4037,#3227,.T.);
#9006=EDGE_CURVE('',#4037,#4039,#3232,.T.);
#9011=ADVANCED_FACE('',(#9010),#9000,.F.);
#9019=EDGE_CURVE('',#4030,#4036,#3241,.T.);
#9024=ADVANCED_FACE('',(#9023),#9016,.F.);
#9031=EDGE_CURVE('',#4031,#4037,#3245,.T.);
#9037=ADVANCED_FACE('',(#9036),#9029,.T.);
#9049=ADVANCED_FACE('',(#9048),#9042,.T.);
#9055=EDGE_CURVE('',#4125,#4133,#3250,.T.);
#9057=EDGE_CURVE('',#4123,#4125,#3255,.T.);
#9059=EDGE_CURVE('',#4122,#4123,#3259,.T.);
#9061=EDGE_CURVE('',#4135,#4122,#3264,.T.);
#9066=ADVANCED_FACE('',(#9065),#9054,.T.);
#9074=EDGE_CURVE('',#4131,#4137,#3273,.T.);
#9076=EDGE_CURVE('',#4125,#4131,#3268,.T.);
#9080=ADVANCED_FACE('',(#9079),#9071,.T.);
#9088=EDGE_CURVE('',#4139,#4128,#3278,.T.);
#9090=EDGE_CURVE('',#4128,#4129,#3282,.T.);
#9092=EDGE_CURVE('',#4129,#4131,#3287,.T.);
#9096=ADVANCED_FACE('',(#9095),#9085,.F.);
#9103=EDGE_CURVE('',#4122,#4128,#3291,.T.);
#9109=ADVANCED_FACE('',(#9108),#9101,.F.);
#9116=EDGE_CURVE('',#4123,#4129,#3295,.T.);
#9122=ADVANCED_FACE('',(#9121),#9114,.T.);
#9134=ADVANCED_FACE('',(#9133),#9127,.T.);
#9140=EDGE_CURVE('',#4225,#4233,#3300,.T.);
#9142=EDGE_CURVE('',#4223,#4225,#3305,.T.);
#9144=EDGE_CURVE('',#4222,#4223,#3309,.T.);
#9146=EDGE_CURVE('',#4235,#4222,#3314,.T.);
#9151=ADVANCED_FACE('',(#9150),#9139,.T.);
#9159=EDGE_CURVE('',#4231,#4237,#3323,.T.);
#9161=EDGE_CURVE('',#4225,#4231,#3318,.T.);
#9165=ADVANCED_FACE('',(#9164),#9156,.T.);
#9173=EDGE_CURVE('',#4239,#4228,#3328,.T.);
#9175=EDGE_CURVE('',#4228,#4229,#3332,.T.);
#9177=EDGE_CURVE('',#4229,#4231,#3337,.T.);
#9181=ADVANCED_FACE('',(#9180),#9170,.F.);
#9188=EDGE_CURVE('',#4222,#4228,#3341,.T.);
#9194=ADVANCED_FACE('',(#9193),#9186,.F.);
#9201=EDGE_CURVE('',#4223,#4229,#3345,.T.);
#9207=ADVANCED_FACE('',(#9206),#9199,.T.);
#9219=ADVANCED_FACE('',(#9218),#9212,.T.);
#9225=EDGE_CURVE('',#4325,#4333,#3350,.T.);
#9227=EDGE_CURVE('',#4323,#4325,#3355,.T.);
#9229=EDGE_CURVE('',#4322,#4323,#3359,.T.);
#9231=EDGE_CURVE('',#4335,#4322,#3364,.T.);
#9236=ADVANCED_FACE('',(#9235),#9224,.T.);
#9244=EDGE_CURVE('',#4331,#4337,#3373,.T.);
#9246=EDGE_CURVE('',#4325,#4331,#3368,.T.);
#9250=ADVANCED_FACE('',(#9249),#9241,.T.);
#9258=EDGE_CURVE('',#4339,#4328,#3378,.T.);
#9260=EDGE_CURVE('',#4328,#4329,#3382,.T.);
#9262=EDGE_CURVE('',#4329,#4331,#3387,.T.);
#9266=ADVANCED_FACE('',(#9265),#9255,.F.);
#9273=EDGE_CURVE('',#4322,#4328,#3391,.T.);
#9279=ADVANCED_FACE('',(#9278),#9271,.F.);
#9286=EDGE_CURVE('',#4323,#4329,#3395,.T.);
#9292=ADVANCED_FACE('',(#9291),#9284,.T.);
#9304=ADVANCED_FACE('',(#9303),#9297,.T.);
#9310=EDGE_CURVE('',#4461,#4469,#3400,.T.);
#9312=EDGE_CURVE('',#4459,#4461,#3405,.T.);
#9314=EDGE_CURVE('',#4458,#4459,#3409,.T.);
#9316=EDGE_CURVE('',#4471,#4458,#3414,.T.);
#9321=ADVANCED_FACE('',(#9320),#9309,.T.);
#9329=EDGE_CURVE('',#4467,#4473,#3423,.T.);
#9331=EDGE_CURVE('',#4461,#4467,#3418,.T.);
#9335=ADVANCED_FACE('',(#9334),#9326,.T.);
#9343=EDGE_CURVE('',#4475,#4464,#3428,.T.);
#9345=EDGE_CURVE('',#4464,#4465,#3432,.T.);
#9347=EDGE_CURVE('',#4465,#4467,#3437,.T.);
#9351=ADVANCED_FACE('',(#9350),#9340,.F.);
#9358=EDGE_CURVE('',#4458,#4464,#3441,.T.);
#9364=ADVANCED_FACE('',(#9363),#9356,.F.);
#9371=EDGE_CURVE('',#4459,#4465,#3445,.T.);
#9377=ADVANCED_FACE('',(#9376),#9369,.T.);
#9389=ADVANCED_FACE('',(#9388),#9382,.T.);
#9395=EDGE_CURVE('',#4561,#4569,#3450,.T.);
#9397=EDGE_CURVE('',#4559,#4561,#3455,.T.);
#9399=EDGE_CURVE('',#4558,#4559,#3459,.T.);
#9401=EDGE_CURVE('',#4571,#4558,#3464,.T.);
#9406=ADVANCED_FACE('',(#9405),#9394,.T.);
#9414=EDGE_CURVE('',#4567,#4573,#3473,.T.);
#9416=EDGE_CURVE('',#4561,#4567,#3468,.T.);
#9420=ADVANCED_FACE('',(#9419),#9411,.T.);
#9428=EDGE_CURVE('',#4575,#4564,#3478,.T.);
#9430=EDGE_CURVE('',#4564,#4565,#3482,.T.);
#9432=EDGE_CURVE('',#4565,#4567,#3487,.T.);
#9436=ADVANCED_FACE('',(#9435),#9425,.F.);
#9443=EDGE_CURVE('',#4558,#4564,#3491,.T.);
#9449=ADVANCED_FACE('',(#9448),#9441,.F.);
#9456=EDGE_CURVE('',#4559,#4565,#3495,.T.);
#9462=ADVANCED_FACE('',(#9461),#9454,.T.);
#9474=ADVANCED_FACE('',(#9473),#9467,.T.);
#9480=EDGE_CURVE('',#4685,#4693,#3500,.T.);
#9482=EDGE_CURVE('',#4683,#4685,#3505,.T.);
#9484=EDGE_CURVE('',#4682,#4683,#3509,.T.);
#9486=EDGE_CURVE('',#4695,#4682,#3514,.T.);
#9491=ADVANCED_FACE('',(#9490),#9479,.T.);
#9499=EDGE_CURVE('',#4691,#4697,#3523,.T.);
#9501=EDGE_CURVE('',#4685,#4691,#3518,.T.);
#9505=ADVANCED_FACE('',(#9504),#9496,.T.);
#9513=EDGE_CURVE('',#4699,#4688,#3528,.T.);
#9515=EDGE_CURVE('',#4688,#4689,#3532,.T.);
#9517=EDGE_CURVE('',#4689,#4691,#3537,.T.);
#9521=ADVANCED_FACE('',(#9520),#9510,.F.);
#9528=EDGE_CURVE('',#4682,#4688,#3541,.T.);
#9534=ADVANCED_FACE('',(#9533),#9526,.F.);
#9541=EDGE_CURVE('',#4683,#4689,#3545,.T.);
#9547=ADVANCED_FACE('',(#9546),#9539,.T.);
#9559=ADVANCED_FACE('',(#9558),#9552,.T.);
#9565=EDGE_CURVE('',#4785,#4793,#3550,.T.);
#9567=EDGE_CURVE('',#4783,#4785,#3555,.T.);
#9569=EDGE_CURVE('',#4782,#4783,#3559,.T.);
#9571=EDGE_CURVE('',#4795,#4782,#3564,.T.);
#9576=ADVANCED_FACE('',(#9575),#9564,.T.);
#9584=EDGE_CURVE('',#4791,#4797,#3573,.T.);
#9586=EDGE_CURVE('',#4785,#4791,#3568,.T.);
#9590=ADVANCED_FACE('',(#9589),#9581,.T.);
#9598=EDGE_CURVE('',#4799,#4788,#3578,.T.);
#9600=EDGE_CURVE('',#4788,#4789,#3582,.T.);
#9602=EDGE_CURVE('',#4789,#4791,#3587,.T.);
#9606=ADVANCED_FACE('',(#9605),#9595,.F.);
#9613=EDGE_CURVE('',#4782,#4788,#3591,.T.);
#9619=ADVANCED_FACE('',(#9618),#9611,.F.);
#9626=EDGE_CURVE('',#4783,#4789,#3595,.T.);
#9632=ADVANCED_FACE('',(#9631),#9624,.T.);
#9644=ADVANCED_FACE('',(#9643),#9637,.T.);
#9651=EDGE_CURVE('',#3783,#3771,#3603,.T.);
#9653=EDGE_CURVE('',#3782,#3783,#3663,.T.);
#9658=ADVANCED_FACE('',(#9657),#9649,.F.);
#9665=EDGE_CURVE('',#3773,#3785,#3607,.T.);
#9667=EDGE_CURVE('',#3785,#3783,#3667,.T.);
#9672=ADVANCED_FACE('',(#9671),#9663,.F.);
#9680=EDGE_CURVE('',#3754,#3755,#3615,.T.);
#9682=EDGE_CURVE('',#3755,#3757,#3619,.T.);
#9684=EDGE_CURVE('',#3757,#3759,#3623,.T.);
#9686=EDGE_CURVE('',#3759,#3785,#3627,.T.);
#9690=ADVANCED_FACE('',(#9689),#9677,.T.);
#9698=EDGE_CURVE('',#3762,#3763,#3651,.T.);
#9700=EDGE_CURVE('',#3755,#3763,#3687,.T.);
#9704=ADVANCED_FACE('',(#9703),#9695,.T.);
#9710=EDGE_CURVE('',#3776,#3788,#3635,.T.);
#9712=EDGE_CURVE('',#3767,#3788,#3639,.T.);
#9714=EDGE_CURVE('',#3765,#3767,#3643,.T.);
#9716=EDGE_CURVE('',#3763,#3765,#3647,.T.);
#9722=ADVANCED_FACE('',(#9721),#9709,.T.);
#9729=EDGE_CURVE('',#3789,#3777,#3659,.T.);
#9731=EDGE_CURVE('',#3788,#3789,#3675,.T.);
#9736=ADVANCED_FACE('',(#9735),#9727,.F.);
#9744=EDGE_CURVE('',#3791,#3789,#3679,.T.);
#9749=ADVANCED_FACE('',(#9748),#9741,.F.);
#9758=EDGE_CURVE('',#3759,#3767,#3671,.T.);
#9766=ADVANCED_FACE('',(#9765),#9754,.T.);
#9773=EDGE_CURVE('',#3757,#3765,#3683,.T.);
#9779=ADVANCED_FACE('',(#9778),#9771,.T.);
#9791=ADVANCED_FACE('',(#9790),#9784,.T.);
#9792=CLOSED_SHELL('',(#4919,#4953,#4980,#4995,#5073,#5143,#5157,#5171,#5185,
#5199,#5213,#5227,#5241,#5255,#5269,#5282,#5303,#5330,#5343,#5356,#5369,#5382,
#5395,#5408,#5421,#5506,#5520,#5534,#5548,#5562,#5576,#5590,#5603,#5630,#5662,
#5687,#5701,#5732,#5757,#5770,#5783,#5796,#5809,#5822,#5835,#5848,#5861,#5874,
#5886,#5899,#5912,#5925,#5938,#5951,#5964,#5976,#6008,#6033,#6047,#6078,#6103,
#6116,#6129,#6142,#6155,#6168,#6181,#6194,#6207,#6220,#6232,#6245,#6258,#6271,
#6284,#6297,#6310,#6322,#6354,#6379,#6393,#6424,#6449,#6462,#6475,#6488,#6501,
#6514,#6527,#6540,#6553,#6566,#6578,#6591,#6604,#6617,#6630,#6643,#6656,#6668,
#6700,#6725,#6739,#6770,#6795,#6808,#6821,#6834,#6847,#6860,#6873,#6886,#6899,
#6912,#6924,#6937,#6950,#6963,#6976,#6989,#7002,#7014,#7046,#7071,#7085,#7116,
#7141,#7154,#7167,#7180,#7193,#7206,#7219,#7232,#7245,#7258,#7270,#7283,#7296,
#7309,#7322,#7335,#7348,#7360,#7392,#7417,#7431,#7462,#7487,#7500,#7513,#7526,
#7539,#7552,#7565,#7578,#7591,#7604,#7616,#7629,#7642,#7655,#7668,#7681,#7694,
#7706,#7738,#7763,#7777,#7808,#7833,#7846,#7859,#7872,#7885,#7898,#7911,#7924,
#7937,#7950,#7962,#7975,#7988,#8001,#8014,#8027,#8040,#8052,#8066,#8088,#8127,
#8141,#8164,#8192,#8208,#8222,#8237,#8250,#8263,#8276,#8289,#8302,#8314,#8326,
#8339,#8352,#8365,#8378,#8390,#8412,#8429,#8454,#8479,#8506,#8521,#8540,#8578,
#8591,#8604,#8617,#8630,#8643,#8656,#8671,#8685,#8700,#8713,#8726,#8739,#8752,
#8764,#8776,#8788,#8804,#8816,#8831,#8925,#8939,#8952,#8964,#8981,#8995,#9011,
#9024,#9037,#9049,#9066,#9080,#9096,#9109,#9122,#9134,#9151,#9165,#9181,#9194,
#9207,#9219,#9236,#9250,#9266,#9279,#9292,#9304,#9321,#9335,#9351,#9364,#9377,
#9389,#9406,#9420,#9436,#9449,#9462,#9474,#9491,#9505,#9521,#9534,#9547,#9559,
#9576,#9590,#9606,#9619,#9632,#9644,#9658,#9672,#9690,#9704,#9722,#9736,#9749,
#9766,#9779,#9791));
#9793=MANIFOLD_SOLID_BREP('',#9792);
#9826=(LENGTH_UNIT()NAMED_UNIT(*)SI_UNIT(.MILLI.,.METRE.));
#9827=(NAMED_UNIT(*)PLANE_ANGLE_UNIT()SI_UNIT($,.RADIAN.));
#9830=(NAMED_UNIT(*)SI_UNIT($,.STERADIAN.)SOLID_ANGLE_UNIT());
#9832=(GEOMETRIC_REPRESENTATION_CONTEXT(3)GLOBAL_UNCERTAINTY_ASSIGNED_CONTEXT((
#9831))GLOBAL_UNIT_ASSIGNED_CONTEXT((#9826,#9829,#9830))REPRESENTATION_CONTEXT(
'ID1','3'));
#9833=ADVANCED_BREP_SHAPE_REPRESENTATION('',(#9793),#9832);
#9840=PRODUCT_DEFINITION('part definition','',#9839,#9836);
#9841=PRODUCT_DEFINITION_SHAPE('','SHAPE FOR C-2495219-8.',#9840);
#9842=SHAPE_ASPECT('','solid data associated with C-2495219-8',#9841,.F.);
#9843=PROPERTY_DEFINITION('',
'shape for solid data with which properties are associated',#9842);
#9844=SHAPE_REPRESENTATION('',(#9793),#9832);
#9845=SHAPE_DEFINITION_REPRESENTATION(#9843,#9844);
#9846=(LENGTH_UNIT()NAMED_UNIT(*)SI_UNIT(.MILLI.,.METRE.));
#9850=PROPERTY_DEFINITION('geometric validation property','area of C-2495219-8',
#9842);
#9851=REPRESENTATION('surface area',(#9849),#9832);
#9852=PROPERTY_DEFINITION_REPRESENTATION(#9850,#9851);
#9853=(LENGTH_UNIT()NAMED_UNIT(*)SI_UNIT(.MILLI.,.METRE.));
#9857=PROPERTY_DEFINITION('geometric validation property',
'volume of C-2495219-8',#9842);
#9858=REPRESENTATION('volume',(#9856),#9832);
#9859=PROPERTY_DEFINITION_REPRESENTATION(#9857,#9858);
#9861=PROPERTY_DEFINITION('geometric validation property',
'centroid of C-2495219-8',#9842);
#9862=REPRESENTATION('centroid',(#9860),#9832);
#9863=PROPERTY_DEFINITION_REPRESENTATION(#9861,#9862);
#9864=(LENGTH_UNIT()NAMED_UNIT(*)SI_UNIT(.MILLI.,.METRE.));
#9868=PROPERTY_DEFINITION('geometric validation property','area of C-2495219-8',
#9841);
#9869=REPRESENTATION('surface area',(#9867),#9832);
#9870=PROPERTY_DEFINITION_REPRESENTATION(#9868,#9869);
#9871=(LENGTH_UNIT()NAMED_UNIT(*)SI_UNIT(.MILLI.,.METRE.));
#9875=PROPERTY_DEFINITION('geometric validation property',
'volume of C-2495219-8',#9841);
#9876=REPRESENTATION('volume',(#9874),#9832);
#9877=PROPERTY_DEFINITION_REPRESENTATION(#9875,#9876);
#9879=PROPERTY_DEFINITION('geometric validation property',
'centroid of C-2495219-8',#9841);
#9880=REPRESENTATION('centroid',(#9878),#9832);
#9881=PROPERTY_DEFINITION_REPRESENTATION(#9879,#9880);
#9882=SHAPE_DEFINITION_REPRESENTATION(#9841,#9833);
ENDSEC;
END-ISO-10303-21;
