ISO-10303-21;
HEADER;
FILE_DESCRIPTION (( 'STEP AP203' ),
    '1' );
FILE_NAME ('CUI_DEVICES_CMM-3729AT-42308-TR.step',
    '2019-10-20T21:54:12',
    ( '' ),
    ( '' ),
    'SwSTEP 2.0',
    'SolidWorks 2019',
    '' );
FILE_SCHEMA (( 'CONFIG_CONTROL_DESIGN' ));
ENDSEC;

DATA;
#1 = DIRECTION ( 'NONE',  ( 0.0000000000000000000, 1.000000000000000000, 0.0000000000000000000 ) ) ;
#2 = ORIENTED_EDGE ( 'NONE', *, *, #1207, .T. ) ;
#3 = CARTESIAN_POINT ( 'NONE',  ( -0.05807086614173229133, 0.0000000000000000000, -0.07401574803149606196 ) ) ;
#4 = ADVANCED_FACE ( 'NONE', ( #197 ), #656, .T. ) ;
#5 = CYLINDRICAL_SURFACE ( 'NONE', #1459, 0.009842519685039369942 ) ;
#6 = ORIENTED_EDGE ( 'NONE', *, *, #48, .F. ) ;
#7 = LINE ( 'NONE', #481, #350 ) ;
#8 = APPLICATION_PROTOCOL_DEFINITION ( 'international standard', 'config_control_design', 1994, #782 ) ;
#9 = CIRCLE ( 'NONE', #772, 0.009842519685039369942 ) ;
#10 = FACE_OUTER_BOUND ( 'NONE', #264, .T. ) ;
#11 = AXIS2_PLACEMENT_3D ( 'NONE', #94, #1451, #1471 ) ;
#12 = DIRECTION ( 'NONE',  ( 0.0000000000000000000, 0.7071067811865473507, -0.7071067811865477948 ) ) ;
#13 = EDGE_LOOP ( 'NONE', ( #863, #911, #255, #285 ) ) ;
#14 = AXIS2_PLACEMENT_3D ( 'NONE', #867, #1312, #645 ) ;
#15 = CARTESIAN_POINT ( 'NONE',  ( -0.05807086614173229133, 0.01181102362204724393, 0.07401574803149606196 ) ) ;
#16 = CARTESIAN_POINT ( 'NONE',  ( 0.05610236220472441387, 0.01181102362204724393, 0.06220472440944882497 ) ) ;
#17 = CARTESIAN_POINT ( 'NONE',  ( 0.04625984251968504046, 0.01181102362204724393, -0.06220472440944882497 ) ) ;
#18 = ORIENTED_EDGE ( 'NONE', *, *, #1466, .T. ) ;
#19 = DIRECTION ( 'NONE',  ( -0.7071067811865473507, 0.7071067811865477948, 0.0000000000000000000 ) ) ;
#20 = EDGE_CURVE ( 'NONE', #480, #798, #1014, .T. ) ;
#21 = DIRECTION ( 'NONE',  ( 0.0000000000000000000, 0.0000000000000000000, 1.000000000000000000 ) ) ;
#22 = VERTEX_POINT ( 'NONE', #1016 ) ;
#23 = FACE_OUTER_BOUND ( 'NONE', #184, .T. ) ;
#24 = PLANE ( 'NONE',  #689 ) ;
#25 = ORIENTED_EDGE ( 'NONE', *, *, #755, .F. ) ;
#26 = DIRECTION ( 'NONE',  ( 0.0000000000000000000, 1.000000000000000000, 0.0000000000000000000 ) ) ;
#27 = DATE_AND_TIME ( #160, #690 ) ;
#28 = ADVANCED_FACE ( 'NONE', ( #335 ), #97, .T. ) ;
#29 = ORIENTED_EDGE ( 'NONE', *, *, #630, .F. ) ;
#30 = CARTESIAN_POINT ( 'NONE',  ( -0.03346456692913385433, -7.874015748031495683E-05, 0.04842519685039370358 ) ) ;
#31 = DIRECTION ( 'NONE',  ( 0.0000000000000000000, -1.000000000000000000, -1.776356839399999922E-14 ) ) ;
#32 = ORIENTED_EDGE ( 'NONE', *, *, #86, .T. ) ;
#33 = VECTOR ( 'NONE', #903, 39.37007874015748143 ) ;
#34 = LINE ( 'NONE', #1074, #1047 ) ;
#35 = CIRCLE ( 'NONE', #493, 0.009842519685039369942 ) ;
#36 = AXIS2_PLACEMENT_3D ( 'NONE', #1186, #323, #1301 ) ;
#37 = EDGE_CURVE ( 'NONE', #176, #915, #655, .T. ) ;
#38 = EDGE_LOOP ( 'NONE', ( #501, #588, #1449, #980 ) ) ;
#39 = EDGE_CURVE ( 'NONE', #637, #1239, #489, .T. ) ;
#40 = DIRECTION ( 'NONE',  ( 0.0000000000000000000, -1.000000000000000000, 0.0000000000000000000 ) ) ;
#41 = VERTEX_POINT ( 'NONE', #212 ) ;
#42 = DIRECTION ( 'NONE',  ( -0.7071067811865475727, 0.0000000000000000000, -0.7071067811865475727 ) ) ;
#43 = DATE_AND_TIME ( #826, #280 ) ;
#44 = VERTEX_POINT ( 'NONE', #123 ) ;
#45 = CARTESIAN_POINT ( 'NONE',  ( 0.0000000000000000000, 0.04330708661417323468, -0.02755905511811023584 ) ) ;
#46 = SPHERICAL_SURFACE ( 'NONE', #1391, 0.009842519685039369942 ) ;
#47 = ORIENTED_EDGE ( 'NONE', *, *, #149, .F. ) ;
#48 = EDGE_CURVE ( 'NONE', #1287, #368, #1313, .T. ) ;
#49 = DIRECTION ( 'NONE',  ( 1.000000000000000000, 0.0000000000000000000, 0.0000000000000000000 ) ) ;
#50 = SECURITY_CLASSIFICATION_LEVEL ( 'unclassified' ) ;
#51 = ORIENTED_EDGE ( 'NONE', *, *, #1112, .T. ) ;
#52 = DIRECTION ( 'NONE',  ( 1.000000000000000000, 0.0000000000000000000, 0.0000000000000000000 ) ) ;
#53 = CARTESIAN_POINT ( 'NONE',  ( 0.04035433070866141503, 0.04330708661417323468, -0.05629921259842520648 ) ) ;
#54 = ORIENTED_EDGE ( 'NONE', *, *, #357, .F. ) ;
#55 = EDGE_LOOP ( 'NONE', ( #356, #625, #231, #334 ) ) ;
#56 = VECTOR ( 'NONE', #461, 39.37007874015748143 ) ;
#57 = VECTOR ( 'NONE', #634, 39.37007874015748143 ) ;
#58 = CARTESIAN_POINT ( 'NONE',  ( -0.04035433070866141503, 0.03346456692913385433, 0.05629921259842520648 ) ) ;
#59 = EDGE_CURVE ( 'NONE', #1208, #628, #811, .T. ) ;
#60 = CIRCLE ( 'NONE', #871, 0.01574803149606299191 ) ;
#61 = CARTESIAN_POINT ( 'NONE',  ( -0.01771653543307086243, 0.0000000000000000000, 0.04842519685039370358 ) ) ;
#62 = AXIS2_PLACEMENT_3D ( 'NONE', #221, #916, #1037 ) ;
#63 = COORDINATED_UNIVERSAL_TIME_OFFSET ( 0, 0, .AHEAD. ) ;
#64 = AXIS2_PLACEMENT_3D ( 'NONE', #1061, #1283, #1072 ) ;
#65 = ORIENTED_EDGE ( 'NONE', *, *, #563, .F. ) ;
#66 = DIRECTION ( 'NONE',  ( -1.000000000000000000, 0.0000000000000000000, 0.0000000000000000000 ) ) ;
#67 = ORIENTED_EDGE ( 'NONE', *, *, #1466, .F. ) ;
#68 = DIRECTION ( 'NONE',  ( -1.000000000000000000, 0.0000000000000000000, 0.0000000000000000000 ) ) ;
#69 = EDGE_CURVE ( 'NONE', #629, #1330, #270, .T. ) ;
#70 = DIRECTION ( 'NONE',  ( 0.0000000000000000000, -1.000000000000000000, 0.0000000000000000000 ) ) ;
#71 = EDGE_LOOP ( 'NONE', ( #1106, #936, #1442 ) ) ;
#72 = ORIENTED_EDGE ( 'NONE', *, *, #357, .T. ) ;
#73 = LINE ( 'NONE', #1257, #1226 ) ;
#74 = DIRECTION ( 'NONE',  ( 0.0000000000000000000, 0.0000000000000000000, 1.000000000000000000 ) ) ;
#75 = EDGE_CURVE ( 'NONE', #1015, #1089, #692, .T. ) ;
#76 = ORIENTED_EDGE ( 'NONE', *, *, #422, .T. ) ;
#77 = CARTESIAN_POINT ( 'NONE',  ( -0.05019685039370078150, 0.01279527559055118439, -0.05629921259842520648 ) ) ;
#78 = ORIENTED_EDGE ( 'NONE', *, *, #193, .T. ) ;
#79 = VECTOR ( 'NONE', #195, 39.37007874015748143 ) ;
#80 = CARTESIAN_POINT ( 'NONE',  ( -0.05019685039370078150, 0.03346456692913385433, -0.05629921259842520648 ) ) ;
#81 = AXIS2_PLACEMENT_3D ( 'NONE', #1131, #555, #103 ) ;
#82 = FACE_OUTER_BOUND ( 'NONE', #1232, .T. ) ;
#83 = CARTESIAN_POINT ( 'NONE',  ( -0.04035433070866141503, 0.03346456692913385433, 0.05629921259842520648 ) ) ;
#84 = AXIS2_PLACEMENT_3D ( 'NONE', #170, #1012, #1006 ) ;
#85 = CIRCLE ( 'NONE', #326, 0.01574803149606299191 ) ;
#86 = EDGE_CURVE ( 'NONE', #609, #1026, #9, .T. ) ;
#87 = DIRECTION ( 'NONE',  ( 0.0000000000000000000, 0.7071067811865473507, -0.7071067811865477948 ) ) ;
#88 = PLANE ( 'NONE',  #926 ) ;
#89 = CARTESIAN_POINT ( 'NONE',  ( 0.05807086614173229133, 0.01181102362204724393, 0.07401574803149606196 ) ) ;
#90 = ORIENTED_EDGE ( 'NONE', *, *, #307, .T. ) ;
#91 = LINE ( 'NONE', #912, #967 ) ;
#92 = DIRECTION ( 'NONE',  ( -1.000000000000000000, 0.0000000000000000000, 0.0000000000000000000 ) ) ;
#93 = EDGE_CURVE ( 'NONE', #1015, #1343, #1374, .T. ) ;
#94 = CARTESIAN_POINT ( 'NONE',  ( -0.03346456692913385433, 0.0000000000000000000, 0.04842519685039370358 ) ) ;
#95 = CARTESIAN_POINT ( 'NONE',  ( 0.04035433070866141503, 0.03346456692913385433, 0.05629921259842520648 ) ) ;
#96 = ORIENTED_EDGE ( 'NONE', *, *, #873, .T. ) ;
#97 = CYLINDRICAL_SURFACE ( 'NONE', #589, 0.009842519685039369942 ) ;
#98 = PLANE ( 'NONE',  #951 ) ;
#99 = EDGE_LOOP ( 'NONE', ( #380, #1298, #361, #1258 ) ) ;
#100 = EDGE_CURVE ( 'NONE', #725, #453, #91, .T. ) ;
#101 = DIRECTION ( 'NONE',  ( 0.0000000000000000000, 1.000000000000000000, 0.0000000000000000000 ) ) ;
#102 = MECHANICAL_CONTEXT ( 'NONE', #750, 'mechanical' ) ;
#103 = DIRECTION ( 'NONE',  ( -1.000000000000000000, 0.0000000000000000000, 0.0000000000000000000 ) ) ;
#104 = AXIS2_PLACEMENT_3D ( 'NONE', #1346, #340, #548 ) ;
#105 = ORIENTED_EDGE ( 'NONE', *, *, #1221, .T. ) ;
#106 = VECTOR ( 'NONE', #989, 39.37007874015748143 ) ;
#107 = DIRECTION ( 'NONE',  ( 1.000000000000000000, 0.0000000000000000000, 0.0000000000000000000 ) ) ;
#108 = VECTOR ( 'NONE', #638, 39.37007874015748143 ) ;
#109 = DIRECTION ( 'NONE',  ( 1.000000000000000000, 0.0000000000000000000, 0.0000000000000000000 ) ) ;
#110 = ORIENTED_EDGE ( 'NONE', *, *, #820, .F. ) ;
#111 = FACE_OUTER_BOUND ( 'NONE', #642, .T. ) ;
#112 = CARTESIAN_POINT ( 'NONE',  ( -0.05807086614173229133, 0.0000000000000000000, -0.07401574803149606196 ) ) ;
#113 = DIRECTION ( 'NONE',  ( 0.0000000000000000000, -1.000000000000000000, 0.0000000000000000000 ) ) ;
#114 = ADVANCED_FACE ( 'NONE', ( #1256 ), #1027, .T. ) ;
#115 = EDGE_LOOP ( 'NONE', ( #460, #918, #887, #122 ) ) ;
#116 = DIRECTION ( 'NONE',  ( 0.0000000000000000000, -1.000000000000000000, 0.0000000000000000000 ) ) ;
#117 = CARTESIAN_POINT ( 'NONE',  ( -0.04625984251968504046, 0.01279527559055118439, -0.07204724409448819145 ) ) ;
#118 = EDGE_LOOP ( 'NONE', ( #578, #904, #1373, #613 ) ) ;
#119 = CARTESIAN_POINT ( 'NONE',  ( -0.009842519685039369942, 0.02755905511811023584, -0.02755905511811023584 ) ) ;
#120 = PERSON_AND_ORGANIZATION_ROLE ( 'design_owner' ) ;
#121 = CC_DESIGN_PERSON_AND_ORGANIZATION_ASSIGNMENT ( #287, #372, ( #1253 ) ) ;
#122 = ORIENTED_EDGE ( 'NONE', *, *, #804, .F. ) ;
#123 = CARTESIAN_POINT ( 'NONE',  ( -0.04035433070866141503, 0.03346456692913385433, -0.06614173228346457989 ) ) ;
#124 = CARTESIAN_POINT ( 'NONE',  ( 0.05019685039370078150, 0.03346456692913385433, 0.05629921259842520648 ) ) ;
#125 = ORIENTED_EDGE ( 'NONE', *, *, #966, .T. ) ;
#126 = PLANE ( 'NONE',  #467 ) ;
#127 = PERSON_AND_ORGANIZATION ( #1168, #1392 ) ;
#128 = AXIS2_PLACEMENT_3D ( 'NONE', #1365, #852, #1070 ) ;
#129 = VECTOR ( 'NONE', #139, 39.37007874015748143 ) ;
#130 = DIRECTION ( 'NONE',  ( -1.000000000000000000, 0.0000000000000000000, 0.0000000000000000000 ) ) ;
#131 = CIRCLE ( 'NONE', #1091, 0.01574803149606299538 ) ;
#132 = CARTESIAN_POINT ( 'NONE',  ( 0.05019685039370078150, 0.01181102362204724393, 0.06614173228346457989 ) ) ;
#133 = ORIENTED_EDGE ( 'NONE', *, *, #444, .T. ) ;
#134 = ADVANCED_FACE ( 'NONE', ( #1356 ), #237, .T. ) ;
#135 = DIRECTION ( 'NONE',  ( 0.0000000000000000000, -1.000000000000000000, 0.0000000000000000000 ) ) ;
#136 = AXIS2_PLACEMENT_3D ( 'NONE', #1038, #583, #599 ) ;
#137 =( LENGTH_UNIT ( ) NAMED_UNIT ( * ) SI_UNIT ( $, .METRE. ) );
#138 = ORIENTED_EDGE ( 'NONE', *, *, #269, .F. ) ;
#139 = DIRECTION ( 'NONE',  ( 0.0000000000000000000, -1.000000000000000000, 0.0000000000000000000 ) ) ;
#140 = CARTESIAN_POINT ( 'NONE',  ( 0.04625984251968504046, 0.01279527559055118439, 0.07204724409448819145 ) ) ;
#141 = ORIENTED_EDGE ( 'NONE', *, *, #344, .T. ) ;
#142 = FACE_OUTER_BOUND ( 'NONE', #1359, .T. ) ;
#143 = ADVANCED_FACE ( 'NONE', ( #328 ), #228, .T. ) ;
#144 = ORIENTED_EDGE ( 'NONE', *, *, #621, .T. ) ;
#145 = CARTESIAN_POINT ( 'NONE',  ( 0.04625984251968504046, 0.01181102362204724393, 0.07204724409448819145 ) ) ;
#146 = CARTESIAN_POINT ( 'NONE',  ( -0.05019685039370078150, 0.03346456692913385433, 0.05629921259842520648 ) ) ;
#147 = ORIENTED_EDGE ( 'NONE', *, *, #69, .T. ) ;
#148 = DIRECTION ( 'NONE',  ( 0.0000000000000000000, 0.0000000000000000000, 1.000000000000000000 ) ) ;
#149 = EDGE_CURVE ( 'NONE', #766, #1216, #1034, .T. ) ;
#150 = ADVANCED_FACE ( 'NONE', ( #10 ), #919, .T. ) ;
#151 = VERTEX_POINT ( 'NONE', #145 ) ;
#152 = LINE ( 'NONE', #1049, #1064 ) ;
#153 = CIRCLE ( 'NONE', #1429, 0.009842519685039368207 ) ;
#154 = LINE ( 'NONE', #705, #542 ) ;
#155 = ORIENTED_EDGE ( 'NONE', *, *, #596, .T. ) ;
#156 = VECTOR ( 'NONE', #465, 39.37007874015748143 ) ;
#157 = DIRECTION ( 'NONE',  ( 1.000000000000000000, 0.0000000000000000000, 0.0000000000000000000 ) ) ;
#158 = AXIS2_PLACEMENT_3D ( 'NONE', #1042, #245, #254 ) ;
#159 = CIRCLE ( 'NONE', #660, 0.009842519685039369942 ) ;
#160 = CALENDAR_DATE ( 2019, 20, 10 ) ;
#161 = CC_DESIGN_APPROVAL ( #1419, ( #1228 ) ) ;
#162 = ADVANCED_FACE ( 'NONE', ( #244, #492, #842, #265, #607 ), #394, .F. ) ;
#163 = VERTEX_POINT ( 'NONE', #272 ) ;
#164 = DIRECTION ( 'NONE',  ( 0.0000000000000000000, 0.0000000000000000000, -1.000000000000000000 ) ) ;
#165 = DIRECTION ( 'NONE',  ( 0.0000000000000000000, -1.000000000000000000, 0.0000000000000000000 ) ) ;
#166 = ORIENTED_EDGE ( 'NONE', *, *, #621, .F. ) ;
#167 = PLANE ( 'NONE',  #971 ) ;
#168 = CARTESIAN_POINT ( 'NONE',  ( -0.05610236220472441387, 0.01279527559055118439, -0.06220472440944882497 ) ) ;
#169 = EDGE_CURVE ( 'NONE', #915, #176, #319, .T. ) ;
#170 = CARTESIAN_POINT ( 'NONE',  ( -0.04625984251968504046, 0.01279527559055118439, -0.06220472440944882497 ) ) ;
#171 = ORIENTED_EDGE ( 'NONE', *, *, #149, .T. ) ;
#172 = CARTESIAN_POINT ( 'NONE',  ( 0.04035433070866141503, 0.09986485039370079919, -0.05629921259842520648 ) ) ;
#173 = DIRECTION ( 'NONE',  ( 0.0000000000000000000, -1.000000000000000000, 0.0000000000000000000 ) ) ;
#174 = DATE_TIME_ROLE ( 'creation_date' ) ;
#175 = DIRECTION ( 'NONE',  ( 0.0000000000000000000, 0.0000000000000000000, 1.000000000000000000 ) ) ;
#176 = VERTEX_POINT ( 'NONE', #1399 ) ;
#177 = CIRCLE ( 'NONE', #374, 0.009842519685039369942 ) ;
#178 = CARTESIAN_POINT ( 'NONE',  ( -0.04035433070866141503, 0.03346456692913385433, 0.06614173228346457989 ) ) ;
#179 = EDGE_CURVE ( 'NONE', #1420, #1015, #962, .T. ) ;
#180 = CIRCLE ( 'NONE', #751, 0.009842519685039369942 ) ;
#181 = CARTESIAN_POINT ( 'NONE',  ( -0.05610236220472441387, 0.01279527559055118439, 0.06220472440944882497 ) ) ;
#182 = CIRCLE ( 'NONE', #1434, 0.01574803149606299538 ) ;
#183 = AXIS2_PLACEMENT_3D ( 'NONE', #1241, #219, #455 ) ;
#184 = EDGE_LOOP ( 'NONE', ( #437, #414, #198 ) ) ;
#185 = LINE ( 'NONE', #178, #108 ) ;
#186 = ADVANCED_FACE ( 'NONE', ( #251 ), #704, .T. ) ;
#187 = DIRECTION ( 'NONE',  ( 1.000000000000000000, 0.0000000000000000000, 0.0000000000000000000 ) ) ;
#188 = VERTEX_POINT ( 'NONE', #16 ) ;
#189 = FACE_OUTER_BOUND ( 'NONE', #1348, .T. ) ;
#190 = VERTEX_POINT ( 'NONE', #593 ) ;
#191 = ORIENTED_EDGE ( 'NONE', *, *, #100, .F. ) ;
#192 = FACE_OUTER_BOUND ( 'NONE', #743, .T. ) ;
#193 = EDGE_CURVE ( 'NONE', #1033, #1144, #152, .T. ) ;
#194 = DIRECTION ( 'NONE',  ( 0.0000000000000000000, -1.000000000000000000, 0.0000000000000000000 ) ) ;
#195 = DIRECTION ( 'NONE',  ( 1.000000000000000000, 0.0000000000000000000, 0.0000000000000000000 ) ) ;
#196 = EDGE_CURVE ( 'NONE', #675, #1364, #223, .T. ) ;
#197 = FACE_OUTER_BOUND ( 'NONE', #1355, .T. ) ;
#198 = ORIENTED_EDGE ( 'NONE', *, *, #586, .T. ) ;
#199 = CARTESIAN_POINT ( 'NONE',  ( 0.04921259842519685318, -7.874015748031495683E-05, -0.04842519685039370358 ) ) ;
#200 = CIRCLE ( 'NONE', #825, 0.009842519685039369942 ) ;
#201 = VECTOR ( 'NONE', #135, 39.37007874015748143 ) ;
#202 = CARTESIAN_POINT ( 'NONE',  ( -0.04035433070866141503, 0.09986485039370079919, -0.05629921259842520648 ) ) ;
#203 = DIRECTION ( 'NONE',  ( 0.0000000000000000000, -1.000000000000000000, 0.0000000000000000000 ) ) ;
#204 = AXIS2_PLACEMENT_3D ( 'NONE', #558, #1227, #207 ) ;
#205 = EDGE_CURVE ( 'NONE', #368, #188, #713, .T. ) ;
#206 = ORIENTED_EDGE ( 'NONE', *, *, #389, .T. ) ;
#207 = DIRECTION ( 'NONE',  ( 0.0000000000000000000, 0.0000000000000000000, 1.000000000000000000 ) ) ;
#208 = LINE ( 'NONE', #573, #711 ) ;
#209 = CYLINDRICAL_SURFACE ( 'NONE', #1069, 0.01574803149606299191 ) ;
#210 = FACE_OUTER_BOUND ( 'NONE', #531, .T. ) ;
#211 = ORIENTED_EDGE ( 'NONE', *, *, #959, .F. ) ;
#212 = CARTESIAN_POINT ( 'NONE',  ( -0.04921259842519685318, -7.874015748031495683E-05, -0.04842519685039370358 ) ) ;
#213 = EDGE_CURVE ( 'NONE', #1125, #163, #1158, .T. ) ;
#214 = CARTESIAN_POINT ( 'NONE',  ( -0.04921259842519685318, -7.874015748031495683E-05, 0.04842519685039370358 ) ) ;
#215 = CARTESIAN_POINT ( 'NONE',  ( 0.04035433070866141503, 0.03346456692913385433, -0.05629921259842520648 ) ) ;
#216 = CYLINDRICAL_SURFACE ( 'NONE', #731, 0.01574803149606299538 ) ;
#217 = EDGE_LOOP ( 'NONE', ( #606, #706 ) ) ;
#218 = DIRECTION ( 'NONE',  ( 0.0000000000000000000, 1.000000000000000000, 0.0000000000000000000 ) ) ;
#219 = DIRECTION ( 'NONE',  ( 0.0000000000000000000, -0.7071067811865477948, 0.7071067811865473507 ) ) ;
#220 = ORIENTED_EDGE ( 'NONE', *, *, #755, .T. ) ;
#221 = CARTESIAN_POINT ( 'NONE',  ( -0.04035433070866141503, 0.03346456692913385433, 0.05629921259842520648 ) ) ;
#222 = ADVANCED_FACE ( 'NONE', ( #23 ), #1386, .T. ) ;
#223 = CIRCLE ( 'NONE', #421, 0.009842519685039369942 ) ;
#224 = CARTESIAN_POINT ( 'NONE',  ( 0.0000000000000000000, 0.0000000000000000000, 0.0000000000000000000 ) ) ;
#225 = CARTESIAN_POINT ( 'NONE',  ( 0.04035433070866141503, 0.03346456692913385433, 0.06614173228346457989 ) ) ;
#226 = ORIENTED_EDGE ( 'NONE', *, *, #1182, .F. ) ;
#227 = AXIS2_PLACEMENT_3D ( 'NONE', #1102, #990, #1430 ) ;
#228 = CYLINDRICAL_SURFACE ( 'NONE', #800, 0.01574803149606299191 ) ;
#229 = VECTOR ( 'NONE', #1447, 39.37007874015748143 ) ;
#230 = PLANE ( 'NONE',  #874 ) ;
#231 = ORIENTED_EDGE ( 'NONE', *, *, #93, .F. ) ;
#232 = DIRECTION ( 'NONE',  ( -1.000000000000000000, 0.0000000000000000000, 0.0000000000000000000 ) ) ;
#233 = ADVANCED_FACE ( 'NONE', ( #944 ), #1171, .T. ) ;
#234 = APPLICATION_PROTOCOL_DEFINITION ( 'international standard', 'config_control_design', 1994, #750 ) ;
#235 = ORIENTED_EDGE ( 'NONE', *, *, #422, .F. ) ;
#236 = ORIENTED_EDGE ( 'NONE', *, *, #491, .F. ) ;
#237 = PLANE ( 'NONE',  #1041 ) ;
#238 = CARTESIAN_POINT ( 'NONE',  ( 0.04625984251968504046, 0.01279527559055118439, -0.07204724409448819145 ) ) ;
#239 = ORIENTED_EDGE ( 'NONE', *, *, #984, .F. ) ;
#240 = DIRECTION ( 'NONE',  ( 0.0000000000000000000, 0.0000000000000000000, -1.000000000000000000 ) ) ;
#241 = CALENDAR_DATE ( 2019, 20, 10 ) ;
#242 = EDGE_CURVE ( 'NONE', #1330, #629, #1270, .T. ) ;
#243 = EDGE_CURVE ( 'NONE', #399, #364, #539, .T. ) ;
#244 = FACE_OUTER_BOUND ( 'NONE', #791, .T. ) ;
#245 = DIRECTION ( 'NONE',  ( 0.0000000000000000000, -1.000000000000000000, 0.0000000000000000000 ) ) ;
#246 = VERTEX_POINT ( 'NONE', #1209 ) ;
#247 = DIRECTION ( 'NONE',  ( 0.0000000000000000000, -1.000000000000000000, 0.0000000000000000000 ) ) ;
#248 = APPROVAL_DATE_TIME ( #366, #324 ) ;
#249 = AXIS2_PLACEMENT_3D ( 'NONE', #1155, #376, #130 ) ;
#250 = EDGE_LOOP ( 'NONE', ( #1432, #823 ) ) ;
#251 = FACE_OUTER_BOUND ( 'NONE', #1278, .T. ) ;
#252 = EDGE_CURVE ( 'NONE', #1330, #1125, #310, .T. ) ;
#253 = AXIS2_PLACEMENT_3D ( 'NONE', #58, #1107, #997 ) ;
#254 = DIRECTION ( 'NONE',  ( 0.0000000000000000000, 0.0000000000000000000, 1.000000000000000000 ) ) ;
#255 = ORIENTED_EDGE ( 'NONE', *, *, #1085, .F. ) ;
#256 = AXIS2_PLACEMENT_3D ( 'NONE', #1334, #332, #742 ) ;
#257 = CARTESIAN_POINT ( 'NONE',  ( 0.2094732283464566802, 0.03346456692913385433, -0.05629921259842520648 ) ) ;
#258 = COORDINATED_UNIVERSAL_TIME_OFFSET ( 0, 0, .AHEAD. ) ;
#259 = DIRECTION ( 'NONE',  ( -0.7071067811865474617, 0.0000000000000000000, 0.7071067811865474617 ) ) ;
#260 = CYLINDRICAL_SURFACE ( 'NONE', #158, 0.009842519685039369942 ) ;
#261 = ADVANCED_FACE ( 'NONE', ( #189 ), #741, .T. ) ;
#262 = VERTEX_POINT ( 'NONE', #648 ) ;
#263 = CARTESIAN_POINT ( 'NONE',  ( 0.05019685039370078150, 0.03346456692913385433, 0.05629921259842520648 ) ) ;
#264 = EDGE_LOOP ( 'NONE', ( #987, #985, #1019, #1073 ) ) ;
#265 = FACE_BOUND ( 'NONE', #833, .T. ) ;
#266 = CARTESIAN_POINT ( 'NONE',  ( -0.04035433070866141503, 0.01279527559055118439, -0.06614173228346457989 ) ) ;
#267 = ORIENTED_EDGE ( 'NONE', *, *, #1138, .T. ) ;
#268 = DIRECTION ( 'NONE',  ( 1.000000000000000000, 0.0000000000000000000, 0.0000000000000000000 ) ) ;
#269 = EDGE_CURVE ( 'NONE', #1398, #764, #153, .T. ) ;
#270 = CIRCLE ( 'NONE', #728, 0.01574803149606299191 ) ;
#271 = EDGE_LOOP ( 'NONE', ( #1036, #698, #495, #1199, #125, #407, #1402, #1039 ) ) ;
#272 = CARTESIAN_POINT ( 'NONE',  ( -0.01771653543307086243, -7.874015748031495683E-05, 0.04842519685039370358 ) ) ;
#273 = CIRCLE ( 'NONE', #348, 0.01574803149606299191 ) ;
#274 = DIRECTION ( 'NONE',  ( 0.0000000000000000000, -1.000000000000000000, 0.0000000000000000000 ) ) ;
#275 = CIRCLE ( 'NONE', #774, 0.01574803149606299191 ) ;
#276 = VERTEX_POINT ( 'NONE', #765 ) ;
#277 = VECTOR ( 'NONE', #1200, 39.37007874015748143 ) ;
#278 = LINE ( 'NONE', #371, #776 ) ;
#279 = VECTOR ( 'NONE', #194, 39.37007874015748143 ) ;
#280 = LOCAL_TIME ( 21, 54, 12.00000000000000000, #1295 ) ;
#281 = APPROVAL_DATE_TIME ( #510, #727 ) ;
#282 = VERTEX_POINT ( 'NONE', #1414 ) ;
#283 = DIRECTION ( 'NONE',  ( 1.000000000000000000, 0.0000000000000000000, 0.0000000000000000000 ) ) ;
#284 = FACE_OUTER_BOUND ( 'NONE', #572, .T. ) ;
#285 = ORIENTED_EDGE ( 'NONE', *, *, #953, .T. ) ;
#286 = VERTEX_POINT ( 'NONE', #1421 ) ;
#287 = PERSON_AND_ORGANIZATION ( #1168, #1392 ) ;
#288 = CARTESIAN_POINT ( 'NONE',  ( 0.04035433070866141503, 0.03346456692913385433, -0.05629921259842520648 ) ) ;
#289 = ADVANCED_FACE ( 'NONE', ( #1300 ), #749, .T. ) ;
#290 = ORIENTED_EDGE ( 'NONE', *, *, #1044, .F. ) ;
#291 = DIRECTION ( 'NONE',  ( 1.000000000000000000, 0.0000000000000000000, 0.0000000000000000000 ) ) ;
#292 = ORIENTED_EDGE ( 'NONE', *, *, #1401, .T. ) ;
#293 = CARTESIAN_POINT ( 'NONE',  ( -0.05807086614173229133, 0.01181102362204724393, -0.07401574803149606196 ) ) ;
#294 = CARTESIAN_POINT ( 'NONE',  ( 0.05807086614173229133, 0.0000000000000000000, 0.07401574803149606196 ) ) ;
#295 = VECTOR ( 'NONE', #1248, 39.37007874015748143 ) ;
#296 = EDGE_CURVE ( 'NONE', #1062, #426, #1440, .T. ) ;
#297 = VECTOR ( 'NONE', #415, 39.37007874015748143 ) ;
#298 = CIRCLE ( 'NONE', #1272, 0.009842519685039366473 ) ;
#299 = DIRECTION ( 'NONE',  ( 0.0000000000000000000, -1.000000000000000000, 0.0000000000000000000 ) ) ;
#300 = VECTOR ( 'NONE', #1211, 39.37007874015748143 ) ;
#301 = CIRCLE ( 'NONE', #592, 0.009842519685039369942 ) ;
#302 = DIRECTION ( 'NONE',  ( 0.0000000000000000000, 0.0000000000000000000, 1.000000000000000000 ) ) ;
#303 = ORIENTED_EDGE ( 'NONE', *, *, #307, .F. ) ;
#304 = DIRECTION ( 'NONE',  ( 0.0000000000000000000, 1.000000000000000000, 0.0000000000000000000 ) ) ;
#305 = EDGE_CURVE ( 'NONE', #881, #637, #177, .T. ) ;
#306 = DIRECTION ( 'NONE',  ( 0.0000000000000000000, 1.000000000000000000, 0.0000000000000000000 ) ) ;
#307 = EDGE_CURVE ( 'NONE', #1413, #1026, #759, .T. ) ;
#308 = LINE ( 'NONE', #1123, #279 ) ;
#309 = ORIENTED_EDGE ( 'NONE', *, *, #336, .F. ) ;
#310 = LINE ( 'NONE', #870, #57 ) ;
#311 = EDGE_LOOP ( 'NONE', ( #846, #449, #351 ) ) ;
#312 = CARTESIAN_POINT ( 'NONE',  ( -0.05610236220472441387, 0.01279527559055118439, -0.06220472440944882497 ) ) ;
#313 = EDGE_CURVE ( 'NONE', #618, #532, #1316, .T. ) ;
#314 = FACE_OUTER_BOUND ( 'NONE', #961, .T. ) ;
#315 = CARTESIAN_POINT ( 'NONE',  ( -0.04625984251968504046, 0.01181102362204724393, 0.07204724409448819145 ) ) ;
#316 = VERTEX_POINT ( 'NONE', #408 ) ;
#317 = ORIENTED_EDGE ( 'NONE', *, *, #367, .T. ) ;
#318 = LINE ( 'NONE', #439, #854 ) ;
#319 = CIRCLE ( 'NONE', #893, 0.009842519685039369942 ) ;
#320 = CARTESIAN_POINT ( 'NONE',  ( 0.0000000000000000000, 0.01181102362204724393, 0.0000000000000000000 ) ) ;
#321 = VECTOR ( 'NONE', #546, 39.37007874015748143 ) ;
#322 = CIRCLE ( 'NONE', #898, 0.009842519685039369942 ) ;
#323 = DIRECTION ( 'NONE',  ( -0.0000000000000000000, 1.000000000000000000, 0.0000000000000000000 ) ) ;
#324 = APPROVAL ( #1260, 'UNSPECIFIED' ) ;
#325 = DIRECTION ( 'NONE',  ( 0.0000000000000000000, 0.0000000000000000000, -1.000000000000000000 ) ) ;
#326 = AXIS2_PLACEMENT_3D ( 'NONE', #935, #1053, #1472 ) ;
#327 = EDGE_LOOP ( 'NONE', ( #939, #424, #1284, #25 ) ) ;
#328 = FACE_OUTER_BOUND ( 'NONE', #1154, .T. ) ;
#329 = DIRECTION ( 'NONE',  ( 0.0000000000000000000, 0.0000000000000000000, -1.000000000000000000 ) ) ;
#330 = ORIENTED_EDGE ( 'NONE', *, *, #902, .T. ) ;
#331 = FACE_OUTER_BOUND ( 'NONE', #13, .T. ) ;
#332 = DIRECTION ( 'NONE',  ( 0.7071067811865473507, -0.7071067811865477948, 0.0000000000000000000 ) ) ;
#333 = DIRECTION ( 'NONE',  ( 0.0000000000000000000, 0.0000000000000000000, 1.000000000000000000 ) ) ;
#334 = ORIENTED_EDGE ( 'NONE', *, *, #75, .T. ) ;
#335 = FACE_OUTER_BOUND ( 'NONE', #1225, .T. ) ;
#336 = EDGE_CURVE ( 'NONE', #798, #176, #544, .T. ) ;
#337 = DIRECTION ( 'NONE',  ( 1.000000000000000000, 0.0000000000000000000, 0.0000000000000000000 ) ) ;
#338 = ORIENTED_EDGE ( 'NONE', *, *, #1310, .F. ) ;
#339 = LINE ( 'NONE', #796, #1294 ) ;
#340 = DIRECTION ( 'NONE',  ( 0.0000000000000000000, 1.000000000000000000, 0.0000000000000000000 ) ) ;
#341 = ORIENTED_EDGE ( 'NONE', *, *, #1427, .F. ) ;
#342 = DIRECTION ( 'NONE',  ( 0.0000000000000000000, 0.0000000000000000000, 1.000000000000000000 ) ) ;
#343 = FACE_OUTER_BOUND ( 'NONE', #1381, .T. ) ;
#344 = EDGE_CURVE ( 'NONE', #766, #473, #1178, .T. ) ;
#345 = ORIENTED_EDGE ( 'NONE', *, *, #1105, .F. ) ;
#346 = CYLINDRICAL_SURFACE ( 'NONE', #378, 0.009842519685039369942 ) ;
#347 = AXIS2_PLACEMENT_3D ( 'NONE', #1198, #986, #1104 ) ;
#348 = AXIS2_PLACEMENT_3D ( 'NONE', #430, #70, #626 ) ;
#349 = LENGTH_MEASURE_WITH_UNIT ( LENGTH_MEASURE( 0.02539999999999999897 ), #137 );
#350 = VECTOR ( 'NONE', #1285, 39.37007874015748143 ) ;
#351 = ORIENTED_EDGE ( 'NONE', *, *, #359, .T. ) ;
#352 = CIRCLE ( 'NONE', #1183, 0.01574803149606299538 ) ;
#353 = DIRECTION ( 'NONE',  ( 1.000000000000000000, 0.0000000000000000000, 0.0000000000000000000 ) ) ;
#354 = AXIS2_PLACEMENT_3D ( 'NONE', #941, #909, #458 ) ;
#355 = CARTESIAN_POINT ( 'NONE',  ( 0.0000000000000000000, 0.02755905511811023584, 0.0000000000000000000 ) ) ;
#356 = ORIENTED_EDGE ( 'NONE', *, *, #1254, .T. ) ;
#357 = EDGE_CURVE ( 'NONE', #764, #473, #745, .T. ) ;
#358 = FACE_OUTER_BOUND ( 'NONE', #1051, .T. ) ;
#359 = EDGE_CURVE ( 'NONE', #22, #569, #490, .T. ) ;
#360 =( NAMED_UNIT ( * ) SI_UNIT ( $, .STERADIAN. ) SOLID_ANGLE_UNIT ( ) );
#361 = ORIENTED_EDGE ( 'NONE', *, *, #1032, .F. ) ;
#362 = DIRECTION ( 'NONE',  ( 0.0000000000000000000, 0.0000000000000000000, 1.000000000000000000 ) ) ;
#363 = DIRECTION ( 'NONE',  ( 0.0000000000000000000, 0.0000000000000000000, -1.000000000000000000 ) ) ;
#364 = VERTEX_POINT ( 'NONE', #535 ) ;
#365 = CYLINDRICAL_SURFACE ( 'NONE', #616, 0.009842519685039366473 ) ;
#366 = DATE_AND_TIME ( #241, #809 ) ;
#367 = EDGE_CURVE ( 'NONE', #41, #262, #273, .T. ) ;
#368 = VERTEX_POINT ( 'NONE', #530 ) ;
#369 = CARTESIAN_POINT ( 'NONE',  ( 0.0000000000000000000, 0.04330708661417323468, -0.02755905511811023584 ) ) ;
#370 = ORIENTED_EDGE ( 'NONE', *, *, #499, .F. ) ;
#371 = CARTESIAN_POINT ( 'NONE',  ( -0.05610236220472441387, 0.01181102362204724393, -0.06220472440944882497 ) ) ;
#372 = PERSON_AND_ORGANIZATION_ROLE ( 'classification_officer' ) ;
#373 = AXIS2_PLACEMENT_3D ( 'NONE', #672, #1458, #1126 ) ;
#374 = AXIS2_PLACEMENT_3D ( 'NONE', #83, #1324, #175 ) ;
#375 = CC_DESIGN_PERSON_AND_ORGANIZATION_ASSIGNMENT ( #632, #523, ( #1228 ) ) ;
#376 = DIRECTION ( 'NONE',  ( 0.0000000000000000000, -1.000000000000000000, 0.0000000000000000000 ) ) ;
#377 = AXIS2_PLACEMENT_3D ( 'NONE', #434, #998, #862 ) ;
#378 = AXIS2_PLACEMENT_3D ( 'NONE', #925, #1136, #552 ) ;
#379 = CARTESIAN_POINT ( 'NONE',  ( -0.05019685039370078150, 0.01181102362204724393, -0.06614173228346457989 ) ) ;
#380 = ORIENTED_EDGE ( 'NONE', *, *, #686, .T. ) ;
#381 = AXIS2_PLACEMENT_3D ( 'NONE', #202, #1213, #543 ) ;
#382 = CARTESIAN_POINT ( 'NONE',  ( -0.05807086614173229133, 0.0000000000000000000, 0.07401574803149606196 ) ) ;
#383 = VECTOR ( 'NONE', #1463, 39.37007874015748143 ) ;
#384 = APPROVAL_ROLE ( '' ) ;
#385 = VERTEX_POINT ( 'NONE', #525 ) ;
#386 = DIRECTION ( 'NONE',  ( 0.0000000000000000000, -1.000000000000000000, 0.0000000000000000000 ) ) ;
#387 = PLANE ( 'NONE',  #734 ) ;
#388 = EDGE_LOOP ( 'NONE', ( #1247, #484, #391, #597, #623 ) ) ;
#389 = EDGE_CURVE ( 'NONE', #569, #637, #970, .T. ) ;
#390 = CARTESIAN_POINT ( 'NONE',  ( -0.03346456692913385433, 0.0000000000000000000, 0.04842519685039370358 ) ) ;
#391 = ORIENTED_EDGE ( 'NONE', *, *, #586, .F. ) ;
#392 = SHAPE_DEFINITION_REPRESENTATION ( #1319, #1005 ) ;
#393 = ORIENTED_EDGE ( 'NONE', *, *, #344, .F. ) ;
#394 = PLANE ( 'NONE',  #1219 ) ;
#395 = PLANE ( 'NONE',  #520 ) ;
#396 = ORIENTED_EDGE ( 'NONE', *, *, #1401, .F. ) ;
#397 = CARTESIAN_POINT ( 'NONE',  ( 0.03346456692913385433, -7.874015748031495683E-05, 0.04842519685039370358 ) ) ;
#398 = EDGE_CURVE ( 'NONE', #44, #691, #180, .T. ) ;
#399 = VERTEX_POINT ( 'NONE', #1328 ) ;
#400 = AXIS2_PLACEMENT_3D ( 'NONE', #550, #1262, #664 ) ;
#401 = ORIENTED_EDGE ( 'NONE', *, *, #1254, .F. ) ;
#402 = DIRECTION ( 'NONE',  ( 0.7071067811865477948, 0.7071067811865473507, 0.0000000000000000000 ) ) ;
#403 = VERTEX_POINT ( 'NONE', #315 ) ;
#404 = AXIS2_PLACEMENT_3D ( 'NONE', #172, #975, #1417 ) ;
#405 = PERSON_AND_ORGANIZATION_ROLE ( 'creator' ) ;
#406 = EDGE_CURVE ( 'NONE', #691, #22, #1180, .T. ) ;
#407 = ORIENTED_EDGE ( 'NONE', *, *, #1357, .T. ) ;
#408 = CARTESIAN_POINT ( 'NONE',  ( 0.04035433070866141503, 0.03346456692913385433, -0.06614173228346457989 ) ) ;
#409 = LINE ( 'NONE', #652, #661 ) ;
#410 = ORIENTED_EDGE ( 'NONE', *, *, #1242, .T. ) ;
#411 = CARTESIAN_POINT ( 'NONE',  ( -0.04035433070866141503, 0.01279527559055118439, 0.06614173228346457989 ) ) ;
#412 = DIRECTION ( 'NONE',  ( 0.0000000000000000000, 0.0000000000000000000, 1.000000000000000000 ) ) ;
#413 = EDGE_CURVE ( 'NONE', #282, #1118, #1017, .T. ) ;
#414 = ORIENTED_EDGE ( 'NONE', *, *, #942, .T. ) ;
#415 = DIRECTION ( 'NONE',  ( 0.0000000000000000000, -1.000000000000000000, 0.0000000000000000000 ) ) ;
#416 = ORIENTED_EDGE ( 'NONE', *, *, #1175, .T. ) ;
#417 = FACE_OUTER_BOUND ( 'NONE', #1173, .T. ) ;
#418 = CARTESIAN_POINT ( 'NONE',  ( 0.04035433070866141503, 0.03346456692913385433, -0.05629921259842520648 ) ) ;
#419 = ORIENTED_EDGE ( 'NONE', *, *, #1404, .F. ) ;
#420 = CARTESIAN_POINT ( 'NONE',  ( -0.04035433070866141503, 0.03346456692913385433, -0.05629921259842520648 ) ) ;
#421 = AXIS2_PLACEMENT_3D ( 'NONE', #1060, #1276, #937 ) ;
#422 = EDGE_CURVE ( 'NONE', #929, #764, #1455, .T. ) ;
#423 = CARTESIAN_POINT ( 'NONE',  ( -0.05610236220472441387, 0.01181102362204724393, -0.07204724409448819145 ) ) ;
#424 = ORIENTED_EDGE ( 'NONE', *, *, #59, .T. ) ;
#425 = DIRECTION ( 'NONE',  ( 0.0000000000000000000, -1.000000000000000000, 0.0000000000000000000 ) ) ;
#426 = VERTEX_POINT ( 'NONE', #225 ) ;
#427 = ADVANCED_FACE ( 'NONE', ( #790 ), #1362, .T. ) ;
#428 = DIRECTION ( 'NONE',  ( 1.000000000000000000, 0.0000000000000000000, 0.0000000000000000000 ) ) ;
#429 = DIRECTION ( 'NONE',  ( 0.0000000000000000000, -1.000000000000000000, 0.0000000000000000000 ) ) ;
#430 = CARTESIAN_POINT ( 'NONE',  ( -0.03346456692913385433, -7.874015748031495683E-05, -0.04842519685039370358 ) ) ;
#431 = EDGE_LOOP ( 'NONE', ( #841, #827, #220, #1177 ) ) ;
#432 = DIRECTION ( 'NONE',  ( 1.000000000000000000, 0.0000000000000000000, 0.0000000000000000000 ) ) ;
#433 = ADVANCED_FACE ( 'NONE', ( #1007 ), #443, .T. ) ;
#434 = CARTESIAN_POINT ( 'NONE',  ( -0.04035433070866141503, 0.03346456692913385433, 0.05629921259842520648 ) ) ;
#435 = DIRECTION ( 'NONE',  ( 0.0000000000000000000, -1.000000000000000000, 0.0000000000000000000 ) ) ;
#436 = CARTESIAN_POINT ( 'NONE',  ( -0.05610236220472441387, 0.01279527559055118439, 0.06220472440944882497 ) ) ;
#437 = ORIENTED_EDGE ( 'NONE', *, *, #398, .T. ) ;
#438 = DIRECTION ( 'NONE',  ( 0.0000000000000000000, 1.000000000000000000, 0.0000000000000000000 ) ) ;
#439 = CARTESIAN_POINT ( 'NONE',  ( -0.04625984251968504046, 0.01279527559055118439, 0.07204724409448819145 ) ) ;
#440 = ORIENTED_EDGE ( 'NONE', *, *, #647, .F. ) ;
#441 = CARTESIAN_POINT ( 'NONE',  ( 0.05019685039370078150, 0.03346456692913385433, -0.05629921259842520648 ) ) ;
#442 = PLANE ( 'NONE',  #36 ) ;
#443 = SPHERICAL_SURFACE ( 'NONE', #1066, 0.009842519685039369942 ) ;
#444 = EDGE_CURVE ( 'NONE', #286, #644, #60, .T. ) ;
#445 = AXIS2_PLACEMENT_3D ( 'NONE', #545, #551, #1150 ) ;
#446 = ORIENTED_EDGE ( 'NONE', *, *, #1303, .T. ) ;
#447 = DIRECTION ( 'NONE',  ( 0.0000000000000000000, 0.0000000000000000000, 1.000000000000000000 ) ) ;
#448 = CARTESIAN_POINT ( 'NONE',  ( -0.04035433070866141503, 0.03346456692913385433, 0.06614173228346457989 ) ) ;
#449 = ORIENTED_EDGE ( 'NONE', *, *, #406, .T. ) ;
#450 = DIRECTION ( 'NONE',  ( 0.0000000000000000000, -1.000000000000000000, 0.0000000000000000000 ) ) ;
#451 = CARTESIAN_POINT ( 'NONE',  ( 0.05807086614173229133, 0.01181102362204724393, 0.07401574803149606196 ) ) ;
#452 = ADVANCED_FACE ( 'NONE', ( #210 ), #216, .T. ) ;
#453 = VERTEX_POINT ( 'NONE', #89 ) ;
#454 = DIRECTION ( 'NONE',  ( 0.0000000000000000000, 0.7071067811865473507, 0.7071067811865477948 ) ) ;
#455 = DIRECTION ( 'NONE',  ( 0.0000000000000000000, -0.7071067811865473507, -0.7071067811865477948 ) ) ;
#456 = ORIENTED_EDGE ( 'NONE', *, *, #367, .F. ) ;
#457 = DIRECTION ( 'NONE',  ( 1.000000000000000000, 0.0000000000000000000, 0.0000000000000000000 ) ) ;
#458 = DIRECTION ( 'NONE',  ( 1.000000000000000000, 0.0000000000000000000, 0.0000000000000000000 ) ) ;
#459 = DIRECTION ( 'NONE',  ( 0.0000000000000000000, 0.0000000000000000000, -1.000000000000000000 ) ) ;
#460 = ORIENTED_EDGE ( 'NONE', *, *, #922, .F. ) ;
#461 = DIRECTION ( 'NONE',  ( 0.0000000000000000000, -1.000000000000000000, 0.0000000000000000000 ) ) ;
#462 = FACE_OUTER_BOUND ( 'NONE', #736, .T. ) ;
#463 = ORIENTED_EDGE ( 'NONE', *, *, #703, .T. ) ;
#464 = EDGE_CURVE ( 'NONE', #529, #1223, #1366, .T. ) ;
#465 = DIRECTION ( 'NONE',  ( 0.0000000000000000000, -1.000000000000000000, 0.0000000000000000000 ) ) ;
#466 = CYLINDRICAL_SURFACE ( 'NONE', #136, 0.01574803149606299191 ) ;
#467 = AXIS2_PLACEMENT_3D ( 'NONE', #320, #777, #1145 ) ;
#468 = ORIENTED_EDGE ( 'NONE', *, *, #1357, .F. ) ;
#469 = CIRCLE ( 'NONE', #1093, 0.009842519685039366473 ) ;
#470 = DIRECTION ( 'NONE',  ( 0.0000000000000000000, -1.000000000000000000, 0.0000000000000000000 ) ) ;
#471 = AXIS2_PLACEMENT_3D ( 'NONE', #224, #696, #476 ) ;
#472 = CARTESIAN_POINT ( 'NONE',  ( 0.0000000000000000000, 0.01279527559055118439, 0.0000000000000000000 ) ) ;
#473 = VERTEX_POINT ( 'NONE', #1448 ) ;
#474 = DIRECTION ( 'NONE',  ( 0.0000000000000000000, 0.0000000000000000000, -1.000000000000000000 ) ) ;
#475 = EDGE_CURVE ( 'NONE', #532, #1144, #657, .T. ) ;
#476 = DIRECTION ( 'NONE',  ( 1.000000000000000000, 0.0000000000000000000, 0.0000000000000000000 ) ) ;
#477 = ORIENTED_EDGE ( 'NONE', *, *, #413, .T. ) ;
#478 = DIRECTION ( 'NONE',  ( 0.0000000000000000000, 1.000000000000000000, 0.0000000000000000000 ) ) ;
#479 = DIRECTION ( 'NONE',  ( 0.0000000000000000000, -1.000000000000000000, 0.0000000000000000000 ) ) ;
#480 = VERTEX_POINT ( 'NONE', #892 ) ;
#481 = CARTESIAN_POINT ( 'NONE',  ( 0.04035433070866141503, 0.03346456692913385433, 0.06614173228346457989 ) ) ;
#482 = CC_DESIGN_PERSON_AND_ORGANIZATION_ASSIGNMENT ( #1162, #710, ( #769 ) ) ;
#483 = LINE ( 'NONE', #112, #383 ) ;
#484 = ORIENTED_EDGE ( 'NONE', *, *, #1059, .T. ) ;
#485 = DIRECTION ( 'NONE',  ( 1.000000000000000000, 0.0000000000000000000, 0.0000000000000000000 ) ) ;
#486 = DIRECTION ( 'NONE',  ( 0.0000000000000000000, -1.000000000000000000, 0.0000000000000000000 ) ) ;
#487 = MANIFOLD_SOLID_BREP ( 'Imported1', #511 ) ;
#488 = PERSON_AND_ORGANIZATION ( #1168, #1392 ) ;
#489 = CIRCLE ( 'NONE', #400, 0.009842519685039366473 ) ;
#490 = CIRCLE ( 'NONE', #921, 0.009842519685039369942 ) ;
#491 = EDGE_CURVE ( 'NONE', #529, #276, #566, .T. ) ;
#492 = FACE_BOUND ( 'NONE', #1304, .T. ) ;
#493 = AXIS2_PLACEMENT_3D ( 'NONE', #716, #598, #946 ) ;
#494 = LINE ( 'NONE', #617, #712 ) ;
#495 = ORIENTED_EDGE ( 'NONE', *, *, #1032, .T. ) ;
#496 = CIRCLE ( 'NONE', #183, 0.009842519685039368207 ) ;
#497 = SPHERICAL_SURFACE ( 'NONE', #1390, 0.009842519685039369942 ) ;
#498 = ORIENTED_EDGE ( 'NONE', *, *, #1464, .F. ) ;
#499 = EDGE_CURVE ( 'NONE', #453, #1343, #1245, .T. ) ;
#500 = LINE ( 'NONE', #1380, #1317 ) ;
#501 = ORIENTED_EDGE ( 'NONE', *, *, #100, .T. ) ;
#502 = DIRECTION ( 'NONE',  ( -1.000000000000000000, 0.0000000000000000000, 0.0000000000000000000 ) ) ;
#503 = PERSON_AND_ORGANIZATION ( #1168, #1392 ) ;
#504 = ORIENTED_EDGE ( 'NONE', *, *, #243, .F. ) ;
#505 = DIRECTION ( 'NONE',  ( -1.000000000000000000, 0.0000000000000000000, 0.0000000000000000000 ) ) ;
#506 = ORIENTED_EDGE ( 'NONE', *, *, #37, .F. ) ;
#507 = DIRECTION ( 'NONE',  ( 0.0000000000000000000, 0.0000000000000000000, 1.000000000000000000 ) ) ;
#508 = EDGE_CURVE ( 'NONE', #644, #286, #275, .T. ) ;
#509 = ORIENTED_EDGE ( 'NONE', *, *, #1010, .F. ) ;
#510 = DATE_AND_TIME ( #835, #568 ) ;
#511 = CLOSED_SHELL ( 'NONE', ( #575, #222, #605, #913, #1234, #1384, #186, #143, #884, #730, #577, #452, #1437, #1068, #162, #134, #1371, #261, #1446, #739, #783, #1261, #611, #1336, #289, #4, #840, #665, #1266, #858, #28, #1296, #1347, #674, #995, #1279, #1452, #1378, #1025, #1360, #1146, #1095, #114, #150, #433, #837, #1156, #1103, #427, #233, #1130 ) ) ;
#512 = ORIENTED_EDGE ( 'NONE', *, *, #1394, .F. ) ;
#513 = DIRECTION ( 'NONE',  ( 0.0000000000000000000, -1.000000000000000000, 0.0000000000000000000 ) ) ;
#514 = AXIS2_PLACEMENT_3D ( 'NONE', #30, #601, #1055 ) ;
#515 = DIRECTION ( 'NONE',  ( -1.000000000000000000, 0.0000000000000000000, 0.0000000000000000000 ) ) ;
#516 = ORIENTED_EDGE ( 'NONE', *, *, #1293, .T. ) ;
#517 = AXIS2_PLACEMENT_3D ( 'NONE', #1332, #1314, #87 ) ;
#518 = ORIENTED_EDGE ( 'NONE', *, *, #984, .T. ) ;
#519 = VECTOR ( 'NONE', #474, 39.37007874015748143 ) ;
#520 = AXIS2_PLACEMENT_3D ( 'NONE', #472, #931, #817 ) ;
#521 = EDGE_CURVE ( 'NONE', #426, #929, #200, .T. ) ;
#522 = CARTESIAN_POINT ( 'NONE',  ( -0.04035433070866141503, 0.04330708661417323468, 0.05629921259842520648 ) ) ;
#523 = PERSON_AND_ORGANIZATION_ROLE ( 'design_supplier' ) ;
#524 = EDGE_LOOP ( 'NONE', ( #872, #534, #635, #732 ) ) ;
#525 = CARTESIAN_POINT ( 'NONE',  ( 0.04921259842519685318, 0.0000000000000000000, 0.04842519685039370358 ) ) ;
#526 = ORIENTED_EDGE ( 'NONE', *, *, #722, .F. ) ;
#527 = LINE ( 'NONE', #411, #277 ) ;
#528 = DIRECTION ( 'NONE',  ( 0.0000000000000000000, 0.0000000000000000000, 1.000000000000000000 ) ) ;
#529 = VERTEX_POINT ( 'NONE', #181 ) ;
#530 = CARTESIAN_POINT ( 'NONE',  ( 0.05610236220472441387, 0.01279527559055118439, 0.06220472440944882497 ) ) ;
#531 = EDGE_LOOP ( 'NONE', ( #888, #133, #683, #526 ) ) ;
#532 = VERTEX_POINT ( 'NONE', #1326 ) ;
#533 = SPHERICAL_SURFACE ( 'NONE', #377, 0.009842519685039369942 ) ;
#534 = ORIENTED_EDGE ( 'NONE', *, *, #1427, .T. ) ;
#535 = CARTESIAN_POINT ( 'NONE',  ( 0.04035433070866141503, 0.01279527559055118439, 0.06614173228346457989 ) ) ;
#536 = AXIS2_PLACEMENT_3D ( 'NONE', #799, #816, #785 ) ;
#537 = EDGE_CURVE ( 'NONE', #764, #316, #1045, .T. ) ;
#538 = ORIENTED_EDGE ( 'NONE', *, *, #1293, .F. ) ;
#539 = CIRCLE ( 'NONE', #708, 0.009842519685039369942 ) ;
#540 = AXIS2_PLACEMENT_3D ( 'NONE', #1335, #781, #325 ) ;
#541 = VECTOR ( 'NONE', #232, 39.37007874015748143 ) ;
#542 = VECTOR ( 'NONE', #31, 39.37007874015748143 ) ;
#543 = DIRECTION ( 'NONE',  ( -1.000000000000000000, 0.0000000000000000000, 0.0000000000000000000 ) ) ;
#544 = LINE ( 'NONE', #864, #560 ) ;
#545 = CARTESIAN_POINT ( 'NONE',  ( 0.04035433070866141503, 0.03346456692913385433, -0.05629921259842520648 ) ) ;
#546 = DIRECTION ( 'NONE',  ( 0.0000000000000000000, 0.0000000000000000000, 1.000000000000000000 ) ) ;
#547 = CARTESIAN_POINT ( 'NONE',  ( 0.05807086614173229133, 0.0000000000000000000, -0.07401574803149606196 ) ) ;
#548 = DIRECTION ( 'NONE',  ( -1.000000000000000000, 0.0000000000000000000, 0.0000000000000000000 ) ) ;
#549 = ORIENTED_EDGE ( 'NONE', *, *, #1212, .T. ) ;
#550 = CARTESIAN_POINT ( 'NONE',  ( -0.04035433070866141503, 0.03346456692913385433, 0.05629921259842520648 ) ) ;
#551 = DIRECTION ( 'NONE',  ( 1.000000000000000000, 0.0000000000000000000, 0.0000000000000000000 ) ) ;
#552 = DIRECTION ( 'NONE',  ( 1.000000000000000000, 0.0000000000000000000, 0.0000000000000000000 ) ) ;
#553 = EDGE_CURVE ( 'NONE', #618, #529, #641, .T. ) ;
#554 = CARTESIAN_POINT ( 'NONE',  ( 0.04921259842519685318, 0.0000000000000000000, 0.04842519685039370358 ) ) ;
#555 = DIRECTION ( 'NONE',  ( 0.0000000000000000000, -1.000000000000000000, 0.0000000000000000000 ) ) ;
#556 = ORIENTED_EDGE ( 'NONE', *, *, #873, .F. ) ;
#557 = CARTESIAN_POINT ( 'NONE',  ( -0.03346456692913385433, 0.0000000000000000000, 0.04842519685039370358 ) ) ;
#558 = CARTESIAN_POINT ( 'NONE',  ( -0.04625984251968504046, 0.01181102362204724393, 0.06220472440944882497 ) ) ;
#559 = ORIENTED_EDGE ( 'NONE', *, *, #1138, .F. ) ;
#560 = VECTOR ( 'NONE', #1305, 39.37007874015748143 ) ;
#561 = LINE ( 'NONE', #668, #993 ) ;
#562 = VECTOR ( 'NONE', #983, 39.37007874015748143 ) ;
#563 = EDGE_CURVE ( 'NONE', #22, #1239, #762, .T. ) ;
#564 = VECTOR ( 'NONE', #157, 39.37007874015748143 ) ;
#565 = FACE_OUTER_BOUND ( 'NONE', #923, .T. ) ;
#566 = LINE ( 'NONE', #436, #1088 ) ;
#567 = VECTOR ( 'NONE', #1050, 39.37007874015748143 ) ;
#568 = LOCAL_TIME ( 21, 54, 12.00000000000000000, #717 ) ;
#569 = VERTEX_POINT ( 'NONE', #651 ) ;
#570 = CARTESIAN_POINT ( 'NONE',  ( 0.04625984251968504046, 0.01279527559055118439, 0.06220472440944882497 ) ) ;
#571 = DIRECTION ( 'NONE',  ( 0.0000000000000000000, -1.000000000000000000, 0.0000000000000000000 ) ) ;
#572 = EDGE_LOOP ( 'NONE', ( #1325, #1079, #468, #78 ) ) ;
#573 = CARTESIAN_POINT ( 'NONE',  ( 0.01771653543307086243, 0.0000000000000000000, -0.04842519685039370358 ) ) ;
#574 = LINE ( 'NONE', #807, #831 ) ;
#575 = ADVANCED_FACE ( 'NONE', ( #192 ), #1321, .T. ) ;
#576 = DIRECTION ( 'NONE',  ( 1.000000000000000000, 0.0000000000000000000, 0.0000000000000000000 ) ) ;
#577 = ADVANCED_FACE ( 'NONE', ( #1004 ), #768, .T. ) ;
#578 = ORIENTED_EDGE ( 'NONE', *, *, #746, .T. ) ;
#579 = DIRECTION ( 'NONE',  ( -1.000000000000000000, 0.0000000000000000000, 0.0000000000000000000 ) ) ;
#580 = DIRECTION ( 'NONE',  ( 0.0000000000000000000, 1.000000000000000000, 0.0000000000000000000 ) ) ;
#581 = EDGE_LOOP ( 'NONE', ( #105, #54, #235, #549 ) ) ;
#582 = CARTESIAN_POINT ( 'NONE',  ( 0.01771653543307086243, -7.874015748031495683E-05, -0.04842519685039370358 ) ) ;
#583 = DIRECTION ( 'NONE',  ( 0.0000000000000000000, -1.000000000000000000, 0.0000000000000000000 ) ) ;
#584 = EDGE_LOOP ( 'NONE', ( #393, #512, #1151, #72 ) ) ;
#585 = CARTESIAN_POINT ( 'NONE',  ( 0.05807086614173229133, 0.0000000000000000000, -0.07401574803149606196 ) ) ;
#586 = EDGE_CURVE ( 'NONE', #569, #44, #298, .T. ) ;
#587 = FACE_OUTER_BOUND ( 'NONE', #115, .T. ) ;
#588 = ORIENTED_EDGE ( 'NONE', *, *, #499, .T. ) ;
#589 = AXIS2_PLACEMENT_3D ( 'NONE', #905, #470, #447 ) ;
#590 = CARTESIAN_POINT ( 'NONE',  ( 0.05610236220472441387, 0.01181102362204724393, 0.06220472440944882497 ) ) ;
#591 = DIRECTION ( 'NONE',  ( 1.000000000000000000, 0.0000000000000000000, 0.0000000000000000000 ) ) ;
#592 = AXIS2_PLACEMENT_3D ( 'NONE', #938, #1395, #1172 ) ;
#593 = CARTESIAN_POINT ( 'NONE',  ( 0.01771653543307085896, 0.0000000000000000000, 0.04842519685039370358 ) ) ;
#594 = LOCAL_TIME ( 21, 54, 12.00000000000000000, #63 ) ;
#595 = DIRECTION ( 'NONE',  ( 1.000000000000000000, 0.0000000000000000000, 0.0000000000000000000 ) ) ;
#596 = EDGE_CURVE ( 'NONE', #190, #385, #1337, .T. ) ;
#597 = ORIENTED_EDGE ( 'NONE', *, *, #1410, .F. ) ;
#598 = DIRECTION ( 'NONE',  ( 0.0000000000000000000, -1.000000000000000000, 0.0000000000000000000 ) ) ;
#599 = DIRECTION ( 'NONE',  ( -1.000000000000000000, 0.0000000000000000000, 0.0000000000000000000 ) ) ;
#600 = ORIENTED_EDGE ( 'NONE', *, *, #213, .T. ) ;
#601 = DIRECTION ( 'NONE',  ( 0.0000000000000000000, -1.000000000000000000, 0.0000000000000000000 ) ) ;
#602 = DIRECTION ( 'NONE',  ( 0.0000000000000000000, -1.000000000000000000, 0.0000000000000000000 ) ) ;
#603 = ORIENTED_EDGE ( 'NONE', *, *, #647, .T. ) ;
#604 = CARTESIAN_POINT ( 'NONE',  ( 0.0000000000000000000, 0.02755905511811023584, -0.02755905511811023584 ) ) ;
#605 = ADVANCED_FACE ( 'NONE', ( #883 ), #533, .T. ) ;
#606 = ORIENTED_EDGE ( 'NONE', *, *, #508, .F. ) ;
#607 = FACE_BOUND ( 'NONE', #250, .T. ) ;
#608 = DIRECTION ( 'NONE',  ( 0.0000000000000000000, 0.0000000000000000000, 1.000000000000000000 ) ) ;
#609 = VERTEX_POINT ( 'NONE', #1218 ) ;
#610 = FACE_OUTER_BOUND ( 'NONE', #524, .T. ) ;
#611 = ADVANCED_FACE ( 'NONE', ( #1438 ), #977, .T. ) ;
#612 = DIMENSIONAL_EXPONENTS ( 1.000000000000000000, 0.0000000000000000000, 0.0000000000000000000, 0.0000000000000000000, 0.0000000000000000000, 0.0000000000000000000, 0.0000000000000000000 ) ;
#613 = ORIENTED_EDGE ( 'NONE', *, *, #1044, .T. ) ;
#614 = DIRECTION ( 'NONE',  ( 0.0000000000000000000, -1.000000000000000000, 0.0000000000000000000 ) ) ;
#615 = CIRCLE ( 'NONE', #1020, 0.009842519685039371677 ) ;
#616 = AXIS2_PLACEMENT_3D ( 'NONE', #257, #502, #1078 ) ;
#617 = CARTESIAN_POINT ( 'NONE',  ( -0.05019685039370078150, 0.03346456692913385433, -0.05629921259842520648 ) ) ;
#618 = VERTEX_POINT ( 'NONE', #312 ) ;
#619 = AXIS2_PLACEMENT_3D ( 'NONE', #693, #1143, #12 ) ;
#620 = CARTESIAN_POINT ( 'NONE',  ( -0.04035433070866141503, 0.03346456692913385433, -0.05629921259842520648 ) ) ;
#621 = EDGE_CURVE ( 'NONE', #190, #1428, #631, .T. ) ;
#622 = CARTESIAN_POINT ( 'NONE',  ( 0.04625984251968504046, 0.01279527559055118439, -0.07204724409448819145 ) ) ;
#623 = ORIENTED_EDGE ( 'NONE', *, *, #1052, .F. ) ;
#624 = FACE_OUTER_BOUND ( 'NONE', #388, .T. ) ;
#625 = ORIENTED_EDGE ( 'NONE', *, *, #1286, .F. ) ;
#626 = DIRECTION ( 'NONE',  ( 1.000000000000000000, 0.0000000000000000000, 0.0000000000000000000 ) ) ;
#627 = LINE ( 'NONE', #554, #229 ) ;
#628 = VERTEX_POINT ( 'NONE', #199 ) ;
#629 = VERTEX_POINT ( 'NONE', #61 ) ;
#630 = EDGE_CURVE ( 'NONE', #1420, #453, #1424, .T. ) ;
#631 = LINE ( 'NONE', #1086, #562 ) ;
#632 = PERSON_AND_ORGANIZATION ( #1168, #1392 ) ;
#633 = ORIENTED_EDGE ( 'NONE', *, *, #252, .T. ) ;
#634 = DIRECTION ( 'NONE',  ( 0.0000000000000000000, -1.000000000000000000, 0.0000000000000000000 ) ) ;
#635 = ORIENTED_EDGE ( 'NONE', *, *, #213, .F. ) ;
#636 = AXIS2_PLACEMENT_3D ( 'NONE', #744, #173, #187 ) ;
#637 = VERTEX_POINT ( 'NONE', #522 ) ;
#638 = DIRECTION ( 'NONE',  ( 0.0000000000000000000, -1.000000000000000000, 0.0000000000000000000 ) ) ;
#639 = CC_DESIGN_DATE_AND_TIME_ASSIGNMENT ( #27, #174, ( #769 ) ) ;
#640 = AXIS2_PLACEMENT_3D ( 'NONE', #662, #435, #1116 ) ;
#641 = LINE ( 'NONE', #868, #321 ) ;
#642 = EDGE_LOOP ( 'NONE', ( #787, #856, #6, #720 ) ) ;
#643 = DIRECTION ( 'NONE',  ( 0.0000000000000000000, 0.0000000000000000000, 1.000000000000000000 ) ) ;
#644 = VERTEX_POINT ( 'NONE', #1418 ) ;
#645 = DIRECTION ( 'NONE',  ( 0.0000000000000000000, 1.000000000000000000, 0.0000000000000000000 ) ) ;
#646 = DIRECTION ( 'NONE',  ( -1.000000000000000000, 0.0000000000000000000, 0.0000000000000000000 ) ) ;
#647 = EDGE_CURVE ( 'NONE', #163, #1125, #1457, .T. ) ;
#648 = CARTESIAN_POINT ( 'NONE',  ( -0.01771653543307086243, -7.874015748031495683E-05, -0.04842519685039370358 ) ) ;
#649 = ORIENTED_EDGE ( 'NONE', *, *, #521, .F. ) ;
#650 = ORIENTED_EDGE ( 'NONE', *, *, #553, .F. ) ;
#651 = CARTESIAN_POINT ( 'NONE',  ( -0.04035433070866141503, 0.04330708661417323468, -0.05629921259842520648 ) ) ;
#652 = CARTESIAN_POINT ( 'NONE',  ( -0.01771653543307086243, 0.0000000000000000000, 0.04842519685039370358 ) ) ;
#653 = EDGE_CURVE ( 'NONE', #1057, #725, #1307, .T. ) ;
#654 = DIRECTION ( 'NONE',  ( -1.000000000000000000, 0.0000000000000000000, 0.0000000000000000000 ) ) ;
#655 = CIRCLE ( 'NONE', #536, 0.009842519685039369942 ) ;
#656 = CYLINDRICAL_SURFACE ( 'NONE', #373, 0.009842519685039369942 ) ;
#657 = CIRCLE ( 'NONE', #81, 0.009842519685039369942 ) ;
#658 = CARTESIAN_POINT ( 'NONE',  ( -0.04625984251968504046, 0.01181102362204724393, 0.07204724409448819145 ) ) ;
#659 = AXIS2_PLACEMENT_3D ( 'NONE', #397, #486, #268 ) ;
#660 = AXIS2_PLACEMENT_3D ( 'NONE', #1269, #40, #485 ) ;
#661 = VECTOR ( 'NONE', #429, 39.37007874015748143 ) ;
#662 = CARTESIAN_POINT ( 'NONE',  ( -0.04625984251968504046, 0.09986485039370079919, -0.06220472440944882497 ) ) ;
#663 = ORIENTED_EDGE ( 'NONE', *, *, #830, .F. ) ;
#664 = DIRECTION ( 'NONE',  ( 0.0000000000000000000, 1.000000000000000000, 0.0000000000000000000 ) ) ;
#665 = ADVANCED_FACE ( 'NONE', ( #111 ), #346, .T. ) ;
#666 = CARTESIAN_POINT ( 'NONE',  ( 0.0000000000000000000, -7.874015748031495683E-05, 0.0000000000000000000 ) ) ;
#667 = ORIENTED_EDGE ( 'NONE', *, *, #169, .F. ) ;
#668 = CARTESIAN_POINT ( 'NONE',  ( -0.01771653543307086243, 0.0000000000000000000, -0.04842519685039370358 ) ) ;
#669 = DIRECTION ( 'NONE',  ( -1.000000000000000000, 0.0000000000000000000, 0.0000000000000000000 ) ) ;
#670 = DIRECTION ( 'NONE',  ( -1.000000000000000000, 0.0000000000000000000, 0.0000000000000000000 ) ) ;
#671 = ORIENTED_EDGE ( 'NONE', *, *, #653, .F. ) ;
#672 = CARTESIAN_POINT ( 'NONE',  ( 0.04625984251968504046, 0.09986485039370079919, -0.06220472440944882497 ) ) ;
#673 = CARTESIAN_POINT ( 'NONE',  ( -0.2094732283464566802, 0.03346456692913385433, 0.05629921259842520648 ) ) ;
#674 = ADVANCED_FACE ( 'NONE', ( #1011 ), #1251, .T. ) ;
#675 = VERTEX_POINT ( 'NONE', #1259 ) ;
#676 = CARTESIAN_POINT ( 'NONE',  ( -0.04731404312191483247, 0.03346456692913385433, -0.06325892501167863780 ) ) ;
#677 =( NAMED_UNIT ( * ) PLANE_ANGLE_UNIT ( ) SI_UNIT ( $, .RADIAN. ) );
#678 = CARTESIAN_POINT ( 'NONE',  ( -0.03346456692913385433, 0.0000000000000000000, -0.04842519685039370358 ) ) ;
#679 = ORIENTED_EDGE ( 'NONE', *, *, #86, .F. ) ;
#680 = DIRECTION ( 'NONE',  ( -1.000000000000000000, 0.0000000000000000000, 0.0000000000000000000 ) ) ;
#681 = FACE_OUTER_BOUND ( 'NONE', #1043, .T. ) ;
#682 = VECTOR ( 'NONE', #680, 39.37007874015748143 ) ;
#683 = ORIENTED_EDGE ( 'NONE', *, *, #1105, .T. ) ;
#684 = VECTOR ( 'NONE', #164, 39.37007874015748143 ) ;
#685 = DIRECTION ( 'NONE',  ( 0.0000000000000000000, -1.000000000000000000, 0.0000000000000000000 ) ) ;
#686 = EDGE_CURVE ( 'NONE', #188, #861, #1352, .T. ) ;
#687 = CIRCLE ( 'NONE', #1067, 0.01574803149606299538 ) ;
#688 = CARTESIAN_POINT ( 'NONE',  ( 0.05019685039370078150, 0.03346456692913385433, 0.05629921259842520648 ) ) ;
#689 = AXIS2_PLACEMENT_3D ( 'NONE', #379, #832, #608 ) ;
#690 = LOCAL_TIME ( 21, 54, 12.00000000000000000, #258 ) ;
#691 = VERTEX_POINT ( 'NONE', #676 ) ;
#692 = LINE ( 'NONE', #1240, #682 ) ;
#693 = CARTESIAN_POINT ( 'NONE',  ( 0.04035433070866141503, 0.03346456692913385433, -0.05629921259842520648 ) ) ;
#694 = ORIENTED_EDGE ( 'NONE', *, *, #771, .F. ) ;
#695 = DIRECTION ( 'NONE',  ( 0.0000000000000000000, -1.000000000000000000, 0.0000000000000000000 ) ) ;
#696 = DIRECTION ( 'NONE',  ( 0.0000000000000000000, 0.0000000000000000000, 1.000000000000000000 ) ) ;
#697 = EDGE_CURVE ( 'NONE', #1239, #1026, #1361, .T. ) ;
#698 = ORIENTED_EDGE ( 'NONE', *, *, #48, .T. ) ;
#699 = CARTESIAN_POINT ( 'NONE',  ( 0.04035433070866141503, 0.01279527559055118439, -0.06614173228346457989 ) ) ;
#700 = DIRECTION ( 'NONE',  ( 0.0000000000000000000, 0.0000000000000000000, -1.000000000000000000 ) ) ;
#701 = ORIENTED_EDGE ( 'NONE', *, *, #243, .T. ) ;
#702 = CARTESIAN_POINT ( 'NONE',  ( -0.03346456692913385433, -7.874015748031495683E-05, -0.04842519685039370358 ) ) ;
#703 = EDGE_CURVE ( 'NONE', #897, #764, #1339, .T. ) ;
#704 = CYLINDRICAL_SURFACE ( 'NONE', #249, 0.01574803149606299538 ) ;
#705 = CARTESIAN_POINT ( 'NONE',  ( 0.05610236220472441387, 0.01279527559055118439, -0.06220472440944882497 ) ) ;
#706 = ORIENTED_EDGE ( 'NONE', *, *, #444, .F. ) ;
#707 = CARTESIAN_POINT ( 'NONE',  ( -0.04035433070866141503, 0.04042427934238727177, 0.06325892501167863780 ) ) ;
#708 = AXIS2_PLACEMENT_3D ( 'NONE', #991, #425, #52 ) ;
#709 = AXIS2_PLACEMENT_3D ( 'NONE', #1096, #299, #1445 ) ;
#710 = PERSON_AND_ORGANIZATION_ROLE ( 'creator' ) ;
#711 = VECTOR ( 'NONE', #695, 39.37007874015748143 ) ;
#712 = VECTOR ( 'NONE', #602, 39.37007874015748143 ) ;
#713 = LINE ( 'NONE', #1164, #129 ) ;
#714 = LINE ( 'NONE', #836, #1341 ) ;
#715 = ORIENTED_EDGE ( 'NONE', *, *, #1221, .F. ) ;
#716 = CARTESIAN_POINT ( 'NONE',  ( -0.04035433070866141503, 0.01279527559055118439, -0.05629921259842520648 ) ) ;
#717 = COORDINATED_UNIVERSAL_TIME_OFFSET ( 0, 0, .AHEAD. ) ;
#718 = DIRECTION ( 'NONE',  ( -0.7071067811865474617, 0.0000000000000000000, -0.7071067811865474617 ) ) ;
#719 = DIRECTION ( 'NONE',  ( 0.0000000000000000000, 0.0000000000000000000, -1.000000000000000000 ) ) ;
#720 = ORIENTED_EDGE ( 'NONE', *, *, #934, .T. ) ;
#721 = FACE_OUTER_BOUND ( 'NONE', #99, .T. ) ;
#722 = EDGE_CURVE ( 'NONE', #262, #41, #1224, .T. ) ;
#723 = DIRECTION ( 'NONE',  ( -1.000000000000000000, 0.0000000000000000000, 0.0000000000000000000 ) ) ;
#724 = CYLINDRICAL_SURFACE ( 'NONE', #1297, 0.009842519685039369942 ) ;
#725 = VERTEX_POINT ( 'NONE', #15 ) ;
#726 = CARTESIAN_POINT ( 'NONE',  ( 0.01771653543307085896, 0.0000000000000000000, -0.04842519685039370358 ) ) ;
#727 = APPROVAL ( #1275, 'UNSPECIFIED' ) ;
#728 = AXIS2_PLACEMENT_3D ( 'NONE', #557, #792, #895 ) ;
#729 = AXIS2_PLACEMENT_3D ( 'NONE', #952, #386, #654 ) ;
#730 = ADVANCED_FACE ( 'NONE', ( #358 ), #1046, .T. ) ;
#731 = AXIS2_PLACEMENT_3D ( 'NONE', #678, #1117, #670 ) ;
#732 = ORIENTED_EDGE ( 'NONE', *, *, #252, .F. ) ;
#733 = VECTOR ( 'NONE', #965, 39.37007874015748143 ) ;
#734 = AXIS2_PLACEMENT_3D ( 'NONE', #132, #595, #1400 ) ;
#735 = DIRECTION ( 'NONE',  ( 0.0000000000000000000, -1.000000000000000000, 0.0000000000000000000 ) ) ;
#736 = EDGE_LOOP ( 'NONE', ( #988, #416 ) ) ;
#737 = CC_DESIGN_APPROVAL ( #727, ( #1253 ) ) ;
#738 = CARTESIAN_POINT ( 'NONE',  ( 0.04035433070866141503, 0.03346456692913385433, 0.05629921259842520648 ) ) ;
#739 = ADVANCED_FACE ( 'NONE', ( #813, #933 ), #126, .T. ) ;
#740 = ORIENTED_EDGE ( 'NONE', *, *, #269, .T. ) ;
#741 = PLANE ( 'NONE',  #1453 ) ;
#742 = DIRECTION ( 'NONE',  ( 0.7071067811865477948, 0.7071067811865473507, 0.0000000000000000000 ) ) ;
#743 = EDGE_LOOP ( 'NONE', ( #446, #740, #1195 ) ) ;
#744 = CARTESIAN_POINT ( 'NONE',  ( 0.03346456692913385433, 0.0000000000000000000, 0.04842519685039370358 ) ) ;
#745 = LINE ( 'NONE', #1000, #297 ) ;
#746 = EDGE_CURVE ( 'NONE', #1461, #1144, #1462, .T. ) ;
#747 = CARTESIAN_POINT ( 'NONE',  ( 0.04625984251968504046, 0.01279527559055118439, -0.07204724409448819145 ) ) ;
#748 = DIRECTION ( 'NONE',  ( 0.0000000000000000000, 0.0000000000000000000, 1.000000000000000000 ) ) ;
#749 = PLANE ( 'NONE',  #347 ) ;
#750 = APPLICATION_CONTEXT ( 'configuration controlled 3d designs of mechanical parts and assemblies' ) ;
#751 = AXIS2_PLACEMENT_3D ( 'NONE', #420, #886, #459 ) ;
#752 = ORIENTED_EDGE ( 'NONE', *, *, #959, .T. ) ;
#753 = AXIS2_PLACEMENT_3D ( 'NONE', #702, #685, #1152 ) ;
#754 = CARTESIAN_POINT ( 'NONE',  ( 0.03346456692913385433, 0.0000000000000000000, -0.04842519685039370358 ) ) ;
#755 = EDGE_CURVE ( 'NONE', #844, #802, #208, .T. ) ;
#756 = CC_DESIGN_SECURITY_CLASSIFICATION ( #1253, ( #1228 ) ) ;
#757 = CARTESIAN_POINT ( 'NONE',  ( 0.05807086614173229133, 0.0000000000000000000, 0.07401574803149606196 ) ) ;
#758 = ORIENTED_EDGE ( 'NONE', *, *, #902, .F. ) ;
#759 = LINE ( 'NONE', #77, #1363 ) ;
#760 = ORIENTED_EDGE ( 'NONE', *, *, #1147, .T. ) ;
#761 = EDGE_CURVE ( 'NONE', #286, #262, #561, .T. ) ;
#762 = LINE ( 'NONE', #80, #1160 ) ;
#763 = CARTESIAN_POINT ( 'NONE',  ( 0.04035433070866141503, 0.03346456692913385433, 0.05629921259842520648 ) ) ;
#764 = VERTEX_POINT ( 'NONE', #441 ) ;
#765 = CARTESIAN_POINT ( 'NONE',  ( -0.05610236220472441387, 0.01181102362204724393, 0.06220472440944882497 ) ) ;
#766 = VERTEX_POINT ( 'NONE', #1122 ) ;
#767 = LINE ( 'NONE', #747, #300 ) ;
#768 = CYLINDRICAL_SURFACE ( 'NONE', #709, 0.01574803149606299191 ) ;
#769 = PRODUCT_DEFINITION ( 'UNKNOWN', '', #1228, #1170 ) ;
#770 = CARTESIAN_POINT ( 'NONE',  ( 0.03346456692913385433, 0.0000000000000000000, -0.04842519685039370358 ) ) ;
#771 = EDGE_CURVE ( 'NONE', #943, #1428, #687, .T. ) ;
#772 = AXIS2_PLACEMENT_3D ( 'NONE', #1119, #930, #1133 ) ;
#773 = ORIENTED_EDGE ( 'NONE', *, *, #398, .F. ) ;
#774 = AXIS2_PLACEMENT_3D ( 'NONE', #1140, #113, #576 ) ;
#775 = CARTESIAN_POINT ( 'NONE',  ( -0.04921259842519685318, 0.0000000000000000000, -0.04842519685039370358 ) ) ;
#776 = VECTOR ( 'NONE', #507, 39.37007874015748143 ) ;
#777 = DIRECTION ( 'NONE',  ( -0.0000000000000000000, 1.000000000000000000, 0.0000000000000000000 ) ) ;
#778 = AXIS2_PLACEMENT_3D ( 'NONE', #17, #479, #363 ) ;
#779 =( GEOMETRIC_REPRESENTATION_CONTEXT ( 3 ) GLOBAL_UNCERTAINTY_ASSIGNED_CONTEXT ( ( #1197 ) ) GLOBAL_UNIT_ASSIGNED_CONTEXT ( ( #789, #677, #360 ) ) REPRESENTATION_CONTEXT ( 'NONE', 'WORKASPACE' ) );
#780 = FACE_OUTER_BOUND ( 'NONE', #55, .T. ) ;
#781 = DIRECTION ( 'NONE',  ( 0.0000000000000000000, 1.000000000000000000, 0.0000000000000000000 ) ) ;
#782 = APPLICATION_CONTEXT ( 'configuration controlled 3d designs of mechanical parts and assemblies' ) ;
#783 = ADVANCED_FACE ( 'NONE', ( #331 ), #788, .T. ) ;
#784 = EDGE_LOOP ( 'NONE', ( #1255, #1134, #860, #1436 ) ) ;
#785 = DIRECTION ( 'NONE',  ( -1.000000000000000000, 0.0000000000000000000, 0.0000000000000000000 ) ) ;
#786 = CARTESIAN_POINT ( 'NONE',  ( -0.04625984251968504046, 0.01181102362204724393, -0.07204724409448819145 ) ) ;
#787 = ORIENTED_EDGE ( 'NONE', *, *, #1207, .F. ) ;
#788 = PLANE ( 'NONE',  #853 ) ;
#789 =( CONVERSION_BASED_UNIT ( 'INCH', #349 ) LENGTH_UNIT ( ) NAMED_UNIT ( #612 ) );
#790 = FACE_OUTER_BOUND ( 'NONE', #932, .T. ) ;
#791 = EDGE_LOOP ( 'NONE', ( #1210, #880, #556, #498 ) ) ;
#792 = DIRECTION ( 'NONE',  ( 0.0000000000000000000, -1.000000000000000000, 0.0000000000000000000 ) ) ;
#793 = CC_DESIGN_DATE_AND_TIME_ASSIGNMENT ( #43, #978, ( #1253 ) ) ;
#794 = DIRECTION ( 'NONE',  ( 1.000000000000000000, 0.0000000000000000000, 0.0000000000000000000 ) ) ;
#795 = ORIENTED_EDGE ( 'NONE', *, *, #475, .T. ) ;
#796 = CARTESIAN_POINT ( 'NONE',  ( 0.009842519685039369942, 0.04330708661417323468, -0.02755905511811023584 ) ) ;
#797 = DIRECTION ( 'NONE',  ( 0.0000000000000000000, 0.0000000000000000000, -1.000000000000000000 ) ) ;
#798 = VERTEX_POINT ( 'NONE', #119 ) ;
#799 = CARTESIAN_POINT ( 'NONE',  ( 0.0000000000000000000, 0.04330708661417323468, -0.02755905511811023584 ) ) ;
#800 = AXIS2_PLACEMENT_3D ( 'NONE', #1142, #116, #579 ) ;
#801 = CARTESIAN_POINT ( 'NONE',  ( 0.03346456692913385433, -7.874015748031495683E-05, -0.04842519685039370358 ) ) ;
#802 = VERTEX_POINT ( 'NONE', #582 ) ;
#803 = CARTESIAN_POINT ( 'NONE',  ( 0.05019685039370078150, 0.01181102362204724393, -0.06614173228346457989 ) ) ;
#804 = EDGE_CURVE ( 'NONE', #480, #915, #339, .T. ) ;
#805 = VECTOR ( 'NONE', #748, 39.37007874015748143 ) ;
#806 = VECTOR ( 'NONE', #735, 39.37007874015748143 ) ;
#807 = CARTESIAN_POINT ( 'NONE',  ( -0.04035433070866141503, 0.04330708661417323468, 0.05629921259842520648 ) ) ;
#808 = CIRCLE ( 'NONE', #445, 0.009842519685039369942 ) ;
#809 = LOCAL_TIME ( 21, 54, 12.00000000000000000, #1372 ) ;
#810 = ORIENTED_EDGE ( 'NONE', *, *, #296, .T. ) ;
#811 = LINE ( 'NONE', #1349, #56 ) ;
#812 = DIRECTION ( 'NONE',  ( -1.000000000000000000, 0.0000000000000000000, 0.0000000000000000000 ) ) ;
#813 = FACE_OUTER_BOUND ( 'NONE', #38, .T. ) ;
#814 = EDGE_CURVE ( 'NONE', #1062, #881, #1135, .T. ) ;
#815 = APPROVAL_ROLE ( '' ) ;
#816 = DIRECTION ( 'NONE',  ( 0.0000000000000000000, 1.000000000000000000, 0.0000000000000000000 ) ) ;
#817 = DIRECTION ( 'NONE',  ( 1.000000000000000000, 0.0000000000000000000, 0.0000000000000000000 ) ) ;
#818 = ORIENTED_EDGE ( 'NONE', *, *, #890, .T. ) ;
#819 = CARTESIAN_POINT ( 'NONE',  ( 0.05610236220472441387, 0.01181102362204724393, -0.06220472440944882497 ) ) ;
#820 = EDGE_CURVE ( 'NONE', #426, #364, #7, .T. ) ;
#821 = ORIENTED_EDGE ( 'NONE', *, *, #697, .F. ) ;
#822 = LINE ( 'NONE', #1176, #567 ) ;
#823 = ORIENTED_EDGE ( 'NONE', *, *, #69, .F. ) ;
#824 = DIRECTION ( 'NONE',  ( 0.0000000000000000000, -1.000000000000000000, 0.0000000000000000000 ) ) ;
#825 = AXIS2_PLACEMENT_3D ( 'NONE', #1031, #1, #412 ) ;
#826 = CALENDAR_DATE ( 2019, 20, 10 ) ;
#827 = ORIENTED_EDGE ( 'NONE', *, *, #979, .T. ) ;
#828 = AXIS2_PLACEMENT_3D ( 'NONE', #666, #914, #92 ) ;
#829 = CARTESIAN_POINT ( 'NONE',  ( -0.04035433070866141503, 0.03346456692913385433, -0.05629921259842520648 ) ) ;
#830 = EDGE_CURVE ( 'NONE', #1428, #943, #1204, .T. ) ;
#831 = VECTOR ( 'NONE', #1383, 39.37007874015748143 ) ;
#832 = DIRECTION ( 'NONE',  ( -1.000000000000000000, 0.0000000000000000000, 0.0000000000000000000 ) ) ;
#833 = EDGE_LOOP ( 'NONE', ( #1456, #1054 ) ) ;
#834 = CARTESIAN_POINT ( 'NONE',  ( -0.04035433070866141503, 0.03346456692913385433, -0.06614173228346457989 ) ) ;
#835 = CALENDAR_DATE ( 2019, 20, 10 ) ;
#836 = CARTESIAN_POINT ( 'NONE',  ( 0.05807086614173229133, 0.01181102362204724393, -0.07401574803149606196 ) ) ;
#837 = ADVANCED_FACE ( 'NONE', ( #624 ), #365, .T. ) ;
#838 = ORIENTED_EDGE ( 'NONE', *, *, #979, .F. ) ;
#839 = CARTESIAN_POINT ( 'NONE',  ( 0.009842519685039369942, 0.04330708661417323468, -0.02755905511811023584 ) ) ;
#840 = ADVANCED_FACE ( 'NONE', ( #721 ), #167, .T. ) ;
#841 = ORIENTED_EDGE ( 'NONE', *, *, #59, .F. ) ;
#842 = FACE_BOUND ( 'NONE', #217, .T. ) ;
#843 = CARTESIAN_POINT ( 'NONE',  ( 0.04921259842519685318, 0.0000000000000000000, -0.04842519685039370358 ) ) ;
#844 = VERTEX_POINT ( 'NONE', #726 ) ;
#845 = LINE ( 'NONE', #382, #564 ) ;
#846 = ORIENTED_EDGE ( 'NONE', *, *, #942, .F. ) ;
#847 = VECTOR ( 'NONE', #1040, 39.37007874015748143 ) ;
#848 = EDGE_CURVE ( 'NONE', #532, #276, #278, .T. ) ;
#849 = DATE_AND_TIME ( #1411, #594 ) ;
#850 = AXIS2_PLACEMENT_3D ( 'NONE', #1222, #203, #910 ) ;
#851 = EDGE_LOOP ( 'NONE', ( #958, #191, #239, #96 ) ) ;
#852 = DIRECTION ( 'NONE',  ( 0.0000000000000000000, 0.0000000000000000000, 1.000000000000000000 ) ) ;
#853 = AXIS2_PLACEMENT_3D ( 'NONE', #1237, #1021, #457 ) ;
#854 = VECTOR ( 'NONE', #432, 39.37007874015748143 ) ;
#855 = DIRECTION ( 'NONE',  ( 0.0000000000000000000, -1.000000000000000000, 0.0000000000000000000 ) ) ;
#856 = ORIENTED_EDGE ( 'NONE', *, *, #205, .F. ) ;
#857 = CARTESIAN_POINT ( 'NONE',  ( -0.05807086614173229133, 0.0000000000000000000, 0.07401574803149606196 ) ) ;
#858 = ADVANCED_FACE ( 'NONE', ( #940 ), #1382, .T. ) ;
#859 = CARTESIAN_POINT ( 'NONE',  ( -0.04035433070866141503, 0.03346456692913385433, 0.06614173228346457989 ) ) ;
#860 = ORIENTED_EDGE ( 'NONE', *, *, #464, .F. ) ;
#861 = VERTEX_POINT ( 'NONE', #819 ) ;
#862 = DIRECTION ( 'NONE',  ( 0.0000000000000000000, 0.7071067811865473507, 0.7071067811865477948 ) ) ;
#863 = ORIENTED_EDGE ( 'NONE', *, *, #992, .T. ) ;
#864 = CARTESIAN_POINT ( 'NONE',  ( -0.009842519685039369942, 0.04330708661417323468, -0.02755905511811023584 ) ) ;
#865 = EDGE_CURVE ( 'NONE', #385, #190, #182, .T. ) ;
#866 = EDGE_LOOP ( 'NONE', ( #396, #1318, #144, #694 ) ) ;
#867 = CARTESIAN_POINT ( 'NONE',  ( 0.04035433070866141503, 0.03346456692913385433, 0.2669896062992126451 ) ) ;
#868 = CARTESIAN_POINT ( 'NONE',  ( -0.05610236220472441387, 0.01279527559055118439, -0.06220472440944882497 ) ) ;
#869 = ORIENTED_EDGE ( 'NONE', *, *, #1052, .T. ) ;
#870 = CARTESIAN_POINT ( 'NONE',  ( -0.04921259842519685318, 0.0000000000000000000, 0.04842519685039370358 ) ) ;
#871 = AXIS2_PLACEMENT_3D ( 'NONE', #1238, #1124, #1024 ) ;
#872 = ORIENTED_EDGE ( 'NONE', *, *, #242, .T. ) ;
#873 = EDGE_CURVE ( 'NONE', #246, #1420, #845, .T. ) ;
#874 = AXIS2_PLACEMENT_3D ( 'NONE', #355, #1235, #794 ) ;
#875 = APPROVAL_PERSON_ORGANIZATION ( #488, #1419, #1087 ) ;
#876 = DIRECTION ( 'NONE',  ( 0.0000000000000000000, 1.000000000000000000, 0.0000000000000000000 ) ) ;
#877 = CYLINDRICAL_SURFACE ( 'NONE', #640, 0.009842519685039369942 ) ;
#878 = ORIENTED_EDGE ( 'NONE', *, *, #1464, .T. ) ;
#879 = DIRECTION ( 'NONE',  ( 0.0000000000000000000, -1.000000000000000000, 0.0000000000000000000 ) ) ;
#880 = ORIENTED_EDGE ( 'NONE', *, *, #179, .F. ) ;
#881 = VERTEX_POINT ( 'NONE', #707 ) ;
#882 = PRODUCT_RELATED_PRODUCT_CATEGORY ( 'detail', '', ( #1425 ) ) ;
#883 = FACE_OUTER_BOUND ( 'NONE', #1422, .T. ) ;
#884 = ADVANCED_FACE ( 'NONE', ( #610 ), #1169, .T. ) ;
#885 = CARTESIAN_POINT ( 'NONE',  ( 0.01771653543307085896, -7.874015748031495683E-05, 0.04842519685039370358 ) ) ;
#886 = DIRECTION ( 'NONE',  ( 0.0000000000000000000, 1.000000000000000000, 0.0000000000000000000 ) ) ;
#887 = ORIENTED_EDGE ( 'NONE', *, *, #37, .T. ) ;
#888 = ORIENTED_EDGE ( 'NONE', *, *, #761, .F. ) ;
#889 = DIRECTION ( 'NONE',  ( 0.0000000000000000000, -1.000000000000000000, 0.0000000000000000000 ) ) ;
#890 = EDGE_CURVE ( 'NONE', #44, #1216, #1161, .T. ) ;
#891 = DIRECTION ( 'NONE',  ( 1.000000000000000000, 0.0000000000000000000, 0.0000000000000000000 ) ) ;
#892 = CARTESIAN_POINT ( 'NONE',  ( 0.009842519685039369942, 0.02755905511811023584, -0.02755905511811023584 ) ) ;
#893 = AXIS2_PLACEMENT_3D ( 'NONE', #45, #478, #723 ) ;
#894 = ORIENTED_EDGE ( 'NONE', *, *, #20, .T. ) ;
#895 = DIRECTION ( 'NONE',  ( 1.000000000000000000, 0.0000000000000000000, 0.0000000000000000000 ) ) ;
#896 = CARTESIAN_POINT ( 'NONE',  ( 0.04035433070866141503, 0.04330708661417323468, 0.05629921259842520648 ) ) ;
#897 = VERTEX_POINT ( 'NONE', #1273 ) ;
#898 = AXIS2_PLACEMENT_3D ( 'NONE', #604, #26, #1280 ) ;
#899 = DIRECTION ( 'NONE',  ( 0.0000000000000000000, -1.000000000000000000, 0.0000000000000000000 ) ) ;
#900 = CIRCLE ( 'NONE', #256, 0.009842519685039368207 ) ;
#901 = CARTESIAN_POINT ( 'NONE',  ( -0.04921259842519685318, 0.0000000000000000000, 0.04842519685039370358 ) ) ;
#902 = EDGE_CURVE ( 'NONE', #1413, #1216, #35, .T. ) ;
#903 = DIRECTION ( 'NONE',  ( 0.0000000000000000000, 0.0000000000000000000, -1.000000000000000000 ) ) ;
#904 = ORIENTED_EDGE ( 'NONE', *, *, #193, .F. ) ;
#905 = CARTESIAN_POINT ( 'NONE',  ( -0.04035433070866141503, 0.09986485039370079919, 0.05629921259842520648 ) ) ;
#906 = PLANE ( 'NONE',  #828 ) ;
#907 = ORIENTED_EDGE ( 'NONE', *, *, #305, .F. ) ;
#908 = CARTESIAN_POINT ( 'NONE',  ( -0.05019685039370078150, 0.03346456692913385433, 0.05629921259842520648 ) ) ;
#909 = DIRECTION ( 'NONE',  ( 0.0000000000000000000, -1.000000000000000000, 0.0000000000000000000 ) ) ;
#910 = DIRECTION ( 'NONE',  ( -1.000000000000000000, 0.0000000000000000000, 0.0000000000000000000 ) ) ;
#911 = ORIENTED_EDGE ( 'NONE', *, *, #934, .F. ) ;
#912 = CARTESIAN_POINT ( 'NONE',  ( -0.05807086614173229133, 0.01181102362204724393, 0.07401574803149606196 ) ) ;
#913 = ADVANCED_FACE ( 'NONE', ( #142 ), #497, .T. ) ;
#914 = DIRECTION ( 'NONE',  ( 0.0000000000000000000, -1.000000000000000000, 0.0000000000000000000 ) ) ;
#915 = VERTEX_POINT ( 'NONE', #839 ) ;
#916 = DIRECTION ( 'NONE',  ( -1.000000000000000000, 0.0000000000000000000, 0.0000000000000000000 ) ) ;
#917 = CARTESIAN_POINT ( 'NONE',  ( -0.04035433070866141503, 0.03346456692913385433, -0.05629921259842520648 ) ) ;
#918 = ORIENTED_EDGE ( 'NONE', *, *, #336, .T. ) ;
#919 = CYLINDRICAL_SURFACE ( 'NONE', #128, 0.009842519685039366473 ) ;
#920 = CARTESIAN_POINT ( 'NONE',  ( 0.04035433070866141503, 0.03346456692913385433, -0.06614173228346457989 ) ) ;
#921 = AXIS2_PLACEMENT_3D ( 'NONE', #1098, #1090, #66 ) ;
#922 = EDGE_CURVE ( 'NONE', #798, #480, #322, .T. ) ;
#923 = EDGE_LOOP ( 'NONE', ( #504, #1167, #649, #1141 ) ) ;
#924 = VECTOR ( 'NONE', #797, 39.37007874015748143 ) ;
#925 = CARTESIAN_POINT ( 'NONE',  ( 0.04625984251968504046, 0.09986485039370079919, 0.06220472440944882497 ) ) ;
#926 = AXIS2_PLACEMENT_3D ( 'NONE', #547, #1230, #505 ) ;
#927 = CYLINDRICAL_SURFACE ( 'NONE', #354, 0.009842519685039369942 ) ;
#928 = AXIS2_PLACEMENT_3D ( 'NONE', #1353, #21, #591 ) ;
#929 = VERTEX_POINT ( 'NONE', #263 ) ;
#930 = DIRECTION ( 'NONE',  ( 0.0000000000000000000, -1.000000000000000000, 0.0000000000000000000 ) ) ;
#931 = DIRECTION ( 'NONE',  ( -0.0000000000000000000, 1.000000000000000000, 0.0000000000000000000 ) ) ;
#932 = EDGE_LOOP ( 'NONE', ( #317, #1236 ) ) ;
#933 = FACE_BOUND ( 'NONE', #1264, .T. ) ;
#934 = EDGE_CURVE ( 'NONE', #1287, #151, #34, .T. ) ;
#935 = CARTESIAN_POINT ( 'NONE',  ( 0.03346456692913385433, -7.874015748031495683E-05, -0.04842519685039370358 ) ) ;
#936 = ORIENTED_EDGE ( 'NONE', *, *, #305, .T. ) ;
#937 = DIRECTION ( 'NONE',  ( 1.000000000000000000, 0.0000000000000000000, 0.0000000000000000000 ) ) ;
#938 = CARTESIAN_POINT ( 'NONE',  ( 0.04035433070866141503, 0.03346456692913385433, 0.05629921259842520648 ) ) ;
#939 = ORIENTED_EDGE ( 'NONE', *, *, #1310, .T. ) ;
#940 = FACE_OUTER_BOUND ( 'NONE', #1075, .T. ) ;
#941 = CARTESIAN_POINT ( 'NONE',  ( 0.04035433070866141503, 0.09986485039370079919, 0.05629921259842520648 ) ) ;
#942 = EDGE_CURVE ( 'NONE', #691, #569, #615, .T. ) ;
#943 = VERTEX_POINT ( 'NONE', #960 ) ;
#944 = FACE_OUTER_BOUND ( 'NONE', #1290, .T. ) ;
#945 = LINE ( 'NONE', #124, #806 ) ;
#946 = DIRECTION ( 'NONE',  ( -1.000000000000000000, 0.0000000000000000000, 0.0000000000000000000 ) ) ;
#947 = VECTOR ( 'NONE', #876, 39.37007874015748143 ) ;
#948 = APPROVAL_DATE_TIME ( #849, #1419 ) ;
#949 = AXIS2_PLACEMENT_3D ( 'NONE', #390, #247, #1291 ) ;
#950 = ORIENTED_EDGE ( 'NONE', *, *, #93, .T. ) ;
#951 = AXIS2_PLACEMENT_3D ( 'NONE', #1368, #889, #812 ) ;
#952 = CARTESIAN_POINT ( 'NONE',  ( 0.0000000000000000000, -7.874015748031495683E-05, 0.0000000000000000000 ) ) ;
#953 = EDGE_CURVE ( 'NONE', #1223, #403, #1403, .T. ) ;
#954 = FACE_OUTER_BOUND ( 'NONE', #271, .T. ) ;
#955 = ORIENTED_EDGE ( 'NONE', *, *, #169, .T. ) ;
#956 = DIRECTION ( 'NONE',  ( 0.7071067811865475727, 0.0000000000000000000, -0.7071067811865475727 ) ) ;
#957 = FACE_OUTER_BOUND ( 'NONE', #581, .T. ) ;
#958 = ORIENTED_EDGE ( 'NONE', *, *, #630, .T. ) ;
#959 = EDGE_CURVE ( 'NONE', #1239, #1062, #1431, .T. ) ;
#960 = CARTESIAN_POINT ( 'NONE',  ( 0.04921259842519685318, -7.874015748031495683E-05, 0.04842519685039370358 ) ) ;
#961 = EDGE_LOOP ( 'NONE', ( #1329, #477, #1217 ) ) ;
#962 = LINE ( 'NONE', #1185, #684 ) ;
#963 = DIRECTION ( 'NONE',  ( -0.7071067811865473507, 0.7071067811865477948, 0.0000000000000000000 ) ) ;
#964 = ORIENTED_EDGE ( 'NONE', *, *, #1003, .F. ) ;
#965 = DIRECTION ( 'NONE',  ( 1.000000000000000000, 0.0000000000000000000, 0.0000000000000000000 ) ) ;
#966 = EDGE_CURVE ( 'NONE', #1364, #1033, #767, .T. ) ;
#967 = VECTOR ( 'NONE', #353, 39.37007874015748143 ) ;
#968 = APPROVAL_STATUS ( 'not_yet_approved' ) ;
#969 = AXIS2_PLACEMENT_3D ( 'NONE', #418, #306, #428 ) ;
#970 = LINE ( 'NONE', #981, #1292 ) ;
#971 = AXIS2_PLACEMENT_3D ( 'NONE', #1265, #49, #1377 ) ;
#972 = CIRCLE ( 'NONE', #1252, 0.01574803149606299191 ) ;
#973 = CARTESIAN_POINT ( 'NONE',  ( -0.05019685039370078150, 0.01279527559055118439, -0.05629921259842520648 ) ) ;
#974 = VECTOR ( 'NONE', #515, 39.37007874015748143 ) ;
#975 = DIRECTION ( 'NONE',  ( 0.0000000000000000000, -1.000000000000000000, 0.0000000000000000000 ) ) ;
#976 = ORIENTED_EDGE ( 'NONE', *, *, #1191, .F. ) ;
#977 = PLANE ( 'NONE',  #1202 ) ;
#978 = DATE_TIME_ROLE ( 'classification_date' ) ;
#979 = EDGE_CURVE ( 'NONE', #1208, #844, #131, .T. ) ;
#980 = ORIENTED_EDGE ( 'NONE', *, *, #653, .T. ) ;
#981 = CARTESIAN_POINT ( 'NONE',  ( -0.04035433070866141503, 0.04330708661417323468, -0.05629921259842520648 ) ) ;
#982 = ORIENTED_EDGE ( 'NONE', *, *, #922, .T. ) ;
#983 = DIRECTION ( 'NONE',  ( 0.0000000000000000000, -1.000000000000000000, 0.0000000000000000000 ) ) ;
#984 = EDGE_CURVE ( 'NONE', #246, #725, #1115, .T. ) ;
#985 = ORIENTED_EDGE ( 'NONE', *, *, #389, .F. ) ;
#986 = DIRECTION ( 'NONE',  ( 0.0000000000000000000, 0.0000000000000000000, -1.000000000000000000 ) ) ;
#987 = ORIENTED_EDGE ( 'NONE', *, *, #39, .F. ) ;
#988 = ORIENTED_EDGE ( 'NONE', *, *, #1444, .T. ) ;
#989 = DIRECTION ( 'NONE',  ( 0.0000000000000000000, -1.000000000000000000, 0.0000000000000000000 ) ) ;
#990 = DIRECTION ( 'NONE',  ( 0.0000000000000000000, -1.000000000000000000, 0.0000000000000000000 ) ) ;
#991 = CARTESIAN_POINT ( 'NONE',  ( 0.04035433070866141503, 0.01279527559055118439, 0.05629921259842520648 ) ) ;
#992 = EDGE_CURVE ( 'NONE', #403, #151, #1084, .T. ) ;
#993 = VECTOR ( 'NONE', #450, 39.37007874015748143 ) ;
#994 = EDGE_LOOP ( 'NONE', ( #518, #671, #401, #878 ) ) ;
#995 = ADVANCED_FACE ( 'NONE', ( #1408 ), #1194, .T. ) ;
#996 = CIRCLE ( 'NONE', #64, 0.009842519685039369942 ) ;
#997 = DIRECTION ( 'NONE',  ( -1.000000000000000000, 0.0000000000000000000, 0.0000000000000000000 ) ) ;
#998 = DIRECTION ( 'NONE',  ( 0.0000000000000000000, 0.7071067811865477948, -0.7071067811865473507 ) ) ;
#999 = FACE_BOUND ( 'NONE', #1132, .T. ) ;
#1000 = CARTESIAN_POINT ( 'NONE',  ( 0.05019685039370078150, 0.03346456692913385433, -0.05629921259842520648 ) ) ;
#1001 = EDGE_LOOP ( 'NONE', ( #1302, #1097, #171, #1267 ) ) ;
#1002 = DIRECTION ( 'NONE',  ( -1.000000000000000000, 0.0000000000000000000, 0.0000000000000000000 ) ) ;
#1003 = EDGE_CURVE ( 'NONE', #609, #364, #527, .T. ) ;
#1004 = FACE_OUTER_BOUND ( 'NONE', #866, .T. ) ;
#1005 = ADVANCED_BREP_SHAPE_REPRESENTATION ( 'CUI_DEVICES_CMM-3729AT-42308-TR', ( #487, #471 ), #779 ) ;
#1006 = DIRECTION ( 'NONE',  ( 0.0000000000000000000, 0.0000000000000000000, -1.000000000000000000 ) ) ;
#1007 = FACE_OUTER_BOUND ( 'NONE', #311, .T. ) ;
#1008 = ORIENTED_EDGE ( 'NONE', *, *, #1010, .T. ) ;
#1009 = CARTESIAN_POINT ( 'NONE',  ( -0.05807086614173229133, 0.01181102362204724393, -0.07401574803149606196 ) ) ;
#1010 = EDGE_CURVE ( 'NONE', #1062, #609, #185, .T. ) ;
#1011 = FACE_OUTER_BOUND ( 'NONE', #1001, .T. ) ;
#1012 = DIRECTION ( 'NONE',  ( 0.0000000000000000000, 1.000000000000000000, 0.0000000000000000000 ) ) ;
#1013 = DIRECTION ( 'NONE',  ( -0.7071067811865474617, 0.0000000000000000000, 0.7071067811865474617 ) ) ;
#1014 = CIRCLE ( 'NONE', #1387, 0.009842519685039369942 ) ;
#1015 = VERTEX_POINT ( 'NONE', #1094 ) ;
#1016 = CARTESIAN_POINT ( 'NONE',  ( -0.05019685039370078150, 0.03346456692913385433, -0.05629921259842520648 ) ) ;
#1017 = CIRCLE ( 'NONE', #1409, 0.009842519685039369942 ) ;
#1018 = LINE ( 'NONE', #1460, #1369 ) ;
#1019 = ORIENTED_EDGE ( 'NONE', *, *, #359, .F. ) ;
#1020 = AXIS2_PLACEMENT_3D ( 'NONE', #620, #956, #42 ) ;
#1021 = DIRECTION ( 'NONE',  ( 0.0000000000000000000, 0.0000000000000000000, 1.000000000000000000 ) ) ;
#1022 = VECTOR ( 'NONE', #571, 39.37007874015748143 ) ;
#1023 = CARTESIAN_POINT ( 'NONE',  ( 0.04625984251968504046, 0.01181102362204724393, -0.07204724409448819145 ) ) ;
#1024 = DIRECTION ( 'NONE',  ( 1.000000000000000000, 0.0000000000000000000, 0.0000000000000000000 ) ) ;
#1025 = ADVANCED_FACE ( 'NONE', ( #417 ), #1423, .T. ) ;
#1026 = VERTEX_POINT ( 'NONE', #1101 ) ;
#1027 = SPHERICAL_SURFACE ( 'NONE', #1407, 0.009842519685039369942 ) ;
#1028 = DIRECTION ( 'NONE',  ( 0.0000000000000000000, -1.000000000000000000, 0.0000000000000000000 ) ) ;
#1029 = EDGE_LOOP ( 'NONE', ( #758, #538, #1077, #773, #818 ) ) ;
#1030 = CARTESIAN_POINT ( 'NONE',  ( 0.03346456692913385433, -7.874015748031495683E-05, 0.04842519685039370358 ) ) ;
#1031 = CARTESIAN_POINT ( 'NONE',  ( 0.04035433070866141503, 0.03346456692913385433, 0.05629921259842520648 ) ) ;
#1032 = EDGE_CURVE ( 'NONE', #368, #675, #73, .T. ) ;
#1033 = VERTEX_POINT ( 'NONE', #117 ) ;
#1034 = LINE ( 'NONE', #699, #847 ) ;
#1035 = LINE ( 'NONE', #238, #1137 ) ;
#1036 = ORIENTED_EDGE ( 'NONE', *, *, #1085, .T. ) ;
#1037 = DIRECTION ( 'NONE',  ( 0.0000000000000000000, 0.0000000000000000000, 1.000000000000000000 ) ) ;
#1038 = CARTESIAN_POINT ( 'NONE',  ( 0.03346456692913385433, 0.0000000000000000000, -0.04842519685039370358 ) ) ;
#1039 = ORIENTED_EDGE ( 'NONE', *, *, #464, .T. ) ;
#1040 = DIRECTION ( 'NONE',  ( -1.000000000000000000, 0.0000000000000000000, 0.0000000000000000000 ) ) ;
#1041 = AXIS2_PLACEMENT_3D ( 'NONE', #3, #1149, #342 ) ;
#1042 = CARTESIAN_POINT ( 'NONE',  ( -0.04625984251968504046, 0.09986485039370079919, 0.06220472440944882497 ) ) ;
#1043 = EDGE_LOOP ( 'NONE', ( #138, #869, #463 ) ) ;
#1044 = EDGE_CURVE ( 'NONE', #1364, #1461, #1035, .T. ) ;
#1045 = CIRCLE ( 'NONE', #969, 0.009842519685039369942 ) ;
#1046 = CYLINDRICAL_SURFACE ( 'NONE', #11, 0.01574803149606299538 ) ;
#1047 = VECTOR ( 'NONE', #1397, 39.37007874015748143 ) ;
#1048 = VECTOR ( 'NONE', #1002, 39.37007874015748143 ) ;
#1049 = CARTESIAN_POINT ( 'NONE',  ( -0.04625984251968504046, 0.01279527559055118439, -0.07204724409448819145 ) ) ;
#1050 = DIRECTION ( 'NONE',  ( 0.0000000000000000000, 1.000000000000000000, 0.0000000000000000000 ) ) ;
#1051 = EDGE_LOOP ( 'NONE', ( #341, #147, #633, #440 ) ) ;
#1052 = EDGE_CURVE ( 'NONE', #1398, #897, #808, .T. ) ;
#1053 = DIRECTION ( 'NONE',  ( 0.0000000000000000000, -1.000000000000000000, 0.0000000000000000000 ) ) ;
#1054 = ORIENTED_EDGE ( 'NONE', *, *, #865, .F. ) ;
#1055 = DIRECTION ( 'NONE',  ( 1.000000000000000000, 0.0000000000000000000, 0.0000000000000000000 ) ) ;
#1056 = FACE_OUTER_BOUND ( 'NONE', #1128, .T. ) ;
#1057 = VERTEX_POINT ( 'NONE', #1009 ) ;
#1058 = DIRECTION ( 'NONE',  ( 0.7071067811865477948, 0.7071067811865473507, 0.0000000000000000000 ) ) ;
#1059 = EDGE_CURVE ( 'NONE', #316, #44, #1127, .T. ) ;
#1060 = CARTESIAN_POINT ( 'NONE',  ( 0.04625984251968504046, 0.01279527559055118439, -0.06220472440944882497 ) ) ;
#1061 = CARTESIAN_POINT ( 'NONE',  ( 0.04035433070866141503, 0.03346456692913385433, -0.05629921259842520648 ) ) ;
#1062 = VERTEX_POINT ( 'NONE', #448 ) ;
#1063 = AXIS2_PLACEMENT_3D ( 'NONE', #570, #218, #362 ) ;
#1064 = VECTOR ( 'NONE', #614, 39.37007874015748143 ) ;
#1065 = CARTESIAN_POINT ( 'NONE',  ( -0.05019685039370078150, 0.01181102362204724393, 0.06614173228346457989 ) ) ;
#1066 = AXIS2_PLACEMENT_3D ( 'NONE', #917, #1013, #1354 ) ;
#1067 = AXIS2_PLACEMENT_3D ( 'NONE', #1030, #899, #1344 ) ;
#1068 = ADVANCED_FACE ( 'NONE', ( #1450 ), #5, .F. ) ;
#1069 = AXIS2_PLACEMENT_3D ( 'NONE', #770, #855, #669 ) ;
#1070 = DIRECTION ( 'NONE',  ( 0.0000000000000000000, 1.000000000000000000, 0.0000000000000000000 ) ) ;
#1071 = CC_DESIGN_APPROVAL ( #324, ( #769 ) ) ;
#1072 = DIRECTION ( 'NONE',  ( 0.0000000000000000000, 0.0000000000000000000, -1.000000000000000000 ) ) ;
#1073 = ORIENTED_EDGE ( 'NONE', *, *, #563, .T. ) ;
#1074 = CARTESIAN_POINT ( 'NONE',  ( 0.04625984251968504046, 0.01279527559055118439, 0.07204724409448819145 ) ) ;
#1075 = EDGE_LOOP ( 'NONE', ( #1163, #110, #1416, #1008 ) ) ;
#1076 = CARTESIAN_POINT ( 'NONE',  ( 0.04035433070866141503, 0.03346456692913385433, 0.05629921259842520648 ) ) ;
#1077 = ORIENTED_EDGE ( 'NONE', *, *, #406, .F. ) ;
#1078 = DIRECTION ( 'NONE',  ( 0.0000000000000000000, 1.000000000000000000, 0.0000000000000000000 ) ) ;
#1079 = ORIENTED_EDGE ( 'NONE', *, *, #313, .F. ) ;
#1080 = CARTESIAN_POINT ( 'NONE',  ( 0.04035433070866141503, 0.01279527559055118439, -0.05629921259842520648 ) ) ;
#1081 = LINE ( 'NONE', #53, #974 ) ;
#1082 = ORIENTED_EDGE ( 'NONE', *, *, #196, .F. ) ;
#1083 = ORIENTED_EDGE ( 'NONE', *, *, #1191, .T. ) ;
#1084 = LINE ( 'NONE', #658, #733 ) ;
#1085 = EDGE_CURVE ( 'NONE', #1223, #1287, #318, .T. ) ;
#1086 = CARTESIAN_POINT ( 'NONE',  ( 0.01771653543307086243, 0.0000000000000000000, 0.04842519685039370358 ) ) ;
#1087 = APPROVAL_ROLE ( '' ) ;
#1088 = VECTOR ( 'NONE', #1465, 39.37007874015748143 ) ;
#1089 = VERTEX_POINT ( 'NONE', #1121 ) ;
#1090 = DIRECTION ( 'NONE',  ( 0.0000000000000000000, 0.0000000000000000000, -1.000000000000000000 ) ) ;
#1091 = AXIS2_PLACEMENT_3D ( 'NONE', #754, #1306, #291 ) ;
#1092 = ORIENTED_EDGE ( 'NONE', *, *, #814, .F. ) ;
#1093 = AXIS2_PLACEMENT_3D ( 'NONE', #1076, #1439, #1454 ) ;
#1094 = CARTESIAN_POINT ( 'NONE',  ( 0.05807086614173229133, 0.0000000000000000000, -0.07401574803149606196 ) ) ;
#1095 = ADVANCED_FACE ( 'NONE', ( #343 ), #1350, .T. ) ;
#1096 = CARTESIAN_POINT ( 'NONE',  ( 0.03346456692913385433, 0.0000000000000000000, 0.04842519685039370358 ) ) ;
#1097 = ORIENTED_EDGE ( 'NONE', *, *, #1394, .T. ) ;
#1098 = CARTESIAN_POINT ( 'NONE',  ( -0.04035433070866141503, 0.03346456692913385433, -0.05629921259842520648 ) ) ;
#1099 = EDGE_LOOP ( 'NONE', ( #650, #1184, #1243, #236 ) ) ;
#1100 = ORIENTED_EDGE ( 'NONE', *, *, #521, .T. ) ;
#1101 = CARTESIAN_POINT ( 'NONE',  ( -0.05019685039370078150, 0.01279527559055118439, 0.05629921259842520648 ) ) ;
#1102 = CARTESIAN_POINT ( 'NONE',  ( -0.03346456692913385433, -7.874015748031495683E-05, 0.04842519685039370358 ) ) ;
#1103 = ADVANCED_FACE ( 'NONE', ( #462 ), #98, .T. ) ;
#1104 = DIRECTION ( 'NONE',  ( -1.000000000000000000, 0.0000000000000000000, 0.0000000000000000000 ) ) ;
#1105 = EDGE_CURVE ( 'NONE', #644, #41, #1331, .T. ) ;
#1106 = ORIENTED_EDGE ( 'NONE', *, *, #1147, .F. ) ;
#1107 = DIRECTION ( 'NONE',  ( 0.0000000000000000000, 1.000000000000000000, 0.0000000000000000000 ) ) ;
#1108 = DIRECTION ( 'NONE',  ( 0.0000000000000000000, 1.000000000000000000, 0.0000000000000000000 ) ) ;
#1109 = AXIS2_PLACEMENT_3D ( 'NONE', #1080, #513, #1426 ) ;
#1110 = CARTESIAN_POINT ( 'NONE',  ( 0.05807086614173229133, 0.01181102362204724393, -0.07401574803149606196 ) ) ;
#1111 = DIRECTION ( 'NONE',  ( 0.0000000000000000000, 0.7071067811865473507, -0.7071067811865477948 ) ) ;
#1112 = EDGE_CURVE ( 'NONE', #403, #276, #1435, .T. ) ;
#1113 = AXIS2_PLACEMENT_3D ( 'NONE', #1065, #148, #1174 ) ;
#1114 = AXIS2_PLACEMENT_3D ( 'NONE', #673, #337, #580 ) ;
#1115 = LINE ( 'NONE', #857, #1367 ) ;
#1116 = DIRECTION ( 'NONE',  ( -1.000000000000000000, 0.0000000000000000000, 0.0000000000000000000 ) ) ;
#1117 = DIRECTION ( 'NONE',  ( 0.0000000000000000000, -1.000000000000000000, 0.0000000000000000000 ) ) ;
#1118 = VERTEX_POINT ( 'NONE', #896 ) ;
#1119 = CARTESIAN_POINT ( 'NONE',  ( -0.04035433070866141503, 0.01279527559055118439, 0.05629921259842520648 ) ) ;
#1120 = CC_DESIGN_PERSON_AND_ORGANIZATION_ASSIGNMENT ( #127, #120, ( #1425 ) ) ;
#1121 = CARTESIAN_POINT ( 'NONE',  ( -0.05807086614173229133, 0.0000000000000000000, -0.07401574803149606196 ) ) ;
#1122 = CARTESIAN_POINT ( 'NONE',  ( 0.04035433070866141503, 0.01279527559055118439, -0.06614173228346457989 ) ) ;
#1123 = CARTESIAN_POINT ( 'NONE',  ( 0.04035433070866141503, 0.03346456692913385433, -0.06614173228346457989 ) ) ;
#1124 = DIRECTION ( 'NONE',  ( 0.0000000000000000000, -1.000000000000000000, 0.0000000000000000000 ) ) ;
#1125 = VERTEX_POINT ( 'NONE', #214 ) ;
#1126 = DIRECTION ( 'NONE',  ( 0.0000000000000000000, 0.0000000000000000000, -1.000000000000000000 ) ) ;
#1127 = LINE ( 'NONE', #920, #1048 ) ;
#1128 = EDGE_LOOP ( 'NONE', ( #90, #821, #65, #516 ) ) ;
#1129 = DIRECTION ( 'NONE',  ( 0.0000000000000000000, 0.0000000000000000000, -1.000000000000000000 ) ) ;
#1130 = ADVANCED_FACE ( 'NONE', ( #1469 ), #906, .T. ) ;
#1131 = CARTESIAN_POINT ( 'NONE',  ( -0.04625984251968504046, 0.01181102362204724393, -0.06220472440944882497 ) ) ;
#1132 = EDGE_LOOP ( 'NONE', ( #667, #506 ) ) ;
#1133 = DIRECTION ( 'NONE',  ( 0.0000000000000000000, 0.0000000000000000000, 1.000000000000000000 ) ) ;
#1134 = ORIENTED_EDGE ( 'NONE', *, *, #953, .F. ) ;
#1135 = CIRCLE ( 'NONE', #62, 0.009842519685039369942 ) ;
#1136 = DIRECTION ( 'NONE',  ( 0.0000000000000000000, -1.000000000000000000, 0.0000000000000000000 ) ) ;
#1137 = VECTOR ( 'NONE', #1028, 39.37007874015748143 ) ;
#1138 = EDGE_CURVE ( 'NONE', #1118, #897, #1018, .T. ) ;
#1139 = FACE_OUTER_BOUND ( 'NONE', #851, .T. ) ;
#1140 = CARTESIAN_POINT ( 'NONE',  ( -0.03346456692913385433, 0.0000000000000000000, -0.04842519685039370358 ) ) ;
#1141 = ORIENTED_EDGE ( 'NONE', *, *, #820, .T. ) ;
#1142 = CARTESIAN_POINT ( 'NONE',  ( 0.03346456692913385433, 0.0000000000000000000, 0.04842519685039370358 ) ) ;
#1143 = DIRECTION ( 'NONE',  ( -0.0000000000000000000, 0.7071067811865477948, 0.7071067811865473507 ) ) ;
#1144 = VERTEX_POINT ( 'NONE', #786 ) ;
#1145 = DIRECTION ( 'NONE',  ( 1.000000000000000000, 0.0000000000000000000, 0.0000000000000000000 ) ) ;
#1146 = ADVANCED_FACE ( 'NONE', ( #1358 ), #230, .T. ) ;
#1147 = EDGE_CURVE ( 'NONE', #881, #1239, #496, .T. ) ;
#1148 = ORIENTED_EDGE ( 'NONE', *, *, #1182, .T. ) ;
#1149 = DIRECTION ( 'NONE',  ( -1.000000000000000000, 0.0000000000000000000, 0.0000000000000000000 ) ) ;
#1150 = DIRECTION ( 'NONE',  ( 0.0000000000000000000, 0.0000000000000000000, -1.000000000000000000 ) ) ;
#1151 = ORIENTED_EDGE ( 'NONE', *, *, #537, .F. ) ;
#1152 = DIRECTION ( 'NONE',  ( 1.000000000000000000, 0.0000000000000000000, 0.0000000000000000000 ) ) ;
#1153 = PLANE ( 'NONE',  #928 ) ;
#1154 = EDGE_LOOP ( 'NONE', ( #155, #292, #663, #166 ) ) ;
#1155 = CARTESIAN_POINT ( 'NONE',  ( -0.03346456692913385433, 0.0000000000000000000, -0.04842519685039370358 ) ) ;
#1156 = ADVANCED_FACE ( 'NONE', ( #681 ), #1249, .T. ) ;
#1157 = DIRECTION ( 'NONE',  ( 0.0000000000000000000, 1.000000000000000000, 0.0000000000000000000 ) ) ;
#1158 = CIRCLE ( 'NONE', #514, 0.01574803149606299191 ) ;
#1159 = EDGE_LOOP ( 'NONE', ( #309, #1281, #1271, #955 ) ) ;
#1160 = VECTOR ( 'NONE', #74, 39.37007874015748143 ) ;
#1161 = LINE ( 'NONE', #834, #201 ) ;
#1162 = PERSON_AND_ORGANIZATION ( #1168, #1392 ) ;
#1163 = ORIENTED_EDGE ( 'NONE', *, *, #1003, .T. ) ;
#1164 = CARTESIAN_POINT ( 'NONE',  ( 0.05610236220472441387, 0.01279527559055118439, 0.06220472440944882497 ) ) ;
#1165 = CARTESIAN_POINT ( 'NONE',  ( -0.04625984251968504046, 0.01279527559055118439, 0.07204724409448819145 ) ) ;
#1166 = CC_DESIGN_PERSON_AND_ORGANIZATION_ASSIGNMENT ( #1189, #405, ( #1228 ) ) ;
#1167 = ORIENTED_EDGE ( 'NONE', *, *, #1212, .F. ) ;
#1168 = PERSON ( 'UNSPECIFIED', 'UNSPECIFIED', 'UNSPECIFIED', ('UNSPECIFIED'), ('UNSPECIFIED'), ('UNSPECIFIED') ) ;
#1169 = CYLINDRICAL_SURFACE ( 'NONE', #949, 0.01574803149606299538 ) ;
#1170 = DESIGN_CONTEXT ( 'detailed design', #782, 'design' ) ;
#1171 = PLANE ( 'NONE',  #729 ) ;
#1172 = DIRECTION ( 'NONE',  ( 1.000000000000000000, 0.0000000000000000000, 0.0000000000000000000 ) ) ;
#1173 = EDGE_LOOP ( 'NONE', ( #1323, #559, #1187, #226, #76 ) ) ;
#1174 = DIRECTION ( 'NONE',  ( 1.000000000000000000, 0.0000000000000000000, 0.0000000000000000000 ) ) ;
#1175 = EDGE_CURVE ( 'NONE', #628, #802, #972, .T. ) ;
#1176 = CARTESIAN_POINT ( 'NONE',  ( -0.05807086614173229133, 0.0000000000000000000, -0.07401574803149606196 ) ) ;
#1177 = ORIENTED_EDGE ( 'NONE', *, *, #1175, .F. ) ;
#1178 = CIRCLE ( 'NONE', #1109, 0.009842519685039369942 ) ;
#1179 = DIRECTION ( 'NONE',  ( 1.000000000000000000, 0.0000000000000000000, 0.0000000000000000000 ) ) ;
#1180 = CIRCLE ( 'NONE', #540, 0.009842519685039369942 ) ;
#1181 = AXIS2_PLACEMENT_3D ( 'NONE', #215, #1129, #101 ) ;
#1182 = EDGE_CURVE ( 'NONE', #929, #282, #301, .T. ) ;
#1183 = AXIS2_PLACEMENT_3D ( 'NONE', #1192, #165, #891 ) ;
#1184 = ORIENTED_EDGE ( 'NONE', *, *, #313, .T. ) ;
#1185 = CARTESIAN_POINT ( 'NONE',  ( 0.05807086614173229133, 0.0000000000000000000, 0.07401574803149606196 ) ) ;
#1186 = CARTESIAN_POINT ( 'NONE',  ( 0.0000000000000000000, 0.04330708661417323468, 0.0000000000000000000 ) ) ;
#1187 = ORIENTED_EDGE ( 'NONE', *, *, #413, .F. ) ;
#1188 = CARTESIAN_POINT ( 'NONE',  ( -0.04625984251968504046, 0.01279527559055118439, 0.07204724409448819145 ) ) ;
#1189 = PERSON_AND_ORGANIZATION ( #1168, #1392 ) ;
#1190 = DIRECTION ( 'NONE',  ( 1.000000000000000000, 0.0000000000000000000, 0.0000000000000000000 ) ) ;
#1191 = EDGE_CURVE ( 'NONE', #1461, #861, #1412, .T. ) ;
#1192 = CARTESIAN_POINT ( 'NONE',  ( 0.03346456692913385433, 0.0000000000000000000, -0.04842519685039370358 ) ) ;
#1193 = ORIENTED_EDGE ( 'NONE', *, *, #814, .T. ) ;
#1194 = CYLINDRICAL_SURFACE ( 'NONE', #404, 0.009842519685039369942 ) ;
#1195 = ORIENTED_EDGE ( 'NONE', *, *, #537, .T. ) ;
#1196 = CARTESIAN_POINT ( 'NONE',  ( -0.04035433070866141503, 0.03346456692913385433, -0.05629921259842520648 ) ) ;
#1197 = UNCERTAINTY_MEASURE_WITH_UNIT (LENGTH_MEASURE( 1.000000000000000082E-05 ), #789, 'distance_accuracy_value', 'NONE');
#1198 = CARTESIAN_POINT ( 'NONE',  ( 0.05610236220472441387, 0.01181102362204724393, -0.07204724409448819145 ) ) ;
#1199 = ORIENTED_EDGE ( 'NONE', *, *, #196, .T. ) ;
#1200 = DIRECTION ( 'NONE',  ( 1.000000000000000000, 0.0000000000000000000, 0.0000000000000000000 ) ) ;
#1201 = VECTOR ( 'NONE', #1203, 39.37007874015748143 ) ;
#1202 = AXIS2_PLACEMENT_3D ( 'NONE', #423, #646, #528 ) ;
#1203 = DIRECTION ( 'NONE',  ( 0.0000000000000000000, -1.000000000000000000, 0.0000000000000000000 ) ) ;
#1204 = CIRCLE ( 'NONE', #659, 0.01574803149606299538 ) ;
#1205 = CIRCLE ( 'NONE', #84, 0.009842519685039369942 ) ;
#1206 = APPROVAL_PERSON_ORGANIZATION ( #503, #727, #384 ) ;
#1207 = EDGE_CURVE ( 'NONE', #188, #151, #159, .T. ) ;
#1208 = VERTEX_POINT ( 'NONE', #843 ) ;
#1209 = CARTESIAN_POINT ( 'NONE',  ( -0.05807086614173229133, 0.0000000000000000000, 0.07401574803149606196 ) ) ;
#1210 = ORIENTED_EDGE ( 'NONE', *, *, #75, .F. ) ;
#1211 = DIRECTION ( 'NONE',  ( -1.000000000000000000, 0.0000000000000000000, 0.0000000000000000000 ) ) ;
#1212 = EDGE_CURVE ( 'NONE', #929, #399, #945, .T. ) ;
#1213 = DIRECTION ( 'NONE',  ( 0.0000000000000000000, -1.000000000000000000, 0.0000000000000000000 ) ) ;
#1214 = ORIENTED_EDGE ( 'NONE', *, *, #508, .T. ) ;
#1215 = CARTESIAN_POINT ( 'NONE',  ( -0.03346456692913385433, 0.0000000000000000000, 0.04842519685039370358 ) ) ;
#1216 = VERTEX_POINT ( 'NONE', #266 ) ;
#1217 = ORIENTED_EDGE ( 'NONE', *, *, #1404, .T. ) ;
#1218 = CARTESIAN_POINT ( 'NONE',  ( -0.04035433070866141503, 0.01279527559055118439, 0.06614173228346457989 ) ) ;
#1219 = AXIS2_PLACEMENT_3D ( 'NONE', #1282, #1268, #1288 ) ;
#1220 = FACE_OUTER_BOUND ( 'NONE', #327, .T. ) ;
#1221 = EDGE_CURVE ( 'NONE', #399, #473, #500, .T. ) ;
#1222 = CARTESIAN_POINT ( 'NONE',  ( 0.0000000000000000000, -7.874015748031495683E-05, 0.0000000000000000000 ) ) ;
#1223 = VERTEX_POINT ( 'NONE', #1165 ) ;
#1224 = CIRCLE ( 'NONE', #753, 0.01574803149606299191 ) ;
#1225 = EDGE_LOOP ( 'NONE', ( #679, #509, #211, #1315 ) ) ;
#1226 = VECTOR ( 'NONE', #700, 39.37007874015748143 ) ;
#1227 = DIRECTION ( 'NONE',  ( 0.0000000000000000000, -1.000000000000000000, 0.0000000000000000000 ) ) ;
#1228 = PRODUCT_DEFINITION_FORMATION_WITH_SPECIFIED_SOURCE ( 'ANY', '', #1425, .NOT_KNOWN. ) ;
#1229 = CARTESIAN_POINT ( 'NONE',  ( 0.04625984251968504046, 0.01181102362204724393, -0.07204724409448819145 ) ) ;
#1230 = DIRECTION ( 'NONE',  ( 0.0000000000000000000, 0.0000000000000000000, -1.000000000000000000 ) ) ;
#1231 = DIRECTION ( 'NONE',  ( 1.000000000000000000, 0.0000000000000000000, 0.0000000000000000000 ) ) ;
#1232 = EDGE_LOOP ( 'NONE', ( #267, #1376, #206, #18 ) ) ;
#1233 = CARTESIAN_POINT ( 'NONE',  ( 0.0000000000000000000, 0.02755905511811023584, -0.02755905511811023584 ) ) ;
#1234 = ADVANCED_FACE ( 'NONE', ( #587 ), #724, .F. ) ;
#1235 = DIRECTION ( 'NONE',  ( -0.0000000000000000000, 1.000000000000000000, 0.0000000000000000000 ) ) ;
#1236 = ORIENTED_EDGE ( 'NONE', *, *, #722, .T. ) ;
#1237 = CARTESIAN_POINT ( 'NONE',  ( -0.05610236220472441387, 0.01181102362204724393, 0.07204724409448819145 ) ) ;
#1238 = CARTESIAN_POINT ( 'NONE',  ( -0.03346456692913385433, 0.0000000000000000000, -0.04842519685039370358 ) ) ;
#1239 = VERTEX_POINT ( 'NONE', #146 ) ;
#1240 = CARTESIAN_POINT ( 'NONE',  ( 0.05807086614173229133, 0.0000000000000000000, -0.07401574803149606196 ) ) ;
#1241 = CARTESIAN_POINT ( 'NONE',  ( -0.04035433070866141503, 0.03346456692913385433, 0.05629921259842520648 ) ) ;
#1242 = EDGE_CURVE ( 'NONE', #675, #861, #154, .T. ) ;
#1243 = ORIENTED_EDGE ( 'NONE', *, *, #848, .T. ) ;
#1244 = DIRECTION ( 'NONE',  ( 0.0000000000000000000, 1.000000000000000000, 0.0000000000000000000 ) ) ;
#1245 = LINE ( 'NONE', #451, #924 ) ;
#1246 = AXIS2_PLACEMENT_3D ( 'NONE', #1215, #879, #1190 ) ;
#1247 = ORIENTED_EDGE ( 'NONE', *, *, #1303, .F. ) ;
#1248 = DIRECTION ( 'NONE',  ( 0.0000000000000000000, 1.000000000000000000, 0.0000000000000000000 ) ) ;
#1249 = SPHERICAL_SURFACE ( 'NONE', #619, 0.009842519685039369942 ) ;
#1250 = ORIENTED_EDGE ( 'NONE', *, *, #746, .F. ) ;
#1251 = PLANE ( 'NONE',  #1274 ) ;
#1252 = AXIS2_PLACEMENT_3D ( 'NONE', #801, #274, #1289 ) ;
#1253 = SECURITY_CLASSIFICATION ( '', '', #50 ) ;
#1254 = EDGE_CURVE ( 'NONE', #1089, #1057, #822, .T. ) ;
#1255 = ORIENTED_EDGE ( 'NONE', *, *, #1112, .F. ) ;
#1256 = FACE_OUTER_BOUND ( 'NONE', #71, .T. ) ;
#1257 = CARTESIAN_POINT ( 'NONE',  ( 0.05610236220472441387, 0.01279527559055118439, 0.06220472440944882497 ) ) ;
#1258 = ORIENTED_EDGE ( 'NONE', *, *, #205, .T. ) ;
#1259 = CARTESIAN_POINT ( 'NONE',  ( 0.05610236220472441387, 0.01279527559055118439, -0.06220472440944882497 ) ) ;
#1260 = APPROVAL_STATUS ( 'not_yet_approved' ) ;
#1261 = ADVANCED_FACE ( 'NONE', ( #1375 ), #260, .T. ) ;
#1262 = DIRECTION ( 'NONE',  ( 0.0000000000000000000, 0.0000000000000000000, 1.000000000000000000 ) ) ;
#1263 = DIRECTION ( 'NONE',  ( -1.000000000000000000, 0.0000000000000000000, 0.0000000000000000000 ) ) ;
#1264 = EDGE_LOOP ( 'NONE', ( #51, #1351, #795, #1250, #1083, #1396, #2, #1470 ) ) ;
#1265 = CARTESIAN_POINT ( 'NONE',  ( 0.05610236220472441387, 0.01181102362204724393, 0.07204724409448819145 ) ) ;
#1266 = ADVANCED_FACE ( 'NONE', ( #954, #1388 ), #395, .T. ) ;
#1267 = ORIENTED_EDGE ( 'NONE', *, *, #890, .F. ) ;
#1268 = DIRECTION ( 'NONE',  ( -0.0000000000000000000, 1.000000000000000000, 0.0000000000000000000 ) ) ;
#1269 = CARTESIAN_POINT ( 'NONE',  ( 0.04625984251968504046, 0.01181102362204724393, 0.06220472440944882497 ) ) ;
#1270 = CIRCLE ( 'NONE', #1246, 0.01574803149606299191 ) ;
#1271 = ORIENTED_EDGE ( 'NONE', *, *, #804, .T. ) ;
#1272 = AXIS2_PLACEMENT_3D ( 'NONE', #1196, #68, #1108 ) ;
#1273 = CARTESIAN_POINT ( 'NONE',  ( 0.04035433070866141503, 0.04330708661417323468, -0.05629921259842520648 ) ) ;
#1274 = AXIS2_PLACEMENT_3D ( 'NONE', #803, #240, #1370 ) ;
#1275 = APPROVAL_STATUS ( 'not_yet_approved' ) ;
#1276 = DIRECTION ( 'NONE',  ( 0.0000000000000000000, 1.000000000000000000, 0.0000000000000000000 ) ) ;
#1277 = DIRECTION ( 'NONE',  ( 1.000000000000000000, 0.0000000000000000000, 0.0000000000000000000 ) ) ;
#1278 = EDGE_LOOP ( 'NONE', ( #1214, #1441, #456, #345 ) ) ;
#1279 = ADVANCED_FACE ( 'NONE', ( #957 ), #387, .T. ) ;
#1280 = DIRECTION ( 'NONE',  ( 1.000000000000000000, 0.0000000000000000000, 0.0000000000000000000 ) ) ;
#1281 = ORIENTED_EDGE ( 'NONE', *, *, #20, .F. ) ;
#1282 = CARTESIAN_POINT ( 'NONE',  ( 0.0000000000000000000, 0.0000000000000000000, 0.0000000000000000000 ) ) ;
#1283 = DIRECTION ( 'NONE',  ( 1.000000000000000000, 0.0000000000000000000, 0.0000000000000000000 ) ) ;
#1284 = ORIENTED_EDGE ( 'NONE', *, *, #1444, .F. ) ;
#1285 = DIRECTION ( 'NONE',  ( 0.0000000000000000000, -1.000000000000000000, 0.0000000000000000000 ) ) ;
#1286 = EDGE_CURVE ( 'NONE', #1343, #1057, #714, .T. ) ;
#1287 = VERTEX_POINT ( 'NONE', #140 ) ;
#1288 = DIRECTION ( 'NONE',  ( 1.000000000000000000, 0.0000000000000000000, 0.0000000000000000000 ) ) ;
#1289 = DIRECTION ( 'NONE',  ( -1.000000000000000000, 0.0000000000000000000, 0.0000000000000000000 ) ) ;
#1290 = EDGE_LOOP ( 'NONE', ( #1311, #1467 ) ) ;
#1291 = DIRECTION ( 'NONE',  ( -1.000000000000000000, 0.0000000000000000000, 0.0000000000000000000 ) ) ;
#1292 = VECTOR ( 'NONE', #302, 39.37007874015748143 ) ;
#1293 = EDGE_CURVE ( 'NONE', #22, #1413, #494, .T. ) ;
#1294 = VECTOR ( 'NONE', #1244, 39.37007874015748143 ) ;
#1295 = COORDINATED_UNIVERSAL_TIME_OFFSET ( 0, 0, .AHEAD. ) ;
#1296 = ADVANCED_FACE ( 'NONE', ( #1056 ), #24, .T. ) ;
#1297 = AXIS2_PLACEMENT_3D ( 'NONE', #369, #1157, #1277 ) ;
#1298 = ORIENTED_EDGE ( 'NONE', *, *, #1242, .F. ) ;
#1299 = APPROVAL_PERSON_ORGANIZATION ( #1379, #324, #815 ) ;
#1300 = FACE_OUTER_BOUND ( 'NONE', #118, .T. ) ;
#1301 = DIRECTION ( 'NONE',  ( 1.000000000000000000, 0.0000000000000000000, 0.0000000000000000000 ) ) ;
#1302 = ORIENTED_EDGE ( 'NONE', *, *, #1059, .F. ) ;
#1303 = EDGE_CURVE ( 'NONE', #316, #1398, #996, .T. ) ;
#1304 = EDGE_LOOP ( 'NONE', ( #338, #838 ) ) ;
#1305 = DIRECTION ( 'NONE',  ( 0.0000000000000000000, 1.000000000000000000, 0.0000000000000000000 ) ) ;
#1306 = DIRECTION ( 'NONE',  ( 0.0000000000000000000, -1.000000000000000000, 0.0000000000000000000 ) ) ;
#1307 = LINE ( 'NONE', #293, #805 ) ;
#1308 = ORIENTED_EDGE ( 'NONE', *, *, #179, .T. ) ;
#1309 = DIRECTION ( 'NONE',  ( 0.0000000000000000000, 0.0000000000000000000, -1.000000000000000000 ) ) ;
#1310 = EDGE_CURVE ( 'NONE', #844, #1208, #352, .T. ) ;
#1311 = ORIENTED_EDGE ( 'NONE', *, *, #830, .T. ) ;
#1312 = DIRECTION ( 'NONE',  ( 0.0000000000000000000, 0.0000000000000000000, -1.000000000000000000 ) ) ;
#1313 = CIRCLE ( 'NONE', #1063, 0.009842519685039369942 ) ;
#1314 = DIRECTION ( 'NONE',  ( -0.0000000000000000000, 0.7071067811865477948, 0.7071067811865473507 ) ) ;
#1315 = ORIENTED_EDGE ( 'NONE', *, *, #697, .T. ) ;
#1316 = LINE ( 'NONE', #168, #1201 ) ;
#1317 = VECTOR ( 'NONE', #719, 39.37007874015748143 ) ;
#1318 = ORIENTED_EDGE ( 'NONE', *, *, #865, .T. ) ;
#1319 = PRODUCT_DEFINITION_SHAPE ( 'NONE', 'NONE',  #769 ) ;
#1320 = EDGE_CURVE ( 'NONE', #282, #426, #900, .T. ) ;
#1321 = SPHERICAL_SURFACE ( 'NONE', #517, 0.009842519685039369942 ) ;
#1322 = CARTESIAN_POINT ( 'NONE',  ( 0.04035433070866141503, 0.04042427934238727177, -0.06325892501167863780 ) ) ;
#1323 = ORIENTED_EDGE ( 'NONE', *, *, #703, .F. ) ;
#1324 = DIRECTION ( 'NONE',  ( -1.000000000000000000, 0.0000000000000000000, 0.0000000000000000000 ) ) ;
#1325 = ORIENTED_EDGE ( 'NONE', *, *, #475, .F. ) ;
#1326 = CARTESIAN_POINT ( 'NONE',  ( -0.05610236220472441387, 0.01181102362204724393, -0.06220472440944882497 ) ) ;
#1327 = FACE_OUTER_BOUND ( 'NONE', #431, .T. ) ;
#1328 = CARTESIAN_POINT ( 'NONE',  ( 0.05019685039370078150, 0.01279527559055118439, 0.05629921259842520648 ) ) ;
#1329 = ORIENTED_EDGE ( 'NONE', *, *, #1320, .F. ) ;
#1330 = VERTEX_POINT ( 'NONE', #901 ) ;
#1331 = LINE ( 'NONE', #775, #1022 ) ;
#1332 = CARTESIAN_POINT ( 'NONE',  ( 0.04035433070866141503, 0.03346456692913385433, -0.05629921259842520648 ) ) ;
#1333 = AXIS2_PLACEMENT_3D ( 'NONE', #829, #259, #718 ) ;
#1334 = CARTESIAN_POINT ( 'NONE',  ( 0.04035433070866141503, 0.03346456692913385433, 0.05629921259842520648 ) ) ;
#1335 = CARTESIAN_POINT ( 'NONE',  ( -0.04035433070866141503, 0.03346456692913385433, -0.05629921259842520648 ) ) ;
#1336 = ADVANCED_FACE ( 'NONE', ( #284 ), #877, .T. ) ;
#1337 = CIRCLE ( 'NONE', #636, 0.01574803149606299538 ) ;
#1338 = ORIENTED_EDGE ( 'NONE', *, *, #1320, .T. ) ;
#1339 = CIRCLE ( 'NONE', #1181, 0.009842519685039366473 ) ;
#1340 = CARTESIAN_POINT ( 'NONE',  ( -0.04035433070866141503, 0.03346456692913385433, 0.05629921259842520648 ) ) ;
#1341 = VECTOR ( 'NONE', #1263, 39.37007874015748143 ) ;
#1342 = DIRECTION ( 'NONE',  ( 0.0000000000000000000, 1.000000000000000000, 0.0000000000000000000 ) ) ;
#1343 = VERTEX_POINT ( 'NONE', #1110 ) ;
#1344 = DIRECTION ( 'NONE',  ( 1.000000000000000000, 0.0000000000000000000, 0.0000000000000000000 ) ) ;
#1345 = FACE_OUTER_BOUND ( 'NONE', #1029, .T. ) ;
#1346 = CARTESIAN_POINT ( 'NONE',  ( -0.04625984251968504046, 0.01279527559055118439, 0.06220472440944882497 ) ) ;
#1347 = ADVANCED_FACE ( 'NONE', ( #1345 ), #1405, .T. ) ;
#1348 = EDGE_LOOP ( 'NONE', ( #950, #370, #29, #1308 ) ) ;
#1349 = CARTESIAN_POINT ( 'NONE',  ( 0.04921259842519685318, 0.0000000000000000000, -0.04842519685039370358 ) ) ;
#1350 = CYLINDRICAL_SURFACE ( 'NONE', #1114, 0.009842519685039366473 ) ;
#1351 = ORIENTED_EDGE ( 'NONE', *, *, #848, .F. ) ;
#1352 = LINE ( 'NONE', #590, #519 ) ;
#1353 = CARTESIAN_POINT ( 'NONE',  ( -0.05807086614173229133, 0.0000000000000000000, 0.07401574803149606196 ) ) ;
#1354 = DIRECTION ( 'NONE',  ( -0.7071067811865474617, 0.0000000000000000000, -0.7071067811865474617 ) ) ;
#1355 = EDGE_LOOP ( 'NONE', ( #976, #290, #1082, #410 ) ) ;
#1356 = FACE_OUTER_BOUND ( 'NONE', #994, .T. ) ;
#1357 = EDGE_CURVE ( 'NONE', #1033, #618, #1205, .T. ) ;
#1358 = FACE_OUTER_BOUND ( 'NONE', #1393, .T. ) ;
#1359 = EDGE_LOOP ( 'NONE', ( #1148, #1338, #1100 ) ) ;
#1360 = ADVANCED_FACE ( 'NONE', ( #82, #999 ), #442, .T. ) ;
#1361 = LINE ( 'NONE', #908, #156 ) ;
#1362 = PLANE ( 'NONE',  #850 ) ;
#1363 = VECTOR ( 'NONE', #643, 39.37007874015748143 ) ;
#1364 = VERTEX_POINT ( 'NONE', #622 ) ;
#1365 = CARTESIAN_POINT ( 'NONE',  ( -0.04035433070866141503, 0.03346456692913385433, -0.2669896062992126451 ) ) ;
#1366 = CIRCLE ( 'NONE', #104, 0.009842519685039369942 ) ;
#1367 = VECTOR ( 'NONE', #304, 39.37007874015748143 ) ;
#1368 = CARTESIAN_POINT ( 'NONE',  ( 0.0000000000000000000, -7.874015748031495683E-05, 0.0000000000000000000 ) ) ;
#1369 = VECTOR ( 'NONE', #329, 39.37007874015748143 ) ;
#1370 = DIRECTION ( 'NONE',  ( -1.000000000000000000, 0.0000000000000000000, 0.0000000000000000000 ) ) ;
#1371 = ADVANCED_FACE ( 'NONE', ( #780 ), #88, .T. ) ;
#1372 = COORDINATED_UNIVERSAL_TIME_OFFSET ( 0, 0, .AHEAD. ) ;
#1373 = ORIENTED_EDGE ( 'NONE', *, *, #966, .F. ) ;
#1374 = LINE ( 'NONE', #585, #295 ) ;
#1375 = FACE_OUTER_BOUND ( 'NONE', #784, .T. ) ;
#1376 = ORIENTED_EDGE ( 'NONE', *, *, #1410, .T. ) ;
#1377 = DIRECTION ( 'NONE',  ( 0.0000000000000000000, 0.0000000000000000000, -1.000000000000000000 ) ) ;
#1378 = ADVANCED_FACE ( 'NONE', ( #314 ), #46, .T. ) ;
#1379 = PERSON_AND_ORGANIZATION ( #1168, #1392 ) ;
#1380 = CARTESIAN_POINT ( 'NONE',  ( 0.05019685039370078150, 0.01279527559055118439, 0.05629921259842520648 ) ) ;
#1381 = EDGE_LOOP ( 'NONE', ( #419, #67, #907, #1092, #810 ) ) ;
#1382 = PLANE ( 'NONE',  #1113 ) ;
#1383 = DIRECTION ( 'NONE',  ( 1.000000000000000000, 0.0000000000000000000, 0.0000000000000000000 ) ) ;
#1384 = ADVANCED_FACE ( 'NONE', ( #1220 ), #209, .T. ) ;
#1385 = EDGE_LOOP ( 'NONE', ( #32, #303, #330, #47, #141, #715, #701, #964 ) ) ;
#1386 = SPHERICAL_SURFACE ( 'NONE', #1333, 0.009842519685039369942 ) ;
#1387 = AXIS2_PLACEMENT_3D ( 'NONE', #1233, #438, #107 ) ;
#1388 = FACE_BOUND ( 'NONE', #1385, .T. ) ;
#1389 = CARTESIAN_POINT ( 'NONE',  ( 0.03346456692913385433, 0.0000000000000000000, 0.04842519685039370358 ) ) ;
#1390 = AXIS2_PLACEMENT_3D ( 'NONE', #738, #19, #1058 ) ;
#1391 = AXIS2_PLACEMENT_3D ( 'NONE', #763, #963, #402 ) ;
#1392 = ORGANIZATION ( 'UNSPECIFIED', 'UNSPECIFIED', '' ) ;
#1393 = EDGE_LOOP ( 'NONE', ( #894, #982 ) ) ;
#1394 = EDGE_CURVE ( 'NONE', #316, #766, #308, .T. ) ;
#1395 = DIRECTION ( 'NONE',  ( 0.0000000000000000000, 0.0000000000000000000, 1.000000000000000000 ) ) ;
#1396 = ORIENTED_EDGE ( 'NONE', *, *, #686, .F. ) ;
#1397 = DIRECTION ( 'NONE',  ( 0.0000000000000000000, -1.000000000000000000, 0.0000000000000000000 ) ) ;
#1398 = VERTEX_POINT ( 'NONE', #1322 ) ;
#1399 = CARTESIAN_POINT ( 'NONE',  ( -0.009842519685039369942, 0.04330708661417323468, -0.02755905511811023584 ) ) ;
#1400 = DIRECTION ( 'NONE',  ( 0.0000000000000000000, 0.0000000000000000000, -1.000000000000000000 ) ) ;
#1401 = EDGE_CURVE ( 'NONE', #385, #943, #627, .T. ) ;
#1402 = ORIENTED_EDGE ( 'NONE', *, *, #553, .T. ) ;
#1403 = LINE ( 'NONE', #1188, #106 ) ;
#1404 = EDGE_CURVE ( 'NONE', #1118, #426, #469, .T. ) ;
#1405 = CYLINDRICAL_SURFACE ( 'NONE', #381, 0.009842519685039369942 ) ;
#1406 = EDGE_LOOP ( 'NONE', ( #600, #603 ) ) ;
#1407 = AXIS2_PLACEMENT_3D ( 'NONE', #1340, #1468, #454 ) ;
#1408 = FACE_OUTER_BOUND ( 'NONE', #584, .T. ) ;
#1409 = AXIS2_PLACEMENT_3D ( 'NONE', #95, #333, #1231 ) ;
#1410 = EDGE_CURVE ( 'NONE', #897, #569, #1081, .T. ) ;
#1411 = CALENDAR_DATE ( 2019, 20, 10 ) ;
#1412 = CIRCLE ( 'NONE', #778, 0.009842519685039369942 ) ;
#1413 = VERTEX_POINT ( 'NONE', #973 ) ;
#1414 = CARTESIAN_POINT ( 'NONE',  ( 0.04731404312191483247, 0.04042427934238727177, 0.05629921259842520648 ) ) ;
#1415 = CARTESIAN_POINT ( 'NONE',  ( 0.05807086614173229133, 0.0000000000000000000, 0.07401574803149606196 ) ) ;
#1416 = ORIENTED_EDGE ( 'NONE', *, *, #296, .F. ) ;
#1417 = DIRECTION ( 'NONE',  ( 0.0000000000000000000, 0.0000000000000000000, -1.000000000000000000 ) ) ;
#1418 = CARTESIAN_POINT ( 'NONE',  ( -0.04921259842519685318, 0.0000000000000000000, -0.04842519685039370358 ) ) ;
#1419 = APPROVAL ( #968, 'UNSPECIFIED' ) ;
#1420 = VERTEX_POINT ( 'NONE', #1415 ) ;
#1421 = CARTESIAN_POINT ( 'NONE',  ( -0.01771653543307086243, 0.0000000000000000000, -0.04842519685039370358 ) ) ;
#1422 = EDGE_LOOP ( 'NONE', ( #1193, #760, #752 ) ) ;
#1423 = CYLINDRICAL_SURFACE ( 'NONE', #14, 0.009842519685039366473 ) ;
#1424 = LINE ( 'NONE', #757, #947 ) ;
#1425 = PRODUCT ( 'CUI_DEVICES_CMM-3729AT-42308-TR', 'CUI_DEVICES_CMM-3729AT-42308-TR', '', ( #102 ) ) ;
#1426 = DIRECTION ( 'NONE',  ( 0.0000000000000000000, 0.0000000000000000000, -1.000000000000000000 ) ) ;
#1427 = EDGE_CURVE ( 'NONE', #629, #163, #409, .T. ) ;
#1428 = VERTEX_POINT ( 'NONE', #885 ) ;
#1429 = AXIS2_PLACEMENT_3D ( 'NONE', #288, #1433, #1111 ) ;
#1430 = DIRECTION ( 'NONE',  ( 1.000000000000000000, 0.0000000000000000000, 0.0000000000000000000 ) ) ;
#1431 = CIRCLE ( 'NONE', #253, 0.009842519685039369942 ) ;
#1432 = ORIENTED_EDGE ( 'NONE', *, *, #242, .F. ) ;
#1433 = DIRECTION ( 'NONE',  ( 0.0000000000000000000, -0.7071067811865477948, -0.7071067811865473507 ) ) ;
#1434 = AXIS2_PLACEMENT_3D ( 'NONE', #1389, #824, #1179 ) ;
#1435 = CIRCLE ( 'NONE', #204, 0.009842519685039369942 ) ;
#1436 = ORIENTED_EDGE ( 'NONE', *, *, #491, .T. ) ;
#1437 = ADVANCED_FACE ( 'NONE', ( #1327 ), #466, .T. ) ;
#1438 = FACE_OUTER_BOUND ( 'NONE', #1099, .T. ) ;
#1439 = DIRECTION ( 'NONE',  ( 1.000000000000000000, 0.0000000000000000000, 0.0000000000000000000 ) ) ;
#1440 = LINE ( 'NONE', #859, #79 ) ;
#1441 = ORIENTED_EDGE ( 'NONE', *, *, #761, .T. ) ;
#1442 = ORIENTED_EDGE ( 'NONE', *, *, #39, .T. ) ;
#1443 = CARTESIAN_POINT ( 'NONE',  ( 0.0000000000000000000, 0.04330708661417323468, -0.02755905511811023584 ) ) ;
#1444 = EDGE_CURVE ( 'NONE', #802, #628, #85, .T. ) ;
#1445 = DIRECTION ( 'NONE',  ( -1.000000000000000000, 0.0000000000000000000, 0.0000000000000000000 ) ) ;
#1446 = ADVANCED_FACE ( 'NONE', ( #1139 ), #1153, .T. ) ;
#1447 = DIRECTION ( 'NONE',  ( 0.0000000000000000000, -1.000000000000000000, 0.0000000000000000000 ) ) ;
#1448 = CARTESIAN_POINT ( 'NONE',  ( 0.05019685039370078150, 0.01279527559055118439, -0.05629921259842520648 ) ) ;
#1449 = ORIENTED_EDGE ( 'NONE', *, *, #1286, .T. ) ;
#1450 = FACE_OUTER_BOUND ( 'NONE', #1159, .T. ) ;
#1451 = DIRECTION ( 'NONE',  ( 0.0000000000000000000, -1.000000000000000000, 0.0000000000000000000 ) ) ;
#1452 = ADVANCED_FACE ( 'NONE', ( #565 ), #927, .T. ) ;
#1453 = AXIS2_PLACEMENT_3D ( 'NONE', #294, #283, #1309 ) ;
#1454 = DIRECTION ( 'NONE',  ( 0.0000000000000000000, 1.000000000000000000, 0.0000000000000000000 ) ) ;
#1455 = LINE ( 'NONE', #688, #33 ) ;
#1456 = ORIENTED_EDGE ( 'NONE', *, *, #596, .F. ) ;
#1457 = CIRCLE ( 'NONE', #227, 0.01574803149606299191 ) ;
#1458 = DIRECTION ( 'NONE',  ( 0.0000000000000000000, -1.000000000000000000, 0.0000000000000000000 ) ) ;
#1459 = AXIS2_PLACEMENT_3D ( 'NONE', #1443, #1342, #109 ) ;
#1460 = CARTESIAN_POINT ( 'NONE',  ( 0.04035433070866141503, 0.04330708661417323468, 0.05629921259842520648 ) ) ;
#1461 = VERTEX_POINT ( 'NONE', #1023 ) ;
#1462 = LINE ( 'NONE', #1229, #541 ) ;
#1463 = DIRECTION ( 'NONE',  ( 0.0000000000000000000, 0.0000000000000000000, 1.000000000000000000 ) ) ;
#1464 = EDGE_CURVE ( 'NONE', #1089, #246, #483, .T. ) ;
#1465 = DIRECTION ( 'NONE',  ( 0.0000000000000000000, -1.000000000000000000, 1.776356839399999922E-14 ) ) ;
#1466 = EDGE_CURVE ( 'NONE', #637, #1118, #574, .T. ) ;
#1467 = ORIENTED_EDGE ( 'NONE', *, *, #771, .T. ) ;
#1468 = DIRECTION ( 'NONE',  ( 0.0000000000000000000, 0.7071067811865477948, -0.7071067811865473507 ) ) ;
#1469 = FACE_OUTER_BOUND ( 'NONE', #1406, .T. ) ;
#1470 = ORIENTED_EDGE ( 'NONE', *, *, #992, .F. ) ;
#1471 = DIRECTION ( 'NONE',  ( -1.000000000000000000, 0.0000000000000000000, 0.0000000000000000000 ) ) ;
#1472 = DIRECTION ( 'NONE',  ( -1.000000000000000000, 0.0000000000000000000, 0.0000000000000000000 ) ) ;
ENDSEC;
END-ISO-10303-21;
