  0
SECTION
  2
HEADER
  9
$ACADVER
  1
AC1021
  9
$ACADMAINTVER
  70
50
  9
$DWGCODEPAGE
  3
ANSI_936
  9
$LASTSAVEDBY
  1
win10
  9
$INSBASE
  10
0
  20
0
  30
0
  9
$EXTMIN
  10
100000000000000000000
  20
100000000000000000000
  30
100000000000000000000
  9
$EXTMAX
  10
-100000000000000000000
  20
-100000000000000000000
  30
-100000000000000000000
  9
$LIMMIN
  10
0
  20
0
  9
$LIMMAX
  10
12
  20
9
  9
$ORTHOMODE
  70
0
  9
$REGENMODE
  70
1
  9
$FILLMODE
  70
1
  9
$QTEXTMODE
  70
0
  9
$MIRRTEXT
  70
0
  9
$LTSCALE
  40
1
  9
$ATTMODE
  70
1
  9
$TEXTSIZE
  40
0.2
  9
$TRACEWID
  40
0.05
  9
$TEXTSTYLE
  7
Standard
  9
$CLAYER
  8
0
  9
$CELTYPE
  6
ByLayer
  9
$CECOLOR
  62
256
  9
$CELTSCALE
  40
1
  9
$DISPSILH
  70
0
  9
$DIMSCALE
  40
1
  9
$DIMASZ
  40
0.18
  9
$DIMEXO
  40
0.0625
  9
$DIMDLI
  40
0.38
  9
$DIMRND
  40
0
  9
$DIMDLE
  40
0
  9
$DIMEXE
  40
0.18
  9
$DIMTP
  40
0
  9
$DIMTM
  40
0
  9
$DIMTXT
  40
0.18
  9
$DIMCEN
  40
0.09
  9
$DIMTSZ
  40
0
  9
$DIMTOL
  70
0
  9
$DIMLIM
  70
0
  9
$DIMTIH
  70
1
  9
$DIMTOH
  70
1
  9
$DIMSE1
  70
0
  9
$DIMSE2
  70
0
  9
$DIMTAD
  70
0
  9
$DIMZIN
  70
0
  9
$DIMBLK
  1

  9
$DIMASO
  70
1
  9
$DIMSHO
  70
1
  9
$DIMPOST
  1

  9
$DIMAPOST
  1

  9
$DIMALT
  70
0
  9
$DIMALTD
  70
2
  9
$DIMALTF
  40
25.4
  9
$DIMLFAC
  40
1
  9
$DIMTOFL
  70
0
  9
$DIMTVP
  40
0
  9
$DIMTIX
  70
0
  9
$DIMSOXD
  70
0
  9
$DIMSAH
  70
0
  9
$DIMBLK1
  1

  9
$DIMBLK2
  1

  9
$DIMSTYLE
  2
Standard
  9
$DIMCLRD
  70
0
  9
$DIMCLRE
  70
0
  9
$DIMCLRT
  70
0
  9
$DIMTFAC
  40
1
  9
$DIMGAP
  40
0.09
  9
$DIMJUST
  70
0
  9
$DIMSD1
  70
0
  9
$DIMSD2
  70
0
  9
$DIMTOLJ
  70
1
  9
$DIMTZIN
  70
0
  9
$DIMALTZ
  70
0
  9
$DIMALTTZ
  70
0
  9
$DIMUPT
  70
0
  9
$DIMDEC
  70
4
  9
$DIMTDEC
  70
4
  9
$DIMALTU
  70
2
  9
$DIMALTTD
  70
2
  9
$DIMTXSTY
  7
Standard
  9
$DIMAUNIT
  70
0
  9
$DIMADEC
  70
0
  9
$DIMALTRND
  40
0
  9
$DIMAZIN
  70
0
  9
$DIMDSEP
  70
46
  9
$DIMATFIT
  70
3
  9
$DIMFRAC
  70
0
  9
$DIMLDRBLK
  1

  9
$DIMLUNIT
  70
2
  9
$DIMLWD
  70
-2
  9
$DIMLWE
  70
-2
  9
$DIMTMOVE
  70
0
  9
$DIMFXL
  40
1
  9
$DIMFXLON
  70
0
  9
$DIMJOGANG
  40
0.7853981633974483
  9
$DIMTFILL
  70
0
  9
$DIMTFILLCLR
  70
0
  9
$DIMARCSYM
  70
0
  9
$DIMLTYPE
  6

  9
$DIMLTEX1
  6

  9
$DIMLTEX2
  6

  9
$LUNITS
  70
2
  9
$LUPREC
  70
4
  9
$SKETCHINC
  40
0.1
  9
$FILLETRAD
  40
0
  9
$AUNITS
  70
0
  9
$AUPREC
  70
0
  9
$MENU
  1
.
  9
$ELEVATION
  40
0
  9
$PELEVATION
  40
0
  9
$THICKNESS
  40
0
  9
$LIMCHECK
  70
0
  9
$CHAMFERA
  40
0
  9
$CHAMFERB
  40
0
  9
$CHAMFERC
  40
0
  9
$CHAMFERD
  40
0
  9
$SKPOLY
  70
0
  9
$TDCREATE
  40
2460560.605914352
  9
$TDUCREATE
  40
2460560.272581019
  9
$TDUPDATE
  40
2460560.629363426
  9
$TDUUPDATE
  40
2460560.296030092
  9
$TDINDWG
  40
0.0234490741
  9
$TDUSRTIMER
  40
0.0234490741
  9
$USRTIMER
  70
1
  9
$ANGBASE
  50
0
  9
$ANGDIR
  70
0
  9
$PDMODE
  70
0
  9
$PDSIZE
  40
0
  9
$PLINEWID
  40
0
  9
$SPLFRAME
  70
0
  9
$SPLINETYPE
  70
6
  9
$SPLINESEGS
  70
8
  9
$HANDSEED
  5
33E
  9
$SURFTAB1
  70
6
  9
$SURFTAB2
  70
6
  9
$SURFTYPE
  70
6
  9
$SURFU
  70
6
  9
$SURFV
  70
6
  9
$UCSBASE
  2

  9
$UCSNAME
  2

  9
$UCSORG
  10
0
  20
0
  30
0
  9
$UCSXDIR
  10
1
  20
0
  30
0
  9
$UCSYDIR
  10
0
  20
1
  30
0
  9
$UCSORTHOREF
  2

  9
$UCSORTHOVIEW
  70
0
  9
$UCSORGTOP
  10
0
  20
0
  30
0
  9
$UCSORGBOTTOM
  10
0
  20
0
  30
0
  9
$UCSORGLEFT
  10
0
  20
0
  30
0
  9
$UCSORGRIGHT
  10
0
  20
0
  30
0
  9
$UCSORGFRONT
  10
0
  20
0
  30
0
  9
$UCSORGBACK
  10
0
  20
0
  30
0
  9
$PUCSBASE
  2

  9
$PUCSNAME
  2

  9
$PUCSORG
  10
0
  20
0
  30
0
  9
$PUCSXDIR
  10
1
  20
0
  30
0
  9
$PUCSYDIR
  10
0
  20
1
  30
0
  9
$PUCSORTHOREF
  2

  9
$PUCSORTHOVIEW
  70
0
  9
$PUCSORGTOP
  10
0
  20
0
  30
0
  9
$PUCSORGBOTTOM
  10
0
  20
0
  30
0
  9
$PUCSORGLEFT
  10
0
  20
0
  30
0
  9
$PUCSORGRIGHT
  10
0
  20
0
  30
0
  9
$PUCSORGFRONT
  10
0
  20
0
  30
0
  9
$PUCSORGBACK
  10
0
  20
0
  30
0
  9
$USERI1
  70
0
  9
$USERI2
  70
0
  9
$USERI3
  70
0
  9
$USERI4
  70
0
  9
$USERI5
  70
0
  9
$USERR1
  40
0
  9
$USERR2
  40
0
  9
$USERR3
  40
0
  9
$USERR4
  40
0
  9
$USERR5
  40
0
  9
$WORLDVIEW
  70
1
  9
$SHADEDGE
  70
3
  9
$SHADEDIF
  70
70
  9
$TILEMODE
  70
1
  9
$MAXACTVP
  70
64
  9
$PINSBASE
  10
0
  20
0
  30
0
  9
$PLIMCHECK
  70
0
  9
$PEXTMIN
  10
0
  20
0
  30
0
  9
$PEXTMAX
  10
0
  20
0
  30
0
  9
$PLIMMIN
  10
0
  20
0
  9
$PLIMMAX
  10
12
  20
9
  9
$UNITMODE
  70
0
  9
$VISRETAIN
  70
1
  9
$PLINEGEN
  70
0
  9
$PSLTSCALE
  70
1
  9
$TREEDEPTH
  70
3020
  9
$CMLSTYLE
  2
Standard
  9
$CMLJUST
  70
0
  9
$CMLSCALE
  40
1
  9
$PROXYGRAPHICS
  70
1
  9
$MEASUREMENT
  70
0
  9
$CELWEIGHT
  370
-1
  9
$ENDCAPS
  280
0
  9
$JOINSTYLE
  280
0
  9
$LWDISPLAY
  290
0
  9
$INSUNITS
  70
4
  9
$HYPERLINKBASE
  1

  9
$STYLESHEET
  1

  9
$XEDIT
  290
0
  9
$CEPSNTYPE
  380
0
  9
$PSTYLEMODE
  290
0
  9
$FINGERPRINTGUID
  2
{FA9A02B2-7E04-C34E-BD13-02980AC2B394}
  9
$VERSIONGUID
  2
{964EB223-33A2-D549-8684-CDE005EE773C}
  9
$EXTNAMES
  290
0
  9
$PSVPSCALE
  40
0
  9
$OLESTARTUP
  290
0
  9
$SORTENTS
  280
127
  9
$INDEXCTL
  280
0
  9
$HIDETEXT
  280
1
  9
$XCLIPFRAME
  290
0
  9
$HALOGAP
  280
0
  9
$OBSCOLOR
  70
257
  9
$OBSLTYPE
  280
0
  9
$INTERSECTIONDISPLAY
  280
0
  9
$INTERSECTIONCOLOR
  70
257
  9
$DIMASSOC
  280
2
  9
$PROJECTNAME
  1

  9
$CAMERADISPLAY
  290
0
  9
$LENSLENGTH
  40
50
  9
$CAMERAHEIGHT
  40
60
  9
$STEPSPERSEC
  40
2
  9
$STEPSIZE
  40
6
  9
$3DDWFPREC
  40
2
  9
$PSOLWIDTH
  40
0.25
  9
$PSOLHEIGHT
  40
4
  9
$LOFTANG1
  40
1.570796326794896
  9
$LOFTANG2
  40
1.570796326794896
  9
$LOFTMAG1
  40
0
  9
$LOFTMAG2
  40
0
  9
$LOFTPARAM
  70
7
  9
$LOFTNORMALS
  280
1
  9
$LATITUDE
  40
37.795
  9
$LONGITUDE
  40
-122.394
  9
$NORTHDIRECTION
  40
0
  9
$TIMEZONE
  70
-8000
  9
$LIGHTGLYPHDISPLAY
  280
1
  9
$TILEMODELIGHTSYNCH
  280
1
  9
$CMATERIAL
  347
92
  9
$SOLIDHIST
  280
0
  9
$SHOWHIST
  280
1
  9
$DWFFRAME
  280
2
  9
$DGNFRAME
  280
0
  9
$REALWORLDSCALE
  290
0
  9
$INTERFERECOLOR
  62
1
  9
$INTERFEREOBJVS
  345
9F
  9
$INTERFEREVPVS
  346
9C
  9
$CSHADOW
  280
0
  9
$SHADOWPLANELOCATION
  40
0
  0
ENDSEC
  0
SECTION
  2
CLASSES
  0
CLASS
  1
ACDBDICTIONARYWDFLT
  2
AcDbDictionaryWithDefault
  3
ObjectDBX Classes
  90
0
  91
1
  280
0
  281
0
  0
CLASS
  1
DICTIONARYVAR
  2
AcDbDictionaryVar
  3
ObjectDBX Classes
  90
0
  91
15
  280
0
  281
0
  0
CLASS
  1
MATERIAL
  2
AcDbMaterial
  3
ObjectDBX Classes
  90
1153
  91
3
  280
0
  281
0
  0
CLASS
  1
VISUALSTYLE
  2
AcDbVisualStyle
  3
ObjectDBX Classes
  90
4095
  91
24
  280
0
  281
0
  0
CLASS
  1
TABLESTYLE
  2
AcDbTableStyle
  3
ObjectDBX Classes
  90
4095
  91
1
  280
0
  281
0
  0
CLASS
  1
SCALE
  2
AcDbScale
  3
ObjectDBX Classes
  90
1153
  91
33
  280
0
  281
0
  0
CLASS
  1
MLEADERSTYLE
  2
AcDbMLeaderStyle
  3
ACDB_MLEADERSTYLE_CLASS
  90
4095
  91
2
  280
0
  281
0
  0
CLASS
  1
CELLSTYLEMAP
  2
AcDbCellStyleMap
  3
ObjectDBX Classes
  90
1152
  91
4
  280
0
  281
0
  0
CLASS
  1
EXACXREFPANELOBJECT
  2
ExAcXREFPanelObject
  3
EXAC_ESW
  90
1025
  91
0
  280
0
  281
0
  0
CLASS
  1
NPOCOLLECTION
  2
AcDbImpNonPersistentObjectsCollection
  3
ObjectDBX Classes
  90
1153
  91
0
  280
0
  281
0
  0
CLASS
  1
LAYER_INDEX
  2
AcDbLayerIndex
  3
ObjectDBX Classes
  90
0
  91
0
  280
0
  281
0
  0
CLASS
  1
SPATIAL_INDEX
  2
AcDbSpatialIndex
  3
ObjectDBX Classes
  90
0
  91
0
  280
0
  281
0
  0
CLASS
  1
IDBUFFER
  2
AcDbIdBuffer
  3
ObjectDBX Classes
  90
0
  91
0
  280
0
  281
0
  0
CLASS
  1
ACDBSECTIONVIEWSTYLE
  2
AcDbSectionViewStyle
  3
ObjectDBX Classes
  90
1025
  91
1
  280
0
  281
0
  0
CLASS
  1
ACDBDETAILVIEWSTYLE
  2
AcDbDetailViewStyle
  3
ObjectDBX Classes
  90
1025
  91
1
  280
0
  281
0
  0
ENDSEC
  0
SECTION
  2
TABLES
  0
TABLE
  2
VPORT
  5
8
  330
0
  100
AcDbSymbolTable
  70
1
  0
VPORT
  5
90
  330
8
  100
AcDbSymbolTableRecord
  100
AcDbViewportTableRecord
  2
*Active
  70
0
  10
0
  20
0
  11
1
  21
1
  12
97.5486911906951
  22
42.51345460271504
  13
0
  23
0
  14
0.5
  24
0.5
  15
0.5
  25
0.5
  16
0
  26
0
  36
1
  17
0
  27
0
  37
0
  40
78.45799938217576
  41
1.945409429280396
  42
50
  43
0
  44
0
  50
0
  51
0
  71
0
  72
1000
  73
1
  74
3
  75
0
  76
1
  77
0
  78
0
  281
0
  65
1
  110
0
  120
0
  130
0
  111
1
  121
0
  131
0
  112
0
  122
1
  132
0
  79
0
  146
0
  348
9B
  60
3
  61
5
  292
0
  282
1
  141
0
  142
0
  63
250
  421
3355443
  1001
ACAD_NAV_VCDISPLAY
  1070
3
  0
ENDTAB
  0
TABLE
  2
LTYPE
  5
5
  330
0
  100
AcDbSymbolTable
  70
1
  0
LTYPE
  5
14
  330
5
  100
AcDbSymbolTableRecord
  100
AcDbLinetypeTableRecord
  2
ByBlock
  70
0
  3

  72
65
  73
0
  40
0
  0
LTYPE
  5
15
  330
5
  100
AcDbSymbolTableRecord
  100
AcDbLinetypeTableRecord
  2
ByLayer
  70
0
  3

  72
65
  73
0
  40
0
  0
LTYPE
  5
16
  330
5
  100
AcDbSymbolTableRecord
  100
AcDbLinetypeTableRecord
  2
Continuous
  70
0
  3
Solid line
  72
65
  73
0
  40
0
  0
ENDTAB
  0
TABLE
  2
LAYER
  5
2
  102
{ACAD_XDICTIONARY
  360
18B
  102
}
  330
0
  100
AcDbSymbolTable
  70
1
  0
LAYER
  5
1024
  100
AcDbSymbolTableRecord
  100
AcDbLayerTableRecord
  2
Board-Outline-Layer
  70
0
  420
16711935
  6
Continuous
  370
-3
  390
F
  347
21
  0
LAYER
  5
1025
  100
AcDbSymbolTableRecord
  100
AcDbLayerTableRecord
  2
Multi-Layer
  70
0
  420
12632256
  6
Continuous
  370
-3
  390
F
  347
21
  0
LAYER
  5
1026
  100
AcDbSymbolTableRecord
  100
AcDbLayerTableRecord
  2
Document-Layer
  70
0
  420
16777215
  6
Continuous
  370
-3
  390
F
  347
21
  0
LAYER
  5
1027
  100
AcDbSymbolTableRecord
  100
AcDbLayerTableRecord
  2
Mechanical-Layer
  70
0
  420
15737584
  6
Continuous
  370
-3
  390
F
  347
21
  0
LAYER
  5
1028
  100
AcDbSymbolTableRecord
  100
AcDbLayerTableRecord
  2
Hole-Layer
  70
0
  420
2236962
  6
Continuous
  370
-3
  390
F
  347
21
  0
LAYER
  5
1029
  100
AcDbSymbolTableRecord
  100
AcDbLayerTableRecord
  2
Component-Shape-Layer
  70
0
  420
52428
  6
Continuous
  370
-3
  390
F
  347
21
  0
LAYER
  5
1030
  100
AcDbSymbolTableRecord
  100
AcDbLayerTableRecord
  2
Component-Marking-Layer
  70
0
  420
6750156
  6
Continuous
  370
-3
  390
F
  347
21
  0
LAYER
  5
1031
  100
AcDbSymbolTableRecord
  100
AcDbLayerTableRecord
  2
Pin-Soldering-Layer
  70
0
  420
13408665
  6
Continuous
  370
-3
  390
F
  347
21
  0
LAYER
  5
1032
  100
AcDbSymbolTableRecord
  100
AcDbLayerTableRecord
  2
Pin-Floating-Layer
  70
0
  420
16751103
  6
Continuous
  370
-3
  390
F
  347
21
  0
LAYER
  5
1033
  100
AcDbSymbolTableRecord
  100
AcDbLayerTableRecord
  2
3D-Shell-Outline-Layer
  70
0
  420
6750105
  6
Continuous
  370
-3
  390
F
  347
21
  0
LAYER
  5
1034
  100
AcDbSymbolTableRecord
  100
AcDbLayerTableRecord
  2
3D-Shell-Top-Layer
  70
0
  420
16764159
  6
Continuous
  370
-3
  390
F
  347
21
  0
LAYER
  5
1035
  100
AcDbSymbolTableRecord
  100
AcDbLayerTableRecord
  2
3D-Shell-Bottom-Layer
  70
0
  420
26316
  6
Continuous
  370
-3
  390
F
  347
21
  0
LAYER
  5
1036
  100
AcDbSymbolTableRecord
  100
AcDbLayerTableRecord
  2
Drill-Drawing-Layer
  70
0
  420
32896
  6
Continuous
  370
-3
  390
F
  347
21
  0
LAYER
  5
1037
  100
AcDbSymbolTableRecord
  100
AcDbLayerTableRecord
  2
Ratline-Layer
  70
0
  420
6579455
  6
Continuous
  370
-3
  390
F
  347
21
  0
LAYER
  5
10
  102
{ACAD_XDICTIONARY
  360
E1
  102
}
  330
2
  100
AcDbSymbolTableRecord
  100
AcDbLayerTableRecord
  2
0
  70
0
  62
7
  6
Continuous
  370
-3
  390
F
  347
94
  0
ENDTAB
  0
TABLE
  2
STYLE
  5
3
  330
0
  100
AcDbSymbolTable
  70
2
  0
STYLE
  5
11
  330
3
  100
AcDbSymbolTableRecord
  100
AcDbTextStyleTableRecord
  2
Standard
  70
0
  40
0
  41
1
  50
0
  71
0
  42
0.2
  3
arial.ttf
  4

  1001
ACAD
  1000
Arial
  1071
34
  0
STYLE
  5
D7
  330
3
  100
AcDbSymbolTableRecord
  100
AcDbTextStyleTableRecord
  2
Annotative
  70
0
  40
0
  41
1
  50
0
  71
0
  42
0.2
  3
arial.ttf
  4

  1001
AcadAnnotative
  1000
AnnotativeData
  1002
{
  1070
1
  1070
1
  1002
}
  1001
ACAD
  1000
Arial
  1071
34
  0
ENDTAB
  0
TABLE
  2
VIEW
  5
6
  330
0
  100
AcDbSymbolTable
  70
0
  0
ENDTAB
  0
TABLE
  2
UCS
  5
7
  330
0
  100
AcDbSymbolTable
  70
0
  0
ENDTAB
  0
TABLE
  2
APPID
  5
9
  330
0
  100
AcDbSymbolTable
  70
7
  0
APPID
  5
12
  330
9
  100
AcDbSymbolTableRecord
  100
AcDbRegAppTableRecord
  2
ACAD
  70
0
  0
APPID
  5
D8
  330
9
  100
AcDbSymbolTableRecord
  100
AcDbRegAppTableRecord
  2
AcadAnnoPO
  70
0
  0
APPID
  5
D9
  330
9
  100
AcDbSymbolTableRecord
  100
AcDbRegAppTableRecord
  2
AcadAnnotative
  70
0
  0
APPID
  5
DA
  330
9
  100
AcDbSymbolTableRecord
  100
AcDbRegAppTableRecord
  2
ACAD_DSTYLE_DIMJAG
  70
0
  0
APPID
  5
DB
  330
9
  100
AcDbSymbolTableRecord
  100
AcDbRegAppTableRecord
  2
ACAD_DSTYLE_DIMTALN
  70
0
  0
APPID
  5
102
  330
9
  100
AcDbSymbolTableRecord
  100
AcDbRegAppTableRecord
  2
ACAD_MLEADERVER
  70
0
  0
APPID
  5
1A3
  330
9
  100
AcDbSymbolTableRecord
  100
AcDbRegAppTableRecord
  2
ACAD_NAV_VCDISPLAY
  70
0
  0
ENDTAB
  0
TABLE
  2
DIMSTYLE
  5
A
  330
0
  100
AcDbSymbolTable
  70
2
  100
AcDbDimStyleTable
  71
2
  340
DC
  340
27
  0
DIMSTYLE
  105
27
  330
A
  100
AcDbSymbolTableRecord
  100
AcDbDimStyleTableRecord
  2
Standard
  70
0
  340
11
  0
DIMSTYLE
  105
DC
  330
A
  100
AcDbSymbolTableRecord
  100
AcDbDimStyleTableRecord
  2
Annotative
  70
0
  40
0
  340
11
  1001
AcadAnnotative
  1000
AnnotativeData
  1002
{
  1070
1
  1070
1
  1002
}
  1001
ACAD_DSTYLE_DIMJAG
  1070
388
  1040
1.5
  1001
ACAD_DSTYLE_DIMTALN
  1070
392
  1070
0
  0
ENDTAB
  0
TABLE
  2
BLOCK_RECORD
  5
1
  330
0
  100
AcDbSymbolTable
  70
1
  0
BLOCK_RECORD
  5
1F
  102
{ACAD_XDICTIONARY
  360
15A
  102
}
  330
1
  100
AcDbSymbolTableRecord
  100
AcDbBlockTableRecord
  2
*Model_Space
  340
22
  70
0
  280
1
  281
0
  0
BLOCK_RECORD
  5
73
  330
1
  100
AcDbSymbolTableRecord
  100
AcDbBlockTableRecord
  2
*Paper_Space
  340
74
  70
0
  280
1
  281
0
  0
BLOCK_RECORD
  5
78
  330
1
  100
AcDbSymbolTableRecord
  100
AcDbBlockTableRecord
  2
*Paper_Space0
  340
79
  70
0
  280
1
  281
0
  0
ENDTAB
  0
ENDSEC
  0
SECTION
  2
BLOCKS
  0
BLOCK
  5
20
  330
1F
  100
AcDbEntity
  8
0
  100
AcDbBlockBegin
  2
*Model_Space
  70
0
  10
0
  20
0
  3
*Model_Space
  1

  0
ENDBLK
  5
21
  330
1F
  100
AcDbEntity
  8
0
  100
AcDbBlockEnd
  0
BLOCK
  5
75
  330
73
  100
AcDbEntity
  67
1
  8
0
  100
AcDbBlockBegin
  2
*Paper_Space
  70
0
  10
0
  20
0
  3
*Paper_Space
  1

  0
ENDBLK
  5
76
  330
73
  100
AcDbEntity
  67
1
  8
0
  100
AcDbBlockEnd
  0
BLOCK
  5
7A
  330
78
  100
AcDbEntity
  67
1
  8
0
  100
AcDbBlockBegin
  2
*Paper_Space0
  70
0
  10
0
  20
0
  3
*Paper_Space0
  1

  0
ENDBLK
  5
7B
  330
78
  100
AcDbEntity
  67
1
  8
0
  100
AcDbBlockEnd
  0
ENDSEC
  0
SECTION
  2
ENTITIES
  0
LWPOLYLINE
  5
1094
  100
AcDbEntity
  8
Board-Outline-Layer
  100
AcDbPolyline
  90
2
  70
0
  43
0.1
  10
-13.884036068072144
  20
8.552550165100328
  42
-0.071
  10
-5.981427482854978
  20
11.12002286004572
  0
LWPOLYLINE
  5
1095
  100
AcDbEntity
  8
Board-Outline-Layer
  100
AcDbPolyline
  90
2
  70
0
  43
0.09906019812039625
  10
-5.981427482854967
  20
11.120022860045722
  10
4.203423926847854
  20
11.120022860045722
  0
LWPOLYLINE
  5
1104
  100
AcDbEntity
  8
Board-Outline-Layer
  100
AcDbPolyline
  90
2
  70
0
  43
0.1
  10
25.071115062230128
  20
8.620612141224285
  42
-0.245
  10
25.39453136906274
  20
7.755595631191263
  0
LWPOLYLINE
  5
1105
  100
AcDbEntity
  8
Board-Outline-Layer
  100
AcDbPolyline
  90
2
  70
0
  43
0.1
  10
25.39453136906274
  20
7.755595631191263
  10
24.550083820167643
  20
0.8781330962661926
  0
LWPOLYLINE
  5
1106
  100
AcDbEntity
  8
Board-Outline-Layer
  100
AcDbPolyline
  90
2
  70
0
  43
0.1
  10
24.550083820167643
  20
0.878133096266193
  42
-0.379
  10
23.557536195072394
  20
0
  0
LWPOLYLINE
  5
1107
  100
AcDbEntity
  8
Board-Outline-Layer
  100
AcDbPolyline
  90
2
  70
0
  43
0.1
  10
22.872245364490734
  20
10.600485140970283
  10
25.071115062230128
  20
8.620612141224285
  0
LWPOLYLINE
  5
1108
  100
AcDbEntity
  8
Board-Outline-Layer
  100
AcDbPolyline
  90
2
  70
0
  43
0.1
  10
21.978161036322074
  20
10.831709423418847
  42
-0.245
  10
22.872245364490734
  20
10.600485140970283
  0
LWPOLYLINE
  5
1109
  100
AcDbEntity
  8
Board-Outline-Layer
  100
AcDbPolyline
  90
2
  70
0
  43
0.1
  10
12.106032512065026
  20
8.552550165100332
  10
21.978161036322074
  20
10.831709423418847
  0
LWPOLYLINE
  5
1110
  100
AcDbEntity
  8
Board-Outline-Layer
  100
AcDbPolyline
  90
2
  70
0
  43
0.1
  10
4.203423926847851
  20
11.120022860045724
  42
-0.071
  10
12.106032512065026
  20
8.552550165100332
  0
LWPOLYLINE
  5
1111
  100
AcDbEntity
  8
Board-Outline-Layer
  100
AcDbPolyline
  90
2
  70
0
  43
0.1
  10
23.557536195072394
  20
0
  10
-25.335539751079505
  20
0
  0
LWPOLYLINE
  5
1112
  100
AcDbEntity
  8
Board-Outline-Layer
  100
AcDbPolyline
  90
2
  70
0
  43
0.1
  10
-23.75616459232919
  20
10.831709423418847
  10
-13.884036068072138
  20
8.552550165100332
  0
LWPOLYLINE
  5
1113
  100
AcDbEntity
  8
Board-Outline-Layer
  100
AcDbPolyline
  90
2
  70
0
  43
0.1
  10
-24.650248920497848
  20
10.600485140970283
  42
-0.245
  10
-23.75616459232919
  20
10.831709423418847
  0
LWPOLYLINE
  5
1114
  100
AcDbEntity
  8
Board-Outline-Layer
  100
AcDbPolyline
  90
2
  70
0
  43
0.1
  10
-26.84911861823724
  20
8.620612141224285
  10
-24.650248920497848
  20
10.600485140970283
  0
LWPOLYLINE
  5
1115
  100
AcDbEntity
  8
Board-Outline-Layer
  100
AcDbPolyline
  90
2
  70
0
  43
0.1
  10
-25.335539751079505
  20
0
  42
-0.379
  10
-26.328087376174757
  20
0.8781330962661928
  0
LWPOLYLINE
  5
1116
  100
AcDbEntity
  8
Board-Outline-Layer
  100
AcDbPolyline
  90
2
  70
0
  43
0.1
  10
-26.328087376174757
  20
0.8781330962661926
  10
-27.17253492506985
  20
7.755595631191263
  0
LWPOLYLINE
  5
1117
  100
AcDbEntity
  8
Board-Outline-Layer
  100
AcDbPolyline
  90
2
  70
0
  43
0.1
  10
-27.17253492506985
  20
7.755595631191263
  42
-0.245
  10
-26.84911861823724
  20
8.620612141224285
  0
HATCH
  5
1043
  100
AcDbEntity
  8
Multi-Layer
  100
AcDbHatch
  10
0
  20
0
  30
0
  210
0
  220
0
  230
1
  2
SOLID
  70
1
  71
0
  91
1
  92
7
  72
1
  73
1
  93
2
  10
16.011031242062487
  20
2.00000508001016
  42
1
  10
18.211036322072644
  20
2.00000508001016
  42
1
  97
1
  330
1042
  75
0
  76
1
  47
0.8681437583925616
  98
1
  10
3.629517071192367
  20
33.92795499968543
  450
0
  451
0
  460
0
  461
0
  452
1
  462
1
  453
2
  463
0
  63
5
  421
255
  463
1
  63
7
  421
16777215
  470
LINEAR
  1001
ACAD
  1010
0
  1020
0
  1030
0
  0
LWPOLYLINE
  5
1044
  100
AcDbEntity
  8
Multi-Layer
  100
AcDbPolyline
  90
4
  70
0
  43
0.025400050800101603
  10
16.011031242062487
  20
2.0000050830208065
  42
1
  10
18.211036322072648
  20
2.000005077032213
  10
18.211036322072648
  20
2.000005076999514
  42
1
  10
16.011031242062487
  20
2.0000050829881073
  0
HATCH
  5
1046
  100
AcDbEntity
  8
Multi-Layer
  100
AcDbHatch
  10
0
  20
0
  30
0
  210
0
  220
0
  230
1
  2
SOLID
  70
1
  71
0
  91
1
  92
7
  72
1
  73
1
  93
2
  10
-19.98903987807976
  20
2.00000508001016
  42
1
  10
-17.7890347980696
  20
2.00000508001016
  42
1
  97
1
  330
1045
  75
0
  76
1
  47
0.8681437583925616
  98
1
  10
3.629517071192367
  20
33.92795499968543
  450
0
  451
0
  460
0
  461
0
  452
1
  462
1
  453
2
  463
0
  63
5
  421
255
  463
1
  63
7
  421
16777215
  470
LINEAR
  1001
ACAD
  1010
0
  1020
0
  1030
0
  0
LWPOLYLINE
  5
1047
  100
AcDbEntity
  8
Multi-Layer
  100
AcDbPolyline
  90
4
  70
0
  43
0.025400050800101603
  10
-19.98903987807976
  20
2.0000050830208065
  42
1
  10
-17.7890347980696
  20
2.000005077032213
  10
-17.7890347980696
  20
2.000005076999514
  42
1
  10
-19.98903987807976
  20
2.0000050829881073
  0
LWPOLYLINE
  5
1249
  100
AcDbEntity
  8
Multi-Layer
  100
AcDbPolyline
  90
4
  70
0
  43
0
  10
-11.22702311404623
  20
1.7780035562068408
  42
1
  10
-10.61702057404115
  20
1.7780035556431018
  10
-10.61702057404115
  20
1.778003555807384
  42
1
  10
-11.22702311404623
  20
1.7780035563711225
  0
LWPOLYLINE
  5
1251
  100
AcDbEntity
  8
Multi-Layer
  100
AcDbPolyline
  90
4
  70
0
  43
0
  10
-26.405654051308105
  20
6.96470154960283
  42
1
  10
-25.795651511303024
  20
6.9647015490390904
  10
-25.795651511303024
  20
6.9647015492033715
  42
1
  10
-26.405654051308105
  20
6.964701549767111
  0
LWPOLYLINE
  5
1253
  100
AcDbEntity
  8
Multi-Layer
  100
AcDbPolyline
  90
4
  70
0
  43
0
  10
-23.673048006096014
  20
7.874015748231226
  42
1
  10
-23.063045466090937
  20
7.874015747667487
  10
-23.063045466090937
  20
7.874015747831768
  42
1
  10
-23.673048006096014
  20
7.874015748395507
  0
LWPOLYLINE
  5
1255
  100
AcDbEntity
  8
Multi-Layer
  100
AcDbPolyline
  90
4
  70
0
  43
0
  10
-26.34005334010668
  20
8.128016256232241
  42
1
  10
-25.730050800101605
  20
8.128016255668504
  10
-25.730050800101605
  20
8.128016255832785
  42
1
  10
-26.34005334010668
  20
8.128016256396522
  0
LWPOLYLINE
  5
1257
  100
AcDbEntity
  8
Multi-Layer
  100
AcDbPolyline
  90
4
  70
0
  43
0
  10
-13.640027940055882
  20
7.874015748231226
  42
1
  10
-13.030025400050802
  20
7.874015747667487
  10
-13.030025400050802
  20
7.874015747831768
  42
1
  10
-13.640027940055882
  20
7.874015748395507
  0
LWPOLYLINE
  5
1259
  100
AcDbEntity
  8
Multi-Layer
  100
AcDbPolyline
  90
4
  70
0
  43
0
  10
-11.481023622047244
  20
5.9690119382236055
  42
1
  10
-10.871021082042166
  20
5.969011937659866
  10
-10.871021082042166
  20
5.969011937824148
  42
1
  10
-11.481023622047244
  20
5.969011938387887
  0
LWPOLYLINE
  5
1261
  100
AcDbEntity
  8
Multi-Layer
  100
AcDbPolyline
  90
4
  70
0
  43
0
  10
-23.038046736093474
  20
2.413004826209381
  42
1
  10
-22.428044196088397
  20
2.4130048256456416
  10
-22.428044196088397
  20
2.413004825809924
  42
1
  10
-23.038046736093474
  20
2.4130048263736628
  0
LWPOLYLINE
  5
1263
  100
AcDbEntity
  8
Multi-Layer
  100
AcDbPolyline
  90
4
  70
0
  43
0
  10
20.396040132080266
  20
2.3620066042129366
  42
1
  10
21.006042672085346
  20
2.362006603649198
  10
21.006042672085346
  20
2.3620066038134797
  42
1
  10
20.396040132080266
  20
2.362006604377219
  0
LWPOLYLINE
  5
1265
  100
AcDbEntity
  8
Multi-Layer
  100
AcDbPolyline
  90
2
  70
1
  43
0
  10
3.8860071120142248
  20
4.699009398018797
  42
1
  10
4.496009652019305
  20
4.699009398018797
  42
1
  0
LWPOLYLINE
  5
1267
  100
AcDbEntity
  8
Multi-Layer
  100
AcDbPolyline
  90
4
  70
0
  43
0
  10
-15.799032258064518
  20
1.0160020322037926
  42
1
  10
-15.18902971805944
  20
1.0160020316400535
  10
-15.18902971805944
  20
1.0160020318043357
  42
1
  10
-15.799032258064518
  20
1.0160020323680745
  0
LWPOLYLINE
  5
1269
  100
AcDbEntity
  8
Multi-Layer
  100
AcDbPolyline
  90
2
  70
1
  43
0
  10
-5.766012192024385
  20
2.54000508001016
  42
1
  10
-5.156009652019304
  20
2.54000508001016
  42
1
  0
LWPOLYLINE
  5
1271
  100
AcDbEntity
  8
Multi-Layer
  100
AcDbPolyline
  90
4
  70
0
  43
0
  10
-25.19705105410211
  20
1.0160020322037926
  42
1
  10
-24.58704851409703
  20
1.0160020316400535
  10
-24.58704851409703
  20
1.0160020318043357
  42
1
  10
-25.19705105410211
  20
1.0160020323680745
  0
LWPOLYLINE
  5
1273
  100
AcDbEntity
  8
Multi-Layer
  100
AcDbPolyline
  90
4
  70
0
  43
0
  10
-15.291031242062486
  20
7.366014732229194
  42
1
  10
-14.681028702057407
  20
7.366014731665455
  10
-14.681028702057407
  20
7.366014731829736
  42
1
  10
-15.291031242062486
  20
7.3660147323934755
  0
LWPOLYLINE
  5
1275
  100
AcDbEntity
  8
Multi-Layer
  100
AcDbPolyline
  90
4
  70
0
  43
0
  10
8.204015748031498
  20
8.763017526234782
  42
1
  10
8.814018288036577
  20
8.763017525671042
  10
8.814018288036577
  20
8.763017525835325
  42
1
  10
8.204015748031498
  20
8.763017526399063
  0
LWPOLYLINE
  5
1277
  100
AcDbEntity
  8
Multi-Layer
  100
AcDbPolyline
  90
4
  70
0
  43
0
  10
8.458016256032513
  20
6.35001270022513
  42
1
  10
9.068018796037594
  20
6.350012699661391
  10
9.068018796037594
  20
6.350012699825672
  42
1
  10
8.458016256032513
  20
6.350012700389411
  0
LWPOLYLINE
  5
1279
  100
AcDbEntity
  8
Multi-Layer
  100
AcDbPolyline
  90
4
  70
0
  43
0
  10
17.47503429006858
  20
8.763017526234782
  42
1
  10
18.085036830073662
  20
8.763017525671042
  10
18.085036830073662
  20
8.763017525835325
  42
1
  10
17.47503429006858
  20
8.763017526399063
  0
LWPOLYLINE
  5
1281
  100
AcDbEntity
  8
Multi-Layer
  100
AcDbPolyline
  90
4
  70
0
  43
0
  10
21.41204216408433
  20
8.001016002231735
  42
1
  10
22.02204470408941
  20
8.001016001667995
  10
22.02204470408941
  20
8.001016001832276
  42
1
  10
21.41204216408433
  20
8.001016002396016
  0
LWPOLYLINE
  5
1283
  100
AcDbEntity
  8
Multi-Layer
  100
AcDbPolyline
  90
4
  70
0
  43
0
  10
21.920043180086363
  20
10.160020320240369
  42
1
  10
22.530045720091444
  20
10.160020319676631
  10
22.530045720091444
  20
10.160020319840914
  42
1
  10
21.920043180086363
  20
10.160020320404652
  0
LWPOLYLINE
  5
1285
  100
AcDbEntity
  8
Multi-Layer
  100
AcDbPolyline
  90
4
  70
0
  43
0
  10
22.555044450088904
  20
0.6050012702022687
  42
1
  10
23.165046990093984
  20
0.6050012696385296
  10
23.165046990093984
  20
0.6050012698028117
  42
1
  10
22.555044450088904
  20
0.6050012703665503
  0
LWPOLYLINE
  5
1287
  100
AcDbEntity
  8
Multi-Layer
  100
AcDbPolyline
  90
4
  70
0
  43
0
  10
14.681028702057407
  20
3.429006858213445
  42
1
  10
15.291031242062486
  20
3.4290068576497057
  10
15.291031242062486
  20
3.429006857813988
  42
1
  10
14.681028702057407
  20
3.429006858377727
  0
LWPOLYLINE
  5
1289
  100
AcDbEntity
  8
Multi-Layer
  100
AcDbPolyline
  90
4
  70
0
  43
0
  10
18.872037084074172
  20
7.112014224228178
  42
1
  10
19.48203962407925
  20
7.112014223664439
  10
19.48203962407925
  20
7.11201422382872
  42
1
  10
18.872037084074172
  20
7.112014224392459
  0
LWPOLYLINE
  5
1291
  100
AcDbEntity
  8
Multi-Layer
  100
AcDbPolyline
  90
2
  70
1
  43
0
  10
6.807012954025908
  20
7.112014224028449
  42
1
  10
7.41701549403099
  20
7.112014224028449
  42
1
  0
LWPOLYLINE
  5
1293
  100
AcDbEntity
  8
Multi-Layer
  100
AcDbPolyline
  90
2
  70
1
  43
0
  10
6.934013208026417
  20
3.6830073660147327
  42
1
  10
7.544015748031497
  20
3.6830073660147327
  42
1
  0
LWPOLYLINE
  5
1295
  100
AcDbEntity
  8
Multi-Layer
  100
AcDbPolyline
  90
2
  70
1
  43
0
  10
6.680012700025401
  20
1.5240030480060962
  42
1
  10
7.290015240030481
  20
1.5240030480060962
  42
1
  0
LWPOLYLINE
  5
1297
  100
AcDbEntity
  8
Multi-Layer
  100
AcDbPolyline
  90
2
  70
1
  43
0
  10
4.9020091440182885
  20
9.398018796037594
  42
1
  10
5.512011684023369
  20
9.398018796037594
  42
1
  0
LWPOLYLINE
  5
1299
  100
AcDbEntity
  8
Multi-Layer
  100
AcDbPolyline
  90
2
  70
1
  43
0
  10
-5.004010668021337
  20
8.636017272034545
  42
1
  10
-4.394008128016257
  20
8.636017272034545
  42
1
  0
LWPOLYLINE
  5
1301
  100
AcDbEntity
  8
Multi-Layer
  100
AcDbPolyline
  90
4
  70
0
  43
0
  10
-2.4640055880111764
  20
6.858013715876299
  42
1
  10
-1.8540030480060963
  20
6.858013715876298
  10
-1.8540030480060963
  20
6.858013716178566
  42
1
  10
-2.4640055880111764
  20
6.858013716178566
  0
LWPOLYLINE
  5
1303
  100
AcDbEntity
  8
Multi-Layer
  100
AcDbPolyline
  90
4
  70
0
  43
0
  10
1.0920015240030483
  20
7.239014477877824
  42
1
  10
1.7020040640081282
  20
7.239014477877823
  10
1.7020040640081282
  20
7.23901447818009
  42
1
  10
1.0920015240030483
  20
7.23901447818009
  0
LWPOLYLINE
  5
1305
  100
AcDbEntity
  8
Multi-Layer
  100
AcDbPolyline
  90
4
  70
0
  43
0
  10
-9.1950190500381
  20
1.7780035562068408
  42
1
  10
-8.585016510033022
  20
1.7780035556431018
  10
-8.585016510033022
  20
1.778003555807384
  42
1
  10
-9.1950190500381
  20
1.7780035563711225
  0
LWPOLYLINE
  5
1307
  100
AcDbEntity
  8
Multi-Layer
  100
AcDbPolyline
  90
2
  70
1
  43
0
  10
-7.544015748031497
  20
9.271018542037085
  42
1
  10
-6.934013208026417
  20
9.271018542037085
  42
1
  0
LWPOLYLINE
  5
1309
  100
AcDbEntity
  8
Multi-Layer
  100
AcDbPolyline
  90
4
  70
0
  43
0
  10
-8.687018034036068
  20
6.22301244587376
  42
1
  10
-8.07701549403099
  20
6.223012445873759
  10
-8.07701549403099
  20
6.223012446176027
  42
1
  10
-8.687018034036068
  20
6.223012446176027
  0
LWPOLYLINE
  5
1311
  100
AcDbEntity
  8
Multi-Layer
  100
AcDbPolyline
  90
4
  70
0
  43
0
  10
-11.735024130048261
  20
7.874015748231226
  42
1
  10
-11.125021590043183
  20
7.874015747667487
  10
-11.125021590043183
  20
7.874015747831768
  42
1
  10
-11.735024130048261
  20
7.874015748395507
  0
LWPOLYLINE
  5
1313
  100
AcDbEntity
  8
Multi-Layer
  100
AcDbPolyline
  90
4
  70
0
  43
0
  10
-13.640027940055882
  20
5.9690119382236055
  42
1
  10
-13.030025400050802
  20
5.969011937659866
  10
-13.030025400050802
  20
5.969011937824148
  42
1
  10
-13.640027940055882
  20
5.969011938387887
  0
LWPOLYLINE
  5
1315
  100
AcDbEntity
  8
Multi-Layer
  100
AcDbPolyline
  90
4
  70
0
  43
0
  10
-16.688034036068075
  20
7.366014732229194
  42
1
  10
-16.078031496062994
  20
7.366014731665455
  10
-16.078031496062994
  20
7.366014731829736
  42
1
  10
-16.688034036068075
  20
7.3660147323934755
  0
LWPOLYLINE
  5
1317
  100
AcDbEntity
  8
Multi-Layer
  100
AcDbPolyline
  90
4
  70
0
  43
0
  10
-15.291031242062486
  20
5.842011684223098
  42
1
  10
-14.681028702057407
  20
5.842011683659359
  10
-14.681028702057407
  20
5.84201168382364
  42
1
  10
-15.291031242062486
  20
5.842011684387379
  0
LWPOLYLINE
  5
1319
  100
AcDbEntity
  8
Multi-Layer
  100
AcDbPolyline
  90
4
  70
0
  43
0
  10
-13.513027686055374
  20
2.6670053342103968
  42
1
  10
-12.903025146050295
  20
2.667005333646658
  10
-12.903025146050295
  20
2.66700533381094
  42
1
  10
-13.513027686055374
  20
2.667005334374679
  0
LWPOLYLINE
  5
1321
  100
AcDbEntity
  8
Multi-Layer
  100
AcDbPolyline
  90
4
  70
0
  43
0
  10
13.919027178054359
  20
5.842011684223098
  42
1
  10
14.529029718059437
  20
5.842011683659359
  10
14.529029718059437
  20
5.84201168382364
  42
1
  10
13.919027178054359
  20
5.842011684387379
  0
LWPOLYLINE
  5
1323
  100
AcDbEntity
  8
Multi-Layer
  100
AcDbPolyline
  90
4
  70
0
  43
0
  10
15.570030480060963
  20
8.636017272234273
  42
1
  10
16.18003302006604
  20
8.636017271670536
  10
16.18003302006604
  20
8.636017271834817
  42
1
  10
15.570030480060963
  20
8.636017272398556
  0
LWPOLYLINE
  5
1325
  100
AcDbEntity
  8
Multi-Layer
  100
AcDbPolyline
  90
4
  70
0
  43
0
  10
-2.4640055880111764
  20
1.3970027938544543
  42
1
  10
-1.8540030480060963
  20
1.397002793854454
  10
-1.8540030480060963
  20
1.3970027941567222
  42
1
  10
-2.4640055880111764
  20
1.3970027941567225
  0
LWPOLYLINE
  5
1327
  100
AcDbEntity
  8
Multi-Layer
  100
AcDbPolyline
  90
2
  70
1
  43
0
  10
-5.385011430022861
  20
6.858013716027433
  42
1
  10
-4.77500889001778
  20
6.858013716027433
  42
1
  0
LWPOLYLINE
  5
1329
  100
AcDbEntity
  8
Multi-Layer
  100
AcDbPolyline
  90
2
  70
1
  43
0
  10
4.521008382016764
  20
4.0640081280162565
  42
1
  10
5.131010922021845
  20
4.0640081280162565
  42
1
  0
LWPOLYLINE
  5
1331
  100
AcDbEntity
  8
Multi-Layer
  100
AcDbPolyline
  90
2
  70
1
  43
0
  10
5.207007874015749
  20
3.4800050800101605
  42
1
  10
5.81701041402083
  20
3.4800050800101605
  42
1
  0
LWPOLYLINE
  5
1333
  100
AcDbEntity
  8
Multi-Layer
  100
AcDbPolyline
  90
2
  70
1
  43
0
  10
6.934013208026417
  20
8.128016256032513
  42
1
  10
7.544015748031497
  20
8.128016256032513
  42
1
  0
LWPOLYLINE
  5
1335
  100
AcDbEntity
  8
Multi-Layer
  100
AcDbPolyline
  90
2
  70
1
  43
0
  10
4.089009398018796
  20
7.214010668021337
  42
1
  10
4.699011938023877
  20
7.214010668021337
  42
1
  0
LWPOLYLINE
  5
1337
  100
AcDbEntity
  8
Multi-Layer
  100
AcDbPolyline
  90
4
  70
0
  43
0
  10
-21.133042926085853
  20
5.080010160220049
  42
1
  10
-20.523040386080776
  20
5.080010159656311
  10
-20.523040386080776
  20
5.080010159820592
  42
1
  10
-21.133042926085853
  20
5.08001016038433
  0
LWPOLYLINE
  5
1339
  100
AcDbEntity
  8
Multi-Layer
  100
AcDbPolyline
  90
4
  70
0
  43
0
  10
3.2510058420116845
  20
7.366014731878332
  42
1
  10
3.8610083820167644
  20
7.366014731878331
  10
3.8610083820167644
  20
7.366014732180599
  42
1
  10
3.2510058420116845
  20
7.366014732180599
  0
LWPOLYLINE
  5
1341
  100
AcDbEntity
  8
Multi-Layer
  100
AcDbPolyline
  90
2
  70
1
  43
0
  10
5.720327660655321
  20
2.915687071374143
  42
1
  10
6.330330200660402
  20
2.915687071374143
  42
1
  0
LWPOLYLINE
  5
1038
  100
AcDbEntity
  8
Document-Layer
  100
AcDbPolyline
  90
2
  70
1
  43
0.1
  10
22.211043942087887
  20
7.925016510033021
  42
1
  10
22.711043942087887
  20
7.925016510033021
  42
1
  0
LWPOLYLINE
  5
1039
  100
AcDbEntity
  8
Document-Layer
  100
AcDbPolyline
  90
2
  70
1
  43
0.1
  10
-24.489047498095
  20
7.925016510033021
  42
1
  10
-23.989047498094997
  20
7.925016510033021
  42
1
  0
LWPOLYLINE
  5
1040
  100
AcDbEntity
  8
Document-Layer
  100
AcDbPolyline
  90
2
  70
1
  43
0.1
  10
-24.48905003810008
  20
7.925016510033021
  42
1
  10
-23.989050038100075
  20
7.925016510033021
  42
1
  0
LWPOLYLINE
  5
1041
  100
AcDbEntity
  8
Document-Layer
  100
AcDbPolyline
  90
2
  70
1
  43
0.1
  10
22.211043942087887
  20
7.925016510033021
  42
1
  10
22.711043942087887
  20
7.925016510033021
  42
1
  0
LWPOLYLINE
  5
1090
  100
AcDbEntity
  8
Document-Layer
  100
AcDbPolyline
  90
2
  70
1
  43
0.2
  10
3.5777241554483115
  20
6.521869443738889
  42
1
  10
3.7777241554483116
  20
6.521869443738889
  42
1
  0
LWPOLYLINE
  5
1096
  100
AcDbEntity
  8
Document-Layer
  100
AcDbPolyline
  90
2
  70
0
  43
0.1
  10
23.211046482092968
  20
8.85001778003556
  10
23.211046482092968
  20
7.000012700025402
  0
LWPOLYLINE
  5
1097
  100
AcDbEntity
  8
Document-Layer
  100
AcDbPolyline
  90
2
  70
0
  43
0.1
  10
23.211046482092968
  20
7.000012700025402
  10
20.461041402082806
  20
7.000012700025402
  0
LWPOLYLINE
  5
1098
  100
AcDbEntity
  8
Document-Layer
  100
AcDbPolyline
  90
2
  70
0
  43
0.1
  10
20.461041402082806
  20
8.85001778003556
  10
23.211046482092968
  20
8.85001778003556
  0
LWPOLYLINE
  5
1099
  100
AcDbEntity
  8
Document-Layer
  100
AcDbPolyline
  90
2
  70
0
  43
0.1
  10
20.461041402082806
  20
7.000012700025402
  10
20.461041402082806
  20
8.85001778003556
  0
LWPOLYLINE
  5
1100
  100
AcDbEntity
  8
Document-Layer
  100
AcDbPolyline
  90
2
  70
0
  43
0.1
  10
-22.23904495808992
  20
8.85001778003556
  10
-22.23904495808992
  20
7.000012700025402
  0
LWPOLYLINE
  5
1101
  100
AcDbEntity
  8
Document-Layer
  100
AcDbPolyline
  90
2
  70
0
  43
0.1
  10
-24.98905003810008
  20
8.85001778003556
  10
-22.23904495808992
  20
8.85001778003556
  0
LWPOLYLINE
  5
1102
  100
AcDbEntity
  8
Document-Layer
  100
AcDbPolyline
  90
2
  70
0
  43
0.1
  10
-22.23904495808992
  20
7.000012700025402
  10
-24.98905003810008
  20
7.000012700025402
  0
LWPOLYLINE
  5
1103
  100
AcDbEntity
  8
Document-Layer
  100
AcDbPolyline
  90
2
  70
0
  43
0.1
  10
-24.98905003810008
  20
7.000012700025402
  10
-24.98905003810008
  20
8.85001778003556
  0
LWPOLYLINE
  5
1118
  100
AcDbEntity
  8
Document-Layer
  100
AcDbPolyline
  90
2
  70
0
  43
0.1
  10
-26.4140538481077
  20
10.225021590043182
  10
-26.4140538481077
  20
5.6250114300228615
  0
LWPOLYLINE
  5
1119
  100
AcDbEntity
  8
Document-Layer
  100
AcDbPolyline
  90
33
  70
0
  43
0.1
  10
-26.095935991871986
  20
4.224008128016257
  10
-26.09494792989586
  20
4.185146050292101
  10
-26.09214376428753
  20
4.151292862585726
  10
-26.087335534671073
  20
4.12244602489205
  10
-26.076517653035307
  20
4.088392176784354
  10
-26.06169418338837
  20
4.061447802895606
  10
-26.03545339090678
  20
4.034406908813818
  10
-26.004602489204984
  20
4.017978155956312
  10
-25.97215138430277
  20
4.01247142494285
  10
-25.939598679197363
  20
4.017879095758191
  10
-25.9092506985014
  20
4.033903987807976
  10
-25.883510287020577
  20
4.060746761493523
  10
-25.86888747777496
  20
4.087891795783592
  10
-25.856565913131828
  20
4.125753111506224
  10
-25.850657861315725
  20
4.1558013716027435
  10
-25.84715265430531
  20
4.188552197104395
  10
-25.845948691897387
  20
4.224008128016257
  10
-25.846951993903993
  20
4.259265938531877
  10
-25.850157480314962
  20
4.2911176022352056
  10
-25.855364490728984
  20
4.319662179324359
  10
-25.86718313436627
  20
4.356322072644145
  10
-25.882809245618496
  20
4.3856692913385835
  10
-25.9093522987046
  20
4.413713487426976
  10
-25.939900939801884
  20
4.430139700279401
  10
-25.97215138430277
  20
4.435547371094743
  10
-26.004803149606303
  20
4.430139700279401
  10
-26.03545339090678
  20
4.413713487426976
  10
-26.061496062992127
  20
4.386769113538228
  10
-26.07641859283719
  20
4.359827279654559
  10
-26.087236474472952
  20
4.325773431546864
  10
-26.09204470408941
  20
4.296926593853188
  10
-26.09494792989586
  20
4.2630708661417325
  10
-26.09595123190247
  20
4.224008128016257
  0
LWPOLYLINE
  5
1120
  100
AcDbEntity
  8
Document-Layer
  100
AcDbPolyline
  90
97
  70
0
  43
0.1
  10
-26.140817881635765
  20
4.223810007620016
  10
-26.140520701041403
  20
4.247848615697231
  10
-26.139519939039882
  20
4.270482600965202
  10
-26.137818135636277
  20
4.291818643637288
  10
-26.135514351028707
  20
4.311651003302007
  10
-26.132608585217174
  20
4.3300787401574805
  10
-26.12890271780544
  20
4.347106934213869
  10
-26.124594869189742
  20
4.362730505461013
  10
-26.119687579375164
  20
4.3769545339090685
  10
-26.11417830835662
  20
4.3900762001524
  10
-26.1080695961392
  20
4.4023952247904505
  10
-26.10135890271781
  20
4.4138125476250964
  10
-26.09414782829566
  20
4.424531369062739
  10
-26.086433832867666
  20
4.434345948691897
  10
-26.078221996443993
  20
4.443360426720854
  10
-26.069408178816357
  20
4.451473202946406
  10
-26.059992379984763
  20
4.458884937769876
  10
-26.050177800355602
  20
4.4653949707899425
  10
-26.040060960121924
  20
4.471104902209805
  10
-26.02974345948692
  20
4.475913131826265
  10
-26.019027178054355
  20
4.479819659639319
  10
-26.008110236220475
  20
4.482923545847092
  10
-25.99689103378207
  20
4.485128270256541
  10
-25.985473710947424
  20
4.486428752857505
  10
-25.973655067310137
  20
4.4868300736601485
  10
-25.96173482346965
  20
4.486428752857505
  10
-25.950015240030485
  20
4.485128270256541
  10
-25.938696977393956
  20
4.482923545847092
  10
-25.927579375158754
  20
4.479819659639319
  10
-25.91676403352807
  20
4.475913131826265
  10
-25.90624587249175
  20
4.471104902209805
  10
-25.895928371856748
  20
4.4653949707899425
  10
-25.88601473202947
  20
4.4587858775717555
  10
-25.87649733299467
  20
4.4513741427482865
  10
-25.86738379476759
  20
4.442959105918212
  10
-25.8588696977394
  20
4.433746507493016
  10
-25.850858521717047
  20
4.423728727457457
  10
-25.843345186690378
  20
4.412712725425451
  10
-25.83633477266955
  20
4.400891541783084
  10
-25.829923799847602
  20
4.388173736347474
  10
-25.8239141478283
  20
4.374551689103378
  10
-25.81860553721108
  20
4.35992633985268
  10
-25.813898907797817
  20
4.3441021082042175
  10
-25.809992379984763
  20
4.327073914147829
  10
-25.80678689357379
  20
4.308844297688595
  10
-25.8042824485649
  20
4.289413258826518
  10
-25.802479044958094
  20
4.268681737363475
  10
-25.80147828295657
  20
4.246845313690628
  10
-25.801076962153928
  20
4.223810007620016
  10
-25.80147828295657
  20
4.200871221742443
  10
-25.802479044958094
  20
4.179136398272797
  10
-25.8042824485649
  20
4.158503937007875
  10
-25.806687833375673
  20
4.139174498348997
  10
-25.80989077978156
  20
4.121043942087885
  10
-25.81379730759462
  20
4.1041173482346975
  10
-25.818305816611637
  20
4.088293116586234
  10
-25.823614427228858
  20
4.073769367538735
  10
-25.829522479044964
  20
4.060246380492761
  10
-25.835933451866907
  20
4.047627635255271
  10
-25.842844805689616
  20
4.035808991617984
  10
-25.850355600711207
  20
4.024790449580899
  10
-25.85836931673864
  20
4.014673609347219
  10
-25.866982473964953
  20
4.005458470916942
  10
-25.876098552197107
  20
3.9970459740919484
  10
-25.885712471424945
  20
3.989532639065279
  10
-25.89573025146051
  20
3.9829235458470924
  10
-25.90604521209043
  20
3.9771145542291095
  10
-25.91666243332487
  20
3.9723063246126498
  10
-25.927480314960636
  20
3.9683007366014738
  10
-25.93859791719584
  20
3.9651943103886214
  10
-25.950015240030485
  20
3.962992125984252
  10
-25.96173482346965
  20
3.9615900431800872
  10
-25.973655067310137
  20
3.9611887223774453
  10
-25.985473710947424
  20
3.9615900431800872
  10
-25.99689103378207
  20
3.9628905257810523
  10
-26.008110236220475
  20
3.9650952501905006
  10
-26.01892557785116
  20
3.9681000762001526
  10
-26.029542799085604
  20
3.971905003810008
  10
-26.0398602997206
  20
3.976713233426467
  10
-26.04987553975108
  20
3.98232156464313
  10
-26.059591059182125
  20
3.988732537465075
  10
-26.0689077978156
  20
3.9960452120904244
  10
-26.077721615443235
  20
4.004157988315977
  10
-26.085933451866907
  20
4.013172466344933
  10
-26.0936474472949
  20
4.0230886461772934
  10
-26.100858521717047
  20
4.033703327406656
  10
-26.107569215138433
  20
4.0452222504445015
  10
-26.113779527559057
  20
4.057642875285751
  10
-26.11938785877572
  20
4.070863601727204
  10
-26.1243967487935
  20
4.085186690373381
  10
-26.12880365760732
  20
4.100911861823724
  10
-26.13240792481586
  20
4.118039116078232
  10
-26.135412750825502
  20
4.136469392938786
  10
-26.137818135636277
  20
4.156200152400306
  10
-26.139519939039882
  20
4.17743459486919
  10
-26.140520701041403
  20
4.199972059944121
  10
-26.140822961645924
  20
4.223810007620016
  0
LWPOLYLINE
  5
1121
  100
AcDbEntity
  8
Document-Layer
  100
AcDbPolyline
  90
124
  70
0
  43
0.1
  10
-25.724152908305822
  20
4.3393954787909585
  10
-25.67928371856744
  20
4.3393954787909585
  10
-25.67928371856744
  20
4.275892811785624
  10
-25.666863093726192
  20
4.29231902463805
  10
-25.654241808483622
  20
4.306342392684785
  10
-25.64152146304293
  20
4.3179603759207525
  10
-25.628600457200918
  20
4.32727457454915
  10
-25.610472440944886
  20
4.335387350774702
  10
-25.591841503683007
  20
4.341196342392686
  10
-25.572811785623575
  20
4.344602489204979
  10
-25.553281686563373
  20
4.345803911607824
  10
-25.540058420116843
  20
4.345102870205741
  10
-25.52723901447803
  20
4.343200406400814
  10
-25.51471932943866
  20
4.339895859791721
  10
-25.50259842519685
  20
4.335288290576582
  10
-25.491082042164088
  20
4.329578359156718
  10
-25.480764541529084
  20
4.323068326136653
  10
-25.47145034290069
  20
4.315656591313183
  10
-25.463337566675133
  20
4.3073431546863095
  10
-25.456024892049786
  20
4.297726695453392
  10
-25.44911353822708
  20
4.286210312420625
  10
-25.442804165608337
  20
4.272887985775972
  10
-25.436995173990354
  20
4.257564135128271
  10
-25.43098552197105
  20
4.268079756159513
  10
-25.424574549149103
  20
4.277896875793753
  10
-25.417764795529592
  20
4.2871094742189495
  10
-25.41065278130557
  20
4.295623571247143
  10
-25.403139446278896
  20
4.303538227076455
  10
-25.395326390652784
  20
4.310749301498604
  10
-25.38711455422911
  20
4.31735839471679
  10
-25.378501397002797
  20
4.323268986537974
  10
-25.360673101346208
  20
4.333083566167133
  10
-25.34204216408433
  20
4.340195580391161
  10
-25.322910845821692
  20
4.344401828803658
  10
-25.302979425958856
  20
4.345803911607824
  10
-25.284650749301502
  20
4.344602489204979
  10
-25.267421894843793
  20
4.341097282194564
  10
-25.25129794259589
  20
4.335087630175261
  10
-25.23627381254763
  20
4.326774193548388
  10
-25.222750825501652
  20
4.316357632715266
  10
-25.21103124206249
  20
4.304038608077216
  10
-25.20121666243333
  20
4.28991617983236
  10
-25.1933045466091
  20
4.2737896875793755
  10
-25.18999745999492
  20
4.26477520955042
  10
-25.187193294386592
  20
4.254658369316739
  10
-25.184790449580905
  20
4.243540767081535
  10
-25.182786385572772
  20
4.231320802641606
  10
-25.18128524257049
  20
4.218100076200153
  10
-25.180182880365763
  20
4.203776987553976
  10
-25.17948183896368
  20
4.188351536703073
  10
-25.179281178562363
  20
4.171925323850648
  10
-25.179281178562363
  20
3.9740081280162567
  10
-25.224152908305822
  20
3.9740081280162567
  10
-25.224152908305822
  20
4.172125984251969
  10
-25.22425450850902
  20
4.186149352298705
  10
-25.22465328930658
  20
4.199070358140717
  10
-25.225354330708665
  20
4.210787401574803
  10
-25.22625603251207
  20
4.221404622809246
  10
-25.227457454914916
  20
4.230820421640844
  10
-25.22896113792228
  20
4.239133858267717
  10
-25.230662941325885
  20
4.2463449326898655
  10
-25.232667005334015
  20
4.25235458470917
  10
-25.237675895351796
  20
4.262771145542292
  10
-25.24418592837186
  20
4.27218694437389
  10
-25.252197104394213
  20
4.280398780797562
  10
-25.261714503429012
  20
4.287612395224791
  10
-25.27243078486157
  20
4.293421386842775
  10
-25.284249428498864
  20
4.297627635255271
  10
-25.296969773939548
  20
4.300132080264161
  10
-25.310792481584965
  20
4.300932181864364
  10
-25.327719075438154
  20
4.29973075946152
  10
-25.343845567691137
  20
4.2959258318516635
  10
-25.359370078740163
  20
4.28971551943104
  10
-25.37409448818898
  20
4.280901701803404
  10
-25.387515875031752
  20
4.270083820167641
  10
-25.3989331978664
  20
4.257564135128271
  10
-25.40844805689612
  20
4.243340106680215
  10
-25.416060452120906
  20
4.22751587503175
  10
-25.41916687833376
  20
4.218501397002795
  10
-25.421869443738892
  20
4.208084836169673
  10
-25.424074168148337
  20
4.196266192532385
  10
-25.425976631953265
  20
4.183042926085853
  10
-25.427378714757435
  20
4.168420116840235
  10
-25.428481076962157
  20
4.15239522479045
  10
-25.429080518161044
  20
4.1349657099314205
  10
-25.429281178562363
  20
4.116136652273305
  10
-25.429281178562363
  20
3.9740081280162567
  10
-25.474152908305822
  20
3.9740081280162567
  10
-25.474152908305822
  20
4.1598069596139196
  10
-25.474254508509016
  20
4.175532131064263
  10
-25.47465582931166
  20
4.1900558801117604
  10
-25.475356870713746
  20
4.203175006350014
  10
-25.476256032512065
  20
4.21499618999238
  10
-25.477459994919993
  20
4.2255118110236225
  10
-25.47886207772416
  20
4.234627889255779
  10
-25.480563881127765
  20
4.242540005080011
  10
-25.482567945135894
  20
4.249050038100076
  10
-25.487475234950473
  20
4.260266700533401
  10
-25.49398526797054
  20
4.270284480568962
  10
-25.502098044196092
  20
4.279098298196597
  10
-25.511714503429012
  20
4.286710693421387
  10
-25.52253238506477
  20
4.292921005842013
  10
-25.53445008890018
  20
4.29742697485395
  10
-25.547272034544072
  20
4.300030480060961
  10
-25.561092202184405
  20
4.300932181864364
  10
-25.577320294640593
  20
4.29973075946152
  10
-25.59304546609094
  20
4.296024892049785
  10
-25.608267716535437
  20
4.28991617983236
  10
-25.622893065786133
  20
4.281402082804166
  10
-25.63631445262891
  20
4.270784861569724
  10
-25.647932435864874
  20
4.258465836931674
  10
-25.657647955295914
  20
4.244541529083059
  10
-25.665461010922026
  20
4.228816357632716
  10
-25.668666497332996
  20
4.220002540005081
  10
-25.671470662941328
  20
4.210187960375921
  10
-25.673873507747018
  20
4.199169418338838
  10
-25.675775971551946
  20
4.187051054102109
  10
-25.677378714757435
  20
4.1739293878587755
  10
-25.678382016764036
  20
4.1596062992126
  10
-25.67908305816612
  20
4.144282448564898
  10
-25.67928371856744
  20
4.127754635509272
  10
-25.67928371856744
  20
3.9740081280162567
  10
-25.7241554483109
  20
3.9740081280162567
  10
-25.7241554483109
  20
4.3393954787909585
  0
LWPOLYLINE
  5
1122
  100
AcDbEntity
  8
Document-Layer
  100
AcDbPolyline
  90
2
  70
0
  43
0.1
  10
-25.61405130810262
  20
9.4250190500381
  10
-25.61405130810262
  20
6.4250139700279405
  0
LWPOLYLINE
  5
1123
  100
AcDbEntity
  8
Document-Layer
  100
AcDbPolyline
  90
124
  70
0
  43
0.1
  10
-25.07671069342139
  20
4.3393954787909585
  10
-25.031846583693167
  20
4.3393954787909585
  10
-25.031846583693167
  20
4.275892811785624
  10
-25.019425958851922
  20
4.29231902463805
  10
-25.006804673609352
  20
4.306342392684785
  10
-24.99408432816866
  20
4.3179603759207525
  10
-24.981163322326648
  20
4.32727457454915
  10
-24.963035306070616
  20
4.335387350774702
  10
-24.94440436880874
  20
4.341196342392686
  10
-24.925374650749305
  20
4.344602489204979
  10
-24.905844551689107
  20
4.345803911607824
  10
-24.892621285242576
  20
4.345102870205741
  10
-24.87980187960376
  20
4.343200406400814
  10
-24.867282194564392
  20
4.339895859791721
  10
-24.855161290322584
  20
4.335288290576582
  10
-24.843644907289814
  20
4.329578359156718
  10
-24.833327406654817
  20
4.323068326136653
  10
-24.824013208026418
  20
4.315656591313183
  10
-24.815900431800866
  20
4.3073431546863095
  10
-24.80858775717552
  20
4.297726695453392
  10
-24.801676403352808
  20
4.286210312420625
  10
-24.795367030734063
  20
4.272887985775972
  10
-24.789558039116077
  20
4.257564135128271
  10
-24.783548387096776
  20
4.268079756159513
  10
-24.777137414274833
  20
4.277896875793753
  10
-24.770325120650245
  20
4.2871094742189495
  10
-24.7632156464313
  20
4.295623571247143
  10
-24.755702311404626
  20
4.303538227076455
  10
-24.747889255778514
  20
4.310749301498604
  10
-24.73967741935484
  20
4.31735839471679
  10
-24.73106426212853
  20
4.323268986537974
  10
-24.713235966471935
  20
4.333083566167133
  10
-24.69460502921006
  20
4.340195580391161
  10
-24.675473710947426
  20
4.344401828803658
  10
-24.655542291084586
  20
4.345803911607824
  10
-24.637213614427232
  20
4.344602489204979
  10
-24.619984759969526
  20
4.341097282194564
  10
-24.603860807721617
  20
4.335087630175261
  10
-24.58883667767336
  20
4.326774193548388
  10
-24.575313690627382
  20
4.316357632715266
  10
-24.56359410718822
  20
4.304038608077216
  10
-24.553779527559062
  20
4.28991617983236
  10
-24.545867411734825
  20
4.2737896875793755
  10
-24.542560325120654
  20
4.26477520955042
  10
-24.53975615951232
  20
4.254658369316739
  10
-24.537353314706632
  20
4.243540767081535
  10
-24.535349250698506
  20
4.231320802641606
  10
-24.53384810769622
  20
4.218100076200153
  10
-24.532745745491493
  20
4.203776987553976
  10
-24.53204470408941
  20
4.188351536703073
  10
-24.531844043688093
  20
4.171925323850648
  10
-24.531844043688093
  20
3.9740081280162567
  10
-24.57671577343155
  20
3.9740081280162567
  10
-24.57671577343155
  20
4.172125984251969
  10
-24.57681737363475
  20
4.186149352298705
  10
-24.577216154432314
  20
4.199070358140717
  10
-24.577917195834395
  20
4.210787401574803
  10
-24.578818897637795
  20
4.221404622809246
  10
-24.580020320040642
  20
4.230820421640844
  10
-24.581524003048006
  20
4.239133858267717
  10
-24.583225806451615
  20
4.2463449326898655
  10
-24.58522987045974
  20
4.25235458470917
  10
-24.590238760477522
  20
4.262771145542292
  10
-24.59674879349759
  20
4.27218694437389
  10
-24.60475996951994
  20
4.280398780797562
  10
-24.614277368554742
  20
4.287612395224791
  10
-24.624993649987303
  20
4.293421386842775
  10
-24.636812293624587
  20
4.297627635255271
  10
-24.64953263906528
  20
4.300132080264161
  10
-24.6633553467107
  20
4.300932181864364
  10
-24.680281940563884
  20
4.29973075946152
  10
-24.696408432816867
  20
4.2959258318516635
  10
-24.71193294386589
  20
4.28971551943104
  10
-24.72665735331471
  20
4.280901701803404
  10
-24.740078740157482
  20
4.270083820167641
  10
-24.75149606299213
  20
4.257564135128271
  10
-24.761010922021846
  20
4.243340106680215
  10
-24.76862331724664
  20
4.22751587503175
  10
-24.771729743459492
  20
4.218501397002795
  10
-24.774432308864622
  20
4.208084836169673
  10
-24.77663703327407
  20
4.196266192532385
  10
-24.778539497079
  20
4.183042926085853
  10
-24.779941579883165
  20
4.168420116840235
  10
-24.781043942087887
  20
4.15239522479045
  10
-24.781643383286767
  20
4.1349657099314205
  10
-24.78184404368809
  20
4.116136652273305
  10
-24.78184404368809
  20
3.9740081280162567
  10
-24.826715773431552
  20
3.9740081280162567
  10
-24.826715773431552
  20
4.1598069596139196
  10
-24.82681737363475
  20
4.175532131064263
  10
-24.82721869443739
  20
4.1900558801117604
  10
-24.827919735839473
  20
4.203175006350014
  10
-24.8288188976378
  20
4.21499618999238
  10
-24.830022860045723
  20
4.2255118110236225
  10
-24.83142494284989
  20
4.234627889255779
  10
-24.833126746253498
  20
4.242540005080011
  10
-24.835130810261624
  20
4.249050038100076
  10
-24.840038100076203
  20
4.260266700533401
  10
-24.84654813309627
  20
4.270284480568962
  10
-24.854660909321822
  20
4.279098298196597
  10
-24.86427736855474
  20
4.286710693421387
  10
-24.875095250190505
  20
4.292921005842013
  10
-24.887012954025913
  20
4.29742697485395
  10
-24.899834899669806
  20
4.300030480060961
  10
-24.91365506731014
  20
4.300932181864364
  10
-24.929883159766323
  20
4.29973075946152
  10
-24.945608331216665
  20
4.296024892049785
  10
-24.960830581661167
  20
4.28991617983236
  10
-24.975455930911863
  20
4.281402082804166
  10
-24.98887731775464
  20
4.270784861569724
  10
-25.000495300990607
  20
4.258465836931674
  10
-25.010210820421648
  20
4.244541529083059
  10
-25.018023876047753
  20
4.228816357632716
  10
-25.021229362458726
  20
4.220002540005081
  10
-25.02403352806706
  20
4.210187960375921
  10
-25.026436372872748
  20
4.199169418338838
  10
-25.028338836677676
  20
4.187051054102109
  10
-25.02994157988316
  20
4.1739293878587755
  10
-25.030944881889766
  20
4.1596062992126
  10
-25.031645923291848
  20
4.144282448564898
  10
-25.031846583693167
  20
4.127754635509272
  10
-25.031846583693167
  20
3.9740081280162567
  10
-25.07671831343663
  20
3.9740081280162567
  10
-25.07671831343663
  20
4.3393954787909585
  0
LWPOLYLINE
  5
1124
  100
AcDbEntity
  8
Document-Layer
  100
AcDbPolyline
  90
2
  70
0
  43
0.1
  10
-24.98905003810008
  20
8.85001778003556
  10
-24.98905003810008
  20
7.00001524003048
  0
LWPOLYLINE
  5
1125
  100
AcDbEntity
  8
Document-Layer
  100
AcDbPolyline
  90
2
  70
0
  43
0.1
  10
-25.61405130810262
  20
6.4250139700279405
  10
-21.614043688087378
  20
6.4250139700279405
  0
LWPOLYLINE
  5
1126
  100
AcDbEntity
  8
Document-Layer
  100
AcDbPolyline
  90
2
  70
0
  43
0.1
  10
-25.61405130810262
  20
9.4250190500381
  10
-21.614043688087378
  20
9.4250190500381
  0
LWPOLYLINE
  5
1127
  100
AcDbEntity
  8
Document-Layer
  100
AcDbPolyline
  90
2
  70
0
  43
0.1
  10
-26.4140538481077
  20
5.6250114300228615
  10
-20.8140411480823
  20
5.6250114300228615
  0
LWPOLYLINE
  5
1128
  100
AcDbEntity
  8
Document-Layer
  100
AcDbPolyline
  90
2
  70
0
  43
0.1
  10
-22.23904495808992
  20
8.85001778003556
  10
-24.98905003810008
  20
8.85001778003556
  0
LWPOLYLINE
  5
1129
  100
AcDbEntity
  8
Document-Layer
  100
AcDbPolyline
  90
2
  70
0
  43
0.1
  10
-24.98905003810008
  20
7.00001524003048
  10
-22.23904495808992
  20
7.00001524003048
  0
LWPOLYLINE
  5
1130
  100
AcDbEntity
  8
Document-Layer
  100
AcDbPolyline
  90
2
  70
0
  43
0.1
  10
-26.4140538481077
  20
10.225021590043182
  10
-20.8140411480823
  20
10.225021590043182
  0
LWPOLYLINE
  5
1131
  100
AcDbEntity
  8
Document-Layer
  100
AcDbPolyline
  90
2
  70
0
  43
0.1
  10
-22.23904495808992
  20
7.00001524003048
  10
-22.23904495808992
  20
8.85001778003556
  0
LWPOLYLINE
  5
1132
  100
AcDbEntity
  8
Document-Layer
  100
AcDbPolyline
  90
2
  70
0
  43
0.1
  10
-21.614043688087378
  20
9.4250190500381
  10
-21.614043688087378
  20
6.4250139700279405
  0
LWPOLYLINE
  5
1133
  100
AcDbEntity
  8
Document-Layer
  100
AcDbPolyline
  90
2
  70
0
  43
0.1
  10
-20.8140411480823
  20
10.225021590043182
  10
-20.8140411480823
  20
5.6250114300228615
  0
LWPOLYLINE
  5
1134
  100
AcDbEntity
  8
Document-Layer
  100
AcDbPolyline
  90
2
  70
0
  43
0.1
  10
19.036037592075186
  20
10.225021590043182
  10
19.036037592075186
  20
5.6250114300228615
  0
LWPOLYLINE
  5
1135
  100
AcDbEntity
  8
Document-Layer
  100
AcDbPolyline
  90
33
  70
0
  43
0.1
  10
19.100127000254002
  20
5.8750114300228615
  10
19.10114300228601
  20
5.836149352298706
  10
19.103947167894336
  20
5.80229616459233
  10
19.108755397510794
  20
5.773449326898655
  10
19.11957073914148
  20
5.739395478790958
  10
19.13439420878842
  20
5.712451104902211
  10
19.160637541275083
  20
5.6854102108204225
  10
19.19148590297181
  20
5.668981457962917
  10
19.223939547879098
  20
5.663474726949454
  10
19.25648971297943
  20
5.668882397764796
  10
19.28684023368047
  20
5.68490728981458
  10
19.312580645161294
  20
5.711750063500127
  10
19.327203454406913
  20
5.738895097790197
  10
19.339522479044962
  20
5.776756413512828
  10
19.345433070866143
  20
5.806804673609348
  10
19.34893827787656
  20
5.839555499110999
  10
19.350139700279403
  20
5.8750114300228615
  10
19.34913893827788
  20
5.910269240538481
  10
19.345933451866905
  20
5.9421209042418095
  10
19.340726441452887
  20
5.970665481330963
  10
19.3289077978156
  20
6.007325374650749
  10
19.313281686563375
  20
6.0366725933451875
  10
19.286738633477267
  20
6.06471678943358
  10
19.256189992379987
  20
6.081143002286005
  10
19.223939547879098
  20
6.086550673101347
  10
19.191285242570487
  20
6.081143002286005
  10
19.160637541275083
  20
6.06471678943358
  10
19.13459486918974
  20
6.037772415544832
  10
19.119672339344678
  20
6.010830581661164
  10
19.10885445770892
  20
5.976776733553468
  10
19.10404622809246
  20
5.947929895859792
  10
19.10114300228601
  20
5.914074168148336
  10
19.100139700279403
  20
5.8750114300228615
  0
LWPOLYLINE
  5
1136
  100
AcDbEntity
  8
Document-Layer
  100
AcDbPolyline
  90
97
  70
0
  43
0.1
  10
19.055257810515624
  20
5.23981203962408
  10
19.055567691135387
  20
5.263850647701296
  10
19.05657099314199
  20
5.286484632969266
  10
19.058272796545594
  20
5.307820675641351
  10
19.060576581153164
  20
5.327653035306071
  10
19.063482346964697
  20
5.346080772161545
  10
19.067188214376433
  20
5.363108966217934
  10
19.071493522987048
  20
5.378732537465076
  10
19.07640335280671
  20
5.392956565913132
  10
19.081910083820173
  20
5.406078232156465
  10
19.088021336042676
  20
5.418397256794515
  10
19.094732029464062
  20
5.429814579629161
  10
19.10194310388621
  20
5.440533401066803
  10
19.10965455930912
  20
5.450347980695962
  10
19.117868935737874
  20
5.459362458724918
  10
19.126682753365507
  20
5.46747523495047
  10
19.136098552197108
  20
5.47488696977394
  10
19.145913131826266
  20
5.481397002794007
  10
19.156029972059947
  20
5.48710693421387
  10
19.166347472694948
  20
5.4919151638303285
  10
19.177063754127513
  20
5.495821691643384
  10
19.187980695961397
  20
5.498925577851157
  10
19.199199898399797
  20
5.501130302260605
  10
19.210617221234443
  20
5.50243078486157
  10
19.222435864871734
  20
5.502832105664212
  10
19.23435610871222
  20
5.50243078486157
  10
19.246073152146305
  20
5.501130302260605
  10
19.25739141478283
  20
5.498925577851157
  10
19.268509017018037
  20
5.495821691643384
  10
19.2793268986538
  20
5.4919151638303285
  10
19.289845059690123
  20
5.48710693421387
  10
19.300160020320043
  20
5.481397002794007
  10
19.310076200152402
  20
5.47478790957582
  10
19.31959105918212
  20
5.46737617475235
  10
19.328707137414273
  20
5.458961137922277
  10
19.33722123444247
  20
5.44974853949708
  10
19.345232410464824
  20
5.43973075946152
  10
19.352745745491493
  20
5.428714757429516
  10
19.35975615951232
  20
5.416893573787148
  10
19.36616713233427
  20
5.4041757683515375
  10
19.37217678435357
  20
5.390553721107443
  10
19.377485394970794
  20
5.375928371856744
  10
19.382192024384054
  20
5.360104140208281
  10
19.386098552197108
  20
5.343075946151893
  10
19.38930403860808
  20
5.32484632969266
  10
19.39180848361697
  20
5.305415290830582
  10
19.393609347218696
  20
5.284683769367539
  10
19.394612649225305
  20
5.262847345694691
  10
19.395013970027943
  20
5.23981203962408
  10
19.394612649225305
  20
5.216873253746508
  10
19.393609347218696
  20
5.195138430276861
  10
19.39180848361697
  20
5.174505969011939
  10
19.389403098806202
  20
5.155176530353062
  10
19.386197612395225
  20
5.137045974091949
  10
19.382293624587252
  20
5.120119380238761
  10
19.377785115570234
  20
5.104295148590298
  10
19.372476504953013
  20
5.0897713995428
  10
19.366565913131826
  20
5.076248412496826
  10
19.360157480314964
  20
5.0636296672593355
  10
19.353246126492255
  20
5.051811023622048
  10
19.345732791465583
  20
5.040792481584963
  10
19.337721615443233
  20
5.030675641351284
  10
19.32910591821184
  20
5.0214605029210055
  10
19.31999237998476
  20
5.013048006096013
  10
19.310375920751845
  20
5.005534671069343
  10
19.30036068072136
  20
4.998925577851157
  10
19.290045720091445
  20
4.993116586233174
  10
19.279428498857
  20
4.988308356616714
  10
19.268610617221235
  20
4.984302768605538
  10
19.257493014986032
  20
4.9811963423926855
  10
19.246073152146305
  20
4.978994157988317
  10
19.23435610871222
  20
4.977592075184152
  10
19.222435864871734
  20
4.977190754381509
  10
19.210617221234443
  20
4.977592075184152
  10
19.199199898399797
  20
4.978892557785116
  10
19.187980695961397
  20
4.981097282194565
  10
19.17716281432563
  20
4.984102108204216
  10
19.16654559309119
  20
4.9879070358140725
  10
19.15623063246127
  20
4.992715265430531
  10
19.14621539243079
  20
4.998323596647194
  10
19.13649987299975
  20
5.004734569469139
  10
19.12718313436627
  20
5.012047244094489
  10
19.118369316738637
  20
5.020160020320041
  10
19.110154940309886
  20
5.029174498348998
  10
19.102443484886972
  20
5.039090678181358
  10
19.095232410464824
  20
5.04970535941072
  10
19.088521717043438
  20
5.061224282448566
  10
19.08231140462281
  20
5.0736449072898155
  10
19.076703073406147
  20
5.086865633731269
  10
19.07169418338837
  20
5.101188722377445
  10
19.06728727457455
  20
5.116913893827788
  10
19.063683007366016
  20
5.1340411480822965
  10
19.060678181356362
  20
5.152471424942851
  10
19.058272796545594
  20
5.1722021844043695
  10
19.05657099314199
  20
5.193436626873254
  10
19.055567691135387
  20
5.215974091948184
  10
19.055267970535944
  20
5.23981203962408
  0
LWPOLYLINE
  5
1137
  100
AcDbEntity
  8
Document-Layer
  100
AcDbPolyline
  90
2
  70
0
  43
0.1
  10
19.47192532385065
  20
5.990398780797563
  10
19.471935483870972
  20
5.990398780797563
  0
LWPOLYLINE
  5
1138
  100
AcDbEntity
  8
Document-Layer
  100
AcDbPolyline
  90
52
  70
1
  43
0.1
  10
19.471935483870972
  20
5.355397510795023
  10
19.51680721361443
  20
5.355397510795023
  10
19.51680721361443
  20
5.291894843789688
  10
19.541849123698253
  20
5.32234442468885
  10
19.567487934975873
  20
5.343276606553214
  10
19.60424688849378
  20
5.3571983743967495
  10
19.642809245618494
  20
5.361805943611888
  10
19.66885191770384
  20
5.3592024384048775
  10
19.705008890017783
  20
5.345580391160783
  10
19.73275336550673
  20
5.323345186690373
  10
19.753286766573538
  20
5.288890017780036
  10
19.785438150876306
  20
5.3116256032512075
  10
19.817589535179074
  20
5.339271018542038
  10
19.854048768097538
  20
5.356197612395226
  10
19.89311150622301
  20
5.361805943611888
  10
19.928666497332998
  20
5.357099314198629
  10
19.95981711963424
  20
5.342776225552452
  10
19.994874269748543
  20
5.305918211836425
  10
20.008895097790198
  20
5.270660401320803
  10
20.01480568961138
  20
5.234102108204216
  10
20.01660909321819
  20
5.204353568707138
  10
20.01680975361951
  20
4.990010160020321
  10
19.971935483870972
  20
4.990010160020321
  10
19.971935483870972
  20
5.188128016256034
  10
19.971435102870206
  20
5.215072390144781
  10
19.968630937261878
  20
5.246822453644908
  10
19.958415036830075
  20
5.278773177546356
  10
19.923660147320295
  20
5.309423418846839
  10
19.885298450596903
  20
5.316934213868428
  10
19.85224536449073
  20
5.311927863855728
  10
19.82199644399289
  20
5.2969037338074685
  10
19.78764287528575
  20
5.2593421386842785
  10
19.77422148844298
  20
5.224086868173737
  10
19.768712217424437
  20
5.184422148844299
  10
19.76700787401575
  20
5.150967741935484
  10
19.76680721361443
  20
4.990010160020321
  10
19.72193548387097
  20
4.990010160020321
  10
19.72193548387097
  20
5.175808991617984
  10
19.72143510287021
  20
5.206057912115825
  10
19.718630937261878
  20
5.241513843027686
  10
19.708615697231394
  20
5.276268732537465
  10
19.68437642875286
  20
5.302712725425452
  10
19.6488188976378
  20
5.316032512065025
  10
19.618770637541274
  20
5.315732791465583
  10
19.587820675641353
  20
5.305918211836425
  10
19.559776479552962
  20
5.286786893573788
  10
19.53844297688596
  20
5.260543561087123
  10
19.524620269240543
  20
5.226189992379986
  10
19.518709677419356
  20
5.18993141986284
  10
19.51700787401575
  20
5.160284480568962
  10
19.51680721361443
  20
4.990010160020321
  10
19.471935483870972
  20
4.990010160020321
  0
LWPOLYLINE
  5
1139
  100
AcDbEntity
  8
Document-Layer
  100
AcDbPolyline
  90
2
  70
0
  43
0.1
  10
19.836040132080264
  20
9.4250190500381
  10
19.836040132080264
  20
6.4250139700279405
  0
LWPOLYLINE
  5
1140
  100
AcDbEntity
  8
Document-Layer
  100
AcDbPolyline
  90
2
  70
0
  43
0.1
  10
20.11936753873508
  20
5.990398780797563
  10
20.11937261874524
  20
5.990398780797563
  0
LWPOLYLINE
  5
1141
  100
AcDbEntity
  8
Document-Layer
  100
AcDbPolyline
  90
123
  70
1
  43
0.1
  10
20.11937261874524
  20
5.355397510795023
  10
20.164244348488698
  20
5.355397510795023
  10
20.164244348488698
  20
5.291894843789688
  10
20.17666497332995
  20
5.3083210566421135
  10
20.18928625857252
  20
5.32234442468885
  10
20.20200660401321
  20
5.333962407924816
  10
20.21492506985014
  20
5.343276606553214
  10
20.233055626111256
  20
5.351389382778766
  10
20.25168402336805
  20
5.3571983743967495
  10
20.270716281432563
  20
5.360604521209043
  10
20.290246380492764
  20
5.361805943611888
  10
20.303467106934214
  20
5.361104902209806
  10
20.316289052578107
  20
5.3592024384048775
  10
20.32880873761748
  20
5.355897891795785
  10
20.34092710185421
  20
5.351290322580646
  10
20.35244602489205
  20
5.345580391160783
  10
20.362763525527054
  20
5.339070358140717
  10
20.37207772415545
  20
5.331658623317247
  10
20.380190500381005
  20
5.323345186690373
  10
20.38750317500635
  20
5.313728727457455
  10
20.39441452882906
  20
5.30221234442469
  10
20.400723901447805
  20
5.288890017780036
  10
20.406532893065787
  20
5.273566167132334
  10
20.412542545085095
  20
5.284081788163577
  10
20.41895351790704
  20
5.293898907797817
  10
20.425763271526545
  20
5.303111506223013
  10
20.432875285750576
  20
5.3116256032512075
  10
20.440386080772168
  20
5.319540259080519
  10
20.448199136398276
  20
5.326751333502668
  10
20.45641351282703
  20
5.333360426720854
  10
20.46502667005334
  20
5.339271018542038
  10
20.482854965709933
  20
5.3490855981711976
  10
20.501485902971808
  20
5.356197612395226
  10
20.520617221234446
  20
5.360403860807722
  10
20.54054864109729
  20
5.361805943611888
  10
20.55887731775464
  20
5.360604521209043
  10
20.576103632207264
  20
5.357099314198629
  10
20.59223012446025
  20
5.351089662179326
  10
20.60725425450851
  20
5.342776225552452
  10
20.620777241554485
  20
5.3323596647193305
  10
20.632494284988574
  20
5.320040640081281
  10
20.642311404622813
  20
5.305918211836425
  10
20.650223520447042
  20
5.28979171958344
  10
20.653528067056136
  20
5.2807772415544845
  10
20.656332232664464
  20
5.270660401320803
  10
20.658737617475236
  20
5.259542799085599
  10
20.660741681483366
  20
5.2473228346456695
  10
20.662242824485652
  20
5.234102108204216
  10
20.663345186690375
  20
5.2197790195580405
  10
20.66404622809246
  20
5.204353568707138
  10
20.66424688849378
  20
5.187927355854713
  10
20.66424688849378
  20
4.990010160020321
  10
20.619375158750323
  20
4.990010160020321
  10
20.619375158750323
  20
5.188128016256034
  10
20.619273558547118
  20
5.202151384302769
  10
20.61887223774448
  20
5.215072390144781
  10
20.618171196342395
  20
5.226789433578867
  10
20.61727203454407
  20
5.23740665481331
  10
20.616068072136144
  20
5.246822453644908
  10
20.61456692913386
  20
5.255135890271781
  10
20.612862585725175
  20
5.262346964693929
  10
20.610861061722126
  20
5.268356616713234
  10
20.605852171704345
  20
5.278773177546356
  10
20.59934213868428
  20
5.2881889763779535
  10
20.591328422656847
  20
5.296400812801626
  10
20.581813563627133
  20
5.3036144272288555
  10
20.571097282194568
  20
5.309423418846839
  10
20.55927863855728
  20
5.3136296672593355
  10
20.54655829311659
  20
5.316134112268225
  10
20.532735585471173
  20
5.316934213868428
  10
20.515808991617988
  20
5.315732791465583
  10
20.499682499365
  20
5.311927863855728
  10
20.484157988315978
  20
5.305717551435103
  10
20.46943357886716
  20
5.2969037338074685
  10
20.456012192024385
  20
5.286085852171706
  10
20.44459486918974
  20
5.273566167132334
  10
20.435080010160025
  20
5.2593421386842785
  10
20.427467614935235
  20
5.243517907035814
  10
20.42436118872238
  20
5.2345034290068595
  10
20.42165862331725
  20
5.224086868173737
  10
20.4194538989078
  20
5.212268224536449
  10
20.417551435102876
  20
5.199044958089917
  10
20.41614935229871
  20
5.184422148844299
  10
20.415046990093984
  20
5.168397256794514
  10
20.41444500889002
  20
5.150967741935484
  10
20.4142443484887
  20
5.132138684277369
  10
20.4142443484887
  20
4.990010160020321
  10
20.369372618745242
  20
4.990010160020321
  10
20.369372618745242
  20
5.175808991617984
  10
20.36927355854712
  20
5.191534163068327
  10
20.36887223774448
  20
5.206057912115825
  10
20.3681711963424
  20
5.219177038354078
  10
20.36726949453899
  20
5.230998221996444
  10
20.366068072136144
  20
5.241513843027686
  10
20.364665989331982
  20
5.2506299212598435
  10
20.362964185928373
  20
5.258542037084075
  10
20.360960121920247
  20
5.265052070104141
  10
20.356052832105668
  20
5.276268732537465
  10
20.3495427990856
  20
5.286286512573026
  10
20.34143002286005
  20
5.29510033020066
  10
20.331813563627126
  20
5.302712725425452
  10
20.320995681991366
  20
5.3089230378460766
  10
20.30907797815596
  20
5.313429006858014
  10
20.296256032512066
  20
5.316032512065025
  10
20.282433324866652
  20
5.316934213868428
  10
20.266207772415548
  20
5.315732791465583
  10
20.250482600965203
  20
5.312026924053849
  10
20.235257810515627
  20
5.305918211836425
  10
20.220635001270008
  20
5.29740411480823
  10
20.207213614427232
  20
5.286786893573788
  10
20.195595631191264
  20
5.274467868935739
  10
20.185880111760227
  20
5.260543561087123
  10
20.17806705613411
  20
5.24481838963678
  10
20.174861569723145
  20
5.236004572009145
  10
20.17205740411481
  20
5.226189992379986
  10
20.16965455930912
  20
5.215171450342902
  10
20.167749555499114
  20
5.203053086106173
  10
20.166149352298703
  20
5.18993141986284
  10
20.165146050292105
  20
5.175608331216663
  10
20.164445008890016
  20
5.160284480568962
  10
20.164244348488698
  20
5.143756667513336
  10
20.164244348488698
  20
4.990010160020321
  10
20.11937261874524
  20
4.990010160020321
  0
LWPOLYLINE
  5
1142
  100
AcDbEntity
  8
Document-Layer
  100
AcDbPolyline
  90
2
  70
0
  43
0.1
  10
20.461041402082806
  20
8.85001778003556
  10
20.461041402082806
  20
7.00001524003048
  0
LWPOLYLINE
  5
1143
  100
AcDbEntity
  8
Document-Layer
  100
AcDbPolyline
  90
2
  70
0
  43
0.1
  10
23.211046482092968
  20
8.85001778003556
  10
20.461041402082806
  20
8.85001778003556
  0
LWPOLYLINE
  5
1144
  100
AcDbEntity
  8
Document-Layer
  100
AcDbPolyline
  90
2
  70
0
  43
0.1
  10
20.461041402082806
  20
7.00001524003048
  10
23.211046482092968
  20
7.00001524003048
  0
LWPOLYLINE
  5
1145
  100
AcDbEntity
  8
Document-Layer
  100
AcDbPolyline
  90
2
  70
0
  43
0.1
  10
19.036037592075186
  20
10.225021590043182
  10
24.636047752095507
  20
10.225021590043182
  0
LWPOLYLINE
  5
1146
  100
AcDbEntity
  8
Document-Layer
  100
AcDbPolyline
  90
2
  70
0
  43
0.1
  10
19.036037592075186
  20
5.6250114300228615
  10
24.636047752095507
  20
5.6250114300228615
  0
LWPOLYLINE
  5
1147
  100
AcDbEntity
  8
Document-Layer
  100
AcDbPolyline
  90
2
  70
0
  43
0.1
  10
19.836040132080264
  20
6.4250139700279405
  10
23.83604775209551
  20
6.4250139700279405
  0
LWPOLYLINE
  5
1148
  100
AcDbEntity
  8
Document-Layer
  100
AcDbPolyline
  90
2
  70
0
  43
0.1
  10
19.836040132080264
  20
9.4250190500381
  10
23.83604775209551
  20
9.4250190500381
  0
LWPOLYLINE
  5
1149
  100
AcDbEntity
  8
Document-Layer
  100
AcDbPolyline
  90
2
  70
0
  43
0.1
  10
23.211046482092968
  20
7.00001524003048
  10
23.211046482092968
  20
8.85001778003556
  0
LWPOLYLINE
  5
1150
  100
AcDbEntity
  8
Document-Layer
  100
AcDbPolyline
  90
2
  70
0
  43
0.1
  10
23.83604775209551
  20
9.4250190500381
  10
23.83604775209551
  20
6.4250139700279405
  0
LWPOLYLINE
  5
1151
  100
AcDbEntity
  8
Document-Layer
  100
AcDbPolyline
  90
2
  70
0
  43
0.1
  10
24.636047752095507
  20
10.225021590043182
  10
24.636047752095507
  20
5.6250114300228615
  0
HATCH
  5
1218
  100
AcDbEntity
  8
Document-Layer
  100
AcDbHatch
  10
0
  20
0
  30
0
  210
0
  220
0
  230
1
  2
SOLID
  70
1
  71
0
  91
1
  92
7
  72
0
  73
1
  93
4
  10
-1.8299974599949203
  20
9.223088646177294
  10
-2.02999745999492
  20
9.223088646177294
  10
-2.02999745999492
  20
10.323088646177295
  10
-1.8299974599949203
  20
10.323088646177295
  97
1
  330
1217
  75
0
  76
1
  47
0.4128176842155181
  98
1
  10
34.90568961886538
  20
22.81183545379326
  450
0
  451
0
  460
0
  461
0
  452
1
  462
1
  453
2
  463
0
  63
5
  421
255
  463
1
  63
7
  421
16777215
  470
LINEAR
  1001
ACAD
  1010
0
  1020
0
  1030
0
  0
LWPOLYLINE
  5
1217
  100
AcDbEntity
  8
Document-Layer
  100
AcDbPolyline
  90
4
  70
1
  43
0.005080010160020321
  10
-1.8299974599949203
  20
9.223088646177294
  10
-2.02999745999492
  20
9.223088646177294
  10
-2.02999745999492
  20
10.323088646177295
  10
-1.8299974599949203
  20
10.323088646177295
  0
HATCH
  5
1220
  100
AcDbEntity
  8
Document-Layer
  100
AcDbHatch
  10
0
  20
0
  30
0
  210
0
  220
0
  230
1
  2
SOLID
  70
1
  71
0
  91
1
  92
7
  72
0
  73
1
  93
4
  10
-1.3833629667259335
  20
9.838608077216156
  10
-1.3833629667259335
  20
9.638608077216157
  10
-2.483362966725934
  20
9.638608077216157
  10
-2.483362966725934
  20
9.838608077216156
  97
1
  330
1219
  75
0
  76
1
  47
0.4128176842155181
  98
1
  10
34.90568961886538
  20
22.81183545379326
  450
0
  451
0
  460
0
  461
0
  452
1
  462
1
  453
2
  463
0
  63
5
  421
255
  463
1
  63
7
  421
16777215
  470
LINEAR
  1001
ACAD
  1010
0
  1020
0
  1030
0
  0
LWPOLYLINE
  5
1219
  100
AcDbEntity
  8
Document-Layer
  100
AcDbPolyline
  90
4
  70
1
  43
0.005080010160020321
  10
-1.3833629667259335
  20
9.838608077216156
  10
-1.3833629667259335
  20
9.638608077216157
  10
-2.483362966725934
  20
9.638608077216157
  10
-2.483362966725934
  20
9.838608077216156
  0
HATCH
  5
1222
  100
AcDbEntity
  8
Document-Layer
  100
AcDbHatch
  10
0
  20
0
  30
0
  210
0
  220
0
  230
1
  2
SOLID
  70
1
  71
0
  91
1
  92
7
  72
0
  73
1
  93
4
  10
-0.39464058928117857
  20
9.66972313944628
  10
-0.39464058928117857
  20
9.86972313944628
  10
0.7053594107188216
  20
9.86972313944628
  10
0.7053594107188216
  20
9.66972313944628
  97
1
  330
1221
  75
0
  76
1
  47
0.4128176842155181
  98
1
  10
34.90568961886538
  20
22.81183545379326
  450
0
  451
0
  460
0
  461
0
  452
1
  462
1
  453
2
  463
0
  63
5
  421
255
  463
1
  63
7
  421
16777215
  470
LINEAR
  1001
ACAD
  1010
0
  1020
0
  1030
0
  0
LWPOLYLINE
  5
1221
  100
AcDbEntity
  8
Document-Layer
  100
AcDbPolyline
  90
4
  70
1
  43
0.005080010160020321
  10
-0.39464058928117857
  20
9.66972313944628
  10
-0.39464058928117857
  20
9.86972313944628
  10
0.7053594107188216
  20
9.86972313944628
  10
0.7053594107188216
  20
9.66972313944628
  0
TEXT
  5
1343
  100
AcDbEntity
  8
Document-Layer
  7
default
  461
0.8001016002032005
  100
AcDbText
  10
19.592834645669292
  20
5.236017272034545
  11
19.592834645669292
  21
5.236017272034545
  40
0.8001016002032005
  1
R2
  50
270
  71
1
  72
0
  41
1.1
  100
AcDbText
  73
1
  0
TEXT
  5
1344
  100
AcDbEntity
  8
Document-Layer
  7
default
  461
0.8001016002032005
  100
AcDbText
  10
-25.72905003810008
  20
7.2696951993904
  11
-25.72905003810008
  21
7.2696951993904
  40
0.8001016002032005
  1
U2
  50
90
  71
1
  72
0
  41
1.1
  100
AcDbText
  73
1
  0
TEXT
  5
1345
  100
AcDbEntity
  8
Document-Layer
  7
default
  461
0.8001016002032005
  100
AcDbText
  10
23.92564643129287
  20
8.859337058674118
  11
23.92564643129287
  21
8.859337058674118
  40
0.8001016002032005
  1
U1
  50
270
  71
1
  72
0
  41
1.1
  100
AcDbText
  73
1
  0
TEXT
  5
1346
  100
AcDbEntity
  8
Document-Layer
  7
default
  461
0.8001016002032005
  100
AcDbText
  10
19.23723647447295
  20
2.1345948691897387
  11
19.23723647447295
  21
2.1345948691897387
  40
0.8001016002032005
  1
C4
  50
90
  71
1
  72
0
  41
1.1
  100
AcDbText
  73
1
  0
TEXT
  5
1347
  100
AcDbEntity
  8
Document-Layer
  7
default
  461
0.8001016002032005
  100
AcDbText
  10
-24.831851663703333
  20
2.0373888747777498
  11
-24.831851663703333
  21
2.0373888747777498
  40
0.8001016002032005
  1
C7
  50
90
  71
1
  72
0
  41
1.1
  100
AcDbText
  73
1
  0
TEXT
  5
1348
  100
AcDbEntity
  8
Document-Layer
  7
default
  461
0.8001016002032005
  100
AcDbText
  10
-24.64624587249175
  20
4.597104394208789
  11
-24.64624587249175
  21
4.597104394208789
  40
0.8001016002032005
  1
C8
  50
270
  71
1
  72
0
  41
1.1
  100
AcDbText
  73
1
  0
TEXT
  5
1349
  100
AcDbEntity
  8
Document-Layer
  7
default
  461
0.8001016002032005
  100
AcDbText
  10
-19.624841249682504
  20
5.68991617983236
  11
-19.624841249682504
  21
5.68991617983236
  40
0.8001016002032005
  1
C6
  50
90
  71
1
  72
0
  41
1.1
  100
AcDbText
  73
1
  0
TEXT
  5
1350
  100
AcDbEntity
  8
Document-Layer
  7
default
  461
0.8001016002032005
  100
AcDbText
  10
-22.403655067310137
  20
2.006908813817628
  11
-22.403655067310137
  21
2.006908813817628
  40
0.8001016002032005
  1
C9
  50
90
  71
1
  72
0
  41
1.1
  100
AcDbText
  73
1
  0
TEXT
  5
1351
  100
AcDbEntity
  8
Document-Layer
  7
default
  461
0.8001016002032005
  100
AcDbText
  10
-17.071628143256287
  20
8.2496316992634
  11
-17.071628143256287
  21
8.2496316992634
  40
0.8001016002032005
  1
C10
  50
270
  71
1
  72
0
  41
1.1
  100
AcDbText
  73
1
  0
TEXT
  5
1352
  100
AcDbEntity
  8
Document-Layer
  7
default
  461
0.8001016002032005
  100
AcDbText
  10
-22.285242570485142
  20
5.015544831089662
  11
-22.285242570485142
  21
5.015544831089662
  40
0.8001016002032005
  1
R3
  50
270
  71
1
  72
0
  41
1.1
  100
AcDbText
  73
1
  0
TEXT
  5
1353
  100
AcDbEntity
  8
Document-Layer
  7
default
  461
0.8001016002032005
  100
AcDbText
  10
20.87216154432309
  20
9.1751841503683
  11
20.87216154432309
  21
9.1751841503683
  40
0.8001016002032005
  1
C5
  50
-90
  71
1
  72
0
  41
1.1
  100
AcDbText
  73
1
  0
TEXT
  5
1354
  100
AcDbEntity
  8
Document-Layer
  7
default
  461
0.8001016002032005
  100
AcDbText
  10
21.777241554483112
  20
1.4995935991871987
  11
21.777241554483112
  21
1.4995935991871987
  40
0.8001016002032005
  1
C1
  50
90
  71
1
  72
0
  41
1.1
  100
AcDbText
  73
1
  0
TEXT
  5
1355
  100
AcDbEntity
  8
Document-Layer
  7
default
  461
0.8001016002032005
  100
AcDbText
  10
9.84442468884938
  20
9.51492252984506
  11
9.84442468884938
  21
9.51492252984506
  40
0.8001016002032005
  1
C3
  50
-90
  71
1
  72
0
  41
1.1
  100
AcDbText
  73
1
  0
TEXT
  5
1356
  100
AcDbEntity
  8
Document-Layer
  7
default
  461
0.8001016002032005
  100
AcDbText
  10
16.18923037846076
  20
5.969316738633478
  11
16.18923037846076
  21
5.969316738633478
  40
0.8001016002032005
  1
C2
  50
90
  71
1
  72
0
  41
1.1
  100
AcDbText
  73
1
  0
TEXT
  5
1357
  100
AcDbEntity
  8
Document-Layer
  7
default
  461
0.8001016002032005
  100
AcDbText
  10
-2.421894843789688
  20
11.047752095504192
  11
-2.421894843789688
  21
11.047752095504192
  40
0.8001016002032005
  1
LED1
  50
0
  71
1
  72
0
  41
1.1
  100
AcDbText
  73
1
  0
TEXT
  5
1358
  100
AcDbEntity
  8
Document-Layer
  7
default
  461
0.8001016002032005
  100
AcDbText
  10
-0.3141986283972568
  20
7.4580899161798335
  11
-0.3141986283972568
  21
7.4580899161798335
  40
0.8001016002032005
  1
R1
  50
-809.9999999999999
  71
1
  72
0
  41
1.1
  100
AcDbText
  73
1
  0
TEXT
  5
1359
  100
AcDbEntity
  8
Document-Layer
  7
default
  461
0.8001016002032005
  100
AcDbText
  10
1.020929641859284
  20
6.848869697739396
  11
1.020929641859284
  21
6.848869697739396
  40
0.8001016002032005
  1
FPC1
  50
0
  71
1
  72
0
  41
1.1
  100
AcDbText
  73
1
  0
HATCH
  5
1465
  100
AcDbEntity
  8
Document-Layer
  100
AcDbHatch
  10
0
  20
0
  30
0
  210
0
  220
0
  230
1
  2
SOLID
  70
1
  71
0
  91
1
  92
7
  72
0
  73
1
  93
4
  10
-1.8299974599949203
  20
9.223088646177294
  10
-2.02999745999492
  20
9.223088646177294
  10
-2.02999745999492
  20
10.323088646177295
  10
-1.8299974599949203
  20
10.323088646177295
  97
1
  330
1464
  75
0
  76
1
  47
0.4128176842155181
  98
1
  10
34.90568961886538
  20
22.81183545379326
  450
0
  451
0
  460
0
  461
0
  452
1
  462
1
  453
2
  463
0
  63
5
  421
255
  463
1
  63
7
  421
16777215
  470
LINEAR
  1001
ACAD
  1010
0
  1020
0
  1030
0
  0
LWPOLYLINE
  5
1464
  100
AcDbEntity
  8
Document-Layer
  100
AcDbPolyline
  90
4
  70
1
  43
0.005080010160020321
  10
-1.8299974599949203
  20
9.223088646177294
  10
-2.02999745999492
  20
9.223088646177294
  10
-2.02999745999492
  20
10.323088646177295
  10
-1.8299974599949203
  20
10.323088646177295
  0
HATCH
  5
1467
  100
AcDbEntity
  8
Document-Layer
  100
AcDbHatch
  10
0
  20
0
  30
0
  210
0
  220
0
  230
1
  2
SOLID
  70
1
  71
0
  91
1
  92
7
  72
0
  73
1
  93
4
  10
-1.3833629667259335
  20
9.838608077216156
  10
-1.3833629667259335
  20
9.638608077216157
  10
-2.483362966725934
  20
9.638608077216157
  10
-2.483362966725934
  20
9.838608077216156
  97
1
  330
1466
  75
0
  76
1
  47
0.4128176842155181
  98
1
  10
34.90568961886538
  20
22.81183545379326
  450
0
  451
0
  460
0
  461
0
  452
1
  462
1
  453
2
  463
0
  63
5
  421
255
  463
1
  63
7
  421
16777215
  470
LINEAR
  1001
ACAD
  1010
0
  1020
0
  1030
0
  0
LWPOLYLINE
  5
1466
  100
AcDbEntity
  8
Document-Layer
  100
AcDbPolyline
  90
4
  70
1
  43
0.005080010160020321
  10
-1.3833629667259335
  20
9.838608077216156
  10
-1.3833629667259335
  20
9.638608077216157
  10
-2.483362966725934
  20
9.638608077216157
  10
-2.483362966725934
  20
9.838608077216156
  0
HATCH
  5
1469
  100
AcDbEntity
  8
Document-Layer
  100
AcDbHatch
  10
0
  20
0
  30
0
  210
0
  220
0
  230
1
  2
SOLID
  70
1
  71
0
  91
1
  92
7
  72
0
  73
1
  93
4
  10
-0.39464058928117857
  20
9.66972313944628
  10
-0.39464058928117857
  20
9.86972313944628
  10
0.7053594107188216
  20
9.86972313944628
  10
0.7053594107188216
  20
9.66972313944628
  97
1
  330
1468
  75
0
  76
1
  47
0.4128176842155181
  98
1
  10
34.90568961886538
  20
22.81183545379326
  450
0
  451
0
  460
0
  461
0
  452
1
  462
1
  453
2
  463
0
  63
5
  421
255
  463
1
  63
7
  421
16777215
  470
LINEAR
  1001
ACAD
  1010
0
  1020
0
  1030
0
  0
LWPOLYLINE
  5
1468
  100
AcDbEntity
  8
Document-Layer
  100
AcDbPolyline
  90
4
  70
1
  43
0.005080010160020321
  10
-0.39464058928117857
  20
9.66972313944628
  10
-0.39464058928117857
  20
9.86972313944628
  10
0.7053594107188216
  20
9.86972313944628
  10
0.7053594107188216
  20
9.66972313944628
  0
LWPOLYLINE
  5
1479
  100
AcDbEntity
  8
Document-Layer
  100
AcDbPolyline
  90
2
  70
1
  43
0.2
  10
3.5777241554483115
  20
6.521869443738889
  42
1
  10
3.7777241554483116
  20
6.521869443738889
  42
1
  0
LWPOLYLINE
  5
1250
  100
AcDbEntity
  8
Hole-Layer
  100
AcDbPolyline
  90
4
  70
0
  43
0
  10
-11.07452120904242
  20
1.7780035560873215
  42
1
  10
-10.76952247904496
  20
1.778003555905962
  10
-10.76952247904496
  20
1.778003555926903
  42
1
  10
-11.07452120904242
  20
1.7780035561082626
  0
LWPOLYLINE
  5
1252
  100
AcDbEntity
  8
Hole-Layer
  100
AcDbPolyline
  90
2
  70
1
  43
0
  10
-26.253152146304295
  20
6.964701549403101
  42
1
  10
-25.948153416306834
  20
6.964701549403101
  42
1
  0
LWPOLYLINE
  5
1254
  100
AcDbEntity
  8
Hole-Layer
  100
AcDbPolyline
  90
2
  70
1
  43
0
  10
-23.520546101092208
  20
7.874015748031497
  42
1
  10
-23.215547371094743
  20
7.874015748031497
  42
1
  0
LWPOLYLINE
  5
1256
  100
AcDbEntity
  8
Hole-Layer
  100
AcDbPolyline
  90
2
  70
1
  43
0
  10
-26.187551435102876
  20
8.128016256032513
  42
1
  10
-25.88255270510541
  20
8.128016256032513
  42
1
  0
LWPOLYLINE
  5
1258
  100
AcDbEntity
  8
Hole-Layer
  100
AcDbPolyline
  90
4
  70
0
  43
0
  10
-13.48752603505207
  20
7.874015748111707
  42
1
  10
-13.182527305054613
  20
7.874015747930347
  10
-13.182527305054613
  20
7.874015747951288
  42
1
  10
-13.48752603505207
  20
7.874015748132647
  0
LWPOLYLINE
  5
1260
  100
AcDbEntity
  8
Hole-Layer
  100
AcDbPolyline
  90
4
  70
0
  43
0
  10
-11.328521717043435
  20
5.969011938104087
  42
1
  10
-11.023522987045975
  20
5.969011937922727
  10
-11.023522987045975
  20
5.969011937943667
  42
1
  10
-11.328521717043435
  20
5.969011938125027
  0
LWPOLYLINE
  5
1262
  100
AcDbEntity
  8
Hole-Layer
  100
AcDbPolyline
  90
2
  70
1
  43
0
  10
-22.885544831089668
  20
2.413004826009652
  42
1
  10
-22.580546101092203
  20
2.413004826009652
  42
1
  0
LWPOLYLINE
  5
1264
  100
AcDbEntity
  8
Hole-Layer
  100
AcDbPolyline
  90
2
  70
1
  43
0
  10
20.548542037084076
  20
2.3620066040132084
  42
1
  10
20.853540767081537
  20
2.3620066040132084
  42
1
  0
LWPOLYLINE
  5
1266
  100
AcDbEntity
  8
Hole-Layer
  100
AcDbPolyline
  90
2
  70
1
  43
0
  10
4.038509017018034
  20
4.699009398018797
  42
1
  10
4.343507747015495
  20
4.699009398018797
  42
1
  0
LWPOLYLINE
  5
1268
  100
AcDbEntity
  8
Hole-Layer
  100
AcDbPolyline
  90
4
  70
0
  43
0
  10
-15.646530353060708
  20
1.0160020320842733
  42
1
  10
-15.341531623063249
  20
1.016002031902914
  10
-15.341531623063249
  20
1.016002031923855
  42
1
  10
-15.646530353060708
  20
1.0160020321052146
  0
LWPOLYLINE
  5
1270
  100
AcDbEntity
  8
Hole-Layer
  100
AcDbPolyline
  90
2
  70
1
  43
0
  10
-5.613510287020575
  20
2.54000508001016
  42
1
  10
-5.308511557023114
  20
2.54000508001016
  42
1
  0
LWPOLYLINE
  5
1272
  100
AcDbEntity
  8
Hole-Layer
  100
AcDbPolyline
  90
2
  70
1
  43
0
  10
-25.0445491490983
  20
1.0160020320040641
  42
1
  10
-24.73955041910084
  20
1.0160020320040641
  42
1
  0
LWPOLYLINE
  5
1274
  100
AcDbEntity
  8
Hole-Layer
  100
AcDbPolyline
  90
4
  70
0
  43
0
  10
-15.138529337058676
  20
7.366014732109675
  42
1
  10
-14.833530607061217
  20
7.366014731928315
  10
-14.833530607061217
  20
7.366014731949255
  42
1
  10
-15.138529337058676
  20
7.366014732130615
  0
LWPOLYLINE
  5
1276
  100
AcDbEntity
  8
Hole-Layer
  100
AcDbPolyline
  90
4
  70
0
  43
0
  10
8.356517653035308
  20
8.763017526115261
  42
1
  10
8.661516383032767
  20
8.763017525933902
  10
8.661516383032767
  20
8.763017525954846
  42
1
  10
8.356517653035308
  20
8.763017526136204
  0
LWPOLYLINE
  5
1278
  100
AcDbEntity
  8
Hole-Layer
  100
AcDbPolyline
  90
4
  70
0
  43
0
  10
8.610518161036325
  20
6.35001270010561
  42
1
  10
8.915516891033782
  20
6.3500126999242505
  10
8.915516891033782
  20
6.350012699945191
  42
1
  10
8.610518161036325
  20
6.350012700126551
  0
LWPOLYLINE
  5
1280
  100
AcDbEntity
  8
Hole-Layer
  100
AcDbPolyline
  90
2
  70
1
  43
0
  10
17.62753619507239
  20
8.763017526035053
  42
1
  10
17.932534925069852
  20
8.763017526035053
  42
1
  0
LWPOLYLINE
  5
1282
  100
AcDbEntity
  8
Hole-Layer
  100
AcDbPolyline
  90
2
  70
1
  43
0
  10
21.56454406908814
  20
8.001016002032005
  42
1
  10
21.8695427990856
  20
8.001016002032005
  42
1
  0
LWPOLYLINE
  5
1284
  100
AcDbEntity
  8
Hole-Layer
  100
AcDbPolyline
  90
2
  70
1
  43
0
  10
22.072545085090173
  20
10.16002032004064
  42
1
  10
22.377543815087634
  20
10.16002032004064
  42
1
  0
LWPOLYLINE
  5
1286
  100
AcDbEntity
  8
Hole-Layer
  100
AcDbPolyline
  90
2
  70
1
  43
0
  10
22.707546355092713
  20
0.60500127000254
  42
1
  10
23.012545085090174
  20
0.60500127000254
  42
1
  0
LWPOLYLINE
  5
1288
  100
AcDbEntity
  8
Hole-Layer
  100
AcDbPolyline
  90
4
  70
0
  43
0
  10
14.833530607061217
  20
3.4290068580939255
  42
1
  10
15.138529337058676
  20
3.429006857912566
  10
15.138529337058676
  20
3.4290068579335076
  42
1
  10
14.833530607061217
  20
3.429006858114867
  0
LWPOLYLINE
  5
1290
  100
AcDbEntity
  8
Hole-Layer
  100
AcDbPolyline
  90
2
  70
1
  43
0
  10
19.02453898907798
  20
7.112014224028449
  42
1
  10
19.329537719075443
  20
7.112014224028449
  42
1
  0
LWPOLYLINE
  5
1292
  100
AcDbEntity
  8
Hole-Layer
  100
AcDbPolyline
  90
2
  70
1
  43
0
  10
6.959514859029719
  20
7.112014224028449
  42
1
  10
7.264513589027179
  20
7.112014224028449
  42
1
  0
LWPOLYLINE
  5
1294
  100
AcDbEntity
  8
Hole-Layer
  100
AcDbPolyline
  90
2
  70
1
  43
0
  10
7.086515113030226
  20
3.6830073660147327
  42
1
  10
7.391513843027687
  20
3.6830073660147327
  42
1
  0
LWPOLYLINE
  5
1296
  100
AcDbEntity
  8
Hole-Layer
  100
AcDbPolyline
  90
2
  70
1
  43
0
  10
6.8325146050292105
  20
1.5240030480060962
  42
1
  10
7.1375133350266715
  20
1.5240030480060962
  42
1
  0
LWPOLYLINE
  5
1298
  100
AcDbEntity
  8
Hole-Layer
  100
AcDbPolyline
  90
2
  70
1
  43
0
  10
5.054511049022098
  20
9.398018796037594
  42
1
  10
5.359509779019559
  20
9.398018796037594
  42
1
  0
LWPOLYLINE
  5
1300
  100
AcDbEntity
  8
Hole-Layer
  100
AcDbPolyline
  90
2
  70
1
  43
0
  10
-4.851508763017527
  20
8.636017272034545
  42
1
  10
-4.546510033020066
  20
8.636017272034545
  42
1
  0
LWPOLYLINE
  5
1302
  100
AcDbEntity
  8
Hole-Layer
  100
AcDbPolyline
  90
2
  70
1
  43
0
  10
-2.3115036830073667
  20
6.858013716027433
  42
1
  10
-2.006504953009906
  20
6.858013716027433
  42
1
  0
LWPOLYLINE
  5
1304
  100
AcDbEntity
  8
Hole-Layer
  100
AcDbPolyline
  90
2
  70
1
  43
0
  10
1.2445034290068582
  20
7.239014478028957
  42
1
  10
1.549502159004318
  20
7.239014478028957
  42
1
  0
LWPOLYLINE
  5
1306
  100
AcDbEntity
  8
Hole-Layer
  100
AcDbPolyline
  90
4
  70
0
  43
0
  10
-9.04251714503429
  20
1.7780035560873215
  42
1
  10
-8.737518415036831
  20
1.778003555905962
  10
-8.737518415036831
  20
1.778003555926903
  42
1
  10
-9.04251714503429
  20
1.7780035561082626
  0
LWPOLYLINE
  5
1308
  100
AcDbEntity
  8
Hole-Layer
  100
AcDbPolyline
  90
2
  70
1
  43
0
  10
-7.391513843027687
  20
9.271018542037085
  42
1
  10
-7.086515113030226
  20
9.271018542037085
  42
1
  0
LWPOLYLINE
  5
1310
  100
AcDbEntity
  8
Hole-Layer
  100
AcDbPolyline
  90
4
  70
0
  43
0
  10
-8.534516129032259
  20
6.223012446105103
  42
1
  10
-8.2295173990348
  20
6.223012445923743
  10
-8.2295173990348
  20
6.223012445944683
  42
1
  10
-8.534516129032259
  20
6.2230124461260425
  0
LWPOLYLINE
  5
1312
  100
AcDbEntity
  8
Hole-Layer
  100
AcDbPolyline
  90
4
  70
0
  43
0
  10
-11.582522225044452
  20
7.874015748111707
  42
1
  10
-11.277523495046992
  20
7.874015747930347
  10
-11.277523495046992
  20
7.874015747951288
  42
1
  10
-11.582522225044452
  20
7.874015748132647
  0
LWPOLYLINE
  5
1314
  100
AcDbEntity
  8
Hole-Layer
  100
AcDbPolyline
  90
4
  70
0
  43
0
  10
-13.48752603505207
  20
5.969011938104087
  42
1
  10
-13.182527305054613
  20
5.969011937922727
  10
-13.182527305054613
  20
5.969011937943667
  42
1
  10
-13.48752603505207
  20
5.969011938125027
  0
LWPOLYLINE
  5
1316
  100
AcDbEntity
  8
Hole-Layer
  100
AcDbPolyline
  90
2
  70
1
  43
0
  10
-16.535532131064265
  20
7.366014732029465
  42
1
  10
-16.230533401066804
  20
7.366014732029465
  42
1
  0
LWPOLYLINE
  5
1318
  100
AcDbEntity
  8
Hole-Layer
  100
AcDbPolyline
  90
4
  70
0
  43
0
  10
-15.138529337058676
  20
5.8420116841035785
  42
1
  10
-14.833530607061217
  20
5.842011683922219
  10
-14.833530607061217
  20
5.842011683943159
  42
1
  10
-15.138529337058676
  20
5.842011684124519
  0
LWPOLYLINE
  5
1320
  100
AcDbEntity
  8
Hole-Layer
  100
AcDbPolyline
  90
4
  70
0
  43
0
  10
-13.360525781051564
  20
2.6670053340908773
  42
1
  10
-13.055527051054105
  20
2.667005333909518
  10
-13.055527051054105
  20
2.6670053339304594
  42
1
  10
-13.360525781051564
  20
2.6670053341118187
  0
LWPOLYLINE
  5
1322
  100
AcDbEntity
  8
Hole-Layer
  100
AcDbPolyline
  90
4
  70
0
  43
0
  10
14.071529083058168
  20
5.8420116841035785
  42
1
  10
14.376527813055628
  20
5.842011683922219
  10
14.376527813055628
  20
5.842011683943159
  42
1
  10
14.071529083058168
  20
5.842011684124519
  0
LWPOLYLINE
  5
1324
  100
AcDbEntity
  8
Hole-Layer
  100
AcDbPolyline
  90
4
  70
0
  43
0
  10
15.722532385064772
  20
8.636017272114753
  42
1
  10
16.02753111506223
  20
8.636017271933394
  10
16.02753111506223
  20
8.636017271954337
  42
1
  10
15.722532385064772
  20
8.636017272135696
  0
LWPOLYLINE
  5
1326
  100
AcDbEntity
  8
Hole-Layer
  100
AcDbPolyline
  90
2
  70
1
  43
0
  10
-2.3115036830073667
  20
1.3970027940055882
  42
1
  10
-2.006504953009906
  20
1.3970027940055882
  42
1
  0
LWPOLYLINE
  5
1328
  100
AcDbEntity
  8
Hole-Layer
  100
AcDbPolyline
  90
2
  70
1
  43
0
  10
-5.232509525019051
  20
6.858013716027433
  42
1
  10
-4.927510795021591
  20
6.858013716027433
  42
1
  0
LWPOLYLINE
  5
1330
  100
AcDbEntity
  8
Hole-Layer
  100
AcDbPolyline
  90
2
  70
1
  43
0
  10
4.673510287020575
  20
4.0640081280162565
  42
1
  10
4.978509017018035
  20
4.0640081280162565
  42
1
  0
LWPOLYLINE
  5
1332
  100
AcDbEntity
  8
Hole-Layer
  100
AcDbPolyline
  90
2
  70
1
  43
0
  10
5.359509779019559
  20
3.4800050800101605
  42
1
  10
5.664508509017019
  20
3.4800050800101605
  42
1
  0
LWPOLYLINE
  5
1334
  100
AcDbEntity
  8
Hole-Layer
  100
AcDbPolyline
  90
2
  70
1
  43
0
  10
7.086515113030226
  20
8.128016256032513
  42
1
  10
7.391513843027687
  20
8.128016256032513
  42
1
  0
LWPOLYLINE
  5
1336
  100
AcDbEntity
  8
Hole-Layer
  100
AcDbPolyline
  90
2
  70
1
  43
0
  10
4.241511303022606
  20
7.214010668021337
  42
1
  10
4.546510033020066
  20
7.214010668021337
  42
1
  0
LWPOLYLINE
  5
1338
  100
AcDbEntity
  8
Hole-Layer
  100
AcDbPolyline
  90
2
  70
1
  43
0
  10
-20.980541021082047
  20
5.08001016002032
  42
1
  10
-20.675542291084582
  20
5.08001016002032
  42
1
  0
LWPOLYLINE
  5
1340
  100
AcDbEntity
  8
Hole-Layer
  100
AcDbPolyline
  90
2
  70
1
  43
0
  10
3.403507747015494
  20
7.366014732029465
  42
1
  10
3.7085064770129548
  20
7.366014732029465
  42
1
  0
LWPOLYLINE
  5
1342
  100
AcDbEntity
  8
Hole-Layer
  100
AcDbPolyline
  90
2
  70
1
  43
0
  10
5.872829565659131
  20
2.915687071374143
  42
1
  10
6.1778282956565915
  20
2.915687071374143
  42
1
  0
HATCH
  5
1049
  100
AcDbEntity
  8
Component-Marking-Layer
  100
AcDbHatch
  10
0
  20
0
  30
0
  210
0
  220
0
  230
1
  2
SOLID
  70
1
  71
0
  91
1
  92
7
  72
1
  73
1
  93
2
  10
20.933855727711457
  20
3.0560071120142243
  42
1
  10
21.053845567691138
  20
3.0560071120142243
  42
1
  97
1
  330
1048
  75
0
  76
1
  47
0.8681437583925616
  98
1
  10
3.629517071192367
  20
33.92795499968543
  450
0
  451
0
  460
0
  461
0
  452
1
  462
1
  453
2
  463
0
  63
5
  421
255
  463
1
  63
7
  421
16777215
  470
LINEAR
  1001
ACAD
  1010
0
  1020
0
  1030
0
  0
LWPOLYLINE
  5
1050
  100
AcDbEntity
  8
Component-Marking-Layer
  100
AcDbPolyline
  90
4
  70
0
  43
0.005080010160020321
  10
20.933855727711457
  20
3.05600711202461
  42
1
  10
21.053845567691138
  20
3.056007112004942
  10
21.053845567691138
  20
3.0560071120038383
  42
1
  10
20.933855727711457
  20
3.0560071120235066
  0
HATCH
  5
1052
  100
AcDbEntity
  8
Component-Marking-Layer
  100
AcDbHatch
  10
0
  20
0
  30
0
  210
0
  220
0
  230
1
  2
SOLID
  70
1
  71
0
  91
1
  92
7
  72
1
  73
1
  93
2
  10
20.129057658115318
  20
3.929692659385319
  42
1
  10
20.249047498095
  20
3.929692659385319
  42
1
  97
1
  330
1051
  75
0
  76
1
  47
0.8681437583925616
  98
1
  10
3.629517071192367
  20
33.92795499968543
  450
0
  451
0
  460
0
  461
0
  452
1
  462
1
  453
2
  463
0
  63
5
  421
255
  463
1
  63
7
  421
16777215
  470
LINEAR
  1001
ACAD
  1010
0
  1020
0
  1030
0
  0
LWPOLYLINE
  5
1053
  100
AcDbEntity
  8
Component-Marking-Layer
  100
AcDbPolyline
  90
4
  70
0
  43
0.005080010160020321
  10
20.12905765811532
  20
3.9296926593957053
  42
1
  10
20.249047498095
  20
3.9296926593760366
  10
20.249047498095
  20
3.929692659374933
  42
1
  10
20.12905765811532
  20
3.9296926593946018
  0
HATCH
  5
1055
  100
AcDbEntity
  8
Component-Marking-Layer
  100
AcDbHatch
  10
0
  20
0
  30
0
  210
0
  220
0
  230
1
  2
SOLID
  70
1
  71
0
  91
1
  92
7
  72
1
  73
1
  93
2
  10
-23.940030480060962
  20
3.802006604013209
  42
1
  10
-23.82004064008128
  20
3.802006604013209
  42
1
  97
1
  330
1054
  75
0
  76
1
  47
0.8681437583925616
  98
1
  10
3.629517071192367
  20
33.92795499968543
  450
0
  451
0
  460
0
  461
0
  452
1
  462
1
  453
2
  463
0
  63
5
  421
255
  463
1
  63
7
  421
16777215
  470
LINEAR
  1001
ACAD
  1010
0
  1020
0
  1030
0
  0
LWPOLYLINE
  5
1056
  100
AcDbEntity
  8
Component-Marking-Layer
  100
AcDbPolyline
  90
4
  70
0
  43
0.005080010160020321
  10
-23.940030480060962
  20
3.8020066040235947
  42
1
  10
-23.820040640081285
  20
3.8020066040039264
  10
-23.820040640081285
  20
3.8020066040028224
  42
1
  10
-23.940030480060962
  20
3.802006604022491
  0
HATCH
  5
1058
  100
AcDbEntity
  8
Component-Marking-Layer
  100
AcDbHatch
  10
0
  20
0
  30
0
  210
0
  220
0
  230
1
  2
SOLID
  70
1
  71
0
  91
1
  92
7
  72
1
  73
1
  93
2
  10
-25.6580568961138
  20
2.8020066040132083
  42
1
  10
-25.538067056134118
  20
2.8020066040132083
  42
1
  97
1
  330
1057
  75
0
  76
1
  47
0.8681437583925616
  98
1
  10
3.629517071192367
  20
33.92795499968543
  450
0
  451
0
  460
0
  461
0
  452
1
  462
1
  453
2
  463
0
  63
5
  421
255
  463
1
  63
7
  421
16777215
  470
LINEAR
  1001
ACAD
  1010
0
  1020
0
  1030
0
  0
LWPOLYLINE
  5
1059
  100
AcDbEntity
  8
Component-Marking-Layer
  100
AcDbPolyline
  90
4
  70
0
  43
0.005080010160020321
  10
-25.658056896113795
  20
2.8020066040235942
  42
1
  10
-25.538067056134118
  20
2.802006604003926
  10
-25.538067056134118
  20
2.802006604002822
  42
1
  10
-25.658056896113795
  20
2.8020066040224907
  0
HATCH
  5
1061
  100
AcDbEntity
  8
Component-Marking-Layer
  100
AcDbHatch
  10
0
  20
0
  30
0
  210
0
  220
0
  230
1
  2
SOLID
  70
1
  71
0
  91
1
  92
7
  72
1
  73
1
  93
2
  10
-18.733020066040133
  20
7.485013970027941
  42
1
  10
-18.613030226060452
  20
7.485013970027941
  42
1
  97
1
  330
1060
  75
0
  76
1
  47
0.8681437583925616
  98
1
  10
3.629517071192367
  20
33.92795499968543
  450
0
  451
0
  460
0
  461
0
  452
1
  462
1
  453
2
  463
0
  63
5
  421
255
  463
1
  63
7
  421
16777215
  470
LINEAR
  1001
ACAD
  1010
0
  1020
0
  1030
0
  0
LWPOLYLINE
  5
1062
  100
AcDbEntity
  8
Component-Marking-Layer
  100
AcDbPolyline
  90
4
  70
0
  43
0.005080010160020321
  10
-18.733020066040133
  20
7.4850139700383265
  42
1
  10
-18.613030226060456
  20
7.485013970018658
  10
-18.613030226060456
  20
7.4850139700175555
  42
1
  10
-18.733020066040133
  20
7.485013970037223
  0
HATCH
  5
1064
  100
AcDbEntity
  8
Component-Marking-Layer
  100
AcDbHatch
  10
0
  20
0
  30
0
  210
0
  220
0
  230
1
  2
SOLID
  70
1
  71
0
  91
1
  92
7
  72
1
  73
1
  93
2
  10
-21.51183388366777
  20
3.802006604013209
  42
1
  10
-21.39184404368809
  20
3.802006604013209
  42
1
  97
1
  330
1063
  75
0
  76
1
  47
0.8681437583925616
  98
1
  10
3.629517071192367
  20
33.92795499968543
  450
0
  451
0
  460
0
  461
0
  452
1
  462
1
  453
2
  463
0
  63
5
  421
255
  463
1
  63
7
  421
16777215
  470
LINEAR
  1001
ACAD
  1010
0
  1020
0
  1030
0
  0
LWPOLYLINE
  5
1065
  100
AcDbEntity
  8
Component-Marking-Layer
  100
AcDbPolyline
  90
4
  70
0
  43
0.005080010160020321
  10
-21.51183388366777
  20
3.8020066040235947
  42
1
  10
-21.39184404368809
  20
3.8020066040039264
  10
-21.39184404368809
  20
3.8020066040028224
  42
1
  10
-21.51183388366777
  20
3.802006604022491
  0
HATCH
  5
1067
  100
AcDbEntity
  8
Component-Marking-Layer
  100
AcDbHatch
  10
0
  20
0
  30
0
  210
0
  220
0
  230
1
  2
SOLID
  70
1
  71
0
  91
1
  92
7
  72
1
  73
1
  93
2
  10
-18.08343916687834
  20
6.485013970027941
  42
1
  10
-17.963449326898658
  20
6.485013970027941
  42
1
  97
1
  330
1066
  75
0
  76
1
  47
0.8681437583925616
  98
1
  10
3.629517071192367
  20
33.92795499968543
  450
0
  451
0
  460
0
  461
0
  452
1
  462
1
  453
2
  463
0
  63
5
  421
255
  463
1
  63
7
  421
16777215
  470
LINEAR
  1001
ACAD
  1010
0
  1020
0
  1030
0
  0
LWPOLYLINE
  5
1068
  100
AcDbEntity
  8
Component-Marking-Layer
  100
AcDbPolyline
  90
4
  70
0
  43
0.005080010160020321
  10
-18.08343916687834
  20
6.4850139700383265
  42
1
  10
-17.963449326898658
  20
6.485013970018659
  10
-17.963449326898658
  20
6.4850139700175555
  42
1
  10
-18.08343916687834
  20
6.485013970037224
  0
HATCH
  5
1070
  100
AcDbEntity
  8
Component-Marking-Layer
  100
AcDbHatch
  10
0
  20
0
  30
0
  210
0
  220
0
  230
1
  2
SOLID
  70
1
  71
0
  91
1
  92
7
  72
1
  73
1
  93
2
  10
-23.29702819405639
  20
3.026466852933706
  42
1
  10
-23.17703835407671
  20
3.026466852933706
  42
1
  97
1
  330
1069
  75
0
  76
1
  47
0.8681437583925616
  98
1
  10
3.629517071192367
  20
33.92795499968543
  450
0
  451
0
  460
0
  461
0
  452
1
  462
1
  453
2
  463
0
  63
5
  421
255
  463
1
  63
7
  421
16777215
  470
LINEAR
  1001
ACAD
  1010
0
  1020
0
  1030
0
  0
LWPOLYLINE
  5
1071
  100
AcDbEntity
  8
Component-Marking-Layer
  100
AcDbPolyline
  90
4
  70
0
  43
0.005080010160020321
  10
-23.29702819405639
  20
3.026466852944092
  42
1
  10
-23.17703835407671
  20
3.0264668529244236
  10
-23.17703835407671
  20
3.0264668529233196
  42
1
  10
-23.29702819405639
  20
3.0264668529429883
  0
HATCH
  5
1073
  100
AcDbEntity
  8
Component-Marking-Layer
  100
AcDbHatch
  10
0
  20
0
  30
0
  210
0
  220
0
  230
1
  2
SOLID
  70
1
  71
0
  91
1
  92
7
  72
1
  73
1
  93
2
  10
23.31203962407925
  20
2.9296926593853185
  42
1
  10
23.43202946405893
  20
2.9296926593853185
  42
1
  97
1
  330
1072
  75
0
  76
1
  47
0.8681437583925616
  98
1
  10
3.629517071192367
  20
33.92795499968543
  450
0
  451
0
  460
0
  461
0
  452
1
  462
1
  453
2
  463
0
  63
5
  421
255
  463
1
  63
7
  421
16777215
  470
LINEAR
  1001
ACAD
  1010
0
  1020
0
  1030
0
  0
LWPOLYLINE
  5
1074
  100
AcDbEntity
  8
Component-Marking-Layer
  100
AcDbPolyline
  90
4
  70
0
  43
0.005080010160020321
  10
23.31203962407925
  20
2.929692659395705
  42
1
  10
23.432029464058928
  20
2.929692659376036
  10
23.432029464058928
  20
2.9296926593749326
  42
1
  10
23.31203962407925
  20
2.9296926593946013
  0
HATCH
  5
1076
  100
AcDbEntity
  8
Component-Marking-Layer
  100
AcDbHatch
  10
0
  20
0
  30
0
  210
0
  220
0
  230
1
  2
SOLID
  70
1
  71
0
  91
1
  92
7
  72
1
  73
1
  93
2
  10
22.66906273812548
  20
3.929692659385319
  42
1
  10
22.78905257810516
  20
3.929692659385319
  42
1
  97
1
  330
1075
  75
0
  76
1
  47
0.8681437583925616
  98
1
  10
3.629517071192367
  20
33.92795499968543
  450
0
  451
0
  460
0
  461
0
  452
1
  462
1
  453
2
  463
0
  63
5
  421
255
  463
1
  63
7
  421
16777215
  470
LINEAR
  1001
ACAD
  1010
0
  1020
0
  1030
0
  0
LWPOLYLINE
  5
1077
  100
AcDbEntity
  8
Component-Marking-Layer
  100
AcDbPolyline
  90
4
  70
0
  43
0.005080010160020321
  10
22.669062738125483
  20
3.9296926593957053
  42
1
  10
22.78905257810516
  20
3.9296926593760366
  10
22.78905257810516
  20
3.929692659374933
  42
1
  10
22.669062738125483
  20
3.9296926593946018
  0
HATCH
  5
1079
  100
AcDbEntity
  8
Component-Marking-Layer
  100
AcDbHatch
  10
0
  20
0
  30
0
  210
0
  220
0
  230
1
  2
SOLID
  70
1
  71
0
  91
1
  92
7
  72
1
  73
1
  93
2
  10
15.438023876047755
  20
6.485013970027941
  42
1
  10
15.558013716027435
  20
6.485013970027941
  42
1
  97
1
  330
1078
  75
0
  76
1
  47
0.8681437583925616
  98
1
  10
3.629517071192367
  20
33.92795499968543
  450
0
  451
0
  460
0
  461
0
  452
1
  462
1
  453
2
  463
0
  63
5
  421
255
  463
1
  63
7
  421
16777215
  470
LINEAR
  1001
ACAD
  1010
0
  1020
0
  1030
0
  0
LWPOLYLINE
  5
1080
  100
AcDbEntity
  8
Component-Marking-Layer
  100
AcDbPolyline
  90
4
  70
0
  43
0.005080010160020321
  10
15.438023876047756
  20
6.4850139700383265
  42
1
  10
15.558013716027434
  20
6.485013970018659
  10
15.558013716027434
  20
6.4850139700175555
  42
1
  10
15.438023876047756
  20
6.485013970037224
  0
HATCH
  5
1082
  100
AcDbEntity
  8
Component-Marking-Layer
  100
AcDbHatch
  10
0
  20
0
  30
0
  210
0
  220
0
  230
1
  2
SOLID
  70
1
  71
0
  91
1
  92
7
  72
1
  73
1
  93
2
  10
17.081051562103127
  20
7.485013970027941
  42
1
  10
17.201041402082808
  20
7.485013970027941
  42
1
  97
1
  330
1081
  75
0
  76
1
  47
0.8681437583925616
  98
1
  10
3.629517071192367
  20
33.92795499968543
  450
0
  451
0
  460
0
  461
0
  452
1
  462
1
  453
2
  463
0
  63
5
  421
255
  463
1
  63
7
  421
16777215
  470
LINEAR
  1001
ACAD
  1010
0
  1020
0
  1030
0
  0
LWPOLYLINE
  5
1083
  100
AcDbEntity
  8
Component-Marking-Layer
  100
AcDbPolyline
  90
4
  70
0
  43
0.005080010160020321
  10
17.081051562103127
  20
7.4850139700383265
  42
1
  10
17.201041402082808
  20
7.485013970018658
  10
17.201041402082808
  20
7.4850139700175555
  42
1
  10
17.081051562103127
  20
7.485013970037223
  0
HATCH
  5
1085
  100
AcDbEntity
  8
Component-Marking-Layer
  100
AcDbHatch
  10
0
  20
0
  30
0
  210
0
  220
0
  230
1
  2
SOLID
  70
1
  71
0
  91
1
  92
7
  72
1
  73
1
  93
2
  10
-1.9489712979425962
  20
10.404114808229618
  42
1
  10
-1.8290322580645162
  20
10.404114808229618
  42
1
  97
1
  330
1084
  75
0
  76
1
  47
0.8681437583925616
  98
1
  10
3.629517071192367
  20
33.92795499968543
  450
0
  451
0
  460
0
  461
0
  452
1
  462
1
  453
2
  463
0
  63
5
  421
255
  463
1
  63
7
  421
16777215
  470
LINEAR
  1001
ACAD
  1010
0
  1020
0
  1030
0
  0
LWPOLYLINE
  5
1086
  100
AcDbEntity
  8
Component-Marking-Layer
  100
AcDbPolyline
  90
2
  70
1
  43
0.005080010160020321
  10
-1.9489712979425962
  20
10.404114808229618
  42
1
  10
-1.8290322580645162
  20
10.404114808229618
  42
1
  0
HATCH
  5
1088
  100
AcDbEntity
  8
Component-Marking-Layer
  100
AcDbHatch
  10
0
  20
0
  30
0
  210
0
  220
0
  230
1
  2
SOLID
  70
1
  71
0
  91
1
  92
7
  72
1
  73
1
  93
2
  10
-1.325908051816104
  20
5.469138938277878
  42
1
  10
-1.205969011938024
  20
5.469138938277878
  42
1
  97
1
  330
1087
  75
0
  76
1
  47
0.8681437583925616
  98
1
  10
3.629517071192367
  20
33.92795499968543
  450
0
  451
0
  460
0
  461
0
  452
1
  462
1
  453
2
  463
0
  63
5
  421
255
  463
1
  63
7
  421
16777215
  470
LINEAR
  1001
ACAD
  1010
0
  1020
0
  1030
0
  0
LWPOLYLINE
  5
1089
  100
AcDbEntity
  8
Component-Marking-Layer
  100
AcDbPolyline
  90
2
  70
1
  43
0.005080010160020321
  10
-1.325908051816104
  20
5.469138938277878
  42
1
  10
-1.205969011938024
  20
5.469138938277878
  42
1
  0
HATCH
  5
1092
  100
AcDbEntity
  8
Component-Marking-Layer
  100
AcDbHatch
  10
0
  20
0
  30
0
  210
0
  220
0
  230
1
  2
SOLID
  70
1
  71
0
  91
1
  92
7
  72
1
  73
1
  93
2
  10
1.2010160020320035
  20
6.309550419100838
  42
1
  10
1.3210058420116835
  20
6.309550419100838
  42
1
  97
1
  330
1091
  75
0
  76
1
  47
0.8681437583925616
  98
1
  10
3.629517071192367
  20
33.92795499968543
  450
0
  451
0
  460
0
  461
0
  452
1
  462
1
  453
2
  463
0
  63
5
  421
255
  463
1
  63
7
  421
16777215
  470
LINEAR
  1001
ACAD
  1010
0
  1020
0
  1030
0
  0
LWPOLYLINE
  5
1093
  100
AcDbEntity
  8
Component-Marking-Layer
  100
AcDbPolyline
  90
2
  70
1
  43
0.005080010160020321
  10
1.2010160020320035
  20
6.309550419100838
  42
1
  10
1.3210058420116835
  20
6.309550419100838
  42
1
  0
HATCH
  5
1366
  100
AcDbEntity
  8
Component-Marking-Layer
  100
AcDbHatch
  10
0
  20
0
  30
0
  210
0
  220
0
  230
1
  2
SOLID
  70
1
  71
0
  91
1
  92
7
  72
1
  73
1
  93
2
  10
20.933855727711457
  20
3.0560071120142243
  42
1
  10
21.053845567691138
  20
3.0560071120142243
  42
1
  97
1
  330
1365
  75
0
  76
1
  47
0.8681437583925616
  98
1
  10
3.629517071192367
  20
33.92795499968543
  450
0
  451
0
  460
0
  461
0
  452
1
  462
1
  453
2
  463
0
  63
5
  421
255
  463
1
  63
7
  421
16777215
  470
LINEAR
  1001
ACAD
  1010
0
  1020
0
  1030
0
  0
LWPOLYLINE
  5
1367
  100
AcDbEntity
  8
Component-Marking-Layer
  100
AcDbPolyline
  90
4
  70
0
  43
0.005080010160020321
  10
20.933855727711457
  20
3.05600711202461
  42
1
  10
21.053845567691138
  20
3.056007112004942
  10
21.053845567691138
  20
3.0560071120038383
  42
1
  10
20.933855727711457
  20
3.0560071120235066
  0
HATCH
  5
1374
  100
AcDbEntity
  8
Component-Marking-Layer
  100
AcDbHatch
  10
0
  20
0
  30
0
  210
0
  220
0
  230
1
  2
SOLID
  70
1
  71
0
  91
1
  92
7
  72
1
  73
1
  93
2
  10
20.129057658115318
  20
3.929692659385319
  42
1
  10
20.249047498095
  20
3.929692659385319
  42
1
  97
1
  330
1373
  75
0
  76
1
  47
0.8681437583925616
  98
1
  10
3.629517071192367
  20
33.92795499968543
  450
0
  451
0
  460
0
  461
0
  452
1
  462
1
  453
2
  463
0
  63
5
  421
255
  463
1
  63
7
  421
16777215
  470
LINEAR
  1001
ACAD
  1010
0
  1020
0
  1030
0
  0
LWPOLYLINE
  5
1375
  100
AcDbEntity
  8
Component-Marking-Layer
  100
AcDbPolyline
  90
4
  70
0
  43
0.005080010160020321
  10
20.12905765811532
  20
3.9296926593957053
  42
1
  10
20.249047498095
  20
3.9296926593760366
  10
20.249047498095
  20
3.929692659374933
  42
1
  10
20.12905765811532
  20
3.9296926593946018
  0
HATCH
  5
1382
  100
AcDbEntity
  8
Component-Marking-Layer
  100
AcDbHatch
  10
0
  20
0
  30
0
  210
0
  220
0
  230
1
  2
SOLID
  70
1
  71
0
  91
1
  92
7
  72
1
  73
1
  93
2
  10
-23.940030480060962
  20
3.802006604013209
  42
1
  10
-23.82004064008128
  20
3.802006604013209
  42
1
  97
1
  330
1381
  75
0
  76
1
  47
0.8681437583925616
  98
1
  10
3.629517071192367
  20
33.92795499968543
  450
0
  451
0
  460
0
  461
0
  452
1
  462
1
  453
2
  463
0
  63
5
  421
255
  463
1
  63
7
  421
16777215
  470
LINEAR
  1001
ACAD
  1010
0
  1020
0
  1030
0
  0
LWPOLYLINE
  5
1383
  100
AcDbEntity
  8
Component-Marking-Layer
  100
AcDbPolyline
  90
4
  70
0
  43
0.005080010160020321
  10
-23.940030480060962
  20
3.8020066040235947
  42
1
  10
-23.820040640081285
  20
3.8020066040039264
  10
-23.820040640081285
  20
3.8020066040028224
  42
1
  10
-23.940030480060962
  20
3.802006604022491
  0
HATCH
  5
1390
  100
AcDbEntity
  8
Component-Marking-Layer
  100
AcDbHatch
  10
0
  20
0
  30
0
  210
0
  220
0
  230
1
  2
SOLID
  70
1
  71
0
  91
1
  92
7
  72
1
  73
1
  93
2
  10
-25.6580568961138
  20
2.8020066040132083
  42
1
  10
-25.538067056134118
  20
2.8020066040132083
  42
1
  97
1
  330
1389
  75
0
  76
1
  47
0.8681437583925616
  98
1
  10
3.629517071192367
  20
33.92795499968543
  450
0
  451
0
  460
0
  461
0
  452
1
  462
1
  453
2
  463
0
  63
5
  421
255
  463
1
  63
7
  421
16777215
  470
LINEAR
  1001
ACAD
  1010
0
  1020
0
  1030
0
  0
LWPOLYLINE
  5
1391
  100
AcDbEntity
  8
Component-Marking-Layer
  100
AcDbPolyline
  90
4
  70
0
  43
0.005080010160020321
  10
-25.658056896113795
  20
2.8020066040235942
  42
1
  10
-25.538067056134118
  20
2.802006604003926
  10
-25.538067056134118
  20
2.802006604002822
  42
1
  10
-25.658056896113795
  20
2.8020066040224907
  0
HATCH
  5
1398
  100
AcDbEntity
  8
Component-Marking-Layer
  100
AcDbHatch
  10
0
  20
0
  30
0
  210
0
  220
0
  230
1
  2
SOLID
  70
1
  71
0
  91
1
  92
7
  72
1
  73
1
  93
2
  10
-18.733020066040133
  20
7.485013970027941
  42
1
  10
-18.613030226060452
  20
7.485013970027941
  42
1
  97
1
  330
1397
  75
0
  76
1
  47
0.8681437583925616
  98
1
  10
3.629517071192367
  20
33.92795499968543
  450
0
  451
0
  460
0
  461
0
  452
1
  462
1
  453
2
  463
0
  63
5
  421
255
  463
1
  63
7
  421
16777215
  470
LINEAR
  1001
ACAD
  1010
0
  1020
0
  1030
0
  0
LWPOLYLINE
  5
1399
  100
AcDbEntity
  8
Component-Marking-Layer
  100
AcDbPolyline
  90
4
  70
0
  43
0.005080010160020321
  10
-18.733020066040133
  20
7.4850139700383265
  42
1
  10
-18.613030226060456
  20
7.485013970018658
  10
-18.613030226060456
  20
7.4850139700175555
  42
1
  10
-18.733020066040133
  20
7.485013970037223
  0
HATCH
  5
1406
  100
AcDbEntity
  8
Component-Marking-Layer
  100
AcDbHatch
  10
0
  20
0
  30
0
  210
0
  220
0
  230
1
  2
SOLID
  70
1
  71
0
  91
1
  92
7
  72
1
  73
1
  93
2
  10
-21.51183388366777
  20
3.802006604013209
  42
1
  10
-21.39184404368809
  20
3.802006604013209
  42
1
  97
1
  330
1405
  75
0
  76
1
  47
0.8681437583925616
  98
1
  10
3.629517071192367
  20
33.92795499968543
  450
0
  451
0
  460
0
  461
0
  452
1
  462
1
  453
2
  463
0
  63
5
  421
255
  463
1
  63
7
  421
16777215
  470
LINEAR
  1001
ACAD
  1010
0
  1020
0
  1030
0
  0
LWPOLYLINE
  5
1407
  100
AcDbEntity
  8
Component-Marking-Layer
  100
AcDbPolyline
  90
4
  70
0
  43
0.005080010160020321
  10
-21.51183388366777
  20
3.8020066040235947
  42
1
  10
-21.39184404368809
  20
3.8020066040039264
  10
-21.39184404368809
  20
3.8020066040028224
  42
1
  10
-21.51183388366777
  20
3.802006604022491
  0
HATCH
  5
1414
  100
AcDbEntity
  8
Component-Marking-Layer
  100
AcDbHatch
  10
0
  20
0
  30
0
  210
0
  220
0
  230
1
  2
SOLID
  70
1
  71
0
  91
1
  92
7
  72
1
  73
1
  93
2
  10
-18.08343916687834
  20
6.485013970027941
  42
1
  10
-17.963449326898658
  20
6.485013970027941
  42
1
  97
1
  330
1413
  75
0
  76
1
  47
0.8681437583925616
  98
1
  10
3.629517071192367
  20
33.92795499968543
  450
0
  451
0
  460
0
  461
0
  452
1
  462
1
  453
2
  463
0
  63
5
  421
255
  463
1
  63
7
  421
16777215
  470
LINEAR
  1001
ACAD
  1010
0
  1020
0
  1030
0
  0
LWPOLYLINE
  5
1415
  100
AcDbEntity
  8
Component-Marking-Layer
  100
AcDbPolyline
  90
4
  70
0
  43
0.005080010160020321
  10
-18.08343916687834
  20
6.4850139700383265
  42
1
  10
-17.963449326898658
  20
6.485013970018659
  10
-17.963449326898658
  20
6.4850139700175555
  42
1
  10
-18.08343916687834
  20
6.485013970037224
  0
HATCH
  5
1422
  100
AcDbEntity
  8
Component-Marking-Layer
  100
AcDbHatch
  10
0
  20
0
  30
0
  210
0
  220
0
  230
1
  2
SOLID
  70
1
  71
0
  91
1
  92
7
  72
1
  73
1
  93
2
  10
-23.29702819405639
  20
3.026466852933706
  42
1
  10
-23.17703835407671
  20
3.026466852933706
  42
1
  97
1
  330
1421
  75
0
  76
1
  47
0.8681437583925616
  98
1
  10
3.629517071192367
  20
33.92795499968543
  450
0
  451
0
  460
0
  461
0
  452
1
  462
1
  453
2
  463
0
  63
5
  421
255
  463
1
  63
7
  421
16777215
  470
LINEAR
  1001
ACAD
  1010
0
  1020
0
  1030
0
  0
LWPOLYLINE
  5
1423
  100
AcDbEntity
  8
Component-Marking-Layer
  100
AcDbPolyline
  90
4
  70
0
  43
0.005080010160020321
  10
-23.29702819405639
  20
3.026466852944092
  42
1
  10
-23.17703835407671
  20
3.0264668529244236
  10
-23.17703835407671
  20
3.0264668529233196
  42
1
  10
-23.29702819405639
  20
3.0264668529429883
  0
HATCH
  5
1430
  100
AcDbEntity
  8
Component-Marking-Layer
  100
AcDbHatch
  10
0
  20
0
  30
0
  210
0
  220
0
  230
1
  2
SOLID
  70
1
  71
0
  91
1
  92
7
  72
1
  73
1
  93
2
  10
23.31203962407925
  20
2.9296926593853185
  42
1
  10
23.43202946405893
  20
2.9296926593853185
  42
1
  97
1
  330
1429
  75
0
  76
1
  47
0.8681437583925616
  98
1
  10
3.629517071192367
  20
33.92795499968543
  450
0
  451
0
  460
0
  461
0
  452
1
  462
1
  453
2
  463
0
  63
5
  421
255
  463
1
  63
7
  421
16777215
  470
LINEAR
  1001
ACAD
  1010
0
  1020
0
  1030
0
  0
LWPOLYLINE
  5
1431
  100
AcDbEntity
  8
Component-Marking-Layer
  100
AcDbPolyline
  90
4
  70
0
  43
0.005080010160020321
  10
23.31203962407925
  20
2.929692659395705
  42
1
  10
23.432029464058928
  20
2.929692659376036
  10
23.432029464058928
  20
2.9296926593749326
  42
1
  10
23.31203962407925
  20
2.9296926593946013
  0
HATCH
  5
1438
  100
AcDbEntity
  8
Component-Marking-Layer
  100
AcDbHatch
  10
0
  20
0
  30
0
  210
0
  220
0
  230
1
  2
SOLID
  70
1
  71
0
  91
1
  92
7
  72
1
  73
1
  93
2
  10
22.66906273812548
  20
3.929692659385319
  42
1
  10
22.78905257810516
  20
3.929692659385319
  42
1
  97
1
  330
1437
  75
0
  76
1
  47
0.8681437583925616
  98
1
  10
3.629517071192367
  20
33.92795499968543
  450
0
  451
0
  460
0
  461
0
  452
1
  462
1
  453
2
  463
0
  63
5
  421
255
  463
1
  63
7
  421
16777215
  470
LINEAR
  1001
ACAD
  1010
0
  1020
0
  1030
0
  0
LWPOLYLINE
  5
1439
  100
AcDbEntity
  8
Component-Marking-Layer
  100
AcDbPolyline
  90
4
  70
0
  43
0.005080010160020321
  10
22.669062738125483
  20
3.9296926593957053
  42
1
  10
22.78905257810516
  20
3.9296926593760366
  10
22.78905257810516
  20
3.929692659374933
  42
1
  10
22.669062738125483
  20
3.9296926593946018
  0
HATCH
  5
1446
  100
AcDbEntity
  8
Component-Marking-Layer
  100
AcDbHatch
  10
0
  20
0
  30
0
  210
0
  220
0
  230
1
  2
SOLID
  70
1
  71
0
  91
1
  92
7
  72
1
  73
1
  93
2
  10
15.438023876047755
  20
6.485013970027941
  42
1
  10
15.558013716027435
  20
6.485013970027941
  42
1
  97
1
  330
1445
  75
0
  76
1
  47
0.8681437583925616
  98
1
  10
3.629517071192367
  20
33.92795499968543
  450
0
  451
0
  460
0
  461
0
  452
1
  462
1
  453
2
  463
0
  63
5
  421
255
  463
1
  63
7
  421
16777215
  470
LINEAR
  1001
ACAD
  1010
0
  1020
0
  1030
0
  0
LWPOLYLINE
  5
1447
  100
AcDbEntity
  8
Component-Marking-Layer
  100
AcDbPolyline
  90
4
  70
0
  43
0.005080010160020321
  10
15.438023876047756
  20
6.4850139700383265
  42
1
  10
15.558013716027434
  20
6.485013970018659
  10
15.558013716027434
  20
6.4850139700175555
  42
1
  10
15.438023876047756
  20
6.485013970037224
  0
HATCH
  5
1454
  100
AcDbEntity
  8
Component-Marking-Layer
  100
AcDbHatch
  10
0
  20
0
  30
0
  210
0
  220
0
  230
1
  2
SOLID
  70
1
  71
0
  91
1
  92
7
  72
1
  73
1
  93
2
  10
17.081051562103127
  20
7.485013970027941
  42
1
  10
17.201041402082808
  20
7.485013970027941
  42
1
  97
1
  330
1453
  75
0
  76
1
  47
0.8681437583925616
  98
1
  10
3.629517071192367
  20
33.92795499968543
  450
0
  451
0
  460
0
  461
0
  452
1
  462
1
  453
2
  463
0
  63
5
  421
255
  463
1
  63
7
  421
16777215
  470
LINEAR
  1001
ACAD
  1010
0
  1020
0
  1030
0
  0
LWPOLYLINE
  5
1455
  100
AcDbEntity
  8
Component-Marking-Layer
  100
AcDbPolyline
  90
4
  70
0
  43
0.005080010160020321
  10
17.081051562103127
  20
7.4850139700383265
  42
1
  10
17.201041402082808
  20
7.485013970018658
  10
17.201041402082808
  20
7.4850139700175555
  42
1
  10
17.081051562103127
  20
7.485013970037223
  0
HATCH
  5
1458
  100
AcDbEntity
  8
Component-Marking-Layer
  100
AcDbHatch
  10
0
  20
0
  30
0
  210
0
  220
0
  230
1
  2
SOLID
  70
1
  71
0
  91
1
  92
7
  72
1
  73
1
  93
2
  10
-1.9489712979425962
  20
10.404114808229618
  42
1
  10
-1.8290322580645162
  20
10.404114808229618
  42
1
  97
1
  330
1457
  75
0
  76
1
  47
0.8681437583925616
  98
1
  10
3.629517071192367
  20
33.92795499968543
  450
0
  451
0
  460
0
  461
0
  452
1
  462
1
  453
2
  463
0
  63
5
  421
255
  463
1
  63
7
  421
16777215
  470
LINEAR
  1001
ACAD
  1010
0
  1020
0
  1030
0
  0
LWPOLYLINE
  5
1459
  100
AcDbEntity
  8
Component-Marking-Layer
  100
AcDbPolyline
  90
2
  70
1
  43
0.005080010160020321
  10
-1.9489712979425962
  20
10.404114808229618
  42
1
  10
-1.8290322580645162
  20
10.404114808229618
  42
1
  0
HATCH
  5
1476
  100
AcDbEntity
  8
Component-Marking-Layer
  100
AcDbHatch
  10
0
  20
0
  30
0
  210
0
  220
0
  230
1
  2
SOLID
  70
1
  71
0
  91
1
  92
7
  72
1
  73
1
  93
2
  10
-1.325908051816104
  20
5.469138938277878
  42
1
  10
-1.205969011938024
  20
5.469138938277878
  42
1
  97
1
  330
1475
  75
0
  76
1
  47
0.8681437583925616
  98
1
  10
3.629517071192367
  20
33.92795499968543
  450
0
  451
0
  460
0
  461
0
  452
1
  462
1
  453
2
  463
0
  63
5
  421
255
  463
1
  63
7
  421
16777215
  470
LINEAR
  1001
ACAD
  1010
0
  1020
0
  1030
0
  0
LWPOLYLINE
  5
1477
  100
AcDbEntity
  8
Component-Marking-Layer
  100
AcDbPolyline
  90
2
  70
1
  43
0.005080010160020321
  10
-1.325908051816104
  20
5.469138938277878
  42
1
  10
-1.205969011938024
  20
5.469138938277878
  42
1
  0
HATCH
  5
1501
  100
AcDbEntity
  8
Component-Marking-Layer
  100
AcDbHatch
  10
0
  20
0
  30
0
  210
0
  220
0
  230
1
  2
SOLID
  70
1
  71
0
  91
1
  92
7
  72
1
  73
1
  93
2
  10
1.2010160020320035
  20
6.309550419100838
  42
1
  10
1.3210058420116835
  20
6.309550419100838
  42
1
  97
1
  330
1500
  75
0
  76
1
  47
0.8681437583925616
  98
1
  10
3.629517071192367
  20
33.92795499968543
  450
0
  451
0
  460
0
  461
0
  452
1
  462
1
  453
2
  463
0
  63
5
  421
255
  463
1
  63
7
  421
16777215
  470
LINEAR
  1001
ACAD
  1010
0
  1020
0
  1030
0
  0
LWPOLYLINE
  5
1502
  100
AcDbEntity
  8
Component-Marking-Layer
  100
AcDbPolyline
  90
2
  70
1
  43
0.005080010160020321
  10
1.2010160020320035
  20
6.309550419100838
  42
1
  10
1.3210058420116835
  20
6.309550419100838
  42
1
  0
LWPOLYLINE
  5
1152
  100
AcDbEntity
  8
Component-Shape-Layer
  100
AcDbPolyline
  90
4
  70
1
  43
0.05080010160020321
  10
20.993850647701297
  20
3.0560071120142243
  10
20.993850647701297
  20
4.056007112014225
  10
21.493850647701297
  20
4.056007112014225
  10
21.493850647701297
  20
3.0560071120142243
  0
LWPOLYLINE
  5
1157
  100
AcDbEntity
  8
Component-Shape-Layer
  100
AcDbPolyline
  90
4
  70
1
  43
0.05080010160020321
  10
20.18905257810516
  20
3.929692659385319
  10
20.18905257810516
  20
2.9296926593853185
  10
19.689027178054356
  20
2.9296926593853185
  10
19.689027178054356
  20
3.929692659385319
  0
LWPOLYLINE
  5
1162
  100
AcDbEntity
  8
Component-Shape-Layer
  100
AcDbPolyline
  90
4
  70
1
  43
0.05080010160020321
  10
-23.88003556007112
  20
3.802006604013209
  10
-23.88003556007112
  20
2.8020066040132083
  10
-24.380060960121924
  20
2.8020066040132083
  10
-24.380060960121924
  20
3.802006604013209
  0
LWPOLYLINE
  5
1167
  100
AcDbEntity
  8
Component-Shape-Layer
  100
AcDbPolyline
  90
4
  70
1
  43
0.05080010160020321
  10
-25.598061976123958
  20
2.8020066040132083
  10
-25.598061976123958
  20
3.802006604013209
  10
-25.098036576073156
  20
3.802006604013209
  10
-25.098036576073156
  20
2.8020066040132083
  0
LWPOLYLINE
  5
1172
  100
AcDbEntity
  8
Component-Shape-Layer
  100
AcDbPolyline
  90
4
  70
1
  43
0.05080010160020321
  10
-18.673025146050293
  20
7.485013970027941
  10
-18.673025146050293
  20
6.485013970027941
  10
-19.173050546101095
  20
6.485013970027941
  10
-19.173050546101095
  20
7.485013970027941
  0
LWPOLYLINE
  5
1177
  100
AcDbEntity
  8
Component-Shape-Layer
  100
AcDbPolyline
  90
4
  70
1
  43
0.05080010160020321
  10
-21.45183896367793
  20
3.802006604013209
  10
-21.45183896367793
  20
2.8020066040132083
  10
-21.95186436372873
  20
2.8020066040132083
  10
-21.95186436372873
  20
3.802006604013209
  0
LWPOLYLINE
  5
1182
  100
AcDbEntity
  8
Component-Shape-Layer
  100
AcDbPolyline
  90
4
  70
1
  43
0.05080010160020321
  10
-18.0234442468885
  20
6.485013970027941
  10
-18.0234442468885
  20
7.485013970027941
  10
-17.523418846837696
  20
7.485013970027941
  10
-17.523418846837696
  20
6.485013970027941
  0
LWPOLYLINE
  5
1187
  100
AcDbEntity
  8
Component-Shape-Layer
  100
AcDbPolyline
  90
4
  70
1
  43
0.05080010160020321
  10
-23.23703327406655
  20
3.026466852933706
  10
-23.23703327406655
  20
4.026466852933706
  10
-22.73703327406655
  20
4.026466852933706
  10
-22.73703327406655
  20
3.026466852933706
  0
LWPOLYLINE
  5
1192
  100
AcDbEntity
  8
Component-Shape-Layer
  100
AcDbPolyline
  90
4
  70
1
  43
0.05080010160020321
  10
23.37203454406909
  20
2.9296926593853185
  10
23.37203454406909
  20
3.929692659385319
  10
23.872059944119894
  20
3.929692659385319
  10
23.872059944119894
  20
2.9296926593853185
  0
LWPOLYLINE
  5
1197
  100
AcDbEntity
  8
Component-Shape-Layer
  100
AcDbPolyline
  90
4
  70
1
  43
0.05080010160020321
  10
22.72905765811532
  20
3.929692659385319
  10
22.72905765811532
  20
2.9296926593853185
  10
22.229032258064517
  20
2.9296926593853185
  10
22.229032258064517
  20
3.929692659385319
  0
LWPOLYLINE
  5
1202
  100
AcDbEntity
  8
Component-Shape-Layer
  100
AcDbPolyline
  90
4
  70
1
  43
0.05080010160020321
  10
15.498018796037595
  20
6.485013970027941
  10
15.498018796037595
  20
7.485013970027941
  10
15.998044196088394
  20
7.485013970027941
  10
15.998044196088394
  20
6.485013970027941
  0
LWPOLYLINE
  5
1207
  100
AcDbEntity
  8
Component-Shape-Layer
  100
AcDbPolyline
  90
4
  70
1
  43
0.05080010160020321
  10
17.141046482092968
  20
7.485013970027941
  10
17.141046482092968
  20
6.485013970027941
  10
16.641021082042165
  20
6.485013970027941
  10
16.641021082042165
  20
7.485013970027941
  0
LWPOLYLINE
  5
1212
  100
AcDbEntity
  8
Component-Shape-Layer
  100
AcDbPolyline
  90
4
  70
1
  43
0.05080010160020321
  10
0.11099822199644396
  20
9.154000508001017
  10
-1.8890017780035562
  20
9.154000508001017
  10
-1.8890017780035562
  20
10.404013208026416
  10
0.11099822199644396
  20
10.404013208026416
  0
LWPOLYLINE
  5
1223
  100
AcDbEntity
  8
Component-Shape-Layer
  100
AcDbPolyline
  90
4
  70
1
  43
0.05080010160020321
  10
-1.265989331978664
  20
5.469011938023877
  10
-1.2659893319786641
  20
6.469011938023876
  10
-0.7659893319786641
  20
6.469011938023876
  10
-0.765989331978664
  20
5.469011938023877
  0
LWPOLYLINE
  5
1228
  100
AcDbEntity
  8
Component-Shape-Layer
  100
AcDbPolyline
  90
4
  70
1
  43
0.05080010160020321
  10
1.2610109220218435
  20
0.7011938023876049
  10
1.2610109220218435
  20
5.801193802387606
  10
9.661036322072645
  20
5.801193802387606
  10
9.661036322072645
  20
0.7011938023876049
  0
LWPOLYLINE
  5
1360
  100
AcDbEntity
  8
Component-Shape-Layer
  100
AcDbPolyline
  90
4
  70
1
  43
0.05080010160020321
  10
20.993850647701297
  20
3.0560071120142243
  10
20.993850647701297
  20
4.056007112014225
  10
21.493850647701297
  20
4.056007112014225
  10
21.493850647701297
  20
3.0560071120142243
  0
LWPOLYLINE
  5
1368
  100
AcDbEntity
  8
Component-Shape-Layer
  100
AcDbPolyline
  90
4
  70
1
  43
0.05080010160020321
  10
20.18905257810516
  20
3.929692659385319
  10
20.18905257810516
  20
2.9296926593853185
  10
19.689027178054356
  20
2.9296926593853185
  10
19.689027178054356
  20
3.929692659385319
  0
LWPOLYLINE
  5
1376
  100
AcDbEntity
  8
Component-Shape-Layer
  100
AcDbPolyline
  90
4
  70
1
  43
0.05080010160020321
  10
-23.88003556007112
  20
3.802006604013209
  10
-23.88003556007112
  20
2.8020066040132083
  10
-24.380060960121924
  20
2.8020066040132083
  10
-24.380060960121924
  20
3.802006604013209
  0
LWPOLYLINE
  5
1384
  100
AcDbEntity
  8
Component-Shape-Layer
  100
AcDbPolyline
  90
4
  70
1
  43
0.05080010160020321
  10
-25.598061976123958
  20
2.8020066040132083
  10
-25.598061976123958
  20
3.802006604013209
  10
-25.098036576073156
  20
3.802006604013209
  10
-25.098036576073156
  20
2.8020066040132083
  0
LWPOLYLINE
  5
1392
  100
AcDbEntity
  8
Component-Shape-Layer
  100
AcDbPolyline
  90
4
  70
1
  43
0.05080010160020321
  10
-18.673025146050293
  20
7.485013970027941
  10
-18.673025146050293
  20
6.485013970027941
  10
-19.173050546101095
  20
6.485013970027941
  10
-19.173050546101095
  20
7.485013970027941
  0
LWPOLYLINE
  5
1400
  100
AcDbEntity
  8
Component-Shape-Layer
  100
AcDbPolyline
  90
4
  70
1
  43
0.05080010160020321
  10
-21.45183896367793
  20
3.802006604013209
  10
-21.45183896367793
  20
2.8020066040132083
  10
-21.95186436372873
  20
2.8020066040132083
  10
-21.95186436372873
  20
3.802006604013209
  0
LWPOLYLINE
  5
1408
  100
AcDbEntity
  8
Component-Shape-Layer
  100
AcDbPolyline
  90
4
  70
1
  43
0.05080010160020321
  10
-18.0234442468885
  20
6.485013970027941
  10
-18.0234442468885
  20
7.485013970027941
  10
-17.523418846837696
  20
7.485013970027941
  10
-17.523418846837696
  20
6.485013970027941
  0
LWPOLYLINE
  5
1416
  100
AcDbEntity
  8
Component-Shape-Layer
  100
AcDbPolyline
  90
4
  70
1
  43
0.05080010160020321
  10
-23.23703327406655
  20
3.026466852933706
  10
-23.23703327406655
  20
4.026466852933706
  10
-22.73703327406655
  20
4.026466852933706
  10
-22.73703327406655
  20
3.026466852933706
  0
LWPOLYLINE
  5
1424
  100
AcDbEntity
  8
Component-Shape-Layer
  100
AcDbPolyline
  90
4
  70
1
  43
0.05080010160020321
  10
23.37203454406909
  20
2.9296926593853185
  10
23.37203454406909
  20
3.929692659385319
  10
23.872059944119894
  20
3.929692659385319
  10
23.872059944119894
  20
2.9296926593853185
  0
LWPOLYLINE
  5
1432
  100
AcDbEntity
  8
Component-Shape-Layer
  100
AcDbPolyline
  90
4
  70
1
  43
0.05080010160020321
  10
22.72905765811532
  20
3.929692659385319
  10
22.72905765811532
  20
2.9296926593853185
  10
22.229032258064517
  20
2.9296926593853185
  10
22.229032258064517
  20
3.929692659385319
  0
LWPOLYLINE
  5
1440
  100
AcDbEntity
  8
Component-Shape-Layer
  100
AcDbPolyline
  90
4
  70
1
  43
0.05080010160020321
  10
15.498018796037595
  20
6.485013970027941
  10
15.498018796037595
  20
7.485013970027941
  10
15.998044196088394
  20
7.485013970027941
  10
15.998044196088394
  20
6.485013970027941
  0
LWPOLYLINE
  5
1448
  100
AcDbEntity
  8
Component-Shape-Layer
  100
AcDbPolyline
  90
4
  70
1
  43
0.05080010160020321
  10
17.141046482092968
  20
7.485013970027941
  10
17.141046482092968
  20
6.485013970027941
  10
16.641021082042165
  20
6.485013970027941
  10
16.641021082042165
  20
7.485013970027941
  0
LWPOLYLINE
  5
1456
  100
AcDbEntity
  8
Component-Shape-Layer
  100
AcDbPolyline
  90
4
  70
1
  43
0.05080010160020321
  10
0.11099822199644396
  20
9.154000508001017
  10
-1.8890017780035562
  20
9.154000508001017
  10
-1.8890017780035562
  20
10.404013208026416
  10
0.11099822199644396
  20
10.404013208026416
  0
LWPOLYLINE
  5
1470
  100
AcDbEntity
  8
Component-Shape-Layer
  100
AcDbPolyline
  90
4
  70
1
  43
0.05080010160020321
  10
-1.265989331978664
  20
5.469011938023877
  10
-1.2659893319786641
  20
6.469011938023876
  10
-0.7659893319786641
  20
6.469011938023876
  10
-0.765989331978664
  20
5.469011938023877
  0
LWPOLYLINE
  5
1478
  100
AcDbEntity
  8
Component-Shape-Layer
  100
AcDbPolyline
  90
4
  70
1
  43
0.05080010160020321
  10
1.2610109220218435
  20
0.7011938023876049
  10
1.2610109220218435
  20
5.801193802387606
  10
9.661036322072645
  20
5.801193802387606
  10
9.661036322072645
  20
0.7011938023876049
  0
HATCH
  5
1154
  100
AcDbEntity
  8
Pin-Soldering-Layer
  100
AcDbHatch
  10
0
  20
0
  30
0
  210
0
  220
0
  230
1
  2
SOLID
  70
1
  71
0
  91
1
  92
7
  72
0
  73
1
  93
4
  10
20.993850647701297
  20
3.8074676149352302
  10
20.993850647701297
  20
4.0574549149098305
  10
21.493876047752096
  20
4.0574549149098305
  10
21.493876047752096
  20
3.8074676149352302
  97
1
  330
1153
  75
0
  76
1
  47
0.4128176842155181
  98
1
  10
34.90568961886538
  20
22.81183545379326
  450
0
  451
0
  460
0
  461
0
  452
1
  462
1
  453
2
  463
0
  63
5
  421
255
  463
1
  63
7
  421
16777215
  470
LINEAR
  1001
ACAD
  1010
0
  1020
0
  1030
0
  0
LWPOLYLINE
  5
1153
  100
AcDbEntity
  8
Pin-Soldering-Layer
  100
AcDbPolyline
  90
4
  70
1
  43
0.005080010160020321
  10
20.993850647701297
  20
3.8074676149352302
  10
20.993850647701297
  20
4.0574549149098305
  10
21.493876047752096
  20
4.0574549149098305
  10
21.493876047752096
  20
3.8074676149352302
  0
HATCH
  5
1156
  100
AcDbEntity
  8
Pin-Soldering-Layer
  100
AcDbHatch
  10
0
  20
0
  30
0
  210
0
  220
0
  230
1
  2
SOLID
  70
1
  71
0
  91
1
  92
7
  72
0
  73
1
  93
4
  10
21.493876047752096
  20
3.3070866141732287
  10
21.493876047752096
  20
3.057099314198629
  10
20.993850647701297
  20
3.057099314198629
  10
20.993850647701297
  20
3.3070866141732287
  97
1
  330
1155
  75
0
  76
1
  47
0.4128176842155181
  98
1
  10
34.90568961886538
  20
22.81183545379326
  450
0
  451
0
  460
0
  461
0
  452
1
  462
1
  453
2
  463
0
  63
5
  421
255
  463
1
  63
7
  421
16777215
  470
LINEAR
  1001
ACAD
  1010
0
  1020
0
  1030
0
  0
LWPOLYLINE
  5
1155
  100
AcDbEntity
  8
Pin-Soldering-Layer
  100
AcDbPolyline
  90
4
  70
1
  43
0.005080010160020321
  10
21.493876047752096
  20
3.3070866141732287
  10
21.493876047752096
  20
3.057099314198629
  10
20.993850647701297
  20
3.057099314198629
  10
20.993850647701297
  20
3.3070866141732287
  0
HATCH
  5
1159
  100
AcDbEntity
  8
Pin-Soldering-Layer
  100
AcDbHatch
  10
0
  20
0
  30
0
  210
0
  220
0
  230
1
  2
SOLID
  70
1
  71
0
  91
1
  92
7
  72
0
  73
1
  93
4
  10
20.18905257810516
  20
3.929692659385319
  10
20.18905257810516
  20
3.6797053594107187
  10
19.689027178054356
  20
3.6797053594107187
  10
19.689027178054356
  20
3.929692659385319
  97
1
  330
1158
  75
0
  76
1
  47
0.4128176842155181
  98
1
  10
34.90568961886538
  20
22.81183545379326
  450
0
  451
0
  460
0
  461
0
  452
1
  462
1
  453
2
  463
0
  63
5
  421
255
  463
1
  63
7
  421
16777215
  470
LINEAR
  1001
ACAD
  1010
0
  1020
0
  1030
0
  0
LWPOLYLINE
  5
1158
  100
AcDbEntity
  8
Pin-Soldering-Layer
  100
AcDbPolyline
  90
4
  70
1
  43
0.005080010160020321
  10
20.18905257810516
  20
3.929692659385319
  10
20.18905257810516
  20
3.6797053594107187
  10
19.689027178054356
  20
3.6797053594107187
  10
19.689027178054356
  20
3.929692659385319
  0
HATCH
  5
1161
  100
AcDbEntity
  8
Pin-Soldering-Layer
  100
AcDbHatch
  10
0
  20
0
  30
0
  210
0
  220
0
  230
1
  2
SOLID
  70
1
  71
0
  91
1
  92
7
  72
0
  73
1
  93
4
  10
20.18905257810516
  20
2.9296926593853185
  10
19.689027178054356
  20
2.9296926593853185
  10
19.689027178054356
  20
3.179679959359919
  10
20.18905257810516
  20
3.179679959359919
  97
1
  330
1160
  75
0
  76
1
  47
0.4128176842155181
  98
1
  10
34.90568961886538
  20
22.81183545379326
  450
0
  451
0
  460
0
  461
0
  452
1
  462
1
  453
2
  463
0
  63
5
  421
255
  463
1
  63
7
  421
16777215
  470
LINEAR
  1001
ACAD
  1010
0
  1020
0
  1030
0
  0
LWPOLYLINE
  5
1160
  100
AcDbEntity
  8
Pin-Soldering-Layer
  100
AcDbPolyline
  90
4
  70
1
  43
0.005080010160020321
  10
20.18905257810516
  20
2.9296926593853185
  10
19.689027178054356
  20
2.9296926593853185
  10
19.689027178054356
  20
3.179679959359919
  10
20.18905257810516
  20
3.179679959359919
  0
HATCH
  5
1164
  100
AcDbEntity
  8
Pin-Soldering-Layer
  100
AcDbHatch
  10
0
  20
0
  30
0
  210
0
  220
0
  230
1
  2
SOLID
  70
1
  71
0
  91
1
  92
7
  72
0
  73
1
  93
4
  10
-23.88003556007112
  20
3.802006604013209
  10
-23.88003556007112
  20
3.5520193040386085
  10
-24.380060960121924
  20
3.5520193040386085
  10
-24.380060960121924
  20
3.802006604013209
  97
1
  330
1163
  75
0
  76
1
  47
0.4128176842155181
  98
1
  10
34.90568961886538
  20
22.81183545379326
  450
0
  451
0
  460
0
  461
0
  452
1
  462
1
  453
2
  463
0
  63
5
  421
255
  463
1
  63
7
  421
16777215
  470
LINEAR
  1001
ACAD
  1010
0
  1020
0
  1030
0
  0
LWPOLYLINE
  5
1163
  100
AcDbEntity
  8
Pin-Soldering-Layer
  100
AcDbPolyline
  90
4
  70
1
  43
0.005080010160020321
  10
-23.88003556007112
  20
3.802006604013209
  10
-23.88003556007112
  20
3.5520193040386085
  10
-24.380060960121924
  20
3.5520193040386085
  10
-24.380060960121924
  20
3.802006604013209
  0
HATCH
  5
1166
  100
AcDbEntity
  8
Pin-Soldering-Layer
  100
AcDbHatch
  10
0
  20
0
  30
0
  210
0
  220
0
  230
1
  2
SOLID
  70
1
  71
0
  91
1
  92
7
  72
0
  73
1
  93
4
  10
-23.88003556007112
  20
2.8020066040132083
  10
-24.380060960121924
  20
2.8020066040132083
  10
-24.380060960121924
  20
3.0519939039878086
  10
-23.88003556007112
  20
3.0519939039878086
  97
1
  330
1165
  75
0
  76
1
  47
0.4128176842155181
  98
1
  10
34.90568961886538
  20
22.81183545379326
  450
0
  451
0
  460
0
  461
0
  452
1
  462
1
  453
2
  463
0
  63
5
  421
255
  463
1
  63
7
  421
16777215
  470
LINEAR
  1001
ACAD
  1010
0
  1020
0
  1030
0
  0
LWPOLYLINE
  5
1165
  100
AcDbEntity
  8
Pin-Soldering-Layer
  100
AcDbPolyline
  90
4
  70
1
  43
0.005080010160020321
  10
-23.88003556007112
  20
2.8020066040132083
  10
-24.380060960121924
  20
2.8020066040132083
  10
-24.380060960121924
  20
3.0519939039878086
  10
-23.88003556007112
  20
3.0519939039878086
  0
HATCH
  5
1169
  100
AcDbEntity
  8
Pin-Soldering-Layer
  100
AcDbHatch
  10
0
  20
0
  30
0
  210
0
  220
0
  230
1
  2
SOLID
  70
1
  71
0
  91
1
  92
7
  72
0
  73
1
  93
4
  10
-25.598061976123958
  20
2.8020066040132083
  10
-25.598061976123958
  20
3.0519939039878086
  10
-25.098036576073156
  20
3.0519939039878086
  10
-25.098036576073156
  20
2.8020066040132083
  97
1
  330
1168
  75
0
  76
1
  47
0.4128176842155181
  98
1
  10
34.90568961886538
  20
22.81183545379326
  450
0
  451
0
  460
0
  461
0
  452
1
  462
1
  453
2
  463
0
  63
5
  421
255
  463
1
  63
7
  421
16777215
  470
LINEAR
  1001
ACAD
  1010
0
  1020
0
  1030
0
  0
LWPOLYLINE
  5
1168
  100
AcDbEntity
  8
Pin-Soldering-Layer
  100
AcDbPolyline
  90
4
  70
1
  43
0.005080010160020321
  10
-25.598061976123958
  20
2.8020066040132083
  10
-25.598061976123958
  20
3.0519939039878086
  10
-25.098036576073156
  20
3.0519939039878086
  10
-25.098036576073156
  20
2.8020066040132083
  0
HATCH
  5
1171
  100
AcDbEntity
  8
Pin-Soldering-Layer
  100
AcDbHatch
  10
0
  20
0
  30
0
  210
0
  220
0
  230
1
  2
SOLID
  70
1
  71
0
  91
1
  92
7
  72
0
  73
1
  93
4
  10
-25.598061976123958
  20
3.802006604013209
  10
-25.098036576073156
  20
3.802006604013209
  10
-25.098036576073156
  20
3.5520193040386085
  10
-25.598061976123958
  20
3.5520193040386085
  97
1
  330
1170
  75
0
  76
1
  47
0.4128176842155181
  98
1
  10
34.90568961886538
  20
22.81183545379326
  450
0
  451
0
  460
0
  461
0
  452
1
  462
1
  453
2
  463
0
  63
5
  421
255
  463
1
  63
7
  421
16777215
  470
LINEAR
  1001
ACAD
  1010
0
  1020
0
  1030
0
  0
LWPOLYLINE
  5
1170
  100
AcDbEntity
  8
Pin-Soldering-Layer
  100
AcDbPolyline
  90
4
  70
1
  43
0.005080010160020321
  10
-25.598061976123958
  20
3.802006604013209
  10
-25.098036576073156
  20
3.802006604013209
  10
-25.098036576073156
  20
3.5520193040386085
  10
-25.598061976123958
  20
3.5520193040386085
  0
HATCH
  5
1174
  100
AcDbEntity
  8
Pin-Soldering-Layer
  100
AcDbHatch
  10
0
  20
0
  30
0
  210
0
  220
0
  230
1
  2
SOLID
  70
1
  71
0
  91
1
  92
7
  72
0
  73
1
  93
4
  10
-18.673025146050293
  20
7.485013970027941
  10
-18.673025146050293
  20
7.235026670053341
  10
-19.173050546101095
  20
7.235026670053341
  10
-19.173050546101095
  20
7.485013970027941
  97
1
  330
1173
  75
0
  76
1
  47
0.4128176842155181
  98
1
  10
34.90568961886538
  20
22.81183545379326
  450
0
  451
0
  460
0
  461
0
  452
1
  462
1
  453
2
  463
0
  63
5
  421
255
  463
1
  63
7
  421
16777215
  470
LINEAR
  1001
ACAD
  1010
0
  1020
0
  1030
0
  0
LWPOLYLINE
  5
1173
  100
AcDbEntity
  8
Pin-Soldering-Layer
  100
AcDbPolyline
  90
4
  70
1
  43
0.005080010160020321
  10
-18.673025146050293
  20
7.485013970027941
  10
-18.673025146050293
  20
7.235026670053341
  10
-19.173050546101095
  20
7.235026670053341
  10
-19.173050546101095
  20
7.485013970027941
  0
HATCH
  5
1176
  100
AcDbEntity
  8
Pin-Soldering-Layer
  100
AcDbHatch
  10
0
  20
0
  30
0
  210
0
  220
0
  230
1
  2
SOLID
  70
1
  71
0
  91
1
  92
7
  72
0
  73
1
  93
4
  10
-18.673025146050293
  20
6.485013970027941
  10
-19.173050546101095
  20
6.485013970027941
  10
-19.173050546101095
  20
6.735001270002541
  10
-18.673025146050293
  20
6.735001270002541
  97
1
  330
1175
  75
0
  76
1
  47
0.4128176842155181
  98
1
  10
34.90568961886538
  20
22.81183545379326
  450
0
  451
0
  460
0
  461
0
  452
1
  462
1
  453
2
  463
0
  63
5
  421
255
  463
1
  63
7
  421
16777215
  470
LINEAR
  1001
ACAD
  1010
0
  1020
0
  1030
0
  0
LWPOLYLINE
  5
1175
  100
AcDbEntity
  8
Pin-Soldering-Layer
  100
AcDbPolyline
  90
4
  70
1
  43
0.005080010160020321
  10
-18.673025146050293
  20
6.485013970027941
  10
-19.173050546101095
  20
6.485013970027941
  10
-19.173050546101095
  20
6.735001270002541
  10
-18.673025146050293
  20
6.735001270002541
  0
HATCH
  5
1179
  100
AcDbEntity
  8
Pin-Soldering-Layer
  100
AcDbHatch
  10
0
  20
0
  30
0
  210
0
  220
0
  230
1
  2
SOLID
  70
1
  71
0
  91
1
  92
7
  72
0
  73
1
  93
4
  10
-21.45183896367793
  20
3.802006604013209
  10
-21.45183896367793
  20
3.5520193040386085
  10
-21.95186436372873
  20
3.5520193040386085
  10
-21.95186436372873
  20
3.802006604013209
  97
1
  330
1178
  75
0
  76
1
  47
0.4128176842155181
  98
1
  10
34.90568961886538
  20
22.81183545379326
  450
0
  451
0
  460
0
  461
0
  452
1
  462
1
  453
2
  463
0
  63
5
  421
255
  463
1
  63
7
  421
16777215
  470
LINEAR
  1001
ACAD
  1010
0
  1020
0
  1030
0
  0
LWPOLYLINE
  5
1178
  100
AcDbEntity
  8
Pin-Soldering-Layer
  100
AcDbPolyline
  90
4
  70
1
  43
0.005080010160020321
  10
-21.45183896367793
  20
3.802006604013209
  10
-21.45183896367793
  20
3.5520193040386085
  10
-21.95186436372873
  20
3.5520193040386085
  10
-21.95186436372873
  20
3.802006604013209
  0
HATCH
  5
1181
  100
AcDbEntity
  8
Pin-Soldering-Layer
  100
AcDbHatch
  10
0
  20
0
  30
0
  210
0
  220
0
  230
1
  2
SOLID
  70
1
  71
0
  91
1
  92
7
  72
0
  73
1
  93
4
  10
-21.45183896367793
  20
2.8020066040132083
  10
-21.95186436372873
  20
2.8020066040132083
  10
-21.95186436372873
  20
3.0519939039878086
  10
-21.45183896367793
  20
3.0519939039878086
  97
1
  330
1180
  75
0
  76
1
  47
0.4128176842155181
  98
1
  10
34.90568961886538
  20
22.81183545379326
  450
0
  451
0
  460
0
  461
0
  452
1
  462
1
  453
2
  463
0
  63
5
  421
255
  463
1
  63
7
  421
16777215
  470
LINEAR
  1001
ACAD
  1010
0
  1020
0
  1030
0
  0
LWPOLYLINE
  5
1180
  100
AcDbEntity
  8
Pin-Soldering-Layer
  100
AcDbPolyline
  90
4
  70
1
  43
0.005080010160020321
  10
-21.45183896367793
  20
2.8020066040132083
  10
-21.95186436372873
  20
2.8020066040132083
  10
-21.95186436372873
  20
3.0519939039878086
  10
-21.45183896367793
  20
3.0519939039878086
  0
HATCH
  5
1184
  100
AcDbEntity
  8
Pin-Soldering-Layer
  100
AcDbHatch
  10
0
  20
0
  30
0
  210
0
  220
0
  230
1
  2
SOLID
  70
1
  71
0
  91
1
  92
7
  72
0
  73
1
  93
4
  10
-18.0234442468885
  20
6.485013970027941
  10
-18.0234442468885
  20
6.735001270002541
  10
-17.523418846837696
  20
6.735001270002541
  10
-17.523418846837696
  20
6.485013970027941
  97
1
  330
1183
  75
0
  76
1
  47
0.4128176842155181
  98
1
  10
34.90568961886538
  20
22.81183545379326
  450
0
  451
0
  460
0
  461
0
  452
1
  462
1
  453
2
  463
0
  63
5
  421
255
  463
1
  63
7
  421
16777215
  470
LINEAR
  1001
ACAD
  1010
0
  1020
0
  1030
0
  0
LWPOLYLINE
  5
1183
  100
AcDbEntity
  8
Pin-Soldering-Layer
  100
AcDbPolyline
  90
4
  70
1
  43
0.005080010160020321
  10
-18.0234442468885
  20
6.485013970027941
  10
-18.0234442468885
  20
6.735001270002541
  10
-17.523418846837696
  20
6.735001270002541
  10
-17.523418846837696
  20
6.485013970027941
  0
HATCH
  5
1186
  100
AcDbEntity
  8
Pin-Soldering-Layer
  100
AcDbHatch
  10
0
  20
0
  30
0
  210
0
  220
0
  230
1
  2
SOLID
  70
1
  71
0
  91
1
  92
7
  72
0
  73
1
  93
4
  10
-18.0234442468885
  20
7.485013970027941
  10
-17.523418846837696
  20
7.485013970027941
  10
-17.523418846837696
  20
7.235026670053341
  10
-18.0234442468885
  20
7.235026670053341
  97
1
  330
1185
  75
0
  76
1
  47
0.4128176842155181
  98
1
  10
34.90568961886538
  20
22.81183545379326
  450
0
  451
0
  460
0
  461
0
  452
1
  462
1
  453
2
  463
0
  63
5
  421
255
  463
1
  63
7
  421
16777215
  470
LINEAR
  1001
ACAD
  1010
0
  1020
0
  1030
0
  0
LWPOLYLINE
  5
1185
  100
AcDbEntity
  8
Pin-Soldering-Layer
  100
AcDbPolyline
  90
4
  70
1
  43
0.005080010160020321
  10
-18.0234442468885
  20
7.485013970027941
  10
-17.523418846837696
  20
7.485013970027941
  10
-17.523418846837696
  20
7.235026670053341
  10
-18.0234442468885
  20
7.235026670053341
  0
HATCH
  5
1189
  100
AcDbEntity
  8
Pin-Soldering-Layer
  100
AcDbHatch
  10
0
  20
0
  30
0
  210
0
  220
0
  230
1
  2
SOLID
  70
1
  71
0
  91
1
  92
7
  72
0
  73
1
  93
4
  10
-23.23703327406655
  20
3.777927355854712
  10
-23.23703327406655
  20
4.027914655829312
  10
-22.737007874015752
  20
4.027914655829312
  10
-22.737007874015752
  20
3.777927355854712
  97
1
  330
1188
  75
0
  76
1
  47
0.4128176842155181
  98
1
  10
34.90568961886538
  20
22.81183545379326
  450
0
  451
0
  460
0
  461
0
  452
1
  462
1
  453
2
  463
0
  63
5
  421
255
  463
1
  63
7
  421
16777215
  470
LINEAR
  1001
ACAD
  1010
0
  1020
0
  1030
0
  0
LWPOLYLINE
  5
1188
  100
AcDbEntity
  8
Pin-Soldering-Layer
  100
AcDbPolyline
  90
4
  70
1
  43
0.005080010160020321
  10
-23.23703327406655
  20
3.777927355854712
  10
-23.23703327406655
  20
4.027914655829312
  10
-22.737007874015752
  20
4.027914655829312
  10
-22.737007874015752
  20
3.777927355854712
  0
HATCH
  5
1191
  100
AcDbEntity
  8
Pin-Soldering-Layer
  100
AcDbHatch
  10
0
  20
0
  30
0
  210
0
  220
0
  230
1
  2
SOLID
  70
1
  71
0
  91
1
  92
7
  72
0
  73
1
  93
4
  10
-22.737007874015752
  20
3.2775463550927104
  10
-22.737007874015752
  20
3.0275590551181106
  10
-23.23703327406655
  20
3.0275590551181106
  10
-23.23703327406655
  20
3.2775463550927104
  97
1
  330
1190
  75
0
  76
1
  47
0.4128176842155181
  98
1
  10
34.90568961886538
  20
22.81183545379326
  450
0
  451
0
  460
0
  461
0
  452
1
  462
1
  453
2
  463
0
  63
5
  421
255
  463
1
  63
7
  421
16777215
  470
LINEAR
  1001
ACAD
  1010
0
  1020
0
  1030
0
  0
LWPOLYLINE
  5
1190
  100
AcDbEntity
  8
Pin-Soldering-Layer
  100
AcDbPolyline
  90
4
  70
1
  43
0.005080010160020321
  10
-22.737007874015752
  20
3.2775463550927104
  10
-22.737007874015752
  20
3.0275590551181106
  10
-23.23703327406655
  20
3.0275590551181106
  10
-23.23703327406655
  20
3.2775463550927104
  0
HATCH
  5
1194
  100
AcDbEntity
  8
Pin-Soldering-Layer
  100
AcDbHatch
  10
0
  20
0
  30
0
  210
0
  220
0
  230
1
  2
SOLID
  70
1
  71
0
  91
1
  92
7
  72
0
  73
1
  93
4
  10
23.37203454406909
  20
2.9296926593853185
  10
23.37203454406909
  20
3.179679959359919
  10
23.872059944119894
  20
3.179679959359919
  10
23.872059944119894
  20
2.9296926593853185
  97
1
  330
1193
  75
0
  76
1
  47
0.4128176842155181
  98
1
  10
34.90568961886538
  20
22.81183545379326
  450
0
  451
0
  460
0
  461
0
  452
1
  462
1
  453
2
  463
0
  63
5
  421
255
  463
1
  63
7
  421
16777215
  470
LINEAR
  1001
ACAD
  1010
0
  1020
0
  1030
0
  0
LWPOLYLINE
  5
1193
  100
AcDbEntity
  8
Pin-Soldering-Layer
  100
AcDbPolyline
  90
4
  70
1
  43
0.005080010160020321
  10
23.37203454406909
  20
2.9296926593853185
  10
23.37203454406909
  20
3.179679959359919
  10
23.872059944119894
  20
3.179679959359919
  10
23.872059944119894
  20
2.9296926593853185
  0
HATCH
  5
1196
  100
AcDbEntity
  8
Pin-Soldering-Layer
  100
AcDbHatch
  10
0
  20
0
  30
0
  210
0
  220
0
  230
1
  2
SOLID
  70
1
  71
0
  91
1
  92
7
  72
0
  73
1
  93
4
  10
23.37203454406909
  20
3.929692659385319
  10
23.872059944119894
  20
3.929692659385319
  10
23.872059944119894
  20
3.6797053594107187
  10
23.37203454406909
  20
3.6797053594107187
  97
1
  330
1195
  75
0
  76
1
  47
0.4128176842155181
  98
1
  10
34.90568961886538
  20
22.81183545379326
  450
0
  451
0
  460
0
  461
0
  452
1
  462
1
  453
2
  463
0
  63
5
  421
255
  463
1
  63
7
  421
16777215
  470
LINEAR
  1001
ACAD
  1010
0
  1020
0
  1030
0
  0
LWPOLYLINE
  5
1195
  100
AcDbEntity
  8
Pin-Soldering-Layer
  100
AcDbPolyline
  90
4
  70
1
  43
0.005080010160020321
  10
23.37203454406909
  20
3.929692659385319
  10
23.872059944119894
  20
3.929692659385319
  10
23.872059944119894
  20
3.6797053594107187
  10
23.37203454406909
  20
3.6797053594107187
  0
HATCH
  5
1199
  100
AcDbEntity
  8
Pin-Soldering-Layer
  100
AcDbHatch
  10
0
  20
0
  30
0
  210
0
  220
0
  230
1
  2
SOLID
  70
1
  71
0
  91
1
  92
7
  72
0
  73
1
  93
4
  10
22.72905765811532
  20
3.929692659385319
  10
22.72905765811532
  20
3.6797053594107187
  10
22.229032258064517
  20
3.6797053594107187
  10
22.229032258064517
  20
3.929692659385319
  97
1
  330
1198
  75
0
  76
1
  47
0.4128176842155181
  98
1
  10
34.90568961886538
  20
22.81183545379326
  450
0
  451
0
  460
0
  461
0
  452
1
  462
1
  453
2
  463
0
  63
5
  421
255
  463
1
  63
7
  421
16777215
  470
LINEAR
  1001
ACAD
  1010
0
  1020
0
  1030
0
  0
LWPOLYLINE
  5
1198
  100
AcDbEntity
  8
Pin-Soldering-Layer
  100
AcDbPolyline
  90
4
  70
1
  43
0.005080010160020321
  10
22.72905765811532
  20
3.929692659385319
  10
22.72905765811532
  20
3.6797053594107187
  10
22.229032258064517
  20
3.6797053594107187
  10
22.229032258064517
  20
3.929692659385319
  0
HATCH
  5
1201
  100
AcDbEntity
  8
Pin-Soldering-Layer
  100
AcDbHatch
  10
0
  20
0
  30
0
  210
0
  220
0
  230
1
  2
SOLID
  70
1
  71
0
  91
1
  92
7
  72
0
  73
1
  93
4
  10
22.72905765811532
  20
2.9296926593853185
  10
22.229032258064517
  20
2.9296926593853185
  10
22.229032258064517
  20
3.179679959359919
  10
22.72905765811532
  20
3.179679959359919
  97
1
  330
1200
  75
0
  76
1
  47
0.4128176842155181
  98
1
  10
34.90568961886538
  20
22.81183545379326
  450
0
  451
0
  460
0
  461
0
  452
1
  462
1
  453
2
  463
0
  63
5
  421
255
  463
1
  63
7
  421
16777215
  470
LINEAR
  1001
ACAD
  1010
0
  1020
0
  1030
0
  0
LWPOLYLINE
  5
1200
  100
AcDbEntity
  8
Pin-Soldering-Layer
  100
AcDbPolyline
  90
4
  70
1
  43
0.005080010160020321
  10
22.72905765811532
  20
2.9296926593853185
  10
22.229032258064517
  20
2.9296926593853185
  10
22.229032258064517
  20
3.179679959359919
  10
22.72905765811532
  20
3.179679959359919
  0
HATCH
  5
1204
  100
AcDbEntity
  8
Pin-Soldering-Layer
  100
AcDbHatch
  10
0
  20
0
  30
0
  210
0
  220
0
  230
1
  2
SOLID
  70
1
  71
0
  91
1
  92
7
  72
0
  73
1
  93
4
  10
15.498018796037595
  20
6.485013970027941
  10
15.498018796037595
  20
6.735001270002541
  10
15.998044196088394
  20
6.735001270002541
  10
15.998044196088394
  20
6.485013970027941
  97
1
  330
1203
  75
0
  76
1
  47
0.4128176842155181
  98
1
  10
34.90568961886538
  20
22.81183545379326
  450
0
  451
0
  460
0
  461
0
  452
1
  462
1
  453
2
  463
0
  63
5
  421
255
  463
1
  63
7
  421
16777215
  470
LINEAR
  1001
ACAD
  1010
0
  1020
0
  1030
0
  0
LWPOLYLINE
  5
1203
  100
AcDbEntity
  8
Pin-Soldering-Layer
  100
AcDbPolyline
  90
4
  70
1
  43
0.005080010160020321
  10
15.498018796037595
  20
6.485013970027941
  10
15.498018796037595
  20
6.735001270002541
  10
15.998044196088394
  20
6.735001270002541
  10
15.998044196088394
  20
6.485013970027941
  0
HATCH
  5
1206
  100
AcDbEntity
  8
Pin-Soldering-Layer
  100
AcDbHatch
  10
0
  20
0
  30
0
  210
0
  220
0
  230
1
  2
SOLID
  70
1
  71
0
  91
1
  92
7
  72
0
  73
1
  93
4
  10
15.498018796037595
  20
7.485013970027941
  10
15.998044196088394
  20
7.485013970027941
  10
15.998044196088394
  20
7.235026670053341
  10
15.498018796037595
  20
7.235026670053341
  97
1
  330
1205
  75
0
  76
1
  47
0.4128176842155181
  98
1
  10
34.90568961886538
  20
22.81183545379326
  450
0
  451
0
  460
0
  461
0
  452
1
  462
1
  453
2
  463
0
  63
5
  421
255
  463
1
  63
7
  421
16777215
  470
LINEAR
  1001
ACAD
  1010
0
  1020
0
  1030
0
  0
LWPOLYLINE
  5
1205
  100
AcDbEntity
  8
Pin-Soldering-Layer
  100
AcDbPolyline
  90
4
  70
1
  43
0.005080010160020321
  10
15.498018796037595
  20
7.485013970027941
  10
15.998044196088394
  20
7.485013970027941
  10
15.998044196088394
  20
7.235026670053341
  10
15.498018796037595
  20
7.235026670053341
  0
HATCH
  5
1209
  100
AcDbEntity
  8
Pin-Soldering-Layer
  100
AcDbHatch
  10
0
  20
0
  30
0
  210
0
  220
0
  230
1
  2
SOLID
  70
1
  71
0
  91
1
  92
7
  72
0
  73
1
  93
4
  10
17.141046482092968
  20
7.485013970027941
  10
17.141046482092968
  20
7.235026670053341
  10
16.641021082042165
  20
7.235026670053341
  10
16.641021082042165
  20
7.485013970027941
  97
1
  330
1208
  75
0
  76
1
  47
0.4128176842155181
  98
1
  10
34.90568961886538
  20
22.81183545379326
  450
0
  451
0
  460
0
  461
0
  452
1
  462
1
  453
2
  463
0
  63
5
  421
255
  463
1
  63
7
  421
16777215
  470
LINEAR
  1001
ACAD
  1010
0
  1020
0
  1030
0
  0
LWPOLYLINE
  5
1208
  100
AcDbEntity
  8
Pin-Soldering-Layer
  100
AcDbPolyline
  90
4
  70
1
  43
0.005080010160020321
  10
17.141046482092968
  20
7.485013970027941
  10
17.141046482092968
  20
7.235026670053341
  10
16.641021082042165
  20
7.235026670053341
  10
16.641021082042165
  20
7.485013970027941
  0
HATCH
  5
1211
  100
AcDbEntity
  8
Pin-Soldering-Layer
  100
AcDbHatch
  10
0
  20
0
  30
0
  210
0
  220
0
  230
1
  2
SOLID
  70
1
  71
0
  91
1
  92
7
  72
0
  73
1
  93
4
  10
17.141046482092968
  20
6.485013970027941
  10
16.641021082042165
  20
6.485013970027941
  10
16.641021082042165
  20
6.735001270002541
  10
17.141046482092968
  20
6.735001270002541
  97
1
  330
1210
  75
0
  76
1
  47
0.4128176842155181
  98
1
  10
34.90568961886538
  20
22.81183545379326
  450
0
  451
0
  460
0
  461
0
  452
1
  462
1
  453
2
  463
0
  63
5
  421
255
  463
1
  63
7
  421
16777215
  470
LINEAR
  1001
ACAD
  1010
0
  1020
0
  1030
0
  0
LWPOLYLINE
  5
1210
  100
AcDbEntity
  8
Pin-Soldering-Layer
  100
AcDbPolyline
  90
4
  70
1
  43
0.005080010160020321
  10
17.141046482092968
  20
6.485013970027941
  10
16.641021082042165
  20
6.485013970027941
  10
16.641021082042165
  20
6.735001270002541
  10
17.141046482092968
  20
6.735001270002541
  0
HATCH
  5
1214
  100
AcDbEntity
  8
Pin-Soldering-Layer
  100
AcDbHatch
  10
0
  20
0
  30
0
  210
0
  220
0
  230
1
  2
SOLID
  70
1
  71
0
  91
1
  92
7
  72
0
  73
1
  93
4
  10
-1.8890017780035562
  20
9.154025908051818
  10
-1.8890017780035562
  20
10.404013208026416
  10
-1.489001778003556
  20
10.404013208026416
  10
-1.489001778003556
  20
9.154025908051818
  97
1
  330
1213
  75
0
  76
1
  47
0.4128176842155181
  98
1
  10
34.90568961886538
  20
22.81183545379326
  450
0
  451
0
  460
0
  461
0
  452
1
  462
1
  453
2
  463
0
  63
5
  421
255
  463
1
  63
7
  421
16777215
  470
LINEAR
  1001
ACAD
  1010
0
  1020
0
  1030
0
  0
LWPOLYLINE
  5
1213
  100
AcDbEntity
  8
Pin-Soldering-Layer
  100
AcDbPolyline
  90
4
  70
1
  43
0.005080010160020321
  10
-1.8890017780035562
  20
9.154025908051818
  10
-1.8890017780035562
  20
10.404013208026416
  10
-1.489001778003556
  20
10.404013208026416
  10
-1.489001778003556
  20
9.154025908051818
  0
HATCH
  5
1216
  100
AcDbEntity
  8
Pin-Soldering-Layer
  100
AcDbHatch
  10
0
  20
0
  30
0
  210
0
  220
0
  230
1
  2
SOLID
  70
1
  71
0
  91
1
  92
7
  72
0
  73
1
  93
4
  10
-0.28900177800355603
  20
9.154025908051818
  10
-0.28900177800355603
  20
10.404013208026416
  10
0.11099822199644396
  20
10.404013208026416
  10
0.11099822199644396
  20
9.154025908051818
  97
1
  330
1215
  75
0
  76
1
  47
0.4128176842155181
  98
1
  10
34.90568961886538
  20
22.81183545379326
  450
0
  451
0
  460
0
  461
0
  452
1
  462
1
  453
2
  463
0
  63
5
  421
255
  463
1
  63
7
  421
16777215
  470
LINEAR
  1001
ACAD
  1010
0
  1020
0
  1030
0
  0
LWPOLYLINE
  5
1215
  100
AcDbEntity
  8
Pin-Soldering-Layer
  100
AcDbPolyline
  90
4
  70
1
  43
0.005080010160020321
  10
-0.28900177800355603
  20
9.154025908051818
  10
-0.28900177800355603
  20
10.404013208026416
  10
0.11099822199644396
  20
10.404013208026416
  10
0.11099822199644396
  20
9.154025908051818
  0
HATCH
  5
1225
  100
AcDbEntity
  8
Pin-Soldering-Layer
  100
AcDbHatch
  10
0
  20
0
  30
0
  210
0
  220
0
  230
1
  2
SOLID
  70
1
  71
0
  91
1
  92
7
  72
0
  73
1
  93
4
  10
-1.2659893319786641
  20
6.220472440944882
  10
-1.2659893319786641
  20
6.470459740919482
  10
-0.7659639319278639
  20
6.470459740919482
  10
-0.7659639319278639
  20
6.220472440944882
  97
1
  330
1224
  75
0
  76
1
  47
0.4128176842155181
  98
1
  10
34.90568961886538
  20
22.81183545379326
  450
0
  451
0
  460
0
  461
0
  452
1
  462
1
  453
2
  463
0
  63
5
  421
255
  463
1
  63
7
  421
16777215
  470
LINEAR
  1001
ACAD
  1010
0
  1020
0
  1030
0
  0
LWPOLYLINE
  5
1224
  100
AcDbEntity
  8
Pin-Soldering-Layer
  100
AcDbPolyline
  90
4
  70
1
  43
0.005080010160020321
  10
-1.2659893319786641
  20
6.220472440944882
  10
-1.2659893319786641
  20
6.470459740919482
  10
-0.7659639319278639
  20
6.470459740919482
  10
-0.7659639319278639
  20
6.220472440944882
  0
HATCH
  5
1227
  100
AcDbEntity
  8
Pin-Soldering-Layer
  100
AcDbHatch
  10
0
  20
0
  30
0
  210
0
  220
0
  230
1
  2
SOLID
  70
1
  71
0
  91
1
  92
7
  72
0
  73
1
  93
4
  10
-0.7659639319278639
  20
5.720091440182881
  10
-0.7659639319278639
  20
5.4701041402082815
  10
-1.265989331978664
  20
5.4701041402082815
  10
-1.265989331978664
  20
5.720091440182881
  97
1
  330
1226
  75
0
  76
1
  47
0.4128176842155181
  98
1
  10
34.90568961886538
  20
22.81183545379326
  450
0
  451
0
  460
0
  461
0
  452
1
  462
1
  453
2
  463
0
  63
5
  421
255
  463
1
  63
7
  421
16777215
  470
LINEAR
  1001
ACAD
  1010
0
  1020
0
  1030
0
  0
LWPOLYLINE
  5
1226
  100
AcDbEntity
  8
Pin-Soldering-Layer
  100
AcDbPolyline
  90
4
  70
1
  43
0.005080010160020321
  10
-0.7659639319278639
  20
5.720091440182881
  10
-0.7659639319278639
  20
5.4701041402082815
  10
-1.265989331978664
  20
5.4701041402082815
  10
-1.265989331978664
  20
5.720091440182881
  0
HATCH
  5
1230
  100
AcDbEntity
  8
Pin-Soldering-Layer
  100
AcDbHatch
  10
0
  20
0
  30
0
  210
0
  220
0
  230
1
  2
SOLID
  70
1
  71
0
  91
1
  92
7
  72
0
  73
1
  93
4
  10
3.6110490220980447
  20
6.309550419100838
  10
3.8110490220980444
  20
6.309550419100838
  10
3.8110490220980444
  20
5.409525019050038
  10
3.6110490220980447
  20
5.409525019050038
  97
1
  330
1229
  75
0
  76
1
  47
0.4128176842155181
  98
1
  10
34.90568961886538
  20
22.81183545379326
  450
0
  451
0
  460
0
  461
0
  452
1
  462
1
  453
2
  463
0
  63
5
  421
255
  463
1
  63
7
  421
16777215
  470
LINEAR
  1001
ACAD
  1010
0
  1020
0
  1030
0
  0
LWPOLYLINE
  5
1229
  100
AcDbEntity
  8
Pin-Soldering-Layer
  100
AcDbPolyline
  90
4
  70
1
  43
0.005080010160020321
  10
3.6110490220980447
  20
6.309550419100838
  10
3.8110490220980444
  20
6.309550419100838
  10
3.8110490220980444
  20
5.409525019050038
  10
3.6110490220980447
  20
5.409525019050038
  0
HATCH
  5
1232
  100
AcDbEntity
  8
Pin-Soldering-Layer
  100
AcDbHatch
  10
0
  20
0
  30
0
  210
0
  220
0
  230
1
  2
SOLID
  70
1
  71
0
  91
1
  92
7
  72
0
  73
1
  93
4
  10
4.110922021844044
  20
6.309550419100838
  10
4.310922021844044
  20
6.309550419100838
  10
4.310922021844044
  20
5.409525019050038
  10
4.110922021844044
  20
5.409525019050038
  97
1
  330
1231
  75
0
  76
1
  47
0.4128176842155181
  98
1
  10
34.90568961886538
  20
22.81183545379326
  450
0
  451
0
  460
0
  461
0
  452
1
  462
1
  453
2
  463
0
  63
5
  421
255
  463
1
  63
7
  421
16777215
  470
LINEAR
  1001
ACAD
  1010
0
  1020
0
  1030
0
  0
LWPOLYLINE
  5
1231
  100
AcDbEntity
  8
Pin-Soldering-Layer
  100
AcDbPolyline
  90
4
  70
1
  43
0.005080010160020321
  10
4.110922021844044
  20
6.309550419100838
  10
4.310922021844044
  20
6.309550419100838
  10
4.310922021844044
  20
5.409525019050038
  10
4.110922021844044
  20
5.409525019050038
  0
HATCH
  5
1234
  100
AcDbEntity
  8
Pin-Soldering-Layer
  100
AcDbHatch
  10
0
  20
0
  30
0
  210
0
  220
0
  230
1
  2
SOLID
  70
1
  71
0
  91
1
  92
7
  72
0
  73
1
  93
4
  10
4.611049022098045
  20
6.309550419100838
  10
4.811049022098045
  20
6.309550419100838
  10
4.811049022098045
  20
5.409525019050038
  10
4.611049022098045
  20
5.409525019050038
  97
1
  330
1233
  75
0
  76
1
  47
0.4128176842155181
  98
1
  10
34.90568961886538
  20
22.81183545379326
  450
0
  451
0
  460
0
  461
0
  452
1
  462
1
  453
2
  463
0
  63
5
  421
255
  463
1
  63
7
  421
16777215
  470
LINEAR
  1001
ACAD
  1010
0
  1020
0
  1030
0
  0
LWPOLYLINE
  5
1233
  100
AcDbEntity
  8
Pin-Soldering-Layer
  100
AcDbPolyline
  90
4
  70
1
  43
0.005080010160020321
  10
4.611049022098045
  20
6.309550419100838
  10
4.811049022098045
  20
6.309550419100838
  10
4.811049022098045
  20
5.409525019050038
  10
4.611049022098045
  20
5.409525019050038
  0
HATCH
  5
1236
  100
AcDbEntity
  8
Pin-Soldering-Layer
  100
AcDbHatch
  10
0
  20
0
  30
0
  210
0
  220
0
  230
1
  2
SOLID
  70
1
  71
0
  91
1
  92
7
  72
0
  73
1
  93
4
  10
5.110922021844044
  20
6.309550419100838
  10
5.310922021844044
  20
6.309550419100838
  10
5.310922021844044
  20
5.409525019050038
  10
5.110922021844044
  20
5.409525019050038
  97
1
  330
1235
  75
0
  76
1
  47
0.4128176842155181
  98
1
  10
34.90568961886538
  20
22.81183545379326
  450
0
  451
0
  460
0
  461
0
  452
1
  462
1
  453
2
  463
0
  63
5
  421
255
  463
1
  63
7
  421
16777215
  470
LINEAR
  1001
ACAD
  1010
0
  1020
0
  1030
0
  0
LWPOLYLINE
  5
1235
  100
AcDbEntity
  8
Pin-Soldering-Layer
  100
AcDbPolyline
  90
4
  70
1
  43
0.005080010160020321
  10
5.110922021844044
  20
6.309550419100838
  10
5.310922021844044
  20
6.309550419100838
  10
5.310922021844044
  20
5.409525019050038
  10
5.110922021844044
  20
5.409525019050038
  0
HATCH
  5
1238
  100
AcDbEntity
  8
Pin-Soldering-Layer
  100
AcDbHatch
  10
0
  20
0
  30
0
  210
0
  220
0
  230
1
  2
SOLID
  70
1
  71
0
  91
1
  92
7
  72
0
  73
1
  93
4
  10
5.611049022098045
  20
6.309550419100838
  10
5.811049022098045
  20
6.309550419100838
  10
5.811049022098045
  20
5.409525019050038
  10
5.611049022098045
  20
5.409525019050038
  97
1
  330
1237
  75
0
  76
1
  47
0.4128176842155181
  98
1
  10
34.90568961886538
  20
22.81183545379326
  450
0
  451
0
  460
0
  461
0
  452
1
  462
1
  453
2
  463
0
  63
5
  421
255
  463
1
  63
7
  421
16777215
  470
LINEAR
  1001
ACAD
  1010
0
  1020
0
  1030
0
  0
LWPOLYLINE
  5
1237
  100
AcDbEntity
  8
Pin-Soldering-Layer
  100
AcDbPolyline
  90
4
  70
1
  43
0.005080010160020321
  10
5.611049022098045
  20
6.309550419100838
  10
5.811049022098045
  20
6.309550419100838
  10
5.811049022098045
  20
5.409525019050038
  10
5.611049022098045
  20
5.409525019050038
  0
HATCH
  5
1240
  100
AcDbEntity
  8
Pin-Soldering-Layer
  100
AcDbHatch
  10
0
  20
0
  30
0
  210
0
  220
0
  230
1
  2
SOLID
  70
1
  71
0
  91
1
  92
7
  72
0
  73
1
  93
4
  10
6.110922021844045
  20
6.309550419100838
  10
6.3109220218440445
  20
6.309550419100838
  10
6.3109220218440445
  20
5.409525019050038
  10
6.110922021844045
  20
5.409525019050038
  97
1
  330
1239
  75
0
  76
1
  47
0.4128176842155181
  98
1
  10
34.90568961886538
  20
22.81183545379326
  450
0
  451
0
  460
0
  461
0
  452
1
  462
1
  453
2
  463
0
  63
5
  421
255
  463
1
  63
7
  421
16777215
  470
LINEAR
  1001
ACAD
  1010
0
  1020
0
  1030
0
  0
LWPOLYLINE
  5
1239
  100
AcDbEntity
  8
Pin-Soldering-Layer
  100
AcDbPolyline
  90
4
  70
1
  43
0.005080010160020321
  10
6.110922021844045
  20
6.309550419100838
  10
6.3109220218440445
  20
6.309550419100838
  10
6.3109220218440445
  20
5.409525019050038
  10
6.110922021844045
  20
5.409525019050038
  0
HATCH
  5
1242
  100
AcDbEntity
  8
Pin-Soldering-Layer
  100
AcDbHatch
  10
0
  20
0
  30
0
  210
0
  220
0
  230
1
  2
SOLID
  70
1
  71
0
  91
1
  92
7
  72
0
  73
1
  93
4
  10
7.110922021844044
  20
6.309550419100838
  10
7.3109220218440445
  20
6.309550419100838
  10
7.3109220218440445
  20
5.409525019050038
  10
7.110922021844044
  20
5.409525019050038
  97
1
  330
1241
  75
0
  76
1
  47
0.4128176842155181
  98
1
  10
34.90568961886538
  20
22.81183545379326
  450
0
  451
0
  460
0
  461
0
  452
1
  462
1
  453
2
  463
0
  63
5
  421
255
  463
1
  63
7
  421
16777215
  470
LINEAR
  1001
ACAD
  1010
0
  1020
0
  1030
0
  0
LWPOLYLINE
  5
1241
  100
AcDbEntity
  8
Pin-Soldering-Layer
  100
AcDbPolyline
  90
4
  70
1
  43
0.005080010160020321
  10
7.110922021844044
  20
6.309550419100838
  10
7.3109220218440445
  20
6.309550419100838
  10
7.3109220218440445
  20
5.409525019050038
  10
7.110922021844044
  20
5.409525019050038
  0
HATCH
  5
1244
  100
AcDbEntity
  8
Pin-Soldering-Layer
  100
AcDbHatch
  10
0
  20
0
  30
0
  210
0
  220
0
  230
1
  2
SOLID
  70
1
  71
0
  91
1
  92
7
  72
0
  73
1
  93
4
  10
6.611049022098045
  20
6.309550419100838
  10
6.811049022098046
  20
6.309550419100838
  10
6.811049022098046
  20
5.409525019050038
  10
6.611049022098045
  20
5.409525019050038
  97
1
  330
1243
  75
0
  76
1
  47
0.4128176842155181
  98
1
  10
34.90568961886538
  20
22.81183545379326
  450
0
  451
0
  460
0
  461
0
  452
1
  462
1
  453
2
  463
0
  63
5
  421
255
  463
1
  63
7
  421
16777215
  470
LINEAR
  1001
ACAD
  1010
0
  1020
0
  1030
0
  0
LWPOLYLINE
  5
1243
  100
AcDbEntity
  8
Pin-Soldering-Layer
  100
AcDbPolyline
  90
4
  70
1
  43
0.005080010160020321
  10
6.611049022098045
  20
6.309550419100838
  10
6.811049022098046
  20
6.309550419100838
  10
6.811049022098046
  20
5.409525019050038
  10
6.611049022098045
  20
5.409525019050038
  0
HATCH
  5
1246
  100
AcDbEntity
  8
Pin-Soldering-Layer
  100
AcDbHatch
  10
0
  20
0
  30
0
  210
0
  220
0
  230
1
  2
SOLID
  70
1
  71
0
  91
1
  92
7
  72
0
  73
1
  93
4
  10
1.3709169418338842
  20
2.9114808229616465
  10
1.3709169418338842
  20
3.9114808229616465
  10
2.670942341884684
  20
3.9114808229616465
  10
2.670942341884684
  20
2.9114808229616465
  97
1
  330
1245
  75
0
  76
1
  47
0.4128176842155181
  98
1
  10
34.90568961886538
  20
22.81183545379326
  450
0
  451
0
  460
0
  461
0
  452
1
  462
1
  453
2
  463
0
  63
5
  421
255
  463
1
  63
7
  421
16777215
  470
LINEAR
  1001
ACAD
  1010
0
  1020
0
  1030
0
  0
LWPOLYLINE
  5
1245
  100
AcDbEntity
  8
Pin-Soldering-Layer
  100
AcDbPolyline
  90
4
  70
1
  43
0.005080010160020321
  10
1.3709169418338842
  20
2.9114808229616465
  10
1.3709169418338842
  20
3.9114808229616465
  10
2.670942341884684
  20
3.9114808229616465
  10
2.670942341884684
  20
2.9114808229616465
  0
HATCH
  5
1248
  100
AcDbEntity
  8
Pin-Soldering-Layer
  100
AcDbHatch
  10
0
  20
0
  30
0
  210
0
  220
0
  230
1
  2
SOLID
  70
1
  71
0
  91
1
  92
7
  72
0
  73
1
  93
4
  10
8.251028702057406
  20
2.9465328930657866
  10
8.251028702057406
  20
3.9465328930657866
  10
9.551054102108205
  20
3.9465328930657866
  10
9.551054102108205
  20
2.9465328930657866
  97
1
  330
1247
  75
0
  76
1
  47
0.4128176842155181
  98
1
  10
34.90568961886538
  20
22.81183545379326
  450
0
  451
0
  460
0
  461
0
  452
1
  462
1
  453
2
  463
0
  63
5
  421
255
  463
1
  63
7
  421
16777215
  470
LINEAR
  1001
ACAD
  1010
0
  1020
0
  1030
0
  0
LWPOLYLINE
  5
1247
  100
AcDbEntity
  8
Pin-Soldering-Layer
  100
AcDbPolyline
  90
4
  70
1
  43
0.005080010160020321
  10
8.251028702057406
  20
2.9465328930657866
  10
8.251028702057406
  20
3.9465328930657866
  10
9.551054102108205
  20
3.9465328930657866
  10
9.551054102108205
  20
2.9465328930657866
  0
HATCH
  5
1362
  100
AcDbEntity
  8
Pin-Soldering-Layer
  100
AcDbHatch
  10
0
  20
0
  30
0
  210
0
  220
0
  230
1
  2
SOLID
  70
1
  71
0
  91
1
  92
7
  72
0
  73
1
  93
4
  10
20.993850647701297
  20
3.8074676149352302
  10
20.993850647701297
  20
4.0574549149098305
  10
21.493876047752096
  20
4.0574549149098305
  10
21.493876047752096
  20
3.8074676149352302
  97
1
  330
1361
  75
0
  76
1
  47
0.4128176842155181
  98
1
  10
34.90568961886538
  20
22.81183545379326
  450
0
  451
0
  460
0
  461
0
  452
1
  462
1
  453
2
  463
0
  63
5
  421
255
  463
1
  63
7
  421
16777215
  470
LINEAR
  1001
ACAD
  1010
0
  1020
0
  1030
0
  0
LWPOLYLINE
  5
1361
  100
AcDbEntity
  8
Pin-Soldering-Layer
  100
AcDbPolyline
  90
4
  70
1
  43
0.005080010160020321
  10
20.993850647701297
  20
3.8074676149352302
  10
20.993850647701297
  20
4.0574549149098305
  10
21.493876047752096
  20
4.0574549149098305
  10
21.493876047752096
  20
3.8074676149352302
  0
HATCH
  5
1364
  100
AcDbEntity
  8
Pin-Soldering-Layer
  100
AcDbHatch
  10
0
  20
0
  30
0
  210
0
  220
0
  230
1
  2
SOLID
  70
1
  71
0
  91
1
  92
7
  72
0
  73
1
  93
4
  10
21.493876047752096
  20
3.3070866141732287
  10
21.493876047752096
  20
3.057099314198629
  10
20.993850647701297
  20
3.057099314198629
  10
20.993850647701297
  20
3.3070866141732287
  97
1
  330
1363
  75
0
  76
1
  47
0.4128176842155181
  98
1
  10
34.90568961886538
  20
22.81183545379326
  450
0
  451
0
  460
0
  461
0
  452
1
  462
1
  453
2
  463
0
  63
5
  421
255
  463
1
  63
7
  421
16777215
  470
LINEAR
  1001
ACAD
  1010
0
  1020
0
  1030
0
  0
LWPOLYLINE
  5
1363
  100
AcDbEntity
  8
Pin-Soldering-Layer
  100
AcDbPolyline
  90
4
  70
1
  43
0.005080010160020321
  10
21.493876047752096
  20
3.3070866141732287
  10
21.493876047752096
  20
3.057099314198629
  10
20.993850647701297
  20
3.057099314198629
  10
20.993850647701297
  20
3.3070866141732287
  0
HATCH
  5
1370
  100
AcDbEntity
  8
Pin-Soldering-Layer
  100
AcDbHatch
  10
0
  20
0
  30
0
  210
0
  220
0
  230
1
  2
SOLID
  70
1
  71
0
  91
1
  92
7
  72
0
  73
1
  93
4
  10
20.18905257810516
  20
3.929692659385319
  10
20.18905257810516
  20
3.6797053594107187
  10
19.689027178054356
  20
3.6797053594107187
  10
19.689027178054356
  20
3.929692659385319
  97
1
  330
1369
  75
0
  76
1
  47
0.4128176842155181
  98
1
  10
34.90568961886538
  20
22.81183545379326
  450
0
  451
0
  460
0
  461
0
  452
1
  462
1
  453
2
  463
0
  63
5
  421
255
  463
1
  63
7
  421
16777215
  470
LINEAR
  1001
ACAD
  1010
0
  1020
0
  1030
0
  0
LWPOLYLINE
  5
1369
  100
AcDbEntity
  8
Pin-Soldering-Layer
  100
AcDbPolyline
  90
4
  70
1
  43
0.005080010160020321
  10
20.18905257810516
  20
3.929692659385319
  10
20.18905257810516
  20
3.6797053594107187
  10
19.689027178054356
  20
3.6797053594107187
  10
19.689027178054356
  20
3.929692659385319
  0
HATCH
  5
1372
  100
AcDbEntity
  8
Pin-Soldering-Layer
  100
AcDbHatch
  10
0
  20
0
  30
0
  210
0
  220
0
  230
1
  2
SOLID
  70
1
  71
0
  91
1
  92
7
  72
0
  73
1
  93
4
  10
20.18905257810516
  20
2.9296926593853185
  10
19.689027178054356
  20
2.9296926593853185
  10
19.689027178054356
  20
3.179679959359919
  10
20.18905257810516
  20
3.179679959359919
  97
1
  330
1371
  75
0
  76
1
  47
0.4128176842155181
  98
1
  10
34.90568961886538
  20
22.81183545379326
  450
0
  451
0
  460
0
  461
0
  452
1
  462
1
  453
2
  463
0
  63
5
  421
255
  463
1
  63
7
  421
16777215
  470
LINEAR
  1001
ACAD
  1010
0
  1020
0
  1030
0
  0
LWPOLYLINE
  5
1371
  100
AcDbEntity
  8
Pin-Soldering-Layer
  100
AcDbPolyline
  90
4
  70
1
  43
0.005080010160020321
  10
20.18905257810516
  20
2.9296926593853185
  10
19.689027178054356
  20
2.9296926593853185
  10
19.689027178054356
  20
3.179679959359919
  10
20.18905257810516
  20
3.179679959359919
  0
HATCH
  5
1378
  100
AcDbEntity
  8
Pin-Soldering-Layer
  100
AcDbHatch
  10
0
  20
0
  30
0
  210
0
  220
0
  230
1
  2
SOLID
  70
1
  71
0
  91
1
  92
7
  72
0
  73
1
  93
4
  10
-23.88003556007112
  20
3.802006604013209
  10
-23.88003556007112
  20
3.5520193040386085
  10
-24.380060960121924
  20
3.5520193040386085
  10
-24.380060960121924
  20
3.802006604013209
  97
1
  330
1377
  75
0
  76
1
  47
0.4128176842155181
  98
1
  10
34.90568961886538
  20
22.81183545379326
  450
0
  451
0
  460
0
  461
0
  452
1
  462
1
  453
2
  463
0
  63
5
  421
255
  463
1
  63
7
  421
16777215
  470
LINEAR
  1001
ACAD
  1010
0
  1020
0
  1030
0
  0
LWPOLYLINE
  5
1377
  100
AcDbEntity
  8
Pin-Soldering-Layer
  100
AcDbPolyline
  90
4
  70
1
  43
0.005080010160020321
  10
-23.88003556007112
  20
3.802006604013209
  10
-23.88003556007112
  20
3.5520193040386085
  10
-24.380060960121924
  20
3.5520193040386085
  10
-24.380060960121924
  20
3.802006604013209
  0
HATCH
  5
1380
  100
AcDbEntity
  8
Pin-Soldering-Layer
  100
AcDbHatch
  10
0
  20
0
  30
0
  210
0
  220
0
  230
1
  2
SOLID
  70
1
  71
0
  91
1
  92
7
  72
0
  73
1
  93
4
  10
-23.88003556007112
  20
2.8020066040132083
  10
-24.380060960121924
  20
2.8020066040132083
  10
-24.380060960121924
  20
3.0519939039878086
  10
-23.88003556007112
  20
3.0519939039878086
  97
1
  330
1379
  75
0
  76
1
  47
0.4128176842155181
  98
1
  10
34.90568961886538
  20
22.81183545379326
  450
0
  451
0
  460
0
  461
0
  452
1
  462
1
  453
2
  463
0
  63
5
  421
255
  463
1
  63
7
  421
16777215
  470
LINEAR
  1001
ACAD
  1010
0
  1020
0
  1030
0
  0
LWPOLYLINE
  5
1379
  100
AcDbEntity
  8
Pin-Soldering-Layer
  100
AcDbPolyline
  90
4
  70
1
  43
0.005080010160020321
  10
-23.88003556007112
  20
2.8020066040132083
  10
-24.380060960121924
  20
2.8020066040132083
  10
-24.380060960121924
  20
3.0519939039878086
  10
-23.88003556007112
  20
3.0519939039878086
  0
HATCH
  5
1386
  100
AcDbEntity
  8
Pin-Soldering-Layer
  100
AcDbHatch
  10
0
  20
0
  30
0
  210
0
  220
0
  230
1
  2
SOLID
  70
1
  71
0
  91
1
  92
7
  72
0
  73
1
  93
4
  10
-25.598061976123958
  20
2.8020066040132083
  10
-25.598061976123958
  20
3.0519939039878086
  10
-25.098036576073156
  20
3.0519939039878086
  10
-25.098036576073156
  20
2.8020066040132083
  97
1
  330
1385
  75
0
  76
1
  47
0.4128176842155181
  98
1
  10
34.90568961886538
  20
22.81183545379326
  450
0
  451
0
  460
0
  461
0
  452
1
  462
1
  453
2
  463
0
  63
5
  421
255
  463
1
  63
7
  421
16777215
  470
LINEAR
  1001
ACAD
  1010
0
  1020
0
  1030
0
  0
LWPOLYLINE
  5
1385
  100
AcDbEntity
  8
Pin-Soldering-Layer
  100
AcDbPolyline
  90
4
  70
1
  43
0.005080010160020321
  10
-25.598061976123958
  20
2.8020066040132083
  10
-25.598061976123958
  20
3.0519939039878086
  10
-25.098036576073156
  20
3.0519939039878086
  10
-25.098036576073156
  20
2.8020066040132083
  0
HATCH
  5
1388
  100
AcDbEntity
  8
Pin-Soldering-Layer
  100
AcDbHatch
  10
0
  20
0
  30
0
  210
0
  220
0
  230
1
  2
SOLID
  70
1
  71
0
  91
1
  92
7
  72
0
  73
1
  93
4
  10
-25.598061976123958
  20
3.802006604013209
  10
-25.098036576073156
  20
3.802006604013209
  10
-25.098036576073156
  20
3.5520193040386085
  10
-25.598061976123958
  20
3.5520193040386085
  97
1
  330
1387
  75
0
  76
1
  47
0.4128176842155181
  98
1
  10
34.90568961886538
  20
22.81183545379326
  450
0
  451
0
  460
0
  461
0
  452
1
  462
1
  453
2
  463
0
  63
5
  421
255
  463
1
  63
7
  421
16777215
  470
LINEAR
  1001
ACAD
  1010
0
  1020
0
  1030
0
  0
LWPOLYLINE
  5
1387
  100
AcDbEntity
  8
Pin-Soldering-Layer
  100
AcDbPolyline
  90
4
  70
1
  43
0.005080010160020321
  10
-25.598061976123958
  20
3.802006604013209
  10
-25.098036576073156
  20
3.802006604013209
  10
-25.098036576073156
  20
3.5520193040386085
  10
-25.598061976123958
  20
3.5520193040386085
  0
HATCH
  5
1394
  100
AcDbEntity
  8
Pin-Soldering-Layer
  100
AcDbHatch
  10
0
  20
0
  30
0
  210
0
  220
0
  230
1
  2
SOLID
  70
1
  71
0
  91
1
  92
7
  72
0
  73
1
  93
4
  10
-18.673025146050293
  20
7.485013970027941
  10
-18.673025146050293
  20
7.235026670053341
  10
-19.173050546101095
  20
7.235026670053341
  10
-19.173050546101095
  20
7.485013970027941
  97
1
  330
1393
  75
0
  76
1
  47
0.4128176842155181
  98
1
  10
34.90568961886538
  20
22.81183545379326
  450
0
  451
0
  460
0
  461
0
  452
1
  462
1
  453
2
  463
0
  63
5
  421
255
  463
1
  63
7
  421
16777215
  470
LINEAR
  1001
ACAD
  1010
0
  1020
0
  1030
0
  0
LWPOLYLINE
  5
1393
  100
AcDbEntity
  8
Pin-Soldering-Layer
  100
AcDbPolyline
  90
4
  70
1
  43
0.005080010160020321
  10
-18.673025146050293
  20
7.485013970027941
  10
-18.673025146050293
  20
7.235026670053341
  10
-19.173050546101095
  20
7.235026670053341
  10
-19.173050546101095
  20
7.485013970027941
  0
HATCH
  5
1396
  100
AcDbEntity
  8
Pin-Soldering-Layer
  100
AcDbHatch
  10
0
  20
0
  30
0
  210
0
  220
0
  230
1
  2
SOLID
  70
1
  71
0
  91
1
  92
7
  72
0
  73
1
  93
4
  10
-18.673025146050293
  20
6.485013970027941
  10
-19.173050546101095
  20
6.485013970027941
  10
-19.173050546101095
  20
6.735001270002541
  10
-18.673025146050293
  20
6.735001270002541
  97
1
  330
1395
  75
0
  76
1
  47
0.4128176842155181
  98
1
  10
34.90568961886538
  20
22.81183545379326
  450
0
  451
0
  460
0
  461
0
  452
1
  462
1
  453
2
  463
0
  63
5
  421
255
  463
1
  63
7
  421
16777215
  470
LINEAR
  1001
ACAD
  1010
0
  1020
0
  1030
0
  0
LWPOLYLINE
  5
1395
  100
AcDbEntity
  8
Pin-Soldering-Layer
  100
AcDbPolyline
  90
4
  70
1
  43
0.005080010160020321
  10
-18.673025146050293
  20
6.485013970027941
  10
-19.173050546101095
  20
6.485013970027941
  10
-19.173050546101095
  20
6.735001270002541
  10
-18.673025146050293
  20
6.735001270002541
  0
HATCH
  5
1402
  100
AcDbEntity
  8
Pin-Soldering-Layer
  100
AcDbHatch
  10
0
  20
0
  30
0
  210
0
  220
0
  230
1
  2
SOLID
  70
1
  71
0
  91
1
  92
7
  72
0
  73
1
  93
4
  10
-21.45183896367793
  20
3.802006604013209
  10
-21.45183896367793
  20
3.5520193040386085
  10
-21.95186436372873
  20
3.5520193040386085
  10
-21.95186436372873
  20
3.802006604013209
  97
1
  330
1401
  75
0
  76
1
  47
0.4128176842155181
  98
1
  10
34.90568961886538
  20
22.81183545379326
  450
0
  451
0
  460
0
  461
0
  452
1
  462
1
  453
2
  463
0
  63
5
  421
255
  463
1
  63
7
  421
16777215
  470
LINEAR
  1001
ACAD
  1010
0
  1020
0
  1030
0
  0
LWPOLYLINE
  5
1401
  100
AcDbEntity
  8
Pin-Soldering-Layer
  100
AcDbPolyline
  90
4
  70
1
  43
0.005080010160020321
  10
-21.45183896367793
  20
3.802006604013209
  10
-21.45183896367793
  20
3.5520193040386085
  10
-21.95186436372873
  20
3.5520193040386085
  10
-21.95186436372873
  20
3.802006604013209
  0
HATCH
  5
1404
  100
AcDbEntity
  8
Pin-Soldering-Layer
  100
AcDbHatch
  10
0
  20
0
  30
0
  210
0
  220
0
  230
1
  2
SOLID
  70
1
  71
0
  91
1
  92
7
  72
0
  73
1
  93
4
  10
-21.45183896367793
  20
2.8020066040132083
  10
-21.95186436372873
  20
2.8020066040132083
  10
-21.95186436372873
  20
3.0519939039878086
  10
-21.45183896367793
  20
3.0519939039878086
  97
1
  330
1403
  75
0
  76
1
  47
0.4128176842155181
  98
1
  10
34.90568961886538
  20
22.81183545379326
  450
0
  451
0
  460
0
  461
0
  452
1
  462
1
  453
2
  463
0
  63
5
  421
255
  463
1
  63
7
  421
16777215
  470
LINEAR
  1001
ACAD
  1010
0
  1020
0
  1030
0
  0
LWPOLYLINE
  5
1403
  100
AcDbEntity
  8
Pin-Soldering-Layer
  100
AcDbPolyline
  90
4
  70
1
  43
0.005080010160020321
  10
-21.45183896367793
  20
2.8020066040132083
  10
-21.95186436372873
  20
2.8020066040132083
  10
-21.95186436372873
  20
3.0519939039878086
  10
-21.45183896367793
  20
3.0519939039878086
  0
HATCH
  5
1410
  100
AcDbEntity
  8
Pin-Soldering-Layer
  100
AcDbHatch
  10
0
  20
0
  30
0
  210
0
  220
0
  230
1
  2
SOLID
  70
1
  71
0
  91
1
  92
7
  72
0
  73
1
  93
4
  10
-18.0234442468885
  20
6.485013970027941
  10
-18.0234442468885
  20
6.735001270002541
  10
-17.523418846837696
  20
6.735001270002541
  10
-17.523418846837696
  20
6.485013970027941
  97
1
  330
1409
  75
0
  76
1
  47
0.4128176842155181
  98
1
  10
34.90568961886538
  20
22.81183545379326
  450
0
  451
0
  460
0
  461
0
  452
1
  462
1
  453
2
  463
0
  63
5
  421
255
  463
1
  63
7
  421
16777215
  470
LINEAR
  1001
ACAD
  1010
0
  1020
0
  1030
0
  0
LWPOLYLINE
  5
1409
  100
AcDbEntity
  8
Pin-Soldering-Layer
  100
AcDbPolyline
  90
4
  70
1
  43
0.005080010160020321
  10
-18.0234442468885
  20
6.485013970027941
  10
-18.0234442468885
  20
6.735001270002541
  10
-17.523418846837696
  20
6.735001270002541
  10
-17.523418846837696
  20
6.485013970027941
  0
HATCH
  5
1412
  100
AcDbEntity
  8
Pin-Soldering-Layer
  100
AcDbHatch
  10
0
  20
0
  30
0
  210
0
  220
0
  230
1
  2
SOLID
  70
1
  71
0
  91
1
  92
7
  72
0
  73
1
  93
4
  10
-18.0234442468885
  20
7.485013970027941
  10
-17.523418846837696
  20
7.485013970027941
  10
-17.523418846837696
  20
7.235026670053341
  10
-18.0234442468885
  20
7.235026670053341
  97
1
  330
1411
  75
0
  76
1
  47
0.4128176842155181
  98
1
  10
34.90568961886538
  20
22.81183545379326
  450
0
  451
0
  460
0
  461
0
  452
1
  462
1
  453
2
  463
0
  63
5
  421
255
  463
1
  63
7
  421
16777215
  470
LINEAR
  1001
ACAD
  1010
0
  1020
0
  1030
0
  0
LWPOLYLINE
  5
1411
  100
AcDbEntity
  8
Pin-Soldering-Layer
  100
AcDbPolyline
  90
4
  70
1
  43
0.005080010160020321
  10
-18.0234442468885
  20
7.485013970027941
  10
-17.523418846837696
  20
7.485013970027941
  10
-17.523418846837696
  20
7.235026670053341
  10
-18.0234442468885
  20
7.235026670053341
  0
HATCH
  5
1418
  100
AcDbEntity
  8
Pin-Soldering-Layer
  100
AcDbHatch
  10
0
  20
0
  30
0
  210
0
  220
0
  230
1
  2
SOLID
  70
1
  71
0
  91
1
  92
7
  72
0
  73
1
  93
4
  10
-23.23703327406655
  20
3.777927355854712
  10
-23.23703327406655
  20
4.027914655829312
  10
-22.737007874015752
  20
4.027914655829312
  10
-22.737007874015752
  20
3.777927355854712
  97
1
  330
1417
  75
0
  76
1
  47
0.4128176842155181
  98
1
  10
34.90568961886538
  20
22.81183545379326
  450
0
  451
0
  460
0
  461
0
  452
1
  462
1
  453
2
  463
0
  63
5
  421
255
  463
1
  63
7
  421
16777215
  470
LINEAR
  1001
ACAD
  1010
0
  1020
0
  1030
0
  0
LWPOLYLINE
  5
1417
  100
AcDbEntity
  8
Pin-Soldering-Layer
  100
AcDbPolyline
  90
4
  70
1
  43
0.005080010160020321
  10
-23.23703327406655
  20
3.777927355854712
  10
-23.23703327406655
  20
4.027914655829312
  10
-22.737007874015752
  20
4.027914655829312
  10
-22.737007874015752
  20
3.777927355854712
  0
HATCH
  5
1420
  100
AcDbEntity
  8
Pin-Soldering-Layer
  100
AcDbHatch
  10
0
  20
0
  30
0
  210
0
  220
0
  230
1
  2
SOLID
  70
1
  71
0
  91
1
  92
7
  72
0
  73
1
  93
4
  10
-22.737007874015752
  20
3.2775463550927104
  10
-22.737007874015752
  20
3.0275590551181106
  10
-23.23703327406655
  20
3.0275590551181106
  10
-23.23703327406655
  20
3.2775463550927104
  97
1
  330
1419
  75
0
  76
1
  47
0.4128176842155181
  98
1
  10
34.90568961886538
  20
22.81183545379326
  450
0
  451
0
  460
0
  461
0
  452
1
  462
1
  453
2
  463
0
  63
5
  421
255
  463
1
  63
7
  421
16777215
  470
LINEAR
  1001
ACAD
  1010
0
  1020
0
  1030
0
  0
LWPOLYLINE
  5
1419
  100
AcDbEntity
  8
Pin-Soldering-Layer
  100
AcDbPolyline
  90
4
  70
1
  43
0.005080010160020321
  10
-22.737007874015752
  20
3.2775463550927104
  10
-22.737007874015752
  20
3.0275590551181106
  10
-23.23703327406655
  20
3.0275590551181106
  10
-23.23703327406655
  20
3.2775463550927104
  0
HATCH
  5
1426
  100
AcDbEntity
  8
Pin-Soldering-Layer
  100
AcDbHatch
  10
0
  20
0
  30
0
  210
0
  220
0
  230
1
  2
SOLID
  70
1
  71
0
  91
1
  92
7
  72
0
  73
1
  93
4
  10
23.37203454406909
  20
2.9296926593853185
  10
23.37203454406909
  20
3.179679959359919
  10
23.872059944119894
  20
3.179679959359919
  10
23.872059944119894
  20
2.9296926593853185
  97
1
  330
1425
  75
0
  76
1
  47
0.4128176842155181
  98
1
  10
34.90568961886538
  20
22.81183545379326
  450
0
  451
0
  460
0
  461
0
  452
1
  462
1
  453
2
  463
0
  63
5
  421
255
  463
1
  63
7
  421
16777215
  470
LINEAR
  1001
ACAD
  1010
0
  1020
0
  1030
0
  0
LWPOLYLINE
  5
1425
  100
AcDbEntity
  8
Pin-Soldering-Layer
  100
AcDbPolyline
  90
4
  70
1
  43
0.005080010160020321
  10
23.37203454406909
  20
2.9296926593853185
  10
23.37203454406909
  20
3.179679959359919
  10
23.872059944119894
  20
3.179679959359919
  10
23.872059944119894
  20
2.9296926593853185
  0
HATCH
  5
1428
  100
AcDbEntity
  8
Pin-Soldering-Layer
  100
AcDbHatch
  10
0
  20
0
  30
0
  210
0
  220
0
  230
1
  2
SOLID
  70
1
  71
0
  91
1
  92
7
  72
0
  73
1
  93
4
  10
23.37203454406909
  20
3.929692659385319
  10
23.872059944119894
  20
3.929692659385319
  10
23.872059944119894
  20
3.6797053594107187
  10
23.37203454406909
  20
3.6797053594107187
  97
1
  330
1427
  75
0
  76
1
  47
0.4128176842155181
  98
1
  10
34.90568961886538
  20
22.81183545379326
  450
0
  451
0
  460
0
  461
0
  452
1
  462
1
  453
2
  463
0
  63
5
  421
255
  463
1
  63
7
  421
16777215
  470
LINEAR
  1001
ACAD
  1010
0
  1020
0
  1030
0
  0
LWPOLYLINE
  5
1427
  100
AcDbEntity
  8
Pin-Soldering-Layer
  100
AcDbPolyline
  90
4
  70
1
  43
0.005080010160020321
  10
23.37203454406909
  20
3.929692659385319
  10
23.872059944119894
  20
3.929692659385319
  10
23.872059944119894
  20
3.6797053594107187
  10
23.37203454406909
  20
3.6797053594107187
  0
HATCH
  5
1434
  100
AcDbEntity
  8
Pin-Soldering-Layer
  100
AcDbHatch
  10
0
  20
0
  30
0
  210
0
  220
0
  230
1
  2
SOLID
  70
1
  71
0
  91
1
  92
7
  72
0
  73
1
  93
4
  10
22.72905765811532
  20
3.929692659385319
  10
22.72905765811532
  20
3.6797053594107187
  10
22.229032258064517
  20
3.6797053594107187
  10
22.229032258064517
  20
3.929692659385319
  97
1
  330
1433
  75
0
  76
1
  47
0.4128176842155181
  98
1
  10
34.90568961886538
  20
22.81183545379326
  450
0
  451
0
  460
0
  461
0
  452
1
  462
1
  453
2
  463
0
  63
5
  421
255
  463
1
  63
7
  421
16777215
  470
LINEAR
  1001
ACAD
  1010
0
  1020
0
  1030
0
  0
LWPOLYLINE
  5
1433
  100
AcDbEntity
  8
Pin-Soldering-Layer
  100
AcDbPolyline
  90
4
  70
1
  43
0.005080010160020321
  10
22.72905765811532
  20
3.929692659385319
  10
22.72905765811532
  20
3.6797053594107187
  10
22.229032258064517
  20
3.6797053594107187
  10
22.229032258064517
  20
3.929692659385319
  0
HATCH
  5
1436
  100
AcDbEntity
  8
Pin-Soldering-Layer
  100
AcDbHatch
  10
0
  20
0
  30
0
  210
0
  220
0
  230
1
  2
SOLID
  70
1
  71
0
  91
1
  92
7
  72
0
  73
1
  93
4
  10
22.72905765811532
  20
2.9296926593853185
  10
22.229032258064517
  20
2.9296926593853185
  10
22.229032258064517
  20
3.179679959359919
  10
22.72905765811532
  20
3.179679959359919
  97
1
  330
1435
  75
0
  76
1
  47
0.4128176842155181
  98
1
  10
34.90568961886538
  20
22.81183545379326
  450
0
  451
0
  460
0
  461
0
  452
1
  462
1
  453
2
  463
0
  63
5
  421
255
  463
1
  63
7
  421
16777215
  470
LINEAR
  1001
ACAD
  1010
0
  1020
0
  1030
0
  0
LWPOLYLINE
  5
1435
  100
AcDbEntity
  8
Pin-Soldering-Layer
  100
AcDbPolyline
  90
4
  70
1
  43
0.005080010160020321
  10
22.72905765811532
  20
2.9296926593853185
  10
22.229032258064517
  20
2.9296926593853185
  10
22.229032258064517
  20
3.179679959359919
  10
22.72905765811532
  20
3.179679959359919
  0
HATCH
  5
1442
  100
AcDbEntity
  8
Pin-Soldering-Layer
  100
AcDbHatch
  10
0
  20
0
  30
0
  210
0
  220
0
  230
1
  2
SOLID
  70
1
  71
0
  91
1
  92
7
  72
0
  73
1
  93
4
  10
15.498018796037595
  20
6.485013970027941
  10
15.498018796037595
  20
6.735001270002541
  10
15.998044196088394
  20
6.735001270002541
  10
15.998044196088394
  20
6.485013970027941
  97
1
  330
1441
  75
0
  76
1
  47
0.4128176842155181
  98
1
  10
34.90568961886538
  20
22.81183545379326
  450
0
  451
0
  460
0
  461
0
  452
1
  462
1
  453
2
  463
0
  63
5
  421
255
  463
1
  63
7
  421
16777215
  470
LINEAR
  1001
ACAD
  1010
0
  1020
0
  1030
0
  0
LWPOLYLINE
  5
1441
  100
AcDbEntity
  8
Pin-Soldering-Layer
  100
AcDbPolyline
  90
4
  70
1
  43
0.005080010160020321
  10
15.498018796037595
  20
6.485013970027941
  10
15.498018796037595
  20
6.735001270002541
  10
15.998044196088394
  20
6.735001270002541
  10
15.998044196088394
  20
6.485013970027941
  0
HATCH
  5
1444
  100
AcDbEntity
  8
Pin-Soldering-Layer
  100
AcDbHatch
  10
0
  20
0
  30
0
  210
0
  220
0
  230
1
  2
SOLID
  70
1
  71
0
  91
1
  92
7
  72
0
  73
1
  93
4
  10
15.498018796037595
  20
7.485013970027941
  10
15.998044196088394
  20
7.485013970027941
  10
15.998044196088394
  20
7.235026670053341
  10
15.498018796037595
  20
7.235026670053341
  97
1
  330
1443
  75
0
  76
1
  47
0.4128176842155181
  98
1
  10
34.90568961886538
  20
22.81183545379326
  450
0
  451
0
  460
0
  461
0
  452
1
  462
1
  453
2
  463
0
  63
5
  421
255
  463
1
  63
7
  421
16777215
  470
LINEAR
  1001
ACAD
  1010
0
  1020
0
  1030
0
  0
LWPOLYLINE
  5
1443
  100
AcDbEntity
  8
Pin-Soldering-Layer
  100
AcDbPolyline
  90
4
  70
1
  43
0.005080010160020321
  10
15.498018796037595
  20
7.485013970027941
  10
15.998044196088394
  20
7.485013970027941
  10
15.998044196088394
  20
7.235026670053341
  10
15.498018796037595
  20
7.235026670053341
  0
HATCH
  5
1450
  100
AcDbEntity
  8
Pin-Soldering-Layer
  100
AcDbHatch
  10
0
  20
0
  30
0
  210
0
  220
0
  230
1
  2
SOLID
  70
1
  71
0
  91
1
  92
7
  72
0
  73
1
  93
4
  10
17.141046482092968
  20
7.485013970027941
  10
17.141046482092968
  20
7.235026670053341
  10
16.641021082042165
  20
7.235026670053341
  10
16.641021082042165
  20
7.485013970027941
  97
1
  330
1449
  75
0
  76
1
  47
0.4128176842155181
  98
1
  10
34.90568961886538
  20
22.81183545379326
  450
0
  451
0
  460
0
  461
0
  452
1
  462
1
  453
2
  463
0
  63
5
  421
255
  463
1
  63
7
  421
16777215
  470
LINEAR
  1001
ACAD
  1010
0
  1020
0
  1030
0
  0
LWPOLYLINE
  5
1449
  100
AcDbEntity
  8
Pin-Soldering-Layer
  100
AcDbPolyline
  90
4
  70
1
  43
0.005080010160020321
  10
17.141046482092968
  20
7.485013970027941
  10
17.141046482092968
  20
7.235026670053341
  10
16.641021082042165
  20
7.235026670053341
  10
16.641021082042165
  20
7.485013970027941
  0
HATCH
  5
1452
  100
AcDbEntity
  8
Pin-Soldering-Layer
  100
AcDbHatch
  10
0
  20
0
  30
0
  210
0
  220
0
  230
1
  2
SOLID
  70
1
  71
0
  91
1
  92
7
  72
0
  73
1
  93
4
  10
17.141046482092968
  20
6.485013970027941
  10
16.641021082042165
  20
6.485013970027941
  10
16.641021082042165
  20
6.735001270002541
  10
17.141046482092968
  20
6.735001270002541
  97
1
  330
1451
  75
0
  76
1
  47
0.4128176842155181
  98
1
  10
34.90568961886538
  20
22.81183545379326
  450
0
  451
0
  460
0
  461
0
  452
1
  462
1
  453
2
  463
0
  63
5
  421
255
  463
1
  63
7
  421
16777215
  470
LINEAR
  1001
ACAD
  1010
0
  1020
0
  1030
0
  0
LWPOLYLINE
  5
1451
  100
AcDbEntity
  8
Pin-Soldering-Layer
  100
AcDbPolyline
  90
4
  70
1
  43
0.005080010160020321
  10
17.141046482092968
  20
6.485013970027941
  10
16.641021082042165
  20
6.485013970027941
  10
16.641021082042165
  20
6.735001270002541
  10
17.141046482092968
  20
6.735001270002541
  0
HATCH
  5
1461
  100
AcDbEntity
  8
Pin-Soldering-Layer
  100
AcDbHatch
  10
0
  20
0
  30
0
  210
0
  220
0
  230
1
  2
SOLID
  70
1
  71
0
  91
1
  92
7
  72
0
  73
1
  93
4
  10
-1.8890017780035562
  20
9.154025908051818
  10
-1.8890017780035562
  20
10.404013208026416
  10
-1.489001778003556
  20
10.404013208026416
  10
-1.489001778003556
  20
9.154025908051818
  97
1
  330
1460
  75
0
  76
1
  47
0.4128176842155181
  98
1
  10
34.90568961886538
  20
22.81183545379326
  450
0
  451
0
  460
0
  461
0
  452
1
  462
1
  453
2
  463
0
  63
5
  421
255
  463
1
  63
7
  421
16777215
  470
LINEAR
  1001
ACAD
  1010
0
  1020
0
  1030
0
  0
LWPOLYLINE
  5
1460
  100
AcDbEntity
  8
Pin-Soldering-Layer
  100
AcDbPolyline
  90
4
  70
1
  43
0.005080010160020321
  10
-1.8890017780035562
  20
9.154025908051818
  10
-1.8890017780035562
  20
10.404013208026416
  10
-1.489001778003556
  20
10.404013208026416
  10
-1.489001778003556
  20
9.154025908051818
  0
HATCH
  5
1463
  100
AcDbEntity
  8
Pin-Soldering-Layer
  100
AcDbHatch
  10
0
  20
0
  30
0
  210
0
  220
0
  230
1
  2
SOLID
  70
1
  71
0
  91
1
  92
7
  72
0
  73
1
  93
4
  10
-0.28900177800355603
  20
9.154025908051818
  10
-0.28900177800355603
  20
10.404013208026416
  10
0.11099822199644396
  20
10.404013208026416
  10
0.11099822199644396
  20
9.154025908051818
  97
1
  330
1462
  75
0
  76
1
  47
0.4128176842155181
  98
1
  10
34.90568961886538
  20
22.81183545379326
  450
0
  451
0
  460
0
  461
0
  452
1
  462
1
  453
2
  463
0
  63
5
  421
255
  463
1
  63
7
  421
16777215
  470
LINEAR
  1001
ACAD
  1010
0
  1020
0
  1030
0
  0
LWPOLYLINE
  5
1462
  100
AcDbEntity
  8
Pin-Soldering-Layer
  100
AcDbPolyline
  90
4
  70
1
  43
0.005080010160020321
  10
-0.28900177800355603
  20
9.154025908051818
  10
-0.28900177800355603
  20
10.404013208026416
  10
0.11099822199644396
  20
10.404013208026416
  10
0.11099822199644396
  20
9.154025908051818
  0
HATCH
  5
1472
  100
AcDbEntity
  8
Pin-Soldering-Layer
  100
AcDbHatch
  10
0
  20
0
  30
0
  210
0
  220
0
  230
1
  2
SOLID
  70
1
  71
0
  91
1
  92
7
  72
0
  73
1
  93
4
  10
-1.2659893319786641
  20
6.220472440944882
  10
-1.2659893319786641
  20
6.470459740919482
  10
-0.7659639319278639
  20
6.470459740919482
  10
-0.7659639319278639
  20
6.220472440944882
  97
1
  330
1471
  75
0
  76
1
  47
0.4128176842155181
  98
1
  10
34.90568961886538
  20
22.81183545379326
  450
0
  451
0
  460
0
  461
0
  452
1
  462
1
  453
2
  463
0
  63
5
  421
255
  463
1
  63
7
  421
16777215
  470
LINEAR
  1001
ACAD
  1010
0
  1020
0
  1030
0
  0
LWPOLYLINE
  5
1471
  100
AcDbEntity
  8
Pin-Soldering-Layer
  100
AcDbPolyline
  90
4
  70
1
  43
0.005080010160020321
  10
-1.2659893319786641
  20
6.220472440944882
  10
-1.2659893319786641
  20
6.470459740919482
  10
-0.7659639319278639
  20
6.470459740919482
  10
-0.7659639319278639
  20
6.220472440944882
  0
HATCH
  5
1474
  100
AcDbEntity
  8
Pin-Soldering-Layer
  100
AcDbHatch
  10
0
  20
0
  30
0
  210
0
  220
0
  230
1
  2
SOLID
  70
1
  71
0
  91
1
  92
7
  72
0
  73
1
  93
4
  10
-0.7659639319278639
  20
5.720091440182881
  10
-0.7659639319278639
  20
5.4701041402082815
  10
-1.265989331978664
  20
5.4701041402082815
  10
-1.265989331978664
  20
5.720091440182881
  97
1
  330
1473
  75
0
  76
1
  47
0.4128176842155181
  98
1
  10
34.90568961886538
  20
22.81183545379326
  450
0
  451
0
  460
0
  461
0
  452
1
  462
1
  453
2
  463
0
  63
5
  421
255
  463
1
  63
7
  421
16777215
  470
LINEAR
  1001
ACAD
  1010
0
  1020
0
  1030
0
  0
LWPOLYLINE
  5
1473
  100
AcDbEntity
  8
Pin-Soldering-Layer
  100
AcDbPolyline
  90
4
  70
1
  43
0.005080010160020321
  10
-0.7659639319278639
  20
5.720091440182881
  10
-0.7659639319278639
  20
5.4701041402082815
  10
-1.265989331978664
  20
5.4701041402082815
  10
-1.265989331978664
  20
5.720091440182881
  0
HATCH
  5
1481
  100
AcDbEntity
  8
Pin-Soldering-Layer
  100
AcDbHatch
  10
0
  20
0
  30
0
  210
0
  220
0
  230
1
  2
SOLID
  70
1
  71
0
  91
1
  92
7
  72
0
  73
1
  93
4
  10
3.6110490220980447
  20
6.309550419100838
  10
3.8110490220980444
  20
6.309550419100838
  10
3.8110490220980444
  20
5.409525019050038
  10
3.6110490220980447
  20
5.409525019050038
  97
1
  330
1480
  75
0
  76
1
  47
0.4128176842155181
  98
1
  10
34.90568961886538
  20
22.81183545379326
  450
0
  451
0
  460
0
  461
0
  452
1
  462
1
  453
2
  463
0
  63
5
  421
255
  463
1
  63
7
  421
16777215
  470
LINEAR
  1001
ACAD
  1010
0
  1020
0
  1030
0
  0
LWPOLYLINE
  5
1480
  100
AcDbEntity
  8
Pin-Soldering-Layer
  100
AcDbPolyline
  90
4
  70
1
  43
0.005080010160020321
  10
3.6110490220980447
  20
6.309550419100838
  10
3.8110490220980444
  20
6.309550419100838
  10
3.8110490220980444
  20
5.409525019050038
  10
3.6110490220980447
  20
5.409525019050038
  0
HATCH
  5
1483
  100
AcDbEntity
  8
Pin-Soldering-Layer
  100
AcDbHatch
  10
0
  20
0
  30
0
  210
0
  220
0
  230
1
  2
SOLID
  70
1
  71
0
  91
1
  92
7
  72
0
  73
1
  93
4
  10
4.110922021844044
  20
6.309550419100838
  10
4.310922021844044
  20
6.309550419100838
  10
4.310922021844044
  20
5.409525019050038
  10
4.110922021844044
  20
5.409525019050038
  97
1
  330
1482
  75
0
  76
1
  47
0.4128176842155181
  98
1
  10
34.90568961886538
  20
22.81183545379326
  450
0
  451
0
  460
0
  461
0
  452
1
  462
1
  453
2
  463
0
  63
5
  421
255
  463
1
  63
7
  421
16777215
  470
LINEAR
  1001
ACAD
  1010
0
  1020
0
  1030
0
  0
LWPOLYLINE
  5
1482
  100
AcDbEntity
  8
Pin-Soldering-Layer
  100
AcDbPolyline
  90
4
  70
1
  43
0.005080010160020321
  10
4.110922021844044
  20
6.309550419100838
  10
4.310922021844044
  20
6.309550419100838
  10
4.310922021844044
  20
5.409525019050038
  10
4.110922021844044
  20
5.409525019050038
  0
HATCH
  5
1485
  100
AcDbEntity
  8
Pin-Soldering-Layer
  100
AcDbHatch
  10
0
  20
0
  30
0
  210
0
  220
0
  230
1
  2
SOLID
  70
1
  71
0
  91
1
  92
7
  72
0
  73
1
  93
4
  10
4.611049022098045
  20
6.309550419100838
  10
4.811049022098045
  20
6.309550419100838
  10
4.811049022098045
  20
5.409525019050038
  10
4.611049022098045
  20
5.409525019050038
  97
1
  330
1484
  75
0
  76
1
  47
0.4128176842155181
  98
1
  10
34.90568961886538
  20
22.81183545379326
  450
0
  451
0
  460
0
  461
0
  452
1
  462
1
  453
2
  463
0
  63
5
  421
255
  463
1
  63
7
  421
16777215
  470
LINEAR
  1001
ACAD
  1010
0
  1020
0
  1030
0
  0
LWPOLYLINE
  5
1484
  100
AcDbEntity
  8
Pin-Soldering-Layer
  100
AcDbPolyline
  90
4
  70
1
  43
0.005080010160020321
  10
4.611049022098045
  20
6.309550419100838
  10
4.811049022098045
  20
6.309550419100838
  10
4.811049022098045
  20
5.409525019050038
  10
4.611049022098045
  20
5.409525019050038
  0
HATCH
  5
1487
  100
AcDbEntity
  8
Pin-Soldering-Layer
  100
AcDbHatch
  10
0
  20
0
  30
0
  210
0
  220
0
  230
1
  2
SOLID
  70
1
  71
0
  91
1
  92
7
  72
0
  73
1
  93
4
  10
5.110922021844044
  20
6.309550419100838
  10
5.310922021844044
  20
6.309550419100838
  10
5.310922021844044
  20
5.409525019050038
  10
5.110922021844044
  20
5.409525019050038
  97
1
  330
1486
  75
0
  76
1
  47
0.4128176842155181
  98
1
  10
34.90568961886538
  20
22.81183545379326
  450
0
  451
0
  460
0
  461
0
  452
1
  462
1
  453
2
  463
0
  63
5
  421
255
  463
1
  63
7
  421
16777215
  470
LINEAR
  1001
ACAD
  1010
0
  1020
0
  1030
0
  0
LWPOLYLINE
  5
1486
  100
AcDbEntity
  8
Pin-Soldering-Layer
  100
AcDbPolyline
  90
4
  70
1
  43
0.005080010160020321
  10
5.110922021844044
  20
6.309550419100838
  10
5.310922021844044
  20
6.309550419100838
  10
5.310922021844044
  20
5.409525019050038
  10
5.110922021844044
  20
5.409525019050038
  0
HATCH
  5
1489
  100
AcDbEntity
  8
Pin-Soldering-Layer
  100
AcDbHatch
  10
0
  20
0
  30
0
  210
0
  220
0
  230
1
  2
SOLID
  70
1
  71
0
  91
1
  92
7
  72
0
  73
1
  93
4
  10
5.611049022098045
  20
6.309550419100838
  10
5.811049022098045
  20
6.309550419100838
  10
5.811049022098045
  20
5.409525019050038
  10
5.611049022098045
  20
5.409525019050038
  97
1
  330
1488
  75
0
  76
1
  47
0.4128176842155181
  98
1
  10
34.90568961886538
  20
22.81183545379326
  450
0
  451
0
  460
0
  461
0
  452
1
  462
1
  453
2
  463
0
  63
5
  421
255
  463
1
  63
7
  421
16777215
  470
LINEAR
  1001
ACAD
  1010
0
  1020
0
  1030
0
  0
LWPOLYLINE
  5
1488
  100
AcDbEntity
  8
Pin-Soldering-Layer
  100
AcDbPolyline
  90
4
  70
1
  43
0.005080010160020321
  10
5.611049022098045
  20
6.309550419100838
  10
5.811049022098045
  20
6.309550419100838
  10
5.811049022098045
  20
5.409525019050038
  10
5.611049022098045
  20
5.409525019050038
  0
HATCH
  5
1491
  100
AcDbEntity
  8
Pin-Soldering-Layer
  100
AcDbHatch
  10
0
  20
0
  30
0
  210
0
  220
0
  230
1
  2
SOLID
  70
1
  71
0
  91
1
  92
7
  72
0
  73
1
  93
4
  10
6.110922021844045
  20
6.309550419100838
  10
6.3109220218440445
  20
6.309550419100838
  10
6.3109220218440445
  20
5.409525019050038
  10
6.110922021844045
  20
5.409525019050038
  97
1
  330
1490
  75
0
  76
1
  47
0.4128176842155181
  98
1
  10
34.90568961886538
  20
22.81183545379326
  450
0
  451
0
  460
0
  461
0
  452
1
  462
1
  453
2
  463
0
  63
5
  421
255
  463
1
  63
7
  421
16777215
  470
LINEAR
  1001
ACAD
  1010
0
  1020
0
  1030
0
  0
LWPOLYLINE
  5
1490
  100
AcDbEntity
  8
Pin-Soldering-Layer
  100
AcDbPolyline
  90
4
  70
1
  43
0.005080010160020321
  10
6.110922021844045
  20
6.309550419100838
  10
6.3109220218440445
  20
6.309550419100838
  10
6.3109220218440445
  20
5.409525019050038
  10
6.110922021844045
  20
5.409525019050038
  0
HATCH
  5
1493
  100
AcDbEntity
  8
Pin-Soldering-Layer
  100
AcDbHatch
  10
0
  20
0
  30
0
  210
0
  220
0
  230
1
  2
SOLID
  70
1
  71
0
  91
1
  92
7
  72
0
  73
1
  93
4
  10
7.110922021844044
  20
6.309550419100838
  10
7.3109220218440445
  20
6.309550419100838
  10
7.3109220218440445
  20
5.409525019050038
  10
7.110922021844044
  20
5.409525019050038
  97
1
  330
1492
  75
0
  76
1
  47
0.4128176842155181
  98
1
  10
34.90568961886538
  20
22.81183545379326
  450
0
  451
0
  460
0
  461
0
  452
1
  462
1
  453
2
  463
0
  63
5
  421
255
  463
1
  63
7
  421
16777215
  470
LINEAR
  1001
ACAD
  1010
0
  1020
0
  1030
0
  0
LWPOLYLINE
  5
1492
  100
AcDbEntity
  8
Pin-Soldering-Layer
  100
AcDbPolyline
  90
4
  70
1
  43
0.005080010160020321
  10
7.110922021844044
  20
6.309550419100838
  10
7.3109220218440445
  20
6.309550419100838
  10
7.3109220218440445
  20
5.409525019050038
  10
7.110922021844044
  20
5.409525019050038
  0
HATCH
  5
1495
  100
AcDbEntity
  8
Pin-Soldering-Layer
  100
AcDbHatch
  10
0
  20
0
  30
0
  210
0
  220
0
  230
1
  2
SOLID
  70
1
  71
0
  91
1
  92
7
  72
0
  73
1
  93
4
  10
6.611049022098045
  20
6.309550419100838
  10
6.811049022098046
  20
6.309550419100838
  10
6.811049022098046
  20
5.409525019050038
  10
6.611049022098045
  20
5.409525019050038
  97
1
  330
1494
  75
0
  76
1
  47
0.4128176842155181
  98
1
  10
34.90568961886538
  20
22.81183545379326
  450
0
  451
0
  460
0
  461
0
  452
1
  462
1
  453
2
  463
0
  63
5
  421
255
  463
1
  63
7
  421
16777215
  470
LINEAR
  1001
ACAD
  1010
0
  1020
0
  1030
0
  0
LWPOLYLINE
  5
1494
  100
AcDbEntity
  8
Pin-Soldering-Layer
  100
AcDbPolyline
  90
4
  70
1
  43
0.005080010160020321
  10
6.611049022098045
  20
6.309550419100838
  10
6.811049022098046
  20
6.309550419100838
  10
6.811049022098046
  20
5.409525019050038
  10
6.611049022098045
  20
5.409525019050038
  0
HATCH
  5
1497
  100
AcDbEntity
  8
Pin-Soldering-Layer
  100
AcDbHatch
  10
0
  20
0
  30
0
  210
0
  220
0
  230
1
  2
SOLID
  70
1
  71
0
  91
1
  92
7
  72
0
  73
1
  93
4
  10
1.3709169418338842
  20
2.9114808229616465
  10
1.3709169418338842
  20
3.9114808229616465
  10
2.670942341884684
  20
3.9114808229616465
  10
2.670942341884684
  20
2.9114808229616465
  97
1
  330
1496
  75
0
  76
1
  47
0.4128176842155181
  98
1
  10
34.90568961886538
  20
22.81183545379326
  450
0
  451
0
  460
0
  461
0
  452
1
  462
1
  453
2
  463
0
  63
5
  421
255
  463
1
  63
7
  421
16777215
  470
LINEAR
  1001
ACAD
  1010
0
  1020
0
  1030
0
  0
LWPOLYLINE
  5
1496
  100
AcDbEntity
  8
Pin-Soldering-Layer
  100
AcDbPolyline
  90
4
  70
1
  43
0.005080010160020321
  10
1.3709169418338842
  20
2.9114808229616465
  10
1.3709169418338842
  20
3.9114808229616465
  10
2.670942341884684
  20
3.9114808229616465
  10
2.670942341884684
  20
2.9114808229616465
  0
HATCH
  5
1499
  100
AcDbEntity
  8
Pin-Soldering-Layer
  100
AcDbHatch
  10
0
  20
0
  30
0
  210
0
  220
0
  230
1
  2
SOLID
  70
1
  71
0
  91
1
  92
7
  72
0
  73
1
  93
4
  10
8.251028702057406
  20
2.9465328930657866
  10
8.251028702057406
  20
3.9465328930657866
  10
9.551054102108205
  20
3.9465328930657866
  10
9.551054102108205
  20
2.9465328930657866
  97
1
  330
1498
  75
0
  76
1
  47
0.4128176842155181
  98
1
  10
34.90568961886538
  20
22.81183545379326
  450
0
  451
0
  460
0
  461
0
  452
1
  462
1
  453
2
  463
0
  63
5
  421
255
  463
1
  63
7
  421
16777215
  470
LINEAR
  1001
ACAD
  1010
0
  1020
0
  1030
0
  0
LWPOLYLINE
  5
1498
  100
AcDbEntity
  8
Pin-Soldering-Layer
  100
AcDbPolyline
  90
4
  70
1
  43
0.005080010160020321
  10
8.251028702057406
  20
2.9465328930657866
  10
8.251028702057406
  20
3.9465328930657866
  10
9.551054102108205
  20
3.9465328930657866
  10
9.551054102108205
  20
2.9465328930657866
  0
ENDSEC
  0
SECTION
  2
OBJECTS
  0
DICTIONARY
  5
C
  330
0
  100
AcDbDictionary
  281
1
  3
ACAD_CIP_PREVIOUS_PRODUCT_INFO
  350
1A2
  3
ACAD_COLOR
  350
6C
  3
ACAD_DETAILVIEWSTYLE
  350
1A8
  3
ACAD_GROUP
  350
D
  3
ACAD_LAYOUT
  350
1A
  3
ACAD_MATERIAL
  350
6B
  3
ACAD_MLEADERSTYLE
  350
D2
  3
ACAD_MLINESTYLE
  350
17
  3
ACAD_PLOTSETTINGS
  350
19
  3
ACAD_PLOTSTYLENAME
  350
E
  3
ACAD_SCALELIST
  350
B1
  3
ACAD_SECTIONVIEWSTYLE
  350
1A5
  3
ACAD_TABLESTYLE
  350
A6
  3
ACAD_VISUALSTYLE
  350
95
  3
ACDB_RECOMPOSE_DATA
  350
301
  3
AcDbVariableDictionary
  350
59
  3
AcDsDecomposeData
  350
307
  0
DICTIONARY
  5
18B
  330
2
  100
AcDbDictionary
  280
1
  281
1
  3
ACAD_LAYERSTATES
  360
18C
  0
DICTIONARY
  5
E1
  330
10
  100
AcDbDictionary
  280
1
  281
1
  0
DICTIONARY
  5
15A
  330
1F
  100
AcDbDictionary
  280
1
  281
1
  0
XRECORD
  5
1A2
  102
{ACAD_REACTORS
  330
C
  102
}
  330
C
  100
AcDbXrecord
  280
1
  300
ACD
  300
2021
  300

  0
DICTIONARY
  5
6C
  102
{ACAD_REACTORS
  330
C
  102
}
  330
C
  100
AcDbDictionary
  281
1
  0
DICTIONARY
  5
1A8
  102
{ACAD_REACTORS
  330
C
  102
}
  330
C
  100
AcDbDictionary
  281
1
  3
Imperial24
  350
1A9
  0
DICTIONARY
  5
D
  102
{ACAD_REACTORS
  330
C
  102
}
  330
C
  100
AcDbDictionary
  281
1
  0
DICTIONARY
  5
1A
  102
{ACAD_REACTORS
  330
C
  102
}
  330
C
  100
AcDbDictionary
  281
1
  3
Model
  350
22
  3
布局1
  350
74
  3
布局2
  350
79
  0
DICTIONARY
  5
6B
  102
{ACAD_REACTORS
  330
C
  102
}
  330
C
  100
AcDbDictionary
  281
1
  3
ByBlock
  350
93
  3
ByLayer
  350
92
  3
Global
  350
94
  0
DICTIONARY
  5
D2
  102
{ACAD_REACTORS
  330
C
  102
}
  330
C
  100
AcDbDictionary
  281
1
  3
Annotative
  350
E0
  3
Standard
  350
D3
  0
DICTIONARY
  5
17
  102
{ACAD_REACTORS
  330
C
  102
}
  330
C
  100
AcDbDictionary
  281
1
  3
Standard
  350
18
  0
DICTIONARY
  5
19
  102
{ACAD_REACTORS
  330
C
  102
}
  330
C
  100
AcDbDictionary
  281
1
  0
ACDBDICTIONARYWDFLT
  5
E
  102
{ACAD_REACTORS
  330
C
  102
}
  330
C
  100
AcDbDictionary
  281
1
  3
Normal
  350
F
  100
AcDbDictionaryWithDefault
  340
F
  0
DICTIONARY
  5
B1
  102
{ACAD_REACTORS
  330
C
  102
}
  330
C
  100
AcDbDictionary
  281
1
  3
A0
  350
B2
  3
A1
  350
124
  3
A2
  350
125
  3
A3
  350
126
  3
A4
  350
127
  3
A5
  350
128
  3
A6
  350
129
  3
A7
  350
12A
  3
A8
  350
12B
  3
A9
  350
12C
  3
B0
  350
12D
  3
B1
  350
12E
  3
B2
  350
12F
  3
B3
  350
130
  3
B4
  350
131
  3
B5
  350
132
  3
B6
  350
133
  3
B7
  350
134
  3
B8
  350
135
  3
B9
  350
136
  3
C0
  350
137
  3
C1
  350
138
  3
C2
  350
139
  3
C3
  350
13A
  3
C4
  350
13B
  3
C5
  350
13C
  3
C6
  350
13D
  3
C7
  350
13E
  3
C8
  350
13F
  3
C9
  350
140
  3
D0
  350
141
  3
D1
  350
142
  3
D2
  350
143
  0
DICTIONARY
  5
1A5
  102
{ACAD_REACTORS
  330
C
  102
}
  330
C
  100
AcDbDictionary
  281
1
  3
Imperial24
  350
1A7
  0
DICTIONARY
  5
A6
  102
{ACAD_REACTORS
  330
C
  102
}
  330
C
  100
AcDbDictionary
  281
1
  3
Standard
  350
A7
  0
DICTIONARY
  5
95
  102
{ACAD_REACTORS
  330
C
  102
}
  330
C
  100
AcDbDictionary
  281
1
  3
2dWireframe
  350
9B
  3
Basic
  350
9A
  3
Brighten
  350
A1
  3
ColorChange
  350
A5
  3
Conceptual
  350
9E
  3
Dim
  350
A0
  3
EdgeColorOff
  350
172
  3
Facepattern
  350
A4
  3
Flat
  350
96
  3
FlatWithEdges
  350
97
  3
Gouraud
  350
98
  3
GouraudWithEdges
  350
99
  3
Hidden
  350
9D
  3
JitterOff
  350
170
  3
Linepattern
  350
A3
  3
OverhangOff
  350
171
  3
Realistic
  350
9F
  3
Shaded
  350
17F
  3
Shaded with edges
  350
17E
  3
Shades of Gray
  350
17B
  3
Sketchy
  350
17C
  3
Thicken
  350
A2
  3
Wireframe
  350
9C
  3
X-Ray
  350
17D
  0
XRECORD
  5
301
  102
{ACAD_REACTORS
  330
C
  102
}
  330
C
  100
AcDbXrecord
  280
1
  90
1
  330
A7
  0
DICTIONARY
  5
59
  102
{ACAD_REACTORS
  330
C
  102
}
  330
C
  100
AcDbDictionary
  281
1
  3
CAMERAHEIGHT
  350
227
  3
CANNOSCALE
  350
EB
  3
CMLEADERSTYLE
  350
EA
  3
CTABLESTYLE
  350
AB
  3
CVIEWDETAILSTYLE
  350
1B4
  3
CVIEWSECTIONSTYLE
  350
1B5
  3
DIMASSOC
  350
5A
  3
HIDETEXT
  350
5E
  3
INDEXCTL
  350
226
  3
LAYEREVAL
  350
14A
  3
LAYERNOTIFY
  350
14B
  3
LIGHTINGUNITS
  350
224
  3
MSLTSCALE
  350
223
  3
SORTENTS
  350
225
  3
XCLIPFRAME
  350
228
  0
DICTIONARY
  5
307
  102
{ACAD_REACTORS
  330
C
  102
}
  330
C
  100
AcDbDictionary
  281
1
  3
AcDsRecords
  350
309
  3
AcDsSchemas
  350
308
  1001
ACAD
  1070
2
  0
DICTIONARY
  5
18C
  102
{ACAD_REACTORS
  330
18B
  102
}
  330
18B
  100
AcDbDictionary
  281
1
  0
ACDBDETAILVIEWSTYLE
  5
1A9
  102
{ACAD_XDICTIONARY
  360
33C
  102
}
  102
{ACAD_REACTORS
  330
1A8
  102
}
  330
1A8
  100
AcDbModelDocViewStyle
  70
0
  3
Imperial24
  290
0
  100
AcDbDetailViewStyle
  70
0
  71
0
  90
3
  71
1
  340
11
  62
256
  40
0.24
  340
0
  62
256
  40
0.24
  300

  40
0.36
  280
3
  71
2
  340
16
  90
25
  62
256
  71
3
  340
11
  62
256
  40
0.24
  90
1
  40
0.75
  90
1
  300
%<\AcVar ViewType \f "%tc1">% %<\AcVar ViewDetailId>%\PSCALE %<\AcVar ViewScale \f "%sn">%
  71
4
  340
16
  90
25
  62
256
  340
16
  90
25
  62
256
  280
0
  0
LAYOUT
  5
22
  102
{ACAD_XDICTIONARY
  360
191
  102
}
  102
{ACAD_REACTORS
  330
1A
  102
}
  330
1A
  100
AcDbPlotSettings
  1

  2
none_device
  4
Letter_(8.50_x_11.00_Inches)
  6

  40
6.349999904632568
  41
6.349999904632568
  42
6.350006103515625
  43
6.350006103515625
  44
215.8999938964844
  45
279.3999938964844
  46
0
  47
0
  48
0
  49
0
  140
0
  141
0
  142
1
  143
3.560208697428376
  70
11952
  72
0
  73
1
  74
0
  7

  75
0
  147
0.28088241027059
  76
0
  77
2
  78
300
  148
0.1311165230791651
  149
0.096403374003771
  100
AcDbLayout
  1
Model
  70
1
  71
0
  10
0
  20
0
  11
12
  21
9
  12
0
  22
0
  32
0
  14
0
  24
0
  34
0
  15
0
  25
0
  35
0
  146
0
  13
0
  23
0
  33
0
  16
1
  26
0
  36
0
  17
0
  27
1
  37
0
  76
0
  330
1F
  331
90
  0
LAYOUT
  5
74
  102
{ACAD_REACTORS
  330
1A
  102
}
  330
1A
  100
AcDbPlotSettings
  1

  2
\\ADSCCNDC1\hq601xrx1
  4

  6

  40
0
  41
0
  42
0
  43
0
  44
0
  45
0
  46
0
  47
0
  48
0
  49
0
  140
0
  141
0
  142
1
  143
1
  70
688
  72
0
  73
0
  74
5
  7

  75
16
  147
1
  76
0
  77
2
  78
300
  148
0
  149
0
  100
AcDbLayout
  1
布局1
  70
1
  71
1
  10
0
  20
0
  11
12
  21
9
  12
0
  22
0
  32
0
  14
0
  24
0
  34
0
  15
0
  25
0
  35
0
  146
0
  13
0
  23
0
  33
0
  16
1
  26
0
  36
0
  17
0
  27
1
  37
0
  76
0
  330
73
  0
LAYOUT
  5
79
  102
{ACAD_REACTORS
  330
1A
  102
}
  330
1A
  100
AcDbPlotSettings
  1

  2
\\ADSCCNDC1\hq601xrx1
  4

  6

  40
0
  41
0
  42
0
  43
0
  44
0
  45
0
  46
0
  47
0
  48
0
  49
0
  140
0
  141
0
  142
1
  143
1
  70
688
  72
0
  73
0
  74
5
  7

  75
16
  147
1
  76
0
  77
2
  78
300
  148
0
  149
0
  100
AcDbLayout
  1
布局2
  70
1
  71
2
  10
0
  20
0
  11
12
  21
9
  12
0
  22
0
  32
0
  14
0
  24
0
  34
0
  15
0
  25
0
  35
0
  146
0
  13
0
  23
0
  33
0
  16
1
  26
0
  36
0
  17
0
  27
1
  37
0
  76
0
  330
78
  0
MATERIAL
  5
93
  102
{ACAD_XDICTIONARY
  360
185
  102
}
  102
{ACAD_REACTORS
  330
6B
  102
}
  330
6B
  100
AcDbMaterial
  1
ByBlock
  94
63
  0
MATERIAL
  5
92
  102
{ACAD_XDICTIONARY
  360
183
  102
}
  102
{ACAD_REACTORS
  330
6B
  102
}
  330
6B
  100
AcDbMaterial
  1
ByLayer
  94
63
  0
MATERIAL
  5
94
  102
{ACAD_XDICTIONARY
  360
10B
  102
}
  102
{ACAD_REACTORS
  330
6B
  102
}
  330
6B
  100
AcDbMaterial
  1
Global
  43
0.0208000000566244
  43
0
  43
0
  43
0
  43
0
  43
0.0208000000566244
  43
0
  43
0
  43
0
  43
0
  43
1
  43
0
  43
0
  43
0
  43
0
  43
1
  49
0.0208000000566244
  49
0
  49
0
  49
0
  49
0
  49
0.0208000000566244
  49
0
  49
0
  49
0
  49
0
  49
1
  49
0
  49
0
  49
0
  49
0
  49
1
  142
0.0208000000566244
  142
0
  142
0
  142
0
  142
0
  142
0.0208000000566244
  142
0
  142
0
  142
0
  142
0
  142
1
  142
0
  142
0
  142
0
  142
0
  142
1
  144
0.0208000000566244
  144
0
  144
0
  144
0
  144
0
  144
0.0208000000566244
  144
0
  144
0
  144
0
  144
0
  144
1
  144
0
  144
0
  144
0
  144
0
  144
1
  94
63
  1001
ACAD
  1070
-1
  1070
3
  1070
0
  1000

  1071
0
  1070
0
  0
MLEADERSTYLE
  5
E0
  102
{ACAD_REACTORS
  330
D2
  102
}
  330
D2
  100
AcDbMLeaderStyle
  170
2
  171
1
  172
0
  90
2
  40
0
  41
0
  173
1
  91
-1056964608
  340
14
  92
-2
  290
0
  42
0.09
  291
0
  43
0.36
  3
Standard
  44
0.18
  300

  342
11
  174
1
  178
1
  175
1
  176
0
  93
-1056964608
  45
0.18
  292
0
  297
0
  46
0.18
  94
-1056964608
  47
1
  49
1
  140
1
  293
0
  141
0
  294
0
  177
0
  142
1
  295
0
  296
0
  143
0.125
  1001
ACAD_MLEADERVER
  1070
2
  0
MLEADERSTYLE
  5
D3
  102
{ACAD_REACTORS
  330
D2
  102
}
  330
D2
  100
AcDbMLeaderStyle
  170
2
  171
1
  172
0
  90
2
  40
0
  41
0
  173
1
  91
-1056964608
  340
14
  92
-2
  290
0
  42
0.09
  291
0
  43
0.36
  3
Standard
  44
0.18
  300

  342
11
  174
1
  178
1
  175
1
  176
0
  93
-1056964608
  45
0.18
  292
0
  297
0
  46
0.18
  94
-1056964608
  47
1
  49
1
  140
1
  293
0
  141
0
  294
0
  177
0
  142
1
  295
0
  296
0
  143
0.125
  1001
ACAD_MLEADERVER
  1070
2
  0
MLINESTYLE
  5
18
  102
{ACAD_REACTORS
  330
17
  102
}
  330
17
  100
AcDbMlineStyle
  2
STANDARD
  70
0
  3

  62
256
  51
90
  52
90
  71
2
  49
0.5
  62
256
  6
BYLAYER
  49
-0.5
  62
256
  6
BYLAYER
  0
ACDBPLACEHOLDER
  5
F
  102
{ACAD_REACTORS
  330
E
  102
}
  330
E
  0
SCALE
  5
B2
  102
{ACAD_REACTORS
  330
B1
  102
}
  330
B1
  100
AcDbScale
  70
0
  300
1:1
  140
1
  141
1
  290
0
  0
SCALE
  5
124
  102
{ACAD_REACTORS
  330
B1
  102
}
  330
B1
  100
AcDbScale
  70
0
  300
1:2
  140
1
  141
2
  290
0
  0
SCALE
  5
125
  102
{ACAD_REACTORS
  330
B1
  102
}
  330
B1
  100
AcDbScale
  70
0
  300
1:4
  140
1
  141
4
  290
0
  0
SCALE
  5
126
  102
{ACAD_REACTORS
  330
B1
  102
}
  330
B1
  100
AcDbScale
  70
0
  300
1:5
  140
1
  141
5
  290
0
  0
SCALE
  5
127
  102
{ACAD_REACTORS
  330
B1
  102
}
  330
B1
  100
AcDbScale
  70
0
  300
1:8
  140
1
  141
8
  290
0
  0
SCALE
  5
128
  102
{ACAD_REACTORS
  330
B1
  102
}
  330
B1
  100
AcDbScale
  70
0
  300
1:10
  140
1
  141
10
  290
0
  0
SCALE
  5
129
  102
{ACAD_REACTORS
  330
B1
  102
}
  330
B1
  100
AcDbScale
  70
0
  300
1:16
  140
1
  141
16
  290
0
  0
SCALE
  5
12A
  102
{ACAD_REACTORS
  330
B1
  102
}
  330
B1
  100
AcDbScale
  70
0
  300
1:20
  140
1
  141
20
  290
0
  0
SCALE
  5
12B
  102
{ACAD_REACTORS
  330
B1
  102
}
  330
B1
  100
AcDbScale
  70
0
  300
1:30
  140
1
  141
30
  290
0
  0
SCALE
  5
12C
  102
{ACAD_REACTORS
  330
B1
  102
}
  330
B1
  100
AcDbScale
  70
0
  300
1:40
  140
1
  141
40
  290
0
  0
SCALE
  5
12D
  102
{ACAD_REACTORS
  330
B1
  102
}
  330
B1
  100
AcDbScale
  70
0
  300
1:50
  140
1
  141
50
  290
0
  0
SCALE
  5
12E
  102
{ACAD_REACTORS
  330
B1
  102
}
  330
B1
  100
AcDbScale
  70
0
  300
1:100
  140
1
  141
100
  290
0
  0
SCALE
  5
12F
  102
{ACAD_REACTORS
  330
B1
  102
}
  330
B1
  100
AcDbScale
  70
0
  300
2:1
  140
2
  141
1
  290
0
  0
SCALE
  5
130
  102
{ACAD_REACTORS
  330
B1
  102
}
  330
B1
  100
AcDbScale
  70
0
  300
4:1
  140
4
  141
1
  290
0
  0
SCALE
  5
131
  102
{ACAD_REACTORS
  330
B1
  102
}
  330
B1
  100
AcDbScale
  70
0
  300
8:1
  140
8
  141
1
  290
0
  0
SCALE
  5
132
  102
{ACAD_REACTORS
  330
B1
  102
}
  330
B1
  100
AcDbScale
  70
0
  300
10:1
  140
10
  141
1
  290
0
  0
SCALE
  5
133
  102
{ACAD_REACTORS
  330
B1
  102
}
  330
B1
  100
AcDbScale
  70
0
  300
100:1
  140
100
  141
1
  290
0
  0
SCALE
  5
134
  102
{ACAD_REACTORS
  330
B1
  102
}
  330
B1
  100
AcDbScale
  70
0
  300
1/128" = 1'-0"
  140
0.0078125
  141
12
  290
0
  0
SCALE
  5
135
  102
{ACAD_REACTORS
  330
B1
  102
}
  330
B1
  100
AcDbScale
  70
0
  300
1/64" = 1'-0"
  140
0.015625
  141
12
  290
0
  0
SCALE
  5
136
  102
{ACAD_REACTORS
  330
B1
  102
}
  330
B1
  100
AcDbScale
  70
0
  300
1/32" = 1'-0"
  140
0.03125
  141
12
  290
0
  0
SCALE
  5
137
  102
{ACAD_REACTORS
  330
B1
  102
}
  330
B1
  100
AcDbScale
  70
0
  300
1/16" = 1'-0"
  140
0.0625
  141
12
  290
0
  0
SCALE
  5
138
  102
{ACAD_REACTORS
  330
B1
  102
}
  330
B1
  100
AcDbScale
  70
0
  300
3/32" = 1'-0"
  140
0.09375
  141
12
  290
0
  0
SCALE
  5
139
  102
{ACAD_REACTORS
  330
B1
  102
}
  330
B1
  100
AcDbScale
  70
0
  300
1/8" = 1'-0"
  140
0.125
  141
12
  290
0
  0
SCALE
  5
13A
  102
{ACAD_REACTORS
  330
B1
  102
}
  330
B1
  100
AcDbScale
  70
0
  300
3/16" = 1'-0"
  140
0.1875
  141
12
  290
0
  0
SCALE
  5
13B
  102
{ACAD_REACTORS
  330
B1
  102
}
  330
B1
  100
AcDbScale
  70
0
  300
1/4" = 1'-0"
  140
0.25
  141
12
  290
0
  0
SCALE
  5
13C
  102
{ACAD_REACTORS
  330
B1
  102
}
  330
B1
  100
AcDbScale
  70
0
  300
3/8" = 1'-0"
  140
0.375
  141
12
  290
0
  0
SCALE
  5
13D
  102
{ACAD_REACTORS
  330
B1
  102
}
  330
B1
  100
AcDbScale
  70
0
  300
1/2" = 1'-0"
  140
0.5
  141
12
  290
0
  0
SCALE
  5
13E
  102
{ACAD_REACTORS
  330
B1
  102
}
  330
B1
  100
AcDbScale
  70
0
  300
3/4" = 1'-0"
  140
0.75
  141
12
  290
0
  0
SCALE
  5
13F
  102
{ACAD_REACTORS
  330
B1
  102
}
  330
B1
  100
AcDbScale
  70
0
  300
1" = 1'-0"
  140
1
  141
12
  290
0
  0
SCALE
  5
140
  102
{ACAD_REACTORS
  330
B1
  102
}
  330
B1
  100
AcDbScale
  70
0
  300
1-1/2" = 1'-0"
  140
1.5
  141
12
  290
0
  0
SCALE
  5
141
  102
{ACAD_REACTORS
  330
B1
  102
}
  330
B1
  100
AcDbScale
  70
0
  300
3" = 1'-0"
  140
3
  141
12
  290
0
  0
SCALE
  5
142
  102
{ACAD_REACTORS
  330
B1
  102
}
  330
B1
  100
AcDbScale
  70
0
  300
6" = 1'-0"
  140
6
  141
12
  290
0
  0
SCALE
  5
143
  102
{ACAD_REACTORS
  330
B1
  102
}
  330
B1
  100
AcDbScale
  70
0
  300
1'-0" = 1'-0"
  140
12
  141
12
  290
0
  0
ACDBSECTIONVIEWSTYLE
  5
1A7
  102
{ACAD_XDICTIONARY
  360
33A
  102
}
  102
{ACAD_REACTORS
  330
1A5
  102
}
  330
1A5
  100
AcDbModelDocViewStyle
  70
0
  3
Imperial24
  290
0
  100
AcDbSectionViewStyle
  70
0
  71
0
  90
78
  71
1
  340
11
  62
256
  40
0.24
  340
0
  340
0
  62
256
  40
0.24
  300
I, O, Q, S, X, Z
  40
0.48
  90
3
  40
0.18
  90
1
  71
2
  340
16
  90
25
  62
256
  340
16
  90
50
  62
256
  40
0.24
  40
0
  40
0.24
  71
3
  340
11
  62
256
  40
0.24
  90
1
  40
0.75
  90
1
  300
%<\AcVar ViewType \f "%tc1">% %<\AcVar ViewSectionStartId>%-%<\AcVar ViewSectionEndId>%\PSCALE %<\AcVar ViewScale \f "%sn">%
  71
4
  62
256
  62
257
  300
ANSI31
  40
1
  90
0
  290
0
  290
0
  90
6
  40
0
  40
1.570796326794896
  40
0.2617993877991494
  40
1.308996938995747
  40
-0.2617993877991494
  40
1.832595714594046
  0
TABLESTYLE
  5
A7
  102
{ACAD_XDICTIONARY
  360
FF
  102
}
  102
{ACAD_REACTORS
  330
A6
  102
}
  330
A6
  100
AcDbTableStyle
  3
Standard
  70
0
  71
0
  40
0.06
  41
0.06
  280
0
  281
0
  7
Standard
  140
0.18
  170
2
  62
0
  63
7
  283
0
  90
512
  91
0
  1

  274
-2
  284
1
  64
0
  275
-2
  285
1
  65
0
  276
-2
  286
1
  66
0
  277
-2
  287
1
  67
0
  278
-2
  288
1
  68
0
  279
-2
  289
1
  69
0
  7
Standard
  140
0.25
  170
5
  62
0
  63
7
  283
0
  90
512
  91
0
  1

  274
-2
  284
1
  64
0
  275
-2
  285
1
  65
0
  276
-2
  286
1
  66
0
  277
-2
  287
1
  67
0
  278
-2
  288
1
  68
0
  279
-2
  289
1
  69
0
  7
Standard
  140
0.18
  170
5
  62
0
  63
7
  283
0
  90
512
  91
0
  1

  274
-2
  284
1
  64
0
  275
-2
  285
1
  65
0
  276
-2
  286
1
  66
0
  277
-2
  287
1
  67
0
  278
-2
  288
1
  68
0
  279
-2
  289
1
  69
0
  0
VISUALSTYLE
  5
9B
  102
{ACAD_XDICTIONARY
  360
314
  102
}
  102
{ACAD_REACTORS
  330
95
  102
}
  330
95
  100
AcDbVisualStyle
  2
2dWireframe
  70
4
  71
0
  72
2
  73
1
  90
0
  40
-0.6
  41
-30
  62
5
  63
7
  421
16777215
  74
1
  91
4
  64
7
  65
257
  75
1
  175
1
  42
1
  92
0
  66
257
  43
1
  76
1
  77
6
  78
2
  67
7
  79
5
  170
0
  171
0
  290
0
  174
0
  93
1
  44
0
  173
0
  291
0
  45
0
  1001
ACAD
  1000
AcDbSavedByObjectVersion
  1070
0
  0
VISUALSTYLE
  5
9A
  102
{ACAD_XDICTIONARY
  360
312
  102
}
  102
{ACAD_REACTORS
  330
95
  102
}
  330
95
  100
AcDbVisualStyle
  2
Basic
  70
7
  71
1
  72
0
  73
1
  90
0
  40
-0.6
  41
-30
  62
5
  63
7
  421
16777215
  74
0
  91
4
  64
7
  65
257
  75
1
  175
1
  42
1
  92
8
  66
7
  43
1
  76
1
  77
6
  78
2
  67
7
  79
5
  170
0
  171
0
  290
0
  174
0
  93
1
  44
0
  173
0
  291
0
  45
0
  1001
ACAD
  1000
AcDbSavedByObjectVersion
  1070
0
  0
VISUALSTYLE
  5
A1
  102
{ACAD_XDICTIONARY
  360
320
  102
}
  102
{ACAD_REACTORS
  330
95
  102
}
  330
95
  100
AcDbVisualStyle
  2
Brighten
  70
12
  71
2
  72
2
  73
1
  90
0
  40
-0.6
  41
-30
  62
5
  63
7
  421
16777215
  74
1
  91
4
  64
7
  65
257
  75
1
  175
1
  42
1
  92
8
  66
7
  43
1
  76
1
  77
6
  78
2
  67
7
  79
5
  170
0
  171
0
  290
0
  174
0
  93
1
  44
50
  173
0
  291
0
  45
0
  1001
ACAD
  1000
AcDbSavedByObjectVersion
  1070
0
  0
VISUALSTYLE
  5
A5
  102
{ACAD_XDICTIONARY
  360
328
  102
}
  102
{ACAD_REACTORS
  330
95
  102
}
  330
95
  100
AcDbVisualStyle
  2
ColorChange
  70
16
  71
2
  72
2
  73
3
  90
0
  40
-0.6
  41
-30
  62
5
  63
8
  421
8421504
  74
1
  91
4
  64
7
  65
257
  75
1
  175
1
  42
1
  92
8
  66
8
  424
8421504
  43
1
  76
1
  77
6
  78
2
  67
7
  79
5
  170
0
  171
0
  290
0
  174
0
  93
1
  44
0
  173
0
  291
0
  45
0
  1001
ACAD
  1000
AcDbSavedByObjectVersion
  1070
0
  0
VISUALSTYLE
  5
9E
  102
{ACAD_XDICTIONARY
  360
31A
  102
}
  102
{ACAD_REACTORS
  330
95
  102
}
  330
95
  100
AcDbVisualStyle
  2
Conceptual
  70
9
  71
3
  72
2
  73
1
  90
0
  40
-0.6
  41
-30
  62
5
  63
7
  421
16777215
  74
2
  91
2
  64
7
  65
257
  75
1
  175
1
  42
40
  92
8
  66
7
  43
1
  76
1
  77
6
  78
2
  67
7
  79
3
  170
0
  171
0
  290
0
  174
0
  93
1
  44
0
  173
0
  291
0
  45
0
  1001
ACAD
  1000
AcDbSavedByObjectVersion
  1070
0
  0
VISUALSTYLE
  5
A0
  102
{ACAD_XDICTIONARY
  360
31E
  102
}
  102
{ACAD_REACTORS
  330
95
  102
}
  330
95
  100
AcDbVisualStyle
  2
Dim
  70
11
  71
2
  72
2
  73
1
  90
0
  40
-0.6
  41
-30
  62
5
  63
7
  421
16777215
  74
1
  91
4
  64
7
  65
257
  75
1
  175
1
  42
1
  92
8
  66
7
  43
1
  76
1
  77
6
  78
2
  67
7
  79
5
  170
0
  171
0
  290
0
  174
0
  93
1
  44
-50
  173
0
  291
0
  45
0
  1001
ACAD
  1000
AcDbSavedByObjectVersion
  1070
0
  0
VISUALSTYLE
  5
172
  102
{ACAD_XDICTIONARY
  360
32E
  102
}
  102
{ACAD_REACTORS
  330
95
  102
}
  330
95
  100
AcDbVisualStyle
  2
EdgeColorOff
  70
22
  71
2
  72
2
  73
0
  90
0
  40
-0.6
  41
-30
  62
5
  63
7
  421
16777215
  74
1
  91
4
  64
7
  65
257
  75
1
  175
1
  42
1
  92
8
  66
7
  43
1
  76
1
  77
6
  78
2
  67
7
  79
5
  170
0
  171
0
  290
0
  174
0
  93
1
  44
0
  173
0
  291
0
  45
0
  1001
ACAD
  1000
AcDbSavedByObjectVersion
  1070
0
  0
VISUALSTYLE
  5
A4
  102
{ACAD_XDICTIONARY
  360
326
  102
}
  102
{ACAD_REACTORS
  330
95
  102
}
  330
95
  100
AcDbVisualStyle
  2
Facepattern
  70
15
  71
2
  72
2
  73
1
  90
0
  40
-0.6
  41
-30
  62
5
  63
7
  421
16777215
  74
1
  91
4
  64
7
  65
257
  75
1
  175
1
  42
1
  92
8
  66
7
  43
1
  76
1
  77
6
  78
2
  67
7
  79
5
  170
0
  171
0
  290
0
  174
0
  93
1
  44
0
  173
0
  291
0
  45
0
  1001
ACAD
  1000
AcDbSavedByObjectVersion
  1070
0
  0
VISUALSTYLE
  5
96
  102
{ACAD_XDICTIONARY
  360
30A
  102
}
  102
{ACAD_REACTORS
  330
95
  102
}
  330
95
  100
AcDbVisualStyle
  2
Flat
  70
0
  71
2
  72
1
  73
1
  90
2
  40
-0.6
  41
30
  62
5
  63
7
  421
16777215
  74
0
  91
0
  64
7
  65
257
  75
1
  175
1
  42
1
  92
8
  66
7
  43
1
  76
1
  77
6
  78
2
  67
7
  79
5
  170
0
  171
0
  290
0
  174
0
  93
13
  44
0
  173
0
  291
0
  45
0
  1001
ACAD
  1000
AcDbSavedByObjectVersion
  1070
0
  0
VISUALSTYLE
  5
97
  102
{ACAD_XDICTIONARY
  360
30C
  102
}
  102
{ACAD_REACTORS
  330
95
  102
}
  330
95
  100
AcDbVisualStyle
  2
FlatWithEdges
  70
1
  71
2
  72
1
  73
1
  90
2
  40
-0.6
  41
30
  62
5
  63
7
  421
16777215
  74
1
  91
0
  64
7
  65
257
  75
1
  175
1
  42
1
  92
0
  66
257
  43
1
  76
1
  77
6
  78
2
  67
7
  79
5
  170
0
  171
0
  290
0
  174
0
  93
13
  44
0
  173
0
  291
0
  45
0
  1001
ACAD
  1000
AcDbSavedByObjectVersion
  1070
0
  0
VISUALSTYLE
  5
98
  102
{ACAD_XDICTIONARY
  360
30E
  102
}
  102
{ACAD_REACTORS
  330
95
  102
}
  330
95
  100
AcDbVisualStyle
  2
Gouraud
  70
2
  71
2
  72
2
  73
1
  90
2
  40
-0.6
  41
30
  62
5
  63
7
  421
16777215
  74
0
  91
0
  64
7
  65
257
  75
1
  175
1
  42
1
  92
0
  66
7
  43
1
  76
1
  77
6
  78
2
  67
7
  79
5
  170
0
  171
0
  290
0
  174
0
  93
13
  44
0
  173
0
  291
0
  45
0
  1001
ACAD
  1000
AcDbSavedByObjectVersion
  1070
0
  0
VISUALSTYLE
  5
99
  102
{ACAD_XDICTIONARY
  360
310
  102
}
  102
{ACAD_REACTORS
  330
95
  102
}
  330
95
  100
AcDbVisualStyle
  2
GouraudWithEdges
  70
3
  71
2
  72
2
  73
1
  90
2
  40
-0.6
  41
30
  62
5
  63
7
  421
16777215
  74
1
  91
0
  64
7
  65
257
  75
1
  175
1
  42
1
  92
0
  66
257
  43
1
  76
1
  77
6
  78
2
  67
7
  79
5
  170
0
  171
0
  290
0
  174
0
  93
13
  44
0
  173
0
  291
0
  45
0
  1001
ACAD
  1000
AcDbSavedByObjectVersion
  1070
0
  0
VISUALSTYLE
  5
9D
  102
{ACAD_XDICTIONARY
  360
318
  102
}
  102
{ACAD_REACTORS
  330
95
  102
}
  330
95
  100
AcDbVisualStyle
  2
Hidden
  70
6
  71
1
  72
2
  73
2
  90
0
  40
-0.6
  41
-30
  62
5
  63
7
  421
16777215
  74
2
  91
2
  64
7
  65
257
  75
2
  175
1
  42
40
  92
0
  66
257
  43
1
  76
1
  77
6
  78
2
  67
7
  79
3
  170
0
  171
0
  290
0
  174
0
  93
1
  44
0
  173
0
  291
0
  45
0
  1001
ACAD
  1000
AcDbSavedByObjectVersion
  1070
0
  0
VISUALSTYLE
  5
170
  102
{ACAD_XDICTIONARY
  360
32A
  102
}
  102
{ACAD_REACTORS
  330
95
  102
}
  330
95
  100
AcDbVisualStyle
  2
JitterOff
  70
20
  71
2
  72
2
  73
0
  90
0
  40
-0.6
  41
-30
  62
5
  63
7
  421
16777215
  74
1
  91
4
  64
7
  65
257
  75
1
  175
1
  42
1
  92
10
  66
7
  43
1
  76
1
  77
6
  78
2
  67
7
  79
5
  170
0
  171
0
  290
0
  174
0
  93
1
  44
0
  173
0
  291
0
  45
0
  1001
ACAD
  1000
AcDbSavedByObjectVersion
  1070
0
  0
VISUALSTYLE
  5
A3
  102
{ACAD_XDICTIONARY
  360
324
  102
}
  102
{ACAD_REACTORS
  330
95
  102
}
  330
95
  100
AcDbVisualStyle
  2
Linepattern
  70
14
  71
2
  72
2
  73
1
  90
0
  40
-0.6
  41
-30
  62
5
  63
7
  421
16777215
  74
1
  91
4
  64
7
  65
257
  75
7
  175
7
  42
1
  92
8
  66
7
  43
1
  76
1
  77
6
  78
2
  67
7
  79
5
  170
0
  171
0
  290
0
  174
0
  93
1
  44
0
  173
0
  291
0
  45
0
  1001
ACAD
  1000
AcDbSavedByObjectVersion
  1070
0
  0
VISUALSTYLE
  5
171
  102
{ACAD_XDICTIONARY
  360
32C
  102
}
  102
{ACAD_REACTORS
  330
95
  102
}
  330
95
  100
AcDbVisualStyle
  2
OverhangOff
  70
21
  71
2
  72
2
  73
0
  90
0
  40
-0.6
  41
-30
  62
5
  63
7
  421
16777215
  74
1
  91
4
  64
7
  65
257
  75
1
  175
1
  42
1
  92
9
  66
7
  43
1
  76
1
  77
6
  78
2
  67
7
  79
5
  170
0
  171
0
  290
0
  174
0
  93
1
  44
0
  173
0
  291
0
  45
0
  1001
ACAD
  1000
AcDbSavedByObjectVersion
  1070
0
  0
VISUALSTYLE
  5
9F
  102
{ACAD_XDICTIONARY
  360
31C
  102
}
  102
{ACAD_REACTORS
  330
95
  102
}
  330
95
  100
AcDbVisualStyle
  2
Realistic
  70
8
  71
2
  72
3
  73
0
  90
2
  40
-0.6
  41
30
  62
5
  63
7
  421
16777215
  74
0
  91
0
  64
7
  65
257
  75
1
  175
1
  42
1
  92
8
  66
257
  43
1
  76
1
  77
6
  78
2
  67
7
  79
3
  170
0
  171
0
  290
0
  174
0
  93
13
  44
0
  173
0
  291
0
  45
0
  1001
ACAD
  1000
AcDbSavedByObjectVersion
  1070
0
  0
VISUALSTYLE
  5
17F
  102
{ACAD_XDICTIONARY
  360
338
  102
}
  102
{ACAD_REACTORS
  330
95
  102
}
  330
95
  100
AcDbVisualStyle
  2
Shaded
  70
27
  71
2
  72
2
  73
1
  90
2
  40
-0.6
  41
30
  62
5
  63
7
  421
16777215
  74
0
  91
4
  64
7
  65
257
  75
1
  175
1
  42
1
  92
8
  66
257
  43
1
  76
1
  77
6
  78
2
  67
8
  425
7895160
  79
3
  170
0
  171
0
  290
0
  174
0
  93
5
  44
0
  173
0
  291
0
  45
0
  1001
ACAD
  1000
AcDbSavedByObjectVersion
  1070
0
  0
VISUALSTYLE
  5
17E
  102
{ACAD_XDICTIONARY
  360
336
  102
}
  102
{ACAD_REACTORS
  330
95
  102
}
  330
95
  100
AcDbVisualStyle
  2
Shaded with edges
  70
26
  71
2
  72
2
  73
1
  90
2
  40
-0.6
  41
30
  62
5
  63
7
  421
16777215
  74
1
  91
2
  64
7
  65
257
  75
2
  175
1
  42
1
  92
8
  66
257
  43
1
  76
1
  77
6
  78
2
  67
7
  79
3
  170
0
  171
0
  290
0
  174
0
  93
5
  44
0
  173
0
  291
0
  45
0
  1001
ACAD
  1000
AcDbSavedByObjectVersion
  1070
0
  0
VISUALSTYLE
  5
17B
  102
{ACAD_XDICTIONARY
  360
330
  102
}
  102
{ACAD_REACTORS
  330
95
  102
}
  330
95
  100
AcDbVisualStyle
  2
Shades of Gray
  70
23
  71
2
  72
2
  73
3
  90
0
  40
-0.6
  41
-30
  62
5
  63
7
  421
16777215
  74
2
  91
2
  64
7
  65
7
  75
1
  175
1
  42
40
  92
8
  66
7
  43
1
  76
1
  77
6
  78
2
  67
7
  79
3
  170
0
  171
0
  290
0
  174
0
  93
1
  44
0
  173
0
  291
0
  45
0
  1001
ACAD
  1000
AcDbSavedByObjectVersion
  1070
0
  0
VISUALSTYLE
  5
17C
  102
{ACAD_XDICTIONARY
  360
332
  102
}
  102
{ACAD_REACTORS
  330
95
  102
}
  330
95
  100
AcDbVisualStyle
  2
Sketchy
  70
24
  71
1
  72
2
  73
2
  90
0
  40
-0.6
  41
-30
  62
5
  63
7
  421
16777215
  74
2
  91
2
  64
7
  65
7
  75
1
  175
1
  42
40
  92
11
  66
7
  43
1
  76
1
  77
6
  78
2
  67
7
  79
6
  170
0
  171
0
  290
0
  174
0
  93
1
  44
0
  173
0
  291
0
  45
0
  1001
ACAD
  1000
AcDbSavedByObjectVersion
  1070
0
  0
VISUALSTYLE
  5
A2
  102
{ACAD_XDICTIONARY
  360
322
  102
}
  102
{ACAD_REACTORS
  330
95
  102
}
  330
95
  100
AcDbVisualStyle
  2
Thicken
  70
13
  71
2
  72
2
  73
1
  90
0
  40
-0.6
  41
-30
  62
5
  63
7
  421
16777215
  74
1
  91
4
  64
7
  65
257
  75
1
  175
1
  42
1
  92
12
  66
7
  43
1
  76
1
  77
6
  78
2
  67
7
  79
5
  170
0
  171
0
  290
0
  174
0
  93
1
  44
0
  173
0
  291
0
  45
0
  1001
ACAD
  1000
AcDbSavedByObjectVersion
  1070
0
  0
VISUALSTYLE
  5
9C
  102
{ACAD_XDICTIONARY
  360
316
  102
}
  102
{ACAD_REACTORS
  330
95
  102
}
  330
95
  100
AcDbVisualStyle
  2
Wireframe
  70
5
  71
0
  72
2
  73
0
  90
0
  40
-0.6
  41
-30
  62
5
  63
7
  421
16777215
  74
1
  91
4
  64
7
  65
257
  75
1
  175
1
  42
1
  92
0
  66
257
  43
1
  76
1
  77
6
  78
2
  67
7
  79
3
  170
0
  171
0
  290
0
  174
0
  93
1
  44
0
  173
0
  291
0
  45
0
  1001
ACAD
  1000
AcDbSavedByObjectVersion
  1070
0
  0
VISUALSTYLE
  5
17D
  102
{ACAD_XDICTIONARY
  360
334
  102
}
  102
{ACAD_REACTORS
  330
95
  102
}
  330
95
  100
AcDbVisualStyle
  2
X-Ray
  70
25
  71
2
  72
2
  73
1
  90
1
  40
0.5
  41
-30
  62
5
  63
7
  421
16777215
  74
1
  91
0
  64
7
  65
257
  75
1
  175
1
  42
1
  92
8
  66
7
  43
1
  76
1
  77
6
  78
2
  67
7
  79
3
  170
0
  171
0
  290
0
  174
0
  93
13
  44
0
  173
0
  291
0
  45
0
  1001
ACAD
  1000
AcDbSavedByObjectVersion
  1070
0
  0
DICTIONARYVAR
  5
227
  102
{ACAD_REACTORS
  330
59
  102
}
  330
59
  100
DictionaryVariables
  280
0
  1
60.000000
  0
DICTIONARYVAR
  5
EB
  102
{ACAD_REACTORS
  330
59
  102
}
  330
59
  100
DictionaryVariables
  280
0
  1
1:1
  0
DICTIONARYVAR
  5
EA
  102
{ACAD_REACTORS
  330
59
  102
}
  330
59
  100
DictionaryVariables
  280
0
  1
STANDARD
  0
DICTIONARYVAR
  5
AB
  102
{ACAD_REACTORS
  330
59
  102
}
  330
59
  100
DictionaryVariables
  280
0
  1
STANDARD
  0
DICTIONARYVAR
  5
1B4
  102
{ACAD_REACTORS
  330
59
  102
}
  330
59
  100
DictionaryVariables
  280
0
  1
Imperial24
  0
DICTIONARYVAR
  5
1B5
  102
{ACAD_REACTORS
  330
59
  102
}
  330
59
  100
DictionaryVariables
  280
0
  1
Imperial24
  0
DICTIONARYVAR
  5
5A
  102
{ACAD_REACTORS
  330
59
  102
}
  330
59
  100
DictionaryVariables
  280
0
  1
2
  0
DICTIONARYVAR
  5
5E
  102
{ACAD_REACTORS
  330
59
  102
}
  330
59
  100
DictionaryVariables
  280
0
  1
1
  0
DICTIONARYVAR
  5
226
  102
{ACAD_REACTORS
  330
59
  102
}
  330
59
  100
DictionaryVariables
  280
0
  1
0
  0
DICTIONARYVAR
  5
14A
  102
{ACAD_REACTORS
  330
59
  102
}
  330
59
  100
DictionaryVariables
  280
0
  1
0
  0
DICTIONARYVAR
  5
14B
  102
{ACAD_REACTORS
  330
59
  102
}
  330
59
  100
DictionaryVariables
  280
0
  1
0
  0
DICTIONARYVAR
  5
224
  102
{ACAD_REACTORS
  330
59
  102
}
  330
59
  100
DictionaryVariables
  280
0
  1
2
  0
DICTIONARYVAR
  5
223
  102
{ACAD_REACTORS
  330
59
  102
}
  330
59
  100
DictionaryVariables
  280
0
  1
1
  0
DICTIONARYVAR
  5
225
  102
{ACAD_REACTORS
  330
59
  102
}
  330
59
  100
DictionaryVariables
  280
0
  1
127
  0
DICTIONARYVAR
  5
228
  102
{ACAD_REACTORS
  330
59
  102
}
  330
59
  100
DictionaryVariables
  280
0
  1
2
  0
DICTIONARY
  5
309
  102
{ACAD_REACTORS
  330
307
  102
}
  330
307
  100
AcDbDictionary
  281
1
  0
DICTIONARY
  5
308
  102
{ACAD_REACTORS
  330
307
  102
}
  330
307
  100
AcDbDictionary
  281
1
  3
1654967913120
  350
302
  3
1654967913136
  350
303
  3
1654967913152
  350
304
  3
1654967913168
  350
305
  3
1654967913184
  350
306
  0
DICTIONARY
  5
33C
  330
1A9
  100
AcDbDictionary
  280
1
  281
1
  3
ACAD_XREC_ROUNDTRIP
  360
33D
  0
DICTIONARY
  5
191
  330
22
  100
AcDbDictionary
  280
1
  281
1
  0
DICTIONARY
  5
185
  330
93
  100
AcDbDictionary
  280
1
  281
1
  3
FBXASSET
  360
186
  0
DICTIONARY
  5
183
  330
92
  100
AcDbDictionary
  280
1
  281
1
  3
FBXASSET
  360
184
  0
DICTIONARY
  5
10B
  330
94
  100
AcDbDictionary
  280
1
  281
1
  3
BUMPTILE
  360
10D
  3
DIFFUSETILE
  360
10C
  3
FBXASSET
  360
187
  3
OPACITYTILE
  360
10E
  3
REFLECTIONTILE
  360
10F
  0
DICTIONARY
  5
33A
  330
1A7
  100
AcDbDictionary
  280
1
  281
1
  3
ACAD_XREC_ROUNDTRIP
  360
33B
  0
DICTIONARY
  5
FF
  330
A7
  100
AcDbDictionary
  280
1
  281
1
  3
ACAD_ROUNDTRIP_2008_TABLESTYLE_CELLSTYLEMAP
  360
300
  0
DICTIONARY
  5
314
  330
9B
  100
AcDbDictionary
  280
1
  281
1
  3
ACAD_XREC_ROUNDTRIP
  360
315
  0
DICTIONARY
  5
312
  330
9A
  100
AcDbDictionary
  280
1
  281
1
  3
ACAD_XREC_ROUNDTRIP
  360
313
  0
DICTIONARY
  5
320
  330
A1
  100
AcDbDictionary
  280
1
  281
1
  3
ACAD_XREC_ROUNDTRIP
  360
321
  0
DICTIONARY
  5
328
  330
A5
  100
AcDbDictionary
  280
1
  281
1
  3
ACAD_XREC_ROUNDTRIP
  360
329
  0
DICTIONARY
  5
31A
  330
9E
  100
AcDbDictionary
  280
1
  281
1
  3
ACAD_XREC_ROUNDTRIP
  360
31B
  0
DICTIONARY
  5
31E
  330
A0
  100
AcDbDictionary
  280
1
  281
1
  3
ACAD_XREC_ROUNDTRIP
  360
31F
  0
DICTIONARY
  5
32E
  330
172
  100
AcDbDictionary
  280
1
  281
1
  3
ACAD_XREC_ROUNDTRIP
  360
32F
  0
DICTIONARY
  5
326
  330
A4
  100
AcDbDictionary
  280
1
  281
1
  3
ACAD_XREC_ROUNDTRIP
  360
327
  0
DICTIONARY
  5
30A
  330
96
  100
AcDbDictionary
  280
1
  281
1
  3
ACAD_XREC_ROUNDTRIP
  360
30B
  0
DICTIONARY
  5
30C
  330
97
  100
AcDbDictionary
  280
1
  281
1
  3
ACAD_XREC_ROUNDTRIP
  360
30D
  0
DICTIONARY
  5
30E
  330
98
  100
AcDbDictionary
  280
1
  281
1
  3
ACAD_XREC_ROUNDTRIP
  360
30F
  0
DICTIONARY
  5
310
  330
99
  100
AcDbDictionary
  280
1
  281
1
  3
ACAD_XREC_ROUNDTRIP
  360
311
  0
DICTIONARY
  5
318
  330
9D
  100
AcDbDictionary
  280
1
  281
1
  3
ACAD_XREC_ROUNDTRIP
  360
319
  0
DICTIONARY
  5
32A
  330
170
  100
AcDbDictionary
  280
1
  281
1
  3
ACAD_XREC_ROUNDTRIP
  360
32B
  0
DICTIONARY
  5
324
  330
A3
  100
AcDbDictionary
  280
1
  281
1
  3
ACAD_XREC_ROUNDTRIP
  360
325
  0
DICTIONARY
  5
32C
  330
171
  100
AcDbDictionary
  280
1
  281
1
  3
ACAD_XREC_ROUNDTRIP
  360
32D
  0
DICTIONARY
  5
31C
  330
9F
  100
AcDbDictionary
  280
1
  281
1
  3
ACAD_XREC_ROUNDTRIP
  360
31D
  0
DICTIONARY
  5
338
  330
17F
  100
AcDbDictionary
  280
1
  281
1
  3
ACAD_XREC_ROUNDTRIP
  360
339
  0
DICTIONARY
  5
336
  330
17E
  100
AcDbDictionary
  280
1
  281
1
  3
ACAD_XREC_ROUNDTRIP
  360
337
  0
DICTIONARY
  5
330
  330
17B
  100
AcDbDictionary
  280
1
  281
1
  3
ACAD_XREC_ROUNDTRIP
  360
331
  0
DICTIONARY
  5
332
  330
17C
  100
AcDbDictionary
  280
1
  281
1
  3
ACAD_XREC_ROUNDTRIP
  360
333
  0
DICTIONARY
  5
322
  330
A2
  100
AcDbDictionary
  280
1
  281
1
  3
ACAD_XREC_ROUNDTRIP
  360
323
  0
DICTIONARY
  5
316
  330
9C
  100
AcDbDictionary
  280
1
  281
1
  3
ACAD_XREC_ROUNDTRIP
  360
317
  0
DICTIONARY
  5
334
  330
17D
  100
AcDbDictionary
  280
1
  281
1
  3
ACAD_XREC_ROUNDTRIP
  360
335
  0
XRECORD
  5
302
  102
{ACAD_REACTORS
  330
308
  102
}
  330
308
  100
AcDbXrecord
  280
1
  1
AcDb_Thumbnail_Schema
  102
{ATTRRECORD
  341
303
  2
AcDbDs::TreatedAsObjectData
  280
1
  291
0
  102
ATTRRECORD}
  102
{ATTRRECORD
  341
304
  2
AcDbDs::Legacy
  280
1
  291
0
  102
ATTRRECORD}
  2
AcDbDs::ID
  280
10
  91
8
  102
{ATTRRECORD
  341
305
  2
AcDs:Indexable
  280
1
  291
0
  102
ATTRRECORD}
  102
{ATTRRECORD
  341
306
  2
AcDbDs::HandleAttribute
  280
7
  282
1
  102
ATTRRECORD}
  2
Thumbnail_Data
  280
15
  91
0
  0
XRECORD
  5
303
  102
{ACAD_REACTORS
  330
308
  102
}
  330
308
  100
AcDbXrecord
  280
1
  1
AcDbDs::TreatedAsObjectDataSchema
  2
AcDbDs::TreatedAsObjectData
  280
1
  91
0
  0
XRECORD
  5
304
  102
{ACAD_REACTORS
  330
308
  102
}
  330
308
  100
AcDbXrecord
  280
1
  1
AcDbDs::LegacySchema
  2
AcDbDs::Legacy
  280
1
  91
0
  0
XRECORD
  5
305
  102
{ACAD_REACTORS
  330
308
  102
}
  330
308
  100
AcDbXrecord
  280
1
  1
AcDbDs::IndexedPropertySchema
  2
AcDs:Indexable
  280
1
  91
0
  0
XRECORD
  5
306
  102
{ACAD_REACTORS
  330
308
  102
}
  330
308
  100
AcDbXrecord
  280
1
  1
AcDbDs::HandleAttributeSchema
  2
AcDbDs::HandleAttribute
  280
7
  91
1
  284
1
  0
XRECORD
  5
33D
  102
{ACAD_REACTORS
  330
33C
  102
}
  330
33C
  100
AcDbXrecord
  280
1
  102
DISPLAYNAME
  1
Imperial24
  102
FLAGS
  90
0
  0
XRECORD
  5
186
  102
{ACAD_REACTORS
  330
185
  102
}
  330
185
  100
AcDbXrecord
  280
1
  70
1
  90
429727718
  1
7581DE8E-A623-425F-9BF4-B3F4BE6C4F9A
  310
504B03040A0000080000AC70623B3DEE336E79000000790000001B0000006175746F6465736B2D64657369676E2D7061636B6167652E786D6C3C3F786D6C2076657273696F6E3D22312E302220656E636F64696E673D227574662D3822203F3E3C666F726D6174733E3C666F726D61743E687474703A2F2F736368656D612E
  310
6175746F6465736B2E636F6D2F64657369676E2D7061636B6167652F323030393C2F666F726D61743E3C2F666F726D6174733E504B0304140006080800AC70623BD486FD9CA0000000F4000000130000005B436F6E74656E745F54797065735D2E786D6C7D8EC10E82300C865F65E91D8A1E8C310C0EEA1BF002731658846E
  310
D98AC1B77784ABF1D8FE5FBFBF75BBCE937A534CCEB38643598122B6FEE978D0B0485F9C41B54DDD7D022595594E1A469170414C76A4D9A4D207E29CF43ECE46F218070CC6BECC4078ACAA135ACF422C856C0E68EA1BF5669944DDD7BCDE7B1F8E415D77AECB980613C2E4AC91FC167A2B244592486606FC29C8FD7F045B9A
  310
EF7053A7E60B504B0304140006080800AC70623B9A2F3B5FEC0000007C01000008000000636F72652E786D6C8D90416E83301045AF62CDB632D8040820E328B4E204BD80653BC44AB011B6AB1EBF262152BBEB6A467FFE9B197D76FA9EEFE84BAFDE38DB03CD08206DA553C64E3DC470C10DA01367AB73E1970D9015B3EE61
  310
9381B3697571D925E96CD03624D53AA5775178AF0320794F4D0F5E5EF52C32114372F85BB608791393CEE8AB4B708C46A1E711A3D23E73317A055E0D4D53D6C71A9FC7A1C6657D18703354232ECFED4731B6B43CBED72CDF60CE82995FF7E5AA45D00A7841488B29C5A4F8A46547AAAEA8DE48D311C2F2CDFE078A8BFA2714
  310
8D0D87627FF78979E0343DF21870966F59A4F2082AD52D37FE03504B0304140006080800AC70623B55019EA25F0000007C00000007000000636E782E786D6C4DCB3B0E80201045D1AD90E915ED2CF8AC45050C11660C8261F98AB1B07AC9C97D42D718D865D3E909258CFD00CCE24AC6E326A164D74DC0B4128928FF326038
  310
472BA13128B1252AC747C6BAB984FC68F0B87FE8960A5C09FE86CFB69FBA01504B0304140006080800AC70623B6E137E0172010000D40300000C0000006662782F636F72652E786D6CC5535B6E833010BC8AE5DF0A6C0810121947A1554ED00B38E05014B091B1518EDFE511A5A9D22AFD2A1F60CDEC7A67C698ED2E6D8306
  310
69FA5AAB0C073EC548AA4297B5AA32ECECC94B31DA7166B4B65FCA3052A295191E61CC5965B4EB16A8D0CA4A650155BA940B28FA5E5A8C8A061619EE8B0FD90A5F380B15FDD9EF44711695F4031F68A8E3ACB70604A079C8F8C6FC74BC3032E39C3957970B5B9730AD3ED5D2601EE7691A25EBC4DB1FF2C48B9255EEA5797C
  310
F0A2FDE62D3C6C8268FD9A3032367366EBF6AAAE30525859621E52BAF182C0A3E17B106D69BC0DE3179A6E2965642CBF6B725DF96493AB955D858BDCB9ADC73C002113F1CD2D4464512F06D04338236388F09912BE0F1A028190AD3836571F67800659586D22604AED6ED4201A27612AF5E9F4A09F178CCC9D3075DA1C5C3F
  310
9C113E3DE3F71DE1A885AAC084B0B03C3A3BEA64B38625B44E1A6FB017A4B46945F39C8D5F1CFE89BA897F28A9D08D36FFA5882C074496DF838CF7917F02504B0304140006080800AC70623BE001BAC07D0000009D0000000B0000006662782F636E782E786D6C4DCCD10AC2201886E15B91FFDCA6536B037548D87D8CE686
  310
E4344CA3CB6F8B1D74F4C1C3C72B87CF1AD0DBE5974F51013D11402EDED3E4E3A2A096197780062D734AE5EF06288EAB53B03368B9E4549F074D6E1E6B289B061F1F07124689687987B9601C7373BD60C36E065B6A6DDF7341A93843A365F32B6DBB87F517504B0304140006080800AC70623B8E5068122901000012020000
  310
310000006662782F30333130353234382D343533342D344143372D413346412D4531454539393435313135362F636F72652E786D6C8D515B6EC32010BC0AE22B55850D364E93081345557A825E801892A2C460F1A872FC2EB523B57FF961D1EECCECECAED8DFC71BFA36215AEF7ACC2A8A917183D7D65D7A9CD3996C30DA4B
  310
11BC4F7F601839359A1E973496E2127C9E96D4E05D322E41D6796D96A48AD1248C861B7C7A1C872F33AA4AE5048878AD26355CD5C554AC8232E0A4882980013437292F96B465B46BF886F0AEE5841FDEDFC8A1FD3890233B1EB75BDE31D6AD453D13A5C8D9EA856E35D8B1676BC2B322852C45B2E3C3FE108C4A4663D950BA
  310
258C11DA7C32BEA3DDAEE95EE96647A9A80BFC1F294FFA4952B62EB5CD6277A6452C99A8E78214DAE7D3ED61C6DC271F122AFD56D10C2F305545CB6A60FC1908E383E29A2F8A31F900EB5D5D4F8065DD2CBBE652D4E542107ECF07B15C53FE00504B0304140006080800AC70623B503B51794E010000330300003000000066
  310
62782F30333130353234382D343533342D344143372D413346412D4531454539393435313135362F636E782E786D6CD593C16EC32010447F0571AD6CE3D489D20813A9877E410FBD62D82434182CC055F3F75D1292E692438FBD206B7698593D61BEFD1E2DF982108D773D6D6B460938E5B571FB9ECE6957AD29D90A1EBC4F
  310
77364A9C1CA1A759A682EF839FA72269D8C9D92654AD71C72206887E0E0A22CAF926B15E498B01E0AA19451807D01A34B919F16B070157417138917400F2F6FA41FCF0092A45DEE414C19BDC21783E4BD39D891265658C3D8DEA00A3ACE59CBC8678ACB54CB26EEB6BD7839D7E9348BE70AD9C8321B9BCA7F9A4A26C542347
  310
DEE050F09802D22BA6749A800A394DD62899107273365E3C82CFC6A55557BC06C10774B7ABE7AEC3B0F34CF06446280E154026D0542C187BA9DAB6628BF7B6DBB0E566B17C62EB0D63BCC976C107EF6DB9843110FC449477095CA2A2E54D1E3FC2577C449B80AC7D38FD01240228AD173AB78CFFCCA739BF6FC415F02F103F
  310
504B0304140006080800AC70623B38FA165F680500003C100000340000006662782F30333130353234382D343533342D344143372D413346412D4531454539393435313135362F6F626A656374732E786D6CAD575D6FA33814FD2B887D0E8424EDB42BCAA8499A2A1A756634D18CF6A15264C0A16CC146B6E9A4FBEBF7180C
  310
019276B21F7908D8D8F7F3DCE36BFFE33ECFAC172A64CAD98DED3963DBA22CE271CA921BBB54BBD1956D7D0C7CC1B9EA2CB32D46727A63EB693BF013C1CBC24CC57447CA4C0D6657F33F2C1951466D2BCA889437B68C9E684E1C522A1E53F9ECC4441127D9ED1DCFA917F6C52682144F03A105119429588A790629566D94D7
  310
1F8E6D37F05DFD3DF0F5BF59357D7B955BF9D3D79F32A9088B8E940DC44CBDD9F26E72713DBA98CDA6A3D9E5C41BCD57F3E5C8FB301D2F2E178BEBDBBB6B28964A4092B144D09D1DDC2336228D7CB7FED45A6C0C3F6552C419A351E53F3CAC6C3612635A5016238F2995D0D6F17ADC1F7A3A369DCF533D362ABBD3E779D5DD
  310
D111D4D8DE3CBB96F2F04FB820CF41859054A3AA8E8F71B4C6DFF810B590F3CC7C4BA5951345454A322B4B4341C4AB1D60A95E12F83D311A9D42235C7B6007DE415ED75694C6AFB17BCACA5D99651A9A7650217B0BFC53252BCBD2BFA838AD0D36215765CAD4957148BD16D40EAE7DB79A0C7CFD984ECCC73A90D62E230952
  310
0E37EBAF034717BAF6D64B3BF8B40AF71B5D8FA79517821754280D1F40AB495CF3D451326ABDB332A737C0995ECC0F41F986C87F46F91E4C41DE44BA9FED67468B1284C91D173972E38CAB9F356E5E46EDDBF10BF86CB0FA784D3BF3AF16FB6E6B6C9F30DECA1FC0A55373F5DFF3D78F5917A99DF405FE0B0A8C8BA909E526
  310
2219A8E72165488806A595714C81CB77E1DE0ED6604A303B76912C680372F4E2BB2FF88EFF5A36D8AA52DF79322474C0B767303F625995056C7B032C473C592936CEBD15F38BFFA5666E979B4F9B52EC48441F0CB12CE92E65A9C2D979006FD7A05E227A1E3DD3D79F5CC470F438099B6E1272A34A22DA3AE63AF0497358E8
  310
C141734F41847D09D79CE7FF42C3432A239A6584515E365ADA634863B52519D327A00AEB804E2703140BFA92EA4EA2B7A26716CEFA48A4850E597BE8B53CEDBCE1CBF7F56780D20EE6AF73A0F5F9B02A3CD07DC4332EB6E1EBB666421BE0C39E3EBA7FF4E16D22EA6A29407C85E586724C88B771BADB9512BC7B228A3FD68B
  310
6EA65A22397E690AA8D158D7E40CEC8CDA23C2C0B7D1898640101CEC9C6D531CE328CB93CABBBA870A6425F70DF96199175B92F392A973C2346EFC69AC6F8577BB18F993A8E8C90E36D573340765C7343EA4AA87027D049DF0A9979E0F1757DEF2EEEA6E747B39412B35B9588DAEE7ABD9683E5DCDE677978BD9EAFAB6B5A8
  310
B224F09B13AA5B8388264E44BF14A909F3F7F5A16CEDE08128E9DED705E526F5F3FBDA415BECBBD80380B71BD77991D19C3245347C1FF44BF68DA0ABE8C9A8E7D73949E81952BEDC6F063660E68C7D5F75A9D19F83BD6676A16BE1A410F554E621236936D8681C770A9618B79B50B6CF9AD19BA11E9978A20F953C4B63104E
  310
6C2594E7548176CE607B915309C474BBF2D8DC1ECED8FD52F7838A84196D2C79226889330954036E65A4FAF3D66F68E174177563E3B0739EF1670AD1B690EA1B1BFCA6D2884A27C4F1A81B9F4A3820802EAC2541408DB02443675D6F6AC7ED2E1D1BD00F4E40A3BF5D724EB764FCEA116F4E8A02A7768F562BDB8C82E81F39
  310
DE98631185D7B054AD2F8789D6994A0D2AAB76CADC0DD0423C1BD57BD4D7FB6E794EB5A61791B3EE49EF82A0963A524424D5BD40DB674CBA5D7E75D10A58EB2F569195097279BEA491A00073A90B1C28022A8CCC82284075F1FBE357C17117CDAD550A083C2E789E736606B7E62E6B6D9E70338D1F410B545F3FE464EC798F
  310
55D76F2E22DB9048EA90583E63A22938EDC1006B00E4D1716A52E0EA1C0C96AF9796393066105A81F6A829ADAFE1168A47DF1C75A974C9B278B7F177ABA5008340CB1EFC0D504B0304140006080000AC70623B000000000000000000000000350000006662782F30333130353234382D343533342D344143372D413346412D
  310
4531454539393435313135362F76657274696365732E62696E504B0304140006080800AC70623BF270F1330600000004000000360000006662782F30333130353234382D343533342D344143372D413346412D4531454539393435313135362F747269616E676C65732E62696E636660600000504B0304140006080000AC70
  310
623B000000000000000000000000370000006662782F30333130353234382D343533342D344143372D413346412D4531454539393435313135362F617474726962757465732E62696E504B0304140006080800AC70623B08DA0BD19000000041010000360000006662782F30333130353234382D343533342D344143372D41
  310
3346412D4531454539393435313135362F6469726563746F72792E786D6C858F410AC3201045AF22B36F53E9A60B35CBEEBAE80D244E44489C6234F4F835464A48035D0DF398FF9F8AF63D0E6CC63039F212F8F9020C7D47C6792B21C5FE7403D62A1188E2E60C98D7234A5830286103A55745067B9D86B8A3CF9C7F90C11D
  310
E607FB144396D7B6A82D282E9A152AD114D5EF2CB866EEE831B8EEA07A7BB5A8D7D61A2BAAEB7FD5F70921FF497D00504B0304140006080800AC70623BF2C5666EFF000000A00100003B0000006662782F30333130353234382D343533342D344143372D413346412D4531454539393435313135362F7265736F7572636573
  310
2F636F72652E786D6C8D504B6E833010BD0A9A6D65B00910888CA3D02A27E8052C33A156821DF953F5F8B5132AB5BB6E6646EFA3797AFCF8B5DE8A4F745E5B33022B291468949DB5594688E1427A288E823B6BC32F191446AE38428641F0C5D978DF20654D4013126AEC8C1B28BDC70085BAA56304AF3E7095A58C2129FCB5
  310
BC4B75950B96AC4C74D209EE834B018AE7933C4138F4363A859E574F56F018F5BC69F49C7EEA8B4607A29DFABEE9F62D399DA78E34DD6E22FDD49E49731ADEEAF3C09AFD6BC7AB6C163CE8F527A3722803CE206A4A07C218A1F53B6B0EB43DD4ED0BED0F94F22ACBFF98E27DFEA7296A1376F516F769F320580AF22004AF72
  310
5F693DCA4C3B772BBE01504B010214000A0000080000AC70623B3DEE336E79000000790000001B00000000000000000000000000000000006175746F6465736B2D64657369676E2D7061636B6167652E786D6C504B01021400140006080800AC70623BD486FD9CA0000000F40000001300000000000000000000000000B200
  310
00005B436F6E74656E745F54797065735D2E786D6C504B01021400140006080800AC70623B9A2F3B5FEC0000007C010000080000000000000000000000000083010000636F72652E786D6C504B01021400140006080800AC70623B55019EA25F0000007C000000070000000000000000000000000095020000636E782E786D
  310
6C504B01021400140006080800AC70623B6E137E0172010000D40300000C00000000000000000000000000190300006662782F636F72652E786D6C504B01021400140006080800AC70623BE001BAC07D0000009D0000000B00000000000000000000000000B50400006662782F636E782E786D6C504B010214001400060808
  310
00AC70623B8E506812290100001202000031000000000000000000000000005B0500006662782F30333130353234382D343533342D344143372D413346412D4531454539393435313135362F636F72652E786D6C504B01021400140006080800AC70623B503B51794E010000330300003000000000000000000000000000D3
  310
0600006662782F30333130353234382D343533342D344143372D413346412D4531454539393435313135362F636E782E786D6C504B01021400140006080800AC70623B38FA165F680500003C10000034000000000000000000000000006F0800006662782F30333130353234382D343533342D344143372D413346412D4531
  310
454539393435313135362F6F626A656374732E786D6C504B01021400140006080000AC70623B0000000000000000000000003500000000000000000000000000290E00006662782F30333130353234382D343533342D344143372D413346412D4531454539393435313135362F76657274696365732E62696E504B01021400
  310
140006080800AC70623BF270F133060000000400000036000000000000000000000000007C0E00006662782F30333130353234382D343533342D344143372D413346412D4531454539393435313135362F747269616E676C65732E62696E504B01021400140006080000AC70623B0000000000000000000000003700000000
  310
000000000000000000D60E00006662782F30333130353234382D343533342D344143372D413346412D4531454539393435313135362F617474726962757465732E62696E504B01021400140006080800AC70623B08DA0BD1900000004101000036000000000000000000000000002B0F00006662782F30333130353234382D
  310
343533342D344143372D413346412D4531454539393435313135362F6469726563746F72792E786D6C504B01021400140006080800AC70623BF2C5666EFF000000A00100003B000000000000000000000000000F1000006662782F30333130353234382D343533342D344143372D413346412D453145453939343531313536
  310
2F7265736F75726365732F636F72652E786D6C504B0506000000000E000E0080040000671100000000
  0
XRECORD
  5
184
  102
{ACAD_REACTORS
  330
183
  102
}
  330
183
  100
AcDbXrecord
  280
1
  70
1
  90
429727718
  1
778E3A9F-1AF3-452F-85C1-1BC15BD3F630
  310
504B03040A0000080000AC70623B3DEE336E79000000790000001B0000006175746F6465736B2D64657369676E2D7061636B6167652E786D6C3C3F786D6C2076657273696F6E3D22312E302220656E636F64696E673D227574662D3822203F3E3C666F726D6174733E3C666F726D61743E687474703A2F2F736368656D612E
  310
6175746F6465736B2E636F6D2F64657369676E2D7061636B6167652F323030393C2F666F726D61743E3C2F666F726D6174733E504B0304140006080800AC70623BD486FD9CA0000000F4000000130000005B436F6E74656E745F54797065735D2E786D6C7D8EC10E82300C865F65E91D8A1E8C310C0EEA1BF002731658846E
  310
D98AC1B77784ABF1D8FE5FBFBF75BBCE937A534CCEB38643598122B6FEE978D0B0485F9C41B54DDD7D022595594E1A469170414C76A4D9A4D207E29CF43ECE46F218070CC6BECC4078ACAA135ACF422C856C0E68EA1BF5669944DDD7BCDE7B1F8E415D77AECB980613C2E4AC91FC167A2B244592486606FC29C8FD7F045B9A
  310
EF7053A7E60B504B0304140006080800AC70623BFD5588D4EC0000007C01000008000000636F72652E786D6C8D90416EC3201045AF82665B6103891DC7C24471939CA01740405C94182C03558F5F9C3852BBEB6A467FFE9B197D7EF81EEFE8CBCCC17AD7012D0820E394D7D60D1DA478C50DA083E0B3F7F1970D9093A3E960
  310
9141F061F6695A25E55D342E66D5796D56518660222075CF4D07417D9A511632C5EC08B76292EA260753D05797E194AC46CF2356E77DF66ACD0C62C768BD63971E5727D2E06DDF9C71BF7B3FE10BABF79BFA488FE4DCF07281058F767CDD57B391D168108C903DA61413F641B72DA95A56BD91A62584978BFD0F9426FD4F28
  310
5917376C7DF7890510343FF218085E2E59E4F2082AD72537F103504B0304140006080800AC70623B55019EA25F0000007C00000007000000636E782E786D6C4DCB3B0E80201045D1AD90E915ED2CF8AC45050C11660C8261F98AB1B07AC9C97D42D718D865D3E909258CFD00CCE24AC6E326A164D74DC0B4128928FF326038
  310
472BA13128B1252AC747C6BAB984FC68F0B87FE8960A5C09FE86CFB69FBA01504B0304140006080800AC70623BB5D38BAD72010000D40300000C0000006662782F636F72652E786D6CC553DB8E823014FC95A6AF1B68C11B9A52A3AB7EC1FE4085CA36424B4A4BFCFC3D5C8CEBC635EED3F200CDCC393D3353CAD697AA44AD
  310
B48D323AC5514831923A33B9D2458ABD3B0509466BCEAC31EE5B19465A5432C51D8C392BACF1F50865463BA91DA0DAE4720445D348875156C222C54DF6292B110AEFA0A23987B5C8CEA2906114020D759C35CE8200340CE9DE989F8E1746069C33EF553EB22A8769EAA4A4C57C1147F3457CD806B31D4D82E936D907DBC5FB
  310
2E38C4F3E564BE8936749F30D23573E65475559759299CCC318F295D065114D0F8239AAEE86C15CFDE68B2A29491AEFCAEC9D7F98B4D5E69378947B9435B837904427AE2875B88C8A146B4A0877046BA10E1D3277C1F340402213B712CAF3ECE00B53273C64E81C98DBF51AD28BD84A934A4FD837E5F303274C2D47E7370FD
  310
7046FCF28CE73BC2510B5D8009E16079F4AED3C9060D6368B5B441EB2E481B5B89F2351B4F1CFE89BA897F282933A5B1FFA5888C0744C6DF8374F7917F01504B0304140006080800AC70623B09885E1C7E0000009D0000000B0000006662782F636E782E786D6C4DCCDF0A83201C86E15B91DFB9CBA6FD11D41063F711CB42
  310
663A9C8E5DFE6A74B0A30F1E3E5E317C368FDE36BD5C0C12EA0B0164C33DCE2EAC124A5E700F685022C598FF6E80C2B459090783126B8AE579D26C97A9F8BCAB77E17122E586D5843498B3EE8699D114F39E5E713D76EDA84DCBB569A052A2FA95F63DC2EA0B504B0304140006080800AC70623B961D28872A010000120200
  310
00310000006662782F33394334313030352D393437462D344341332D393833322D3144373644414336394143352F636F72652E786D6C8D515B6EC32010BC8AC557AA0A1BFC4A1C61A2C8514FD00B10435294182C1E558EDFA576A4F62F3F80666766875D76784CF7EC5B39AFADE911CD09CA9419ADD4E6DAA3182E7887B203
  310
67CEDAF08786322326D5A30423CEAECEC67985466B8232015063A55A41E1BD0A281BEFF0E8911FBFD42472110330FC2D9FC578135795D31CCAC0E3CC070701B2A5493A11AFBAA1A68434B8ABB71FB81E8E15EE765589E969DB9E8E43DB1D8786158B90B318B55CE55A421C7DD1CABD6A92C49C053D3DE38F4E89A024E22521
  310
1DA61493F293D67BD2ECCBE69DECF684B022D1FF89E22C5F14456D4255AE711799479CB2622970266D3CDF9F61D463B62E64A9DFC6ABF10D7192C35CCA0A040B11BE0F8E6DBD3AFA601D8C77733B0397C290926D5B7356A40DC1F5BB3EB8D336F90F504B0304140006080800AC70623B503B51794E01000033030000300000
  310
006662782F33394334313030352D393437462D344341332D393833322D3144373644414336394143352F636E782E786D6CD593C16EC32010447F0571AD6CE3D489D20813A9877E410FBD62D82434182CC055F3F75D1292E692438FBD206B7698593D61BEFD1E2DF982108D773D6D6B460938E5B571FB9ECE6957AD29D90A1E
  310
BC4F77364A9C1CA1A759A682EF839FA72269D8C9D92654AD71C72206887E0E0A22CAF926B15E498B01E0AA19451807D01A34B919F16B070157417138917400F2F6FA41FCF0092A45DEE414C19BDC21783E4BD39D891265658C3D8DEA00A3ACE59CBC8678ACB54CB26EEB6BD7839D7E9348BE70AD9C8321B9BCA7F9A4A26C54
  310
2347DEE050F09802D22BA6749A800A394DD62899107273365E3C82CFC6A55557BC06C10774B7ABE7AEC3B0F34CF06446280E154026D0542C187BA9DAB6628BF7B6DBB0E566B17C62EB0D63BCC976C107EF6DB9843110FC449477095CA2A2E54D1E3FC2577C449B80AC7D38FD01240228AD173AB78CFFCCA739BF6FC415F02F
  310
103F504B0304140006080800AC70623B2EA4D28F640500003C100000340000006662782F33394334313030352D393437462D344341332D393833322D3144373644414336394143352F6F626A656374732E786D6CAD575D739B3814FD2B0CFB6C30B1D3263B844E6CC71D4F376DA79E76F621331E01326103122389C4E9AFDF
  310
231018B09D7A3FFC609090EEE7B94757FE875D9E59CF54C894B31BDB73C6B64559C4E394253776A9B6A32BDBFA10F88273D559665B8CE4F4C6D6D376E027829785998AE99694991ACC2E677F5A32A28CDA569411296F6C193DD29C38A4543CA6F2C98989224EB2DD399E532FEC8B4D04291E07420B222853B014F30C52ACDA
  310
28AF3F1CDB6EE0BBFA7BE0EB7FB36A727A955BF9D3D79F32A9088B0E940DC44CBCE9E2EEE2F27A74399D4E46D37717DE68B69C2D46DEFBC978FE6E3EBFBEBDBB8662A90424194B04DDDAC147C446A491EFD69F5A8B8DE1C74C8A386334AAFC878795CD46624C0BCA62E431A512DA3A5E8FFB434FC7A6F379A2C7466577FA3C
  310
AFBA3B3A821ADB9B67D7521EFE0517E439A810926A54D5F1318ED6F81BEFA316729E996FA9B472A2A84849666569288878B5032CD54B02BF2746A35368846B0FECC0DBCBEBDA8AD2F835768F59B92DB34C43D30E2A646F807FAA646559FA938AE3DA60137255A64C5D1987D46B41EDE0DA77ABC9C0D78FC985F95807D2DA66
  310
2441CAE166FD75E0E85CD7DE6A61079F96E16EADEBF1B8F242F0820AA5E1036835896B9E3A4A46AD7756E6F40638D38BF93E28DF10F9CF28DFBD29C89B4877D3DDD468518230B9E522476E9C71F5B3C6CDCBA87D3B7C019F0D561FAE6967FED562DF6D8DED13C6A9FC015C3A3557FF3D7FFD987591DA495FE03FA3C0B89898
  310
50AE2392817AEE53868468505A19C714B87C1BEEEC6005A604B36317C9823620072FBEFB8CEFF8AF6583AD2AF59D274342077C7B06F323965559C0B6136039E0C94AB171EE54CC2FFF979AB95DAC3FAD4BB12511BD37C4B2A0DB94A50A67E71EBC5D837A89E879F4445F5FB888E1E86112D6DD24E4469544B475CC75E093E6
  310
B0D083BDE69E8208FB12AE39CFFF8586FB544634CB08A3BC6CB4B4C790C66A4B32A64F4015D6019D5C0C502CE873AA3B89DE8A9E5938EB2391163A64EDA1D7F2B473C297EFABCF00A51DCC5EFF20AF5DC20CF7741FF18C8B4DF8BAA999D006F8B0A78FEE1F7D789B88BA5A0A105F61B9A11C13E24D9C6EB7A504EF1E89E28F
  310
D5BC9BA996480E5F9A026A34D63539053BA3F68830F06D74A2211004073B679B14C738CAF2A8F2AEEEA10259C93D213F2CF36243725E32754E98C68D3F8DF5ADF06E17235F888A1EED605D3D473350764CE31309D547D0119F7AE979FFFEEA6E727BBD1C79B74BB4529717CBD1D5E5DC1B79B3B977395B4C96EF2638E6FA15
  310
D09C50DD1A44347122FAA5484D98BFAFF6656B07F74449F7635D506E523FBFAF1CB4C5BE8B3D0078BB71951719CD295344C3F75EBF64DF08BA8A9E8C7A7E9593849E21E5CBC7F5C006CC9CB1EFAB2E35FA32D86B66E7BA168E0A518F651E329266838DC671A7608971BB0965FBAC19BD19EA918927FA50C9B33406E1C45642
  310
794E1568E70CB6173995404CB72B8FCDEDE18CDDCF753FA84898D1C6924782963893403548A78C547FDEFA0D2D9CEEA26E6C1C76CE13FE4C21DA16527D6383DF541A51E984381E75E353090704D085B52408D0139664E8ACEB4DEDB8DDA56303FAC10968F4B74BCEE9968C5F3DE2CD4951E0D4EED16A659B5110FD23C71B73
  310
2CA2F01A96AAF5653FD13A53A909C03570A77DA0857832AA77A8AFB7DDF29C6A4D2F2267DD93DE04412D75A48848AA7B810EBA31E976F1D5452B60ADBE58455626C8E5F992468202CCA52E70A008A830320BA200D5F9EF0F5F05C75D34B7962920F030E779CE9919DC9ABBACB57EC4CD347E002D507DFD901763CF7BA8BA7E
  310
7311D984445287C4F209134DC1690F065803200F8E53733D73750E06CB570BCB1C185308AD407BD094D6D7700BC5A36F8EBA54BA6459BCD9F8BBD552A040A0650FFE06504B0304140006080000AC70623B000000000000000000000000350000006662782F33394334313030352D393437462D344341332D393833322D3144
  310
373644414336394143352F76657274696365732E62696E504B0304140006080800AC70623BF270F1330600000004000000360000006662782F33394334313030352D393437462D344341332D393833322D3144373644414336394143352F747269616E676C65732E62696E636660600000504B0304140006080000AC70623B
  310
000000000000000000000000370000006662782F33394334313030352D393437462D344341332D393833322D3144373644414336394143352F617474726962757465732E62696E504B0304140006080800AC70623B08DA0BD19000000041010000360000006662782F33394334313030352D393437462D344341332D393833
  310
322D3144373644414336394143352F6469726563746F72792E786D6C858F410AC3201045AF22B36F53E9A60B35CBEEBAE80D244E44489C6234F4F835464A48035D0DF398FF9F8AF63D0E6CC63039F212F8F9020C7D47C6792B21C5FE7403D62A1188E2E60C98D7234A5830286103A55745067B9D86B8A3CF9C7F90C11DE607
  310
FB144396D7B6A82D282E9A152AD114D5EF2CB866EEE831B8EEA07A7BB5A8D7D61A2BAAEB7FD5F70921FF497D00504B0304140006080800AC70623B95BFD5E5FE000000A00100003B0000006662782F33394334313030352D393437462D344341332D393833322D3144373644414336394143352F7265736F75726365732F63
  310
6F72652E786D6C8D50596E833010BD0A9ADFCA603B1B41C611699213F40296992456828DBC543D7E4DA052FBD79F99D15B344F4F1CBE8667F1893E18675B60258502AD76BDB1B71652BC921A8A8314DEB9F84B06855503B630C120C5CDBB342E907636A28D19B5AEC70554216084423FF3D142D0771C54A952CC8AF02847A5
  310
1FEA86252B339D755284E87380627E324D901E834B5E6310D5CC4A9192E9178DE9F34F7335E841EE38DBEEF8A5239B13ADC9FA589FC971F77E2217BEDDAFB61DEBE8B916D56496229AE127A3F6A822F62039A57BC218A1FC83AD1BBA69F8E68DD60DA5A29AE47F4C69ECFF694AC6C6155FE2CEB60092E5202F428A6AEA2BAF
  310
5799794FDDCA6F504B010214000A0000080000AC70623B3DEE336E79000000790000001B00000000000000000000000000000000006175746F6465736B2D64657369676E2D7061636B6167652E786D6C504B01021400140006080800AC70623BD486FD9CA0000000F40000001300000000000000000000000000B20000005B
  310
436F6E74656E745F54797065735D2E786D6C504B01021400140006080800AC70623BFD5588D4EC0000007C010000080000000000000000000000000083010000636F72652E786D6C504B01021400140006080800AC70623B55019EA25F0000007C000000070000000000000000000000000095020000636E782E786D6C504B
  310
01021400140006080800AC70623BB5D38BAD72010000D40300000C00000000000000000000000000190300006662782F636F72652E786D6C504B01021400140006080800AC70623B09885E1C7E0000009D0000000B00000000000000000000000000B50400006662782F636E782E786D6C504B01021400140006080800AC70
  310
623B961D28872A0100001202000031000000000000000000000000005C0500006662782F33394334313030352D393437462D344341332D393833322D3144373644414336394143352F636F72652E786D6C504B01021400140006080800AC70623B503B51794E010000330300003000000000000000000000000000D5060000
  310
6662782F33394334313030352D393437462D344341332D393833322D3144373644414336394143352F636E782E786D6C504B01021400140006080800AC70623B2EA4D28F640500003C1000003400000000000000000000000000710800006662782F33394334313030352D393437462D344341332D393833322D3144373644
  310
414336394143352F6F626A656374732E786D6C504B01021400140006080000AC70623B0000000000000000000000003500000000000000000000000000270E00006662782F33394334313030352D393437462D344341332D393833322D3144373644414336394143352F76657274696365732E62696E504B01021400140006
  310
080800AC70623BF270F133060000000400000036000000000000000000000000007A0E00006662782F33394334313030352D393437462D344341332D393833322D3144373644414336394143352F747269616E676C65732E62696E504B01021400140006080000AC70623B0000000000000000000000003700000000000000
  310
000000000000D40E00006662782F33394334313030352D393437462D344341332D393833322D3144373644414336394143352F617474726962757465732E62696E504B01021400140006080800AC70623B08DA0BD190000000410100003600000000000000000000000000290F00006662782F33394334313030352D393437
  310
462D344341332D393833322D3144373644414336394143352F6469726563746F72792E786D6C504B01021400140006080800AC70623B95BFD5E5FE000000A00100003B000000000000000000000000000D1000006662782F33394334313030352D393437462D344341332D393833322D3144373644414336394143352F7265
  310
736F75726365732F636F72652E786D6C504B0506000000000E000E0080040000641100000000
  0
XRECORD
  5
10D
  102
{ACAD_REACTORS
  330
10B
  102
}
  330
10B
  100
AcDbXrecord
  280
1
  270
1
  271
1
  0
XRECORD
  5
10C
  102
{ACAD_REACTORS
  330
10B
  102
}
  330
10B
  100
AcDbXrecord
  280
1
  270
1
  271
1
  0
XRECORD
  5
187
  102
{ACAD_REACTORS
  330
10B
  102
}
  330
10B
  100
AcDbXrecord
  280
1
  70
0
  90
1778669749
  1
7E355024-1ABF-47F9-966E-F2159FBE82AB
  310
504B03040A0000080000AC70623B3DEE336E79000000790000001B0000006175746F6465736B2D64657369676E2D7061636B6167652E786D6C3C3F786D6C2076657273696F6E3D22312E302220656E636F64696E673D227574662D3822203F3E3C666F726D6174733E3C666F726D61743E687474703A2F2F736368656D612E
  310
6175746F6465736B2E636F6D2F64657369676E2D7061636B6167652F323030393C2F666F726D61743E3C2F666F726D6174733E504B0304140006080800AC70623BD486FD9CA0000000F4000000130000005B436F6E74656E745F54797065735D2E786D6C7D8EC10E82300C865F65E91D8A1E8C310C0EEA1BF002731658846E
  310
D98AC1B77784ABF1D8FE5FBFBF75BBCE937A534CCEB38643598122B6FEE978D0B0485F9C41B54DDD7D022595594E1A469170414C76A4D9A4D207E29CF43ECE46F218070CC6BECC4078ACAA135ACF422C856C0E68EA1BF5669944DDD7BCDE7B1F8E415D77AECB980613C2E4AC91FC167A2B244592486606FC29C8FD7F045B9A
  310
EF7053A7E60B504B0304140006080800AC70623BDCE527C8EB0000007C01000008000000636F72652E786D6C8D90416EC3201045AF82665B6103B15DC7C24471249FA01740405C94182C03558F5F9C3852BBEB6A467FFE9B197D7EFA9EEFE8CBACC17AD7032D0820E394D7D64D3DA478C52DA093E0ABF7F1970D9093B3E961
  310
9341F069F569D925E55D342E66D5796D76518660222075CF4D0F417D9A591632C5EC08B76291EA262753D05797E194AC46CF2356E77DF66ACD0A621C9B73335C463C5E0E1457EC9DE2A1612D3E9233A92BD2D66333F07283058F767EDD57AB91D168108C9023A61413F641AB8ED41DABDF48DB11C2CBCDFE074A8BFE2794AC
  310
8B07B6BFFBC402089A1F790C042FB72C72790495EB969BF801504B0304140006080800AC70623B55019EA25F0000007C00000007000000636E782E786D6C4DCB3B0E80201045D1AD90E915ED2CF8AC45050C11660C8261F98AB1B07AC9C97D42D718D865D3E909258CFD00CCE24AC6E326A164D74DC0B4128928FF32603847
  310
2BA13128B1252AC747C6BAB984FC68F0B87FE8960A5C09FE86CFB69FBA01504B0304140006080800AC70623BB24894EB71010000D40300000C0000006662782F636F72652E786D6CC5535B6E833010BC8AE5DF0A6C085012194749244ED00B38E05014B091B1518EDFE511A5A9D228FD2A1F60CDEC7A67C6986D2F6D830669
  310
FA5AAB0C073EC548AA4297B5AA32ECECC94B31DA7266B4B6DFCA3052A295191E61CC5965B4EB16A8D0CA4A650155BA940B28FA5E5A8C8A061619EE8B4FD90A5F380B15FDD9EF44711695F4031F68A8E3ACB70604A079C8F8C6FC74BC3032E39C3957970B5B9730AD3ED5D2609EE7C92ED91F722F3FAC022F0ADF036F9F84A9
  310
B7A63B1A47348DF364CFC8D8CC99ADDBABBAC2486165897948E9DA0B028F861F41B4A1F1268CDF68BAA19491B1FCAEC975E58B4DAE5676152E72E7B61EF300844CC40FB7109145BD18400FE18C8C21C2674AF83E68080442B6E2D85C7D9C011A6461B5898029B5BB5183689C84A9D4A7D3837E5F303277C2D4697370FD7046
  310
F8F28CE73BC2510B5581096161797476D4C9660D4B689D34DE602F4869D38AE6351B4F1CFE89BA897F28A9D08D36FFA5882C074496DF838CF7917F01504B0304140006080800AC70623B3A54DFB77D0000009D0000000B0000006662782F636E782E786D6C4DCCD10A83201805E05791FFDEA5EBA76DA046A37C8F581632D3
  310
613AF6F8B3D1C52E0E073E0E47B49FD591B7899B0D5E023F3120C63FC264FD2221A7995E81B44AC410D2DF0C881F5723616750628921BF0E9ACC3C66978A3AEB9F07B2A6D77AB87514F95953EC39D20EEF9C6AD60C88BC2EB940A544F57B2ABD1FAB2F504B0304140006080800AC70623B4A17098729010000120200003100
  310
00006662782F30364446464539412D343132462D344431342D413442312D4630364534343133343431372F636F72652E786D6C8D515B6EC32010BC0AE22B55850D0E76930813A54A7C825E80DA244589C1E251E5F85D6A476AFFF2018B7667666759B1BF8F37F4AD7D30CEB6981514236D7B37187B69718A67B2C1682F8577
  310
2EFE816164D5A85B9CD3588A8B77695A52BDB351DB0859EB06BD2455083A62D4DFE0D1E2D07FE951152A4540846B31A9FEAA2EBA600594012745881E0CA0B949BEB1A4CDB1EB4EDB03E1ACEA083F324E0EFC9D918E3627CED91ACE9B2867A214299961A19B01EC98B3D1FE59914C96229AF161BFF75A453D605951BA258C11
  310
5A7D30BEA3F5AEAA5FE96647A92833FC1F294DC393A4646C5C578BDD9916B064A29C0B520C2E7DDE1E66F47D723EA2DC6F1574FF02531594D6AC69443903617C506CF8A218A2F3F0BDABEB2760593DCB365C8A326F08C2EFFA20E66DCA1F504B0304140006080800AC70623B503B51794E0100003303000030000000666278
  310
2F30364446464539412D343132462D344431342D413442312D4630364534343133343431372F636E782E786D6CD593C16EC32010447F0571AD6CE3D489D20813A9877E410FBD62D82434182CC055F3F75D1292E692438FBD206B7698593D61BEFD1E2DF982108D773D6D6B460938E5B571FB9ECE6957AD29D90A1EBC4F7736
  310
4A9C1CA1A759A682EF839FA72269D8C9D92654AD71C72206887E0E0A22CAF926B15E498B01E0AA19451807D01A34B919F16B070157417138917400F2F6FA41FCF0092A45DEE414C19BDC21783E4BD39D891265658C3D8DEA00A3ACE59CBC8678ACB54CB26EEB6BD7839D7E9348BE70AD9C8321B9BCA7F9A4A26C542347DEE0
  310
50F09802D22BA6749A800A394DD62899107273365E3C82CFC6A55557BC06C10774B7ABE7AEC3B0F34CF06446280E154026D0542C187BA9DAB6628BF7B6DBB0E566B17C62EB0D63BCC976C107EF6DB9843110FC449477095CA2A2E54D1E3FC2577C449B80AC7D38FD01240228AD173AB78CFFCCA739BF6FC415F02F103F504B
  310
0304140006080800AC70623BD8F6D0D5660500003B100000340000006662782F30364446464539412D343132462D344431342D413442312D4630364534343133343431372F6F626A656374732E786D6CAD575B8F9B3814FE2B887D064292B964C5504D92491555D3568D5AEDC348910187610730B2CD4C667FFD7E06438024
  310
6DF6928780CDF1B97EE762EFC33E4B8D57CA45C2F23BD3B547A641F39045491EDF99A5DC59B7A6F1C1F73863B243661A39C9E89DA9B64DDF8B392B0BBD15D11D295339D85DCDFF304448736A1A614A84B83345F84C33629352B2888A173B2292D8F16E6FBB764DD8671B73523C0F981684D35C4253ECE7E062D44AB9FDE5C8
  310
747CCF51DF7D4FFD6BAAC9792AA7B2A72F3FC985247978246CC066E24E970FE3AB9975359D4EACE9F5D8B5E6ABF9D2726F26A3C5F56231BB7F9841B0901C9CB4269CEE4CFF237CC393D073EA4FADC65AF1532A852CCF6958D90F0B2B9D35C78816348F10C7840A48EB583DEA2F5DE59BCEE7895A6B91DDEDCBACEA9EE8306A
  310
746F9E5D4D59F0274C1097A0820BAA5055FB471B5AE36F74F05AC058AABF25C2C888A43C21A991260127FCDDF441AA487CAFC746A1932B842B0B4CDF3DF0EBEA8AD4F835764F69B92BD35441D3F42B646F817F2A45A559F217E5A7A54127C4AA4C7279AB0D92EF0535FD99E7549BBEA71E93B1FE583BD2D8A52446C86166FD
  310
7560E842E5DE7A69FA9F56C17EA3F2F1B4F082B38272A9E0036835816B9ECA4B5AAC7B51E4D40118D3F3F9C129DFE0F9CF48DF832A881B4FF6D3FD544B919CE462C77886D8D8A3EA678C9A17AB7D3B7E413D1B501FD3B43BFF8AD8735A65FB05E35CFC002E159ADBFF1EBFBECFBA48ED84CFF75E91608C4FB42B372149517A
  310
1E931C0151A03452862DD4F25DB037FD352A252A3B4E91D46F1D72F4E239AFF88EFF9A37AA5525BEF3CC11D041BDBDA0F2C397555A40B7336039AA9395606DDC399F5FFD2F3973BFDC7CDA947C4742FAA80BCB92EE923C91E89D07F07615EA05A267D10B7D7F633C82A1C741D8748390695102DE563E578E8F9B66A11607C9
  310
3D0121CEC54CD53CEF17121E1311D2342539656523A56D430AAB6D91D17302B2B076E8643C4031A7AF899A247A143DB5D0EB439E14CA656DD36BEBB47DC696EFEBCF0025E8531690F440141CAA7DC852C6B7C1FBB62E8426B087237D70FFE8A35B3BD4515C00F80ACA4DC5D11EDE46C96E570A94DD134EFCB15E7403D5D691
  310
E397267F1A89754A4E519C917A846BF43632310F7082BECEF26D822E8EAC3C29BC2B7B2840547CCFF00FCAACD8928C95B9BCC44DA3C69E46FB96797788116F4486CFA6BFA99ED61C153BA2D121543D10A80E74C2A65E786E1E265757A3F1D472EFE72B6B7AB39A59B3EBEB076B3576AF66ABF9C3EDF87EDE6A5469E27B4D83
  310
EAA620BC8986E8953CD16EFEBE3E64ADE93F12299C8F753E3971FDFCBEB631157B0ECE00DFEDC17556A434A3B9240ABD8FEA25FD463054F478D4FBEB8CC4F4022E5F3E6E063A60E782735F55A6D1B7C159BDBB50B97092897C2EB32027493A38A80DB78B3CD66637AE6C9F75416F966AA5FD893154B03489506F2223A62CA3
  310
1255E78262CF332A8098EE501EE9CBC305A75FEB71509220A58D26CF0413712A806AC0AD0C657FDFF80D139C1AA2EE4CF43AFB057F3A114D03A1BE3351DE6412526107E88E6AEEA998030218C2DA1A08A8913C4E3158D787DA757B4AF906E5070D50CB6F492E1996B45DBDBA9B91A240D3EE55D54A372D20FC478637EA1844
  310
E23528656BCB61A335A61283CCAA8DD257034C102F5AF41EF9F573B35CBBA2E979E4A26BD24F415073B524E171752D50FA6995EE975F1D4C02C6FA8B51A4658C585ECEC9E214602E558203454085E6591009A82E7E7FFACA19AEA299B14A0081A705CB3296EBC5BDBECA1A9B675C4CA3279405AA6E1F623C72DDA76AE8D7F7
  310
906D4004B549245EB0D1249CB260803500F2A89BEA10382A0603F2F5D2D00D630AA615688F66D2FA166E2079D4C551A54AB758163F9DFB9D8A1460E098D8FDBF01504B0304140006080000AC70623B000000000000000000000000350000006662782F30364446464539412D343132462D344431342D413442312D46303645
  310
34343133343431372F76657274696365732E62696E504B0304140006080800AC70623BF270F1330600000004000000360000006662782F30364446464539412D343132462D344431342D413442312D4630364534343133343431372F747269616E676C65732E62696E636660600000504B0304140006080000AC70623B0000
  310
00000000000000000000370000006662782F30364446464539412D343132462D344431342D413442312D4630364534343133343431372F617474726962757465732E62696E504B0304140006080800AC70623B08DA0BD19000000041010000360000006662782F30364446464539412D343132462D344431342D413442312D
  310
4630364534343133343431372F6469726563746F72792E786D6C858F410AC3201045AF22B36F53E9A60B35CBEEBAE80D244E44489C6234F4F835464A48035D0DF398FF9F8AF63D0E6CC63039F212F8F9020C7D47C6792B21C5FE7403D62A1188E2E60C98D7234A5830286103A55745067B9D86B8A3CF9C7F90C11DE607FB14
  310
4396D7B6A82D282E9A152AD114D5EF2CB866EEE831B8EEA07A7BB5A8D7D61A2BAAEB7FD5F70921FF497D00504B0304140006080800AC70623BB40F7AF9FE000000A00100003B0000006662782F30364446464539412D343132462D344431342D413442312D4630364534343133343431372F7265736F75726365732F636F72
  310
652E786D6C8D504B6E833010BD0A9A6D65B00950828CA3109513F4029699502BC146FE543D7E4D42A576D7CDCCE87D344F8F9FBE967BF689CE6B6B7A6039850C8DB29336730F315C490BD94970676DF82583CCC8057BD860107C7636AE3BA4AC096842428D9D7007A5F7182053F774F4E0D5072E3297312485BFE5AB543739
  310
63CEF244279DE03EB814207B3ED9260887DE46A7D0F3E2C90A1EA39E768D9ED24F7DD5E8408C63736E86CB1B192F0746AAF29591A1295B72A4675A57B4ADC766E0C566163CE8E527A37228034E204A4A8F843142CB775675B4EECAFA85B61DA5BCD8E47F4C719DFE698ADA8443B9C77DDA3C0896823C08C18BADAFB41E65A6
  310
BD752BBE01504B010214000A0000080000AC70623B3DEE336E79000000790000001B00000000000000000000000000000000006175746F6465736B2D64657369676E2D7061636B6167652E786D6C504B01021400140006080800AC70623BD486FD9CA0000000F40000001300000000000000000000000000B20000005B436F
  310
6E74656E745F54797065735D2E786D6C504B01021400140006080800AC70623BDCE527C8EB0000007C010000080000000000000000000000000083010000636F72652E786D6C504B01021400140006080800AC70623B55019EA25F0000007C000000070000000000000000000000000094020000636E782E786D6C504B0102
  310
1400140006080800AC70623BB24894EB71010000D40300000C00000000000000000000000000180300006662782F636F72652E786D6C504B01021400140006080800AC70623B3A54DFB77D0000009D0000000B00000000000000000000000000B30400006662782F636E782E786D6C504B01021400140006080800AC70623B
  310
4A17098729010000120200003100000000000000000000000000590500006662782F30364446464539412D343132462D344431342D413442312D4630364534343133343431372F636F72652E786D6C504B01021400140006080800AC70623B503B51794E010000330300003000000000000000000000000000D10600006662
  310
782F30364446464539412D343132462D344431342D413442312D4630364534343133343431372F636E782E786D6C504B01021400140006080800AC70623BD8F6D0D5660500003B10000034000000000000000000000000006D0800006662782F30364446464539412D343132462D344431342D413442312D46303645343431
  310
33343431372F6F626A656374732E786D6C504B01021400140006080000AC70623B0000000000000000000000003500000000000000000000000000250E00006662782F30364446464539412D343132462D344431342D413442312D4630364534343133343431372F76657274696365732E62696E504B010214001400060808
  310
00AC70623BF270F13306000000040000003600000000000000000000000000780E00006662782F30364446464539412D343132462D344431342D413442312D4630364534343133343431372F747269616E676C65732E62696E504B01021400140006080000AC70623B00000000000000000000000037000000000000000000
  310
00000000D20E00006662782F30364446464539412D343132462D344431342D413442312D4630364534343133343431372F617474726962757465732E62696E504B01021400140006080800AC70623B08DA0BD190000000410100003600000000000000000000000000270F00006662782F30364446464539412D343132462D
  310
344431342D413442312D4630364534343133343431372F6469726563746F72792E786D6C504B01021400140006080800AC70623BB40F7AF9FE000000A00100003B000000000000000000000000000B1000006662782F30364446464539412D343132462D344431342D413442312D4630364534343133343431372F7265736F
  310
75726365732F636F72652E786D6C504B0506000000000E000E0080040000621100000000
  0
XRECORD
  5
10E
  102
{ACAD_REACTORS
  330
10B
  102
}
  330
10B
  100
AcDbXrecord
  280
1
  270
1
  271
1
  0
XRECORD
  5
10F
  102
{ACAD_REACTORS
  330
10B
  102
}
  330
10B
  100
AcDbXrecord
  280
1
  270
1
  271
1
  0
XRECORD
  5
33B
  102
{ACAD_REACTORS
  330
33A
  102
}
  330
33A
  100
AcDbXrecord
  280
1
  102
DISPLAYNAME
  1
Imperial24
  102
FLAGS
  90
0
  0
CELLSTYLEMAP
  5
300
  102
{ACAD_REACTORS
  330
FF
  102
}
  330
FF
  100
AcDbCellStyleMap
  90
3
  300
CELLSTYLE
  1
TABLEFORMAT_BEGIN
  90
5
  170
1
  91
0
  92
32768
  62
257
  93
1
  300
CONTENTFORMAT
  1
CONTENTFORMAT_BEGIN
  90
0
  91
0
  92
512
  93
0
  300

  40
0
  140
1
  94
5
  62
0
  340
11
  144
0.25
  309
CONTENTFORMAT_END
  171
1
  301
MARGIN
  1
CELLMARGIN_BEGIN
  40
0.06
  40
0.06
  40
0.06
  40
0.06
  40
0.18
  40
0.18
  309
CELLMARGIN_END
  94
6
  95
1
  302
GRIDFORMAT
  1
GRIDFORMAT_BEGIN
  90
0
  91
1
  62
0
  92
-2
  340
0
  93
0
  40
0.045
  309
GRIDFORMAT_END
  95
2
  302
GRIDFORMAT
  1
GRIDFORMAT_BEGIN
  90
0
  91
1
  62
0
  92
-2
  340
0
  93
0
  40
0.045
  309
GRIDFORMAT_END
  95
4
  302
GRIDFORMAT
  1
GRIDFORMAT_BEGIN
  90
0
  91
1
  62
0
  92
-2
  340
0
  93
0
  40
0.045
  309
GRIDFORMAT_END
  95
8
  302
GRIDFORMAT
  1
GRIDFORMAT_BEGIN
  90
0
  91
1
  62
0
  92
-2
  340
0
  93
0
  40
0.045
  309
GRIDFORMAT_END
  95
16
  302
GRIDFORMAT
  1
GRIDFORMAT_BEGIN
  90
0
  91
1
  62
0
  92
-2
  340
0
  93
0
  40
0.045
  309
GRIDFORMAT_END
  95
32
  302
GRIDFORMAT
  1
GRIDFORMAT_BEGIN
  90
0
  91
1
  62
0
  92
-2
  340
0
  93
0
  40
0.045
  309
GRIDFORMAT_END
  309
TABLEFORMAT_END
  1
CELLSTYLE_BEGIN
  90
1
  91
1
  300
_TITLE
  309
CELLSTYLE_END
  300
CELLSTYLE
  1
TABLEFORMAT_BEGIN
  90
5
  170
1
  91
0
  92
0
  62
257
  93
1
  300
CONTENTFORMAT
  1
CONTENTFORMAT_BEGIN
  90
0
  91
0
  92
512
  93
0
  300

  40
0
  140
1
  94
5
  62
0
  340
11
  144
0.18
  309
CONTENTFORMAT_END
  171
1
  301
MARGIN
  1
CELLMARGIN_BEGIN
  40
0.06
  40
0.06
  40
0.06
  40
0.06
  40
0.18
  40
0.18
  309
CELLMARGIN_END
  94
6
  95
1
  302
GRIDFORMAT
  1
GRIDFORMAT_BEGIN
  90
0
  91
1
  62
0
  92
-2
  340
0
  93
0
  40
0.045
  309
GRIDFORMAT_END
  95
2
  302
GRIDFORMAT
  1
GRIDFORMAT_BEGIN
  90
0
  91
1
  62
0
  92
-2
  340
0
  93
0
  40
0.045
  309
GRIDFORMAT_END
  95
4
  302
GRIDFORMAT
  1
GRIDFORMAT_BEGIN
  90
0
  91
1
  62
0
  92
-2
  340
0
  93
0
  40
0.045
  309
GRIDFORMAT_END
  95
8
  302
GRIDFORMAT
  1
GRIDFORMAT_BEGIN
  90
0
  91
1
  62
0
  92
-2
  340
0
  93
0
  40
0.045
  309
GRIDFORMAT_END
  95
16
  302
GRIDFORMAT
  1
GRIDFORMAT_BEGIN
  90
0
  91
1
  62
0
  92
-2
  340
0
  93
0
  40
0.045
  309
GRIDFORMAT_END
  95
32
  302
GRIDFORMAT
  1
GRIDFORMAT_BEGIN
  90
0
  91
1
  62
0
  92
-2
  340
0
  93
0
  40
0.045
  309
GRIDFORMAT_END
  309
TABLEFORMAT_END
  1
CELLSTYLE_BEGIN
  90
2
  91
1
  300
_HEADER
  309
CELLSTYLE_END
  300
CELLSTYLE
  1
TABLEFORMAT_BEGIN
  90
5
  170
1
  91
0
  92
0
  62
257
  93
1
  300
CONTENTFORMAT
  1
CONTENTFORMAT_BEGIN
  90
0
  91
0
  92
512
  93
0
  300

  40
0
  140
1
  94
2
  62
0
  340
11
  144
0.18
  309
CONTENTFORMAT_END
  171
1
  301
MARGIN
  1
CELLMARGIN_BEGIN
  40
0.06
  40
0.06
  40
0.06
  40
0.06
  40
0.18
  40
0.18
  309
CELLMARGIN_END
  94
6
  95
1
  302
GRIDFORMAT
  1
GRIDFORMAT_BEGIN
  90
0
  91
1
  62
0
  92
-2
  340
0
  93
0
  40
0.045
  309
GRIDFORMAT_END
  95
2
  302
GRIDFORMAT
  1
GRIDFORMAT_BEGIN
  90
0
  91
1
  62
0
  92
-2
  340
0
  93
0
  40
0.045
  309
GRIDFORMAT_END
  95
4
  302
GRIDFORMAT
  1
GRIDFORMAT_BEGIN
  90
0
  91
1
  62
0
  92
-2
  340
0
  93
0
  40
0.045
  309
GRIDFORMAT_END
  95
8
  302
GRIDFORMAT
  1
GRIDFORMAT_BEGIN
  90
0
  91
1
  62
0
  92
-2
  340
0
  93
0
  40
0.045
  309
GRIDFORMAT_END
  95
16
  302
GRIDFORMAT
  1
GRIDFORMAT_BEGIN
  90
0
  91
1
  62
0
  92
-2
  340
0
  93
0
  40
0.045
  309
GRIDFORMAT_END
  95
32
  302
GRIDFORMAT
  1
GRIDFORMAT_BEGIN
  90
0
  91
1
  62
0
  92
-2
  340
0
  93
0
  40
0.045
  309
GRIDFORMAT_END
  309
TABLEFORMAT_END
  1
CELLSTYLE_BEGIN
  90
3
  91
2
  300
_DATA
  309
CELLSTYLE_END
  0
XRECORD
  5
315
  102
{ACAD_REACTORS
  330
314
  102
}
  330
314
  100
AcDbXrecord
  280
1
  102
RTVSPost2010Prop28
  280
1
  102
RTVSPost2010PropOp28
  70
1
  102
RTVSPost2010Prop29
  280
1
  102
RTVSPost2010PropOp29
  70
1
  102
RTVSPost2010Prop30
  280
0
  102
RTVSPost2010PropOp30
  70
1
  102
RTVSPost2010Prop31
  280
0
  102
RTVSPost2010PropOp31
  70
1
  102
RTVSPost2010Prop32
  280
0
  102
RTVSPost2010PropOp32
  70
1
  102
RTVSPost2010Prop33
  280
0
  102
RTVSPost2010PropOp33
  70
1
  102
RTVSPost2010Prop34
  280
0
  102
RTVSPost2010PropOp34
  70
1
  102
RTVSPost2010Prop35
  280
0
  102
RTVSPost2010PropOp35
  70
1
  102
RTVSPost2010Prop36
  280
0
  102
RTVSPost2010PropOp36
  70
1
  102
RTVSPost2010Prop37
  90
50
  102
RTVSPost2010PropOp37
  70
1
  102
RTVSPost2010Prop38
  140
0
  102
RTVSPost2010PropOp38
  70
1
  102
RTVSPost2010Prop39
  140
1
  102
RTVSPost2010PropOp39
  70
1
  102
RTVSPost2010Prop40
  90
0
  102
RTVSPost2010PropOp40
  70
1
  102
RTVSPost2010Prop41ColorIndex
  90
18
  102
RTVSPost2010Prop41ColorRGB
  90
0
  102
RTVSPost2010PropOp41
  70
1
  102
RTVSPost2010Prop42
  90
50
  102
RTVSPost2010PropOp42
  70
1
  102
RTVSPost2010Prop43
  90
3
  102
RTVSPost2010PropOp43
  70
1
  102
RTVSPost2010Prop44ColorIndex
  90
5
  102
RTVSPost2010Prop44ColorRGB
  90
255
  102
RTVSPost2010PropOp44
  70
1
  102
RTVSPost2010Prop45
  280
0
  102
RTVSPost2010PropOp45
  70
1
  102
RTVSPost2010Prop46
  90
50
  102
RTVSPost2010PropOp46
  70
1
  102
RTVSPost2010Prop47
  90
50
  102
RTVSPost2010PropOp47
  70
1
  102
RTVSPost2010Prop48
  90
50
  102
RTVSPost2010PropOp48
  70
1
  102
RTVSPost2010Prop49
  280
0
  102
RTVSPost2010PropOp49
  70
1
  102
RTVSPost2010Prop50
  90
50
  102
RTVSPost2010PropOp50
  70
1
  102
RTVSPost2010Prop51ColorIndex
  90
256
  102
RTVSPost2010Prop51ColorRGB
  90
-16777216
  102
RTVSPost2010PropOp51
  70
0
  102
RTVSPost2010Prop52
  140
1
  102
RTVSPost2010PropOp52
  70
0
  102
RTVSPost2010Prop53
  90
2
  102
RTVSPost2010PropOp53
  70
1
  102
RTVSPost2010Prop54
  1
strokes_ogs.tif
  102
RTVSPost2010PropOp54
  70
1
  102
RTVSPost2010Prop55
  280
0
  102
RTVSPost2010PropOp55
  70
1
  102
RTVSPost2010Prop56
  140
1
  102
RTVSPost2010PropOp56
  70
1
  102
RTVSPost2010Prop57
  140
1
  102
RTVSPost2010PropOp57
  70
1
  102
RTVSPropertyOp0
  70
1
  102
RTVSPropertyOp1
  70
1
  102
RTVSPropertyOp2
  70
1
  102
RTVSPropertyOp3
  70
1
  102
RTVSPropertyOp4
  70
1
  102
RTVSPropertyOp5
  70
1
  102
RTVSPropertyOp6
  70
1
  102
RTVSPropertyOp7
  70
1
  102
RTVSPropertyOp8
  70
1
  102
RTVSPropertyOp9
  70
1
  102
RTVSPropertyOp10
  70
1
  102
RTVSPropertyOp11
  70
1
  102
RTVSPropertyOp12
  70
1
  102
RTVSPropertyOp13
  70
1
  102
RTVSPropertyOp14
  70
1
  102
RTVSPropertyOp15
  70
1
  102
RTVSPropertyOp16
  70
1
  102
RTVSPropertyOp17
  70
1
  102
RTVSPropertyOp18
  70
1
  102
RTVSPropertyOp19
  70
1
  102
RTVSPropertyOp20
  70
1
  102
RTVSPropertyOp21
  70
1
  102
RTVSPropertyOp22
  70
1
  102
RTVSPropertyOp23
  70
1
  102
RTVSPropertyOp24
  70
1
  102
RTVSPropertyOp25
  70
1
  102
RTVSPropertyOp26
  70
1
  102
RTVSPropertyOp27
  70
1
  102
RTVSPropertyOp28
  70
1
  102
RTVSPropertyOp29
  70
1
  102
RTVSPropertyOp30
  70
1
  102
RTVSPropertyOp31
  70
1
  102
RTVSPropertyOp32
  70
1
  102
RTVSPropertyOp33
  70
1
  102
RTVSPropertyOp34
  70
1
  102
RTVSPropertyOp35
  70
1
  102
RTVSPropertyOp36
  70
1
  102
RTVSPropertyOp37
  70
1
  102
RTVSPropertyOp38
  70
1
  102
RTVSPropertyOp39
  70
1
  102
RTVSPropertyOp40
  70
1
  102
RTVSPropertyOp41
  70
1
  102
RTVSPropertyOp42
  70
1
  102
RTVSPropertyOp43
  70
1
  102
RTVSPropertyOp44
  70
1
  102
RTVSPropertyOp45
  70
1
  102
RTVSPropertyOp46
  70
1
  102
RTVSPropertyOp47
  70
1
  102
RTVSPropertyOp48
  70
1
  102
RTVSPropertyOp49
  70
1
  102
RTVSPropertyOp50
  70
1
  102
RTVSPropertyOp51
  70
0
  102
RTVSPropertyOp52
  70
0
  102
RTVSPropertyOp53
  70
1
  102
RTVSPropertyOp54
  70
1
  102
RTVSPropertyOp55
  70
1
  102
RTVSPropertyOp56
  70
1
  102
RTVSPropertyOp57
  70
1
  102
RTVSPropertyOp58
  70
1
  102
RTVSPropertyOp59
  70
1
  102
RTVSPropertyOp60
  70
1
  102
RTVSPropertyOp61
  70
1
  102
RTVSPropertyOp62
  70
1
  0
XRECORD
  5
313
  102
{ACAD_REACTORS
  330
312
  102
}
  330
312
  100
AcDbXrecord
  280
1
  102
RTVSPost2010Prop28
  280
0
  102
RTVSPost2010PropOp28
  70
1
  102
RTVSPost2010Prop29
  280
1
  102
RTVSPost2010PropOp29
  70
1
  102
RTVSPost2010Prop30
  280
1
  102
RTVSPost2010PropOp30
  70
1
  102
RTVSPost2010Prop31
  280
0
  102
RTVSPost2010PropOp31
  70
1
  102
RTVSPost2010Prop32
  280
0
  102
RTVSPost2010PropOp32
  70
1
  102
RTVSPost2010Prop33
  280
0
  102
RTVSPost2010PropOp33
  70
1
  102
RTVSPost2010Prop34
  280
0
  102
RTVSPost2010PropOp34
  70
1
  102
RTVSPost2010Prop35
  280
0
  102
RTVSPost2010PropOp35
  70
1
  102
RTVSPost2010Prop36
  280
0
  102
RTVSPost2010PropOp36
  70
1
  102
RTVSPost2010Prop37
  90
50
  102
RTVSPost2010PropOp37
  70
1
  102
RTVSPost2010Prop38
  140
0
  102
RTVSPost2010PropOp38
  70
1
  102
RTVSPost2010Prop39
  140
1
  102
RTVSPost2010PropOp39
  70
1
  102
RTVSPost2010Prop40
  90
0
  102
RTVSPost2010PropOp40
  70
1
  102
RTVSPost2010Prop41ColorIndex
  90
18
  102
RTVSPost2010Prop41ColorRGB
  90
0
  102
RTVSPost2010PropOp41
  70
1
  102
RTVSPost2010Prop42
  90
50
  102
RTVSPost2010PropOp42
  70
1
  102
RTVSPost2010Prop43
  90
3
  102
RTVSPost2010PropOp43
  70
1
  102
RTVSPost2010Prop44ColorIndex
  90
5
  102
RTVSPost2010Prop44ColorRGB
  90
255
  102
RTVSPost2010PropOp44
  70
1
  102
RTVSPost2010Prop45
  280
0
  102
RTVSPost2010PropOp45
  70
1
  102
RTVSPost2010Prop46
  90
50
  102
RTVSPost2010PropOp46
  70
1
  102
RTVSPost2010Prop47
  90
50
  102
RTVSPost2010PropOp47
  70
1
  102
RTVSPost2010Prop48
  90
50
  102
RTVSPost2010PropOp48
  70
1
  102
RTVSPost2010Prop49
  280
0
  102
RTVSPost2010PropOp49
  70
1
  102
RTVSPost2010Prop50
  90
50
  102
RTVSPost2010PropOp50
  70
1
  102
RTVSPost2010Prop51ColorIndex
  90
256
  102
RTVSPost2010Prop51ColorRGB
  90
-16777216
  102
RTVSPost2010PropOp51
  70
0
  102
RTVSPost2010Prop52
  140
1
  102
RTVSPost2010PropOp52
  70
0
  102
RTVSPost2010Prop53
  90
2
  102
RTVSPost2010PropOp53
  70
1
  102
RTVSPost2010Prop54
  1
strokes_ogs.tif
  102
RTVSPost2010PropOp54
  70
1
  102
RTVSPost2010Prop55
  280
0
  102
RTVSPost2010PropOp55
  70
1
  102
RTVSPost2010Prop56
  140
1
  102
RTVSPost2010PropOp56
  70
1
  102
RTVSPost2010Prop57
  140
1
  102
RTVSPost2010PropOp57
  70
1
  102
RTVSPropertyOp0
  70
1
  102
RTVSPropertyOp1
  70
1
  102
RTVSPropertyOp2
  70
1
  102
RTVSPropertyOp3
  70
1
  102
RTVSPropertyOp4
  70
1
  102
RTVSPropertyOp5
  70
1
  102
RTVSPropertyOp6
  70
1
  102
RTVSPropertyOp7
  70
1
  102
RTVSPropertyOp8
  70
1
  102
RTVSPropertyOp9
  70
1
  102
RTVSPropertyOp10
  70
1
  102
RTVSPropertyOp11
  70
1
  102
RTVSPropertyOp12
  70
1
  102
RTVSPropertyOp13
  70
1
  102
RTVSPropertyOp14
  70
1
  102
RTVSPropertyOp15
  70
1
  102
RTVSPropertyOp16
  70
1
  102
RTVSPropertyOp17
  70
1
  102
RTVSPropertyOp18
  70
1
  102
RTVSPropertyOp19
  70
1
  102
RTVSPropertyOp20
  70
1
  102
RTVSPropertyOp21
  70
1
  102
RTVSPropertyOp22
  70
1
  102
RTVSPropertyOp23
  70
1
  102
RTVSPropertyOp24
  70
1
  102
RTVSPropertyOp25
  70
1
  102
RTVSPropertyOp26
  70
1
  102
RTVSPropertyOp27
  70
1
  102
RTVSPropertyOp28
  70
1
  102
RTVSPropertyOp29
  70
1
  102
RTVSPropertyOp30
  70
1
  102
RTVSPropertyOp31
  70
1
  102
RTVSPropertyOp32
  70
1
  102
RTVSPropertyOp33
  70
1
  102
RTVSPropertyOp34
  70
1
  102
RTVSPropertyOp35
  70
1
  102
RTVSPropertyOp36
  70
1
  102
RTVSPropertyOp37
  70
1
  102
RTVSPropertyOp38
  70
1
  102
RTVSPropertyOp39
  70
1
  102
RTVSPropertyOp40
  70
1
  102
RTVSPropertyOp41
  70
1
  102
RTVSPropertyOp42
  70
1
  102
RTVSPropertyOp43
  70
1
  102
RTVSPropertyOp44
  70
1
  102
RTVSPropertyOp45
  70
1
  102
RTVSPropertyOp46
  70
1
  102
RTVSPropertyOp47
  70
1
  102
RTVSPropertyOp48
  70
1
  102
RTVSPropertyOp49
  70
1
  102
RTVSPropertyOp50
  70
1
  102
RTVSPropertyOp51
  70
0
  102
RTVSPropertyOp52
  70
0
  102
RTVSPropertyOp53
  70
1
  102
RTVSPropertyOp54
  70
1
  102
RTVSPropertyOp55
  70
1
  102
RTVSPropertyOp56
  70
1
  102
RTVSPropertyOp57
  70
1
  102
RTVSPropertyOp58
  70
1
  102
RTVSPropertyOp59
  70
1
  102
RTVSPropertyOp60
  70
1
  102
RTVSPropertyOp61
  70
1
  102
RTVSPropertyOp62
  70
1
  0
XRECORD
  5
321
  102
{ACAD_REACTORS
  330
320
  102
}
  330
320
  100
AcDbXrecord
  280
1
  102
RTVSPost2010Prop28
  280
0
  102
RTVSPost2010PropOp28
  70
1
  102
RTVSPost2010Prop29
  280
1
  102
RTVSPost2010PropOp29
  70
1
  102
RTVSPost2010Prop30
  280
1
  102
RTVSPost2010PropOp30
  70
1
  102
RTVSPost2010Prop31
  280
0
  102
RTVSPost2010PropOp31
  70
1
  102
RTVSPost2010Prop32
  280
0
  102
RTVSPost2010PropOp32
  70
1
  102
RTVSPost2010Prop33
  280
0
  102
RTVSPost2010PropOp33
  70
1
  102
RTVSPost2010Prop34
  280
0
  102
RTVSPost2010PropOp34
  70
1
  102
RTVSPost2010Prop35
  280
0
  102
RTVSPost2010PropOp35
  70
1
  102
RTVSPost2010Prop36
  280
0
  102
RTVSPost2010PropOp36
  70
1
  102
RTVSPost2010Prop37
  90
50
  102
RTVSPost2010PropOp37
  70
1
  102
RTVSPost2010Prop38
  140
0
  102
RTVSPost2010PropOp38
  70
1
  102
RTVSPost2010Prop39
  140
1
  102
RTVSPost2010PropOp39
  70
1
  102
RTVSPost2010Prop40
  90
0
  102
RTVSPost2010PropOp40
  70
1
  102
RTVSPost2010Prop41ColorIndex
  90
18
  102
RTVSPost2010Prop41ColorRGB
  90
0
  102
RTVSPost2010PropOp41
  70
1
  102
RTVSPost2010Prop42
  90
50
  102
RTVSPost2010PropOp42
  70
1
  102
RTVSPost2010Prop43
  90
3
  102
RTVSPost2010PropOp43
  70
1
  102
RTVSPost2010Prop44ColorIndex
  90
5
  102
RTVSPost2010Prop44ColorRGB
  90
255
  102
RTVSPost2010PropOp44
  70
1
  102
RTVSPost2010Prop45
  280
0
  102
RTVSPost2010PropOp45
  70
1
  102
RTVSPost2010Prop46
  90
50
  102
RTVSPost2010PropOp46
  70
1
  102
RTVSPost2010Prop47
  90
50
  102
RTVSPost2010PropOp47
  70
1
  102
RTVSPost2010Prop48
  90
50
  102
RTVSPost2010PropOp48
  70
1
  102
RTVSPost2010Prop49
  280
0
  102
RTVSPost2010PropOp49
  70
1
  102
RTVSPost2010Prop50
  90
50
  102
RTVSPost2010PropOp50
  70
1
  102
RTVSPost2010Prop51ColorIndex
  90
256
  102
RTVSPost2010Prop51ColorRGB
  90
-16777216
  102
RTVSPost2010PropOp51
  70
0
  102
RTVSPost2010Prop52
  140
1
  102
RTVSPost2010PropOp52
  70
0
  102
RTVSPost2010Prop53
  90
2
  102
RTVSPost2010PropOp53
  70
1
  102
RTVSPost2010Prop54
  1
strokes_ogs.tif
  102
RTVSPost2010PropOp54
  70
1
  102
RTVSPost2010Prop55
  280
0
  102
RTVSPost2010PropOp55
  70
1
  102
RTVSPost2010Prop56
  140
1
  102
RTVSPost2010PropOp56
  70
1
  102
RTVSPost2010Prop57
  140
1
  102
RTVSPost2010PropOp57
  70
1
  102
RTVSPropertyOp0
  70
1
  102
RTVSPropertyOp1
  70
1
  102
RTVSPropertyOp2
  70
1
  102
RTVSPropertyOp3
  70
1
  102
RTVSPropertyOp4
  70
1
  102
RTVSPropertyOp5
  70
1
  102
RTVSPropertyOp6
  70
1
  102
RTVSPropertyOp7
  70
1
  102
RTVSPropertyOp8
  70
1
  102
RTVSPropertyOp9
  70
1
  102
RTVSPropertyOp10
  70
1
  102
RTVSPropertyOp11
  70
1
  102
RTVSPropertyOp12
  70
1
  102
RTVSPropertyOp13
  70
1
  102
RTVSPropertyOp14
  70
1
  102
RTVSPropertyOp15
  70
1
  102
RTVSPropertyOp16
  70
1
  102
RTVSPropertyOp17
  70
1
  102
RTVSPropertyOp18
  70
1
  102
RTVSPropertyOp19
  70
1
  102
RTVSPropertyOp20
  70
1
  102
RTVSPropertyOp21
  70
1
  102
RTVSPropertyOp22
  70
1
  102
RTVSPropertyOp23
  70
1
  102
RTVSPropertyOp24
  70
1
  102
RTVSPropertyOp25
  70
1
  102
RTVSPropertyOp26
  70
1
  102
RTVSPropertyOp27
  70
1
  102
RTVSPropertyOp28
  70
1
  102
RTVSPropertyOp29
  70
1
  102
RTVSPropertyOp30
  70
1
  102
RTVSPropertyOp31
  70
1
  102
RTVSPropertyOp32
  70
1
  102
RTVSPropertyOp33
  70
1
  102
RTVSPropertyOp34
  70
1
  102
RTVSPropertyOp35
  70
1
  102
RTVSPropertyOp36
  70
1
  102
RTVSPropertyOp37
  70
1
  102
RTVSPropertyOp38
  70
1
  102
RTVSPropertyOp39
  70
1
  102
RTVSPropertyOp40
  70
1
  102
RTVSPropertyOp41
  70
1
  102
RTVSPropertyOp42
  70
1
  102
RTVSPropertyOp43
  70
1
  102
RTVSPropertyOp44
  70
1
  102
RTVSPropertyOp45
  70
1
  102
RTVSPropertyOp46
  70
1
  102
RTVSPropertyOp47
  70
1
  102
RTVSPropertyOp48
  70
1
  102
RTVSPropertyOp49
  70
1
  102
RTVSPropertyOp50
  70
1
  102
RTVSPropertyOp51
  70
0
  102
RTVSPropertyOp52
  70
0
  102
RTVSPropertyOp53
  70
1
  102
RTVSPropertyOp54
  70
1
  102
RTVSPropertyOp55
  70
1
  102
RTVSPropertyOp56
  70
1
  102
RTVSPropertyOp57
  70
1
  102
RTVSPropertyOp58
  70
1
  102
RTVSPropertyOp59
  70
1
  102
RTVSPropertyOp60
  70
1
  102
RTVSPropertyOp61
  70
1
  102
RTVSPropertyOp62
  70
1
  0
XRECORD
  5
329
  102
{ACAD_REACTORS
  330
328
  102
}
  330
328
  100
AcDbXrecord
  280
1
  102
RTVSPost2010Prop28
  280
0
  102
RTVSPost2010PropOp28
  70
1
  102
RTVSPost2010Prop29
  280
1
  102
RTVSPost2010PropOp29
  70
1
  102
RTVSPost2010Prop30
  280
1
  102
RTVSPost2010PropOp30
  70
1
  102
RTVSPost2010Prop31
  280
0
  102
RTVSPost2010PropOp31
  70
1
  102
RTVSPost2010Prop32
  280
0
  102
RTVSPost2010PropOp32
  70
1
  102
RTVSPost2010Prop33
  280
0
  102
RTVSPost2010PropOp33
  70
1
  102
RTVSPost2010Prop34
  280
0
  102
RTVSPost2010PropOp34
  70
1
  102
RTVSPost2010Prop35
  280
0
  102
RTVSPost2010PropOp35
  70
1
  102
RTVSPost2010Prop36
  280
0
  102
RTVSPost2010PropOp36
  70
1
  102
RTVSPost2010Prop37
  90
50
  102
RTVSPost2010PropOp37
  70
1
  102
RTVSPost2010Prop38
  140
0
  102
RTVSPost2010PropOp38
  70
1
  102
RTVSPost2010Prop39
  140
1
  102
RTVSPost2010PropOp39
  70
1
  102
RTVSPost2010Prop40
  90
0
  102
RTVSPost2010PropOp40
  70
1
  102
RTVSPost2010Prop41ColorIndex
  90
18
  102
RTVSPost2010Prop41ColorRGB
  90
0
  102
RTVSPost2010PropOp41
  70
1
  102
RTVSPost2010Prop42
  90
50
  102
RTVSPost2010PropOp42
  70
1
  102
RTVSPost2010Prop43
  90
3
  102
RTVSPost2010PropOp43
  70
1
  102
RTVSPost2010Prop44ColorIndex
  90
5
  102
RTVSPost2010Prop44ColorRGB
  90
255
  102
RTVSPost2010PropOp44
  70
1
  102
RTVSPost2010Prop45
  280
0
  102
RTVSPost2010PropOp45
  70
1
  102
RTVSPost2010Prop46
  90
50
  102
RTVSPost2010PropOp46
  70
1
  102
RTVSPost2010Prop47
  90
50
  102
RTVSPost2010PropOp47
  70
1
  102
RTVSPost2010Prop48
  90
50
  102
RTVSPost2010PropOp48
  70
1
  102
RTVSPost2010Prop49
  280
0
  102
RTVSPost2010PropOp49
  70
1
  102
RTVSPost2010Prop50
  90
50
  102
RTVSPost2010PropOp50
  70
1
  102
RTVSPost2010Prop51ColorIndex
  90
256
  102
RTVSPost2010Prop51ColorRGB
  90
-16777216
  102
RTVSPost2010PropOp51
  70
0
  102
RTVSPost2010Prop52
  140
1
  102
RTVSPost2010PropOp52
  70
0
  102
RTVSPost2010Prop53
  90
2
  102
RTVSPost2010PropOp53
  70
1
  102
RTVSPost2010Prop54
  1
strokes_ogs.tif
  102
RTVSPost2010PropOp54
  70
1
  102
RTVSPost2010Prop55
  280
0
  102
RTVSPost2010PropOp55
  70
1
  102
RTVSPost2010Prop56
  140
1
  102
RTVSPost2010PropOp56
  70
1
  102
RTVSPost2010Prop57
  140
1
  102
RTVSPost2010PropOp57
  70
1
  102
RTVSPropertyOp0
  70
1
  102
RTVSPropertyOp1
  70
1
  102
RTVSPropertyOp2
  70
1
  102
RTVSPropertyOp3
  70
1
  102
RTVSPropertyOp4
  70
1
  102
RTVSPropertyOp5
  70
1
  102
RTVSPropertyOp6
  70
1
  102
RTVSPropertyOp7
  70
1
  102
RTVSPropertyOp8
  70
1
  102
RTVSPropertyOp9
  70
1
  102
RTVSPropertyOp10
  70
1
  102
RTVSPropertyOp11
  70
1
  102
RTVSPropertyOp12
  70
1
  102
RTVSPropertyOp13
  70
1
  102
RTVSPropertyOp14
  70
1
  102
RTVSPropertyOp15
  70
1
  102
RTVSPropertyOp16
  70
1
  102
RTVSPropertyOp17
  70
1
  102
RTVSPropertyOp18
  70
1
  102
RTVSPropertyOp19
  70
1
  102
RTVSPropertyOp20
  70
1
  102
RTVSPropertyOp21
  70
1
  102
RTVSPropertyOp22
  70
1
  102
RTVSPropertyOp23
  70
1
  102
RTVSPropertyOp24
  70
1
  102
RTVSPropertyOp25
  70
1
  102
RTVSPropertyOp26
  70
1
  102
RTVSPropertyOp27
  70
1
  102
RTVSPropertyOp28
  70
1
  102
RTVSPropertyOp29
  70
1
  102
RTVSPropertyOp30
  70
1
  102
RTVSPropertyOp31
  70
1
  102
RTVSPropertyOp32
  70
1
  102
RTVSPropertyOp33
  70
1
  102
RTVSPropertyOp34
  70
1
  102
RTVSPropertyOp35
  70
1
  102
RTVSPropertyOp36
  70
1
  102
RTVSPropertyOp37
  70
1
  102
RTVSPropertyOp38
  70
1
  102
RTVSPropertyOp39
  70
1
  102
RTVSPropertyOp40
  70
1
  102
RTVSPropertyOp41
  70
1
  102
RTVSPropertyOp42
  70
1
  102
RTVSPropertyOp43
  70
1
  102
RTVSPropertyOp44
  70
1
  102
RTVSPropertyOp45
  70
1
  102
RTVSPropertyOp46
  70
1
  102
RTVSPropertyOp47
  70
1
  102
RTVSPropertyOp48
  70
1
  102
RTVSPropertyOp49
  70
1
  102
RTVSPropertyOp50
  70
1
  102
RTVSPropertyOp51
  70
0
  102
RTVSPropertyOp52
  70
0
  102
RTVSPropertyOp53
  70
1
  102
RTVSPropertyOp54
  70
1
  102
RTVSPropertyOp55
  70
1
  102
RTVSPropertyOp56
  70
1
  102
RTVSPropertyOp57
  70
1
  102
RTVSPropertyOp58
  70
1
  102
RTVSPropertyOp59
  70
1
  102
RTVSPropertyOp60
  70
1
  102
RTVSPropertyOp61
  70
1
  102
RTVSPropertyOp62
  70
1
  0
XRECORD
  5
31B
  102
{ACAD_REACTORS
  330
31A
  102
}
  330
31A
  100
AcDbXrecord
  280
1
  102
RTVSPost2010Prop28
  280
0
  102
RTVSPost2010PropOp28
  70
1
  102
RTVSPost2010Prop29
  280
1
  102
RTVSPost2010PropOp29
  70
1
  102
RTVSPost2010Prop30
  280
1
  102
RTVSPost2010PropOp30
  70
1
  102
RTVSPost2010Prop31
  280
0
  102
RTVSPost2010PropOp31
  70
1
  102
RTVSPost2010Prop32
  280
0
  102
RTVSPost2010PropOp32
  70
1
  102
RTVSPost2010Prop33
  280
0
  102
RTVSPost2010PropOp33
  70
1
  102
RTVSPost2010Prop34
  280
0
  102
RTVSPost2010PropOp34
  70
1
  102
RTVSPost2010Prop35
  280
0
  102
RTVSPost2010PropOp35
  70
1
  102
RTVSPost2010Prop36
  280
0
  102
RTVSPost2010PropOp36
  70
1
  102
RTVSPost2010Prop37
  90
50
  102
RTVSPost2010PropOp37
  70
1
  102
RTVSPost2010Prop38
  140
0
  102
RTVSPost2010PropOp38
  70
1
  102
RTVSPost2010Prop39
  140
1
  102
RTVSPost2010PropOp39
  70
1
  102
RTVSPost2010Prop40
  90
0
  102
RTVSPost2010PropOp40
  70
1
  102
RTVSPost2010Prop41ColorIndex
  90
18
  102
RTVSPost2010Prop41ColorRGB
  90
0
  102
RTVSPost2010PropOp41
  70
1
  102
RTVSPost2010Prop42
  90
50
  102
RTVSPost2010PropOp42
  70
1
  102
RTVSPost2010Prop43
  90
3
  102
RTVSPost2010PropOp43
  70
1
  102
RTVSPost2010Prop44ColorIndex
  90
5
  102
RTVSPost2010Prop44ColorRGB
  90
255
  102
RTVSPost2010PropOp44
  70
1
  102
RTVSPost2010Prop45
  280
0
  102
RTVSPost2010PropOp45
  70
1
  102
RTVSPost2010Prop46
  90
50
  102
RTVSPost2010PropOp46
  70
1
  102
RTVSPost2010Prop47
  90
50
  102
RTVSPost2010PropOp47
  70
1
  102
RTVSPost2010Prop48
  90
50
  102
RTVSPost2010PropOp48
  70
1
  102
RTVSPost2010Prop49
  280
0
  102
RTVSPost2010PropOp49
  70
1
  102
RTVSPost2010Prop50
  90
50
  102
RTVSPost2010PropOp50
  70
1
  102
RTVSPost2010Prop51ColorIndex
  90
256
  102
RTVSPost2010Prop51ColorRGB
  90
-16777216
  102
RTVSPost2010PropOp51
  70
0
  102
RTVSPost2010Prop52
  140
1
  102
RTVSPost2010PropOp52
  70
0
  102
RTVSPost2010Prop53
  90
2
  102
RTVSPost2010PropOp53
  70
1
  102
RTVSPost2010Prop54
  1
strokes_ogs.tif
  102
RTVSPost2010PropOp54
  70
1
  102
RTVSPost2010Prop55
  280
0
  102
RTVSPost2010PropOp55
  70
1
  102
RTVSPost2010Prop56
  140
1
  102
RTVSPost2010PropOp56
  70
1
  102
RTVSPost2010Prop57
  140
1
  102
RTVSPost2010PropOp57
  70
1
  102
RTVSPropertyOp0
  70
1
  102
RTVSPropertyOp1
  70
1
  102
RTVSPropertyOp2
  70
1
  102
RTVSPropertyOp3
  70
1
  102
RTVSPropertyOp4
  70
1
  102
RTVSPropertyOp5
  70
1
  102
RTVSPropertyOp6
  70
1
  102
RTVSPropertyOp7
  70
1
  102
RTVSPropertyOp8
  70
1
  102
RTVSPropertyOp9
  70
1
  102
RTVSPropertyOp10
  70
1
  102
RTVSPropertyOp11
  70
1
  102
RTVSPropertyOp12
  70
1
  102
RTVSPropertyOp13
  70
1
  102
RTVSPropertyOp14
  70
1
  102
RTVSPropertyOp15
  70
1
  102
RTVSPropertyOp16
  70
1
  102
RTVSPropertyOp17
  70
1
  102
RTVSPropertyOp18
  70
1
  102
RTVSPropertyOp19
  70
1
  102
RTVSPropertyOp20
  70
1
  102
RTVSPropertyOp21
  70
1
  102
RTVSPropertyOp22
  70
1
  102
RTVSPropertyOp23
  70
1
  102
RTVSPropertyOp24
  70
1
  102
RTVSPropertyOp25
  70
1
  102
RTVSPropertyOp26
  70
1
  102
RTVSPropertyOp27
  70
1
  102
RTVSPropertyOp28
  70
1
  102
RTVSPropertyOp29
  70
1
  102
RTVSPropertyOp30
  70
1
  102
RTVSPropertyOp31
  70
1
  102
RTVSPropertyOp32
  70
1
  102
RTVSPropertyOp33
  70
1
  102
RTVSPropertyOp34
  70
1
  102
RTVSPropertyOp35
  70
1
  102
RTVSPropertyOp36
  70
1
  102
RTVSPropertyOp37
  70
1
  102
RTVSPropertyOp38
  70
1
  102
RTVSPropertyOp39
  70
1
  102
RTVSPropertyOp40
  70
1
  102
RTVSPropertyOp41
  70
1
  102
RTVSPropertyOp42
  70
1
  102
RTVSPropertyOp43
  70
1
  102
RTVSPropertyOp44
  70
1
  102
RTVSPropertyOp45
  70
1
  102
RTVSPropertyOp46
  70
1
  102
RTVSPropertyOp47
  70
1
  102
RTVSPropertyOp48
  70
1
  102
RTVSPropertyOp49
  70
1
  102
RTVSPropertyOp50
  70
1
  102
RTVSPropertyOp51
  70
0
  102
RTVSPropertyOp52
  70
0
  102
RTVSPropertyOp53
  70
1
  102
RTVSPropertyOp54
  70
1
  102
RTVSPropertyOp55
  70
1
  102
RTVSPropertyOp56
  70
1
  102
RTVSPropertyOp57
  70
1
  102
RTVSPropertyOp58
  70
1
  102
RTVSPropertyOp59
  70
1
  102
RTVSPropertyOp60
  70
1
  102
RTVSPropertyOp61
  70
1
  102
RTVSPropertyOp62
  70
1
  0
XRECORD
  5
31F
  102
{ACAD_REACTORS
  330
31E
  102
}
  330
31E
  100
AcDbXrecord
  280
1
  102
RTVSPost2010Prop28
  280
0
  102
RTVSPost2010PropOp28
  70
1
  102
RTVSPost2010Prop29
  280
1
  102
RTVSPost2010PropOp29
  70
1
  102
RTVSPost2010Prop30
  280
1
  102
RTVSPost2010PropOp30
  70
1
  102
RTVSPost2010Prop31
  280
0
  102
RTVSPost2010PropOp31
  70
1
  102
RTVSPost2010Prop32
  280
0
  102
RTVSPost2010PropOp32
  70
1
  102
RTVSPost2010Prop33
  280
0
  102
RTVSPost2010PropOp33
  70
1
  102
RTVSPost2010Prop34
  280
0
  102
RTVSPost2010PropOp34
  70
1
  102
RTVSPost2010Prop35
  280
0
  102
RTVSPost2010PropOp35
  70
1
  102
RTVSPost2010Prop36
  280
0
  102
RTVSPost2010PropOp36
  70
1
  102
RTVSPost2010Prop37
  90
50
  102
RTVSPost2010PropOp37
  70
1
  102
RTVSPost2010Prop38
  140
0
  102
RTVSPost2010PropOp38
  70
1
  102
RTVSPost2010Prop39
  140
1
  102
RTVSPost2010PropOp39
  70
1
  102
RTVSPost2010Prop40
  90
0
  102
RTVSPost2010PropOp40
  70
1
  102
RTVSPost2010Prop41ColorIndex
  90
18
  102
RTVSPost2010Prop41ColorRGB
  90
0
  102
RTVSPost2010PropOp41
  70
1
  102
RTVSPost2010Prop42
  90
50
  102
RTVSPost2010PropOp42
  70
1
  102
RTVSPost2010Prop43
  90
3
  102
RTVSPost2010PropOp43
  70
1
  102
RTVSPost2010Prop44ColorIndex
  90
5
  102
RTVSPost2010Prop44ColorRGB
  90
255
  102
RTVSPost2010PropOp44
  70
1
  102
RTVSPost2010Prop45
  280
0
  102
RTVSPost2010PropOp45
  70
1
  102
RTVSPost2010Prop46
  90
50
  102
RTVSPost2010PropOp46
  70
1
  102
RTVSPost2010Prop47
  90
50
  102
RTVSPost2010PropOp47
  70
1
  102
RTVSPost2010Prop48
  90
50
  102
RTVSPost2010PropOp48
  70
1
  102
RTVSPost2010Prop49
  280
0
  102
RTVSPost2010PropOp49
  70
1
  102
RTVSPost2010Prop50
  90
50
  102
RTVSPost2010PropOp50
  70
1
  102
RTVSPost2010Prop51ColorIndex
  90
256
  102
RTVSPost2010Prop51ColorRGB
  90
-16777216
  102
RTVSPost2010PropOp51
  70
0
  102
RTVSPost2010Prop52
  140
1
  102
RTVSPost2010PropOp52
  70
0
  102
RTVSPost2010Prop53
  90
2
  102
RTVSPost2010PropOp53
  70
1
  102
RTVSPost2010Prop54
  1
strokes_ogs.tif
  102
RTVSPost2010PropOp54
  70
1
  102
RTVSPost2010Prop55
  280
0
  102
RTVSPost2010PropOp55
  70
1
  102
RTVSPost2010Prop56
  140
1
  102
RTVSPost2010PropOp56
  70
1
  102
RTVSPost2010Prop57
  140
1
  102
RTVSPost2010PropOp57
  70
1
  102
RTVSPropertyOp0
  70
1
  102
RTVSPropertyOp1
  70
1
  102
RTVSPropertyOp2
  70
1
  102
RTVSPropertyOp3
  70
1
  102
RTVSPropertyOp4
  70
1
  102
RTVSPropertyOp5
  70
1
  102
RTVSPropertyOp6
  70
1
  102
RTVSPropertyOp7
  70
1
  102
RTVSPropertyOp8
  70
1
  102
RTVSPropertyOp9
  70
1
  102
RTVSPropertyOp10
  70
1
  102
RTVSPropertyOp11
  70
1
  102
RTVSPropertyOp12
  70
1
  102
RTVSPropertyOp13
  70
1
  102
RTVSPropertyOp14
  70
1
  102
RTVSPropertyOp15
  70
1
  102
RTVSPropertyOp16
  70
1
  102
RTVSPropertyOp17
  70
1
  102
RTVSPropertyOp18
  70
1
  102
RTVSPropertyOp19
  70
1
  102
RTVSPropertyOp20
  70
1
  102
RTVSPropertyOp21
  70
1
  102
RTVSPropertyOp22
  70
1
  102
RTVSPropertyOp23
  70
1
  102
RTVSPropertyOp24
  70
1
  102
RTVSPropertyOp25
  70
1
  102
RTVSPropertyOp26
  70
1
  102
RTVSPropertyOp27
  70
1
  102
RTVSPropertyOp28
  70
1
  102
RTVSPropertyOp29
  70
1
  102
RTVSPropertyOp30
  70
1
  102
RTVSPropertyOp31
  70
1
  102
RTVSPropertyOp32
  70
1
  102
RTVSPropertyOp33
  70
1
  102
RTVSPropertyOp34
  70
1
  102
RTVSPropertyOp35
  70
1
  102
RTVSPropertyOp36
  70
1
  102
RTVSPropertyOp37
  70
1
  102
RTVSPropertyOp38
  70
1
  102
RTVSPropertyOp39
  70
1
  102
RTVSPropertyOp40
  70
1
  102
RTVSPropertyOp41
  70
1
  102
RTVSPropertyOp42
  70
1
  102
RTVSPropertyOp43
  70
1
  102
RTVSPropertyOp44
  70
1
  102
RTVSPropertyOp45
  70
1
  102
RTVSPropertyOp46
  70
1
  102
RTVSPropertyOp47
  70
1
  102
RTVSPropertyOp48
  70
1
  102
RTVSPropertyOp49
  70
1
  102
RTVSPropertyOp50
  70
1
  102
RTVSPropertyOp51
  70
0
  102
RTVSPropertyOp52
  70
0
  102
RTVSPropertyOp53
  70
1
  102
RTVSPropertyOp54
  70
1
  102
RTVSPropertyOp55
  70
1
  102
RTVSPropertyOp56
  70
1
  102
RTVSPropertyOp57
  70
1
  102
RTVSPropertyOp58
  70
1
  102
RTVSPropertyOp59
  70
1
  102
RTVSPropertyOp60
  70
1
  102
RTVSPropertyOp61
  70
1
  102
RTVSPropertyOp62
  70
1
  0
XRECORD
  5
32F
  102
{ACAD_REACTORS
  330
32E
  102
}
  330
32E
  100
AcDbXrecord
  280
1
  102
RTVSPost2010Prop28
  280
0
  102
RTVSPost2010PropOp28
  70
1
  102
RTVSPost2010Prop29
  280
1
  102
RTVSPost2010PropOp29
  70
1
  102
RTVSPost2010Prop30
  280
1
  102
RTVSPost2010PropOp30
  70
1
  102
RTVSPost2010Prop31
  280
0
  102
RTVSPost2010PropOp31
  70
1
  102
RTVSPost2010Prop32
  280
0
  102
RTVSPost2010PropOp32
  70
1
  102
RTVSPost2010Prop33
  280
0
  102
RTVSPost2010PropOp33
  70
1
  102
RTVSPost2010Prop34
  280
0
  102
RTVSPost2010PropOp34
  70
1
  102
RTVSPost2010Prop35
  280
0
  102
RTVSPost2010PropOp35
  70
1
  102
RTVSPost2010Prop36
  280
0
  102
RTVSPost2010PropOp36
  70
1
  102
RTVSPost2010Prop37
  90
50
  102
RTVSPost2010PropOp37
  70
1
  102
RTVSPost2010Prop38
  140
0
  102
RTVSPost2010PropOp38
  70
1
  102
RTVSPost2010Prop39
  140
1
  102
RTVSPost2010PropOp39
  70
1
  102
RTVSPost2010Prop40
  90
0
  102
RTVSPost2010PropOp40
  70
1
  102
RTVSPost2010Prop41ColorIndex
  90
18
  102
RTVSPost2010Prop41ColorRGB
  90
0
  102
RTVSPost2010PropOp41
  70
1
  102
RTVSPost2010Prop42
  90
50
  102
RTVSPost2010PropOp42
  70
1
  102
RTVSPost2010Prop43
  90
3
  102
RTVSPost2010PropOp43
  70
1
  102
RTVSPost2010Prop44ColorIndex
  90
5
  102
RTVSPost2010Prop44ColorRGB
  90
255
  102
RTVSPost2010PropOp44
  70
1
  102
RTVSPost2010Prop45
  280
0
  102
RTVSPost2010PropOp45
  70
1
  102
RTVSPost2010Prop46
  90
50
  102
RTVSPost2010PropOp46
  70
1
  102
RTVSPost2010Prop47
  90
50
  102
RTVSPost2010PropOp47
  70
1
  102
RTVSPost2010Prop48
  90
50
  102
RTVSPost2010PropOp48
  70
1
  102
RTVSPost2010Prop49
  280
0
  102
RTVSPost2010PropOp49
  70
1
  102
RTVSPost2010Prop50
  90
50
  102
RTVSPost2010PropOp50
  70
1
  102
RTVSPost2010Prop51ColorIndex
  90
256
  102
RTVSPost2010Prop51ColorRGB
  90
-16777216
  102
RTVSPost2010PropOp51
  70
0
  102
RTVSPost2010Prop52
  140
1
  102
RTVSPost2010PropOp52
  70
0
  102
RTVSPost2010Prop53
  90
2
  102
RTVSPost2010PropOp53
  70
1
  102
RTVSPost2010Prop54
  1
strokes_ogs.tif
  102
RTVSPost2010PropOp54
  70
1
  102
RTVSPost2010Prop55
  280
0
  102
RTVSPost2010PropOp55
  70
1
  102
RTVSPost2010Prop56
  140
1
  102
RTVSPost2010PropOp56
  70
1
  102
RTVSPost2010Prop57
  140
1
  102
RTVSPost2010PropOp57
  70
1
  102
RTVSPropertyOp0
  70
0
  102
RTVSPropertyOp1
  70
0
  102
RTVSPropertyOp2
  70
0
  102
RTVSPropertyOp3
  70
0
  102
RTVSPropertyOp4
  70
0
  102
RTVSPropertyOp5
  70
0
  102
RTVSPropertyOp6
  70
0
  102
RTVSPropertyOp7
  70
0
  102
RTVSPropertyOp8
  70
0
  102
RTVSPropertyOp9
  70
0
  102
RTVSPropertyOp10
  70
0
  102
RTVSPropertyOp11
  70
0
  102
RTVSPropertyOp12
  70
0
  102
RTVSPropertyOp13
  70
0
  102
RTVSPropertyOp14
  70
2
  102
RTVSPropertyOp15
  70
0
  102
RTVSPropertyOp16
  70
0
  102
RTVSPropertyOp17
  70
0
  102
RTVSPropertyOp18
  70
0
  102
RTVSPropertyOp19
  70
0
  102
RTVSPropertyOp20
  70
0
  102
RTVSPropertyOp21
  70
0
  102
RTVSPropertyOp22
  70
0
  102
RTVSPropertyOp23
  70
0
  102
RTVSPropertyOp24
  70
0
  102
RTVSPropertyOp25
  70
0
  102
RTVSPropertyOp26
  70
0
  102
RTVSPropertyOp27
  70
0
  102
RTVSPropertyOp28
  70
1
  102
RTVSPropertyOp29
  70
1
  102
RTVSPropertyOp30
  70
1
  102
RTVSPropertyOp31
  70
1
  102
RTVSPropertyOp32
  70
1
  102
RTVSPropertyOp33
  70
1
  102
RTVSPropertyOp34
  70
1
  102
RTVSPropertyOp35
  70
1
  102
RTVSPropertyOp36
  70
1
  102
RTVSPropertyOp37
  70
1
  102
RTVSPropertyOp38
  70
1
  102
RTVSPropertyOp39
  70
1
  102
RTVSPropertyOp40
  70
1
  102
RTVSPropertyOp41
  70
1
  102
RTVSPropertyOp42
  70
1
  102
RTVSPropertyOp43
  70
1
  102
RTVSPropertyOp44
  70
1
  102
RTVSPropertyOp45
  70
1
  102
RTVSPropertyOp46
  70
1
  102
RTVSPropertyOp47
  70
1
  102
RTVSPropertyOp48
  70
1
  102
RTVSPropertyOp49
  70
1
  102
RTVSPropertyOp50
  70
1
  102
RTVSPropertyOp51
  70
0
  102
RTVSPropertyOp52
  70
0
  102
RTVSPropertyOp53
  70
1
  102
RTVSPropertyOp54
  70
1
  102
RTVSPropertyOp55
  70
1
  102
RTVSPropertyOp56
  70
1
  102
RTVSPropertyOp57
  70
1
  102
RTVSPropertyOp58
  70
1
  102
RTVSPropertyOp59
  70
1
  102
RTVSPropertyOp60
  70
1
  102
RTVSPropertyOp61
  70
1
  102
RTVSPropertyOp62
  70
1
  0
XRECORD
  5
327
  102
{ACAD_REACTORS
  330
326
  102
}
  330
326
  100
AcDbXrecord
  280
1
  102
RTVSPost2010Prop28
  280
0
  102
RTVSPost2010PropOp28
  70
1
  102
RTVSPost2010Prop29
  280
1
  102
RTVSPost2010PropOp29
  70
1
  102
RTVSPost2010Prop30
  280
1
  102
RTVSPost2010PropOp30
  70
1
  102
RTVSPost2010Prop31
  280
0
  102
RTVSPost2010PropOp31
  70
1
  102
RTVSPost2010Prop32
  280
0
  102
RTVSPost2010PropOp32
  70
1
  102
RTVSPost2010Prop33
  280
0
  102
RTVSPost2010PropOp33
  70
1
  102
RTVSPost2010Prop34
  280
0
  102
RTVSPost2010PropOp34
  70
1
  102
RTVSPost2010Prop35
  280
0
  102
RTVSPost2010PropOp35
  70
1
  102
RTVSPost2010Prop36
  280
0
  102
RTVSPost2010PropOp36
  70
1
  102
RTVSPost2010Prop37
  90
50
  102
RTVSPost2010PropOp37
  70
1
  102
RTVSPost2010Prop38
  140
0
  102
RTVSPost2010PropOp38
  70
1
  102
RTVSPost2010Prop39
  140
1
  102
RTVSPost2010PropOp39
  70
1
  102
RTVSPost2010Prop40
  90
0
  102
RTVSPost2010PropOp40
  70
1
  102
RTVSPost2010Prop41ColorIndex
  90
18
  102
RTVSPost2010Prop41ColorRGB
  90
0
  102
RTVSPost2010PropOp41
  70
1
  102
RTVSPost2010Prop42
  90
50
  102
RTVSPost2010PropOp42
  70
1
  102
RTVSPost2010Prop43
  90
3
  102
RTVSPost2010PropOp43
  70
1
  102
RTVSPost2010Prop44ColorIndex
  90
5
  102
RTVSPost2010Prop44ColorRGB
  90
255
  102
RTVSPost2010PropOp44
  70
1
  102
RTVSPost2010Prop45
  280
0
  102
RTVSPost2010PropOp45
  70
1
  102
RTVSPost2010Prop46
  90
50
  102
RTVSPost2010PropOp46
  70
1
  102
RTVSPost2010Prop47
  90
50
  102
RTVSPost2010PropOp47
  70
1
  102
RTVSPost2010Prop48
  90
50
  102
RTVSPost2010PropOp48
  70
1
  102
RTVSPost2010Prop49
  280
0
  102
RTVSPost2010PropOp49
  70
1
  102
RTVSPost2010Prop50
  90
50
  102
RTVSPost2010PropOp50
  70
1
  102
RTVSPost2010Prop51ColorIndex
  90
256
  102
RTVSPost2010Prop51ColorRGB
  90
-16777216
  102
RTVSPost2010PropOp51
  70
0
  102
RTVSPost2010Prop52
  140
1
  102
RTVSPost2010PropOp52
  70
0
  102
RTVSPost2010Prop53
  90
2
  102
RTVSPost2010PropOp53
  70
1
  102
RTVSPost2010Prop54
  1
strokes_ogs.tif
  102
RTVSPost2010PropOp54
  70
1
  102
RTVSPost2010Prop55
  280
0
  102
RTVSPost2010PropOp55
  70
1
  102
RTVSPost2010Prop56
  140
1
  102
RTVSPost2010PropOp56
  70
1
  102
RTVSPost2010Prop57
  140
1
  102
RTVSPost2010PropOp57
  70
1
  102
RTVSPropertyOp0
  70
1
  102
RTVSPropertyOp1
  70
1
  102
RTVSPropertyOp2
  70
1
  102
RTVSPropertyOp3
  70
1
  102
RTVSPropertyOp4
  70
1
  102
RTVSPropertyOp5
  70
1
  102
RTVSPropertyOp6
  70
1
  102
RTVSPropertyOp7
  70
1
  102
RTVSPropertyOp8
  70
1
  102
RTVSPropertyOp9
  70
1
  102
RTVSPropertyOp10
  70
1
  102
RTVSPropertyOp11
  70
1
  102
RTVSPropertyOp12
  70
1
  102
RTVSPropertyOp13
  70
1
  102
RTVSPropertyOp14
  70
1
  102
RTVSPropertyOp15
  70
1
  102
RTVSPropertyOp16
  70
1
  102
RTVSPropertyOp17
  70
1
  102
RTVSPropertyOp18
  70
1
  102
RTVSPropertyOp19
  70
1
  102
RTVSPropertyOp20
  70
1
  102
RTVSPropertyOp21
  70
1
  102
RTVSPropertyOp22
  70
1
  102
RTVSPropertyOp23
  70
1
  102
RTVSPropertyOp24
  70
1
  102
RTVSPropertyOp25
  70
1
  102
RTVSPropertyOp26
  70
1
  102
RTVSPropertyOp27
  70
1
  102
RTVSPropertyOp28
  70
1
  102
RTVSPropertyOp29
  70
1
  102
RTVSPropertyOp30
  70
1
  102
RTVSPropertyOp31
  70
1
  102
RTVSPropertyOp32
  70
1
  102
RTVSPropertyOp33
  70
1
  102
RTVSPropertyOp34
  70
1
  102
RTVSPropertyOp35
  70
1
  102
RTVSPropertyOp36
  70
1
  102
RTVSPropertyOp37
  70
1
  102
RTVSPropertyOp38
  70
1
  102
RTVSPropertyOp39
  70
1
  102
RTVSPropertyOp40
  70
1
  102
RTVSPropertyOp41
  70
1
  102
RTVSPropertyOp42
  70
1
  102
RTVSPropertyOp43
  70
1
  102
RTVSPropertyOp44
  70
1
  102
RTVSPropertyOp45
  70
1
  102
RTVSPropertyOp46
  70
1
  102
RTVSPropertyOp47
  70
1
  102
RTVSPropertyOp48
  70
1
  102
RTVSPropertyOp49
  70
1
  102
RTVSPropertyOp50
  70
1
  102
RTVSPropertyOp51
  70
0
  102
RTVSPropertyOp52
  70
0
  102
RTVSPropertyOp53
  70
1
  102
RTVSPropertyOp54
  70
1
  102
RTVSPropertyOp55
  70
1
  102
RTVSPropertyOp56
  70
1
  102
RTVSPropertyOp57
  70
1
  102
RTVSPropertyOp58
  70
1
  102
RTVSPropertyOp59
  70
1
  102
RTVSPropertyOp60
  70
1
  102
RTVSPropertyOp61
  70
1
  102
RTVSPropertyOp62
  70
1
  0
XRECORD
  5
30B
  102
{ACAD_REACTORS
  330
30A
  102
}
  330
30A
  100
AcDbXrecord
  280
1
  102
RTVSPost2010Prop28
  280
0
  102
RTVSPost2010PropOp28
  70
1
  102
RTVSPost2010Prop29
  280
1
  102
RTVSPost2010PropOp29
  70
1
  102
RTVSPost2010Prop30
  280
1
  102
RTVSPost2010PropOp30
  70
1
  102
RTVSPost2010Prop31
  280
0
  102
RTVSPost2010PropOp31
  70
1
  102
RTVSPost2010Prop32
  280
0
  102
RTVSPost2010PropOp32
  70
1
  102
RTVSPost2010Prop33
  280
0
  102
RTVSPost2010PropOp33
  70
1
  102
RTVSPost2010Prop34
  280
0
  102
RTVSPost2010PropOp34
  70
1
  102
RTVSPost2010Prop35
  280
0
  102
RTVSPost2010PropOp35
  70
1
  102
RTVSPost2010Prop36
  280
0
  102
RTVSPost2010PropOp36
  70
1
  102
RTVSPost2010Prop37
  90
50
  102
RTVSPost2010PropOp37
  70
1
  102
RTVSPost2010Prop38
  140
0
  102
RTVSPost2010PropOp38
  70
1
  102
RTVSPost2010Prop39
  140
1
  102
RTVSPost2010PropOp39
  70
1
  102
RTVSPost2010Prop40
  90
0
  102
RTVSPost2010PropOp40
  70
1
  102
RTVSPost2010Prop41ColorIndex
  90
18
  102
RTVSPost2010Prop41ColorRGB
  90
0
  102
RTVSPost2010PropOp41
  70
1
  102
RTVSPost2010Prop42
  90
50
  102
RTVSPost2010PropOp42
  70
1
  102
RTVSPost2010Prop43
  90
3
  102
RTVSPost2010PropOp43
  70
1
  102
RTVSPost2010Prop44ColorIndex
  90
5
  102
RTVSPost2010Prop44ColorRGB
  90
255
  102
RTVSPost2010PropOp44
  70
1
  102
RTVSPost2010Prop45
  280
0
  102
RTVSPost2010PropOp45
  70
1
  102
RTVSPost2010Prop46
  90
50
  102
RTVSPost2010PropOp46
  70
1
  102
RTVSPost2010Prop47
  90
50
  102
RTVSPost2010PropOp47
  70
1
  102
RTVSPost2010Prop48
  90
50
  102
RTVSPost2010PropOp48
  70
1
  102
RTVSPost2010Prop49
  280
0
  102
RTVSPost2010PropOp49
  70
1
  102
RTVSPost2010Prop50
  90
50
  102
RTVSPost2010PropOp50
  70
1
  102
RTVSPost2010Prop51ColorIndex
  90
256
  102
RTVSPost2010Prop51ColorRGB
  90
-16777216
  102
RTVSPost2010PropOp51
  70
0
  102
RTVSPost2010Prop52
  140
1
  102
RTVSPost2010PropOp52
  70
0
  102
RTVSPost2010Prop53
  90
2
  102
RTVSPost2010PropOp53
  70
1
  102
RTVSPost2010Prop54
  1
strokes_ogs.tif
  102
RTVSPost2010PropOp54
  70
1
  102
RTVSPost2010Prop55
  280
0
  102
RTVSPost2010PropOp55
  70
1
  102
RTVSPost2010Prop56
  140
1
  102
RTVSPost2010PropOp56
  70
1
  102
RTVSPost2010Prop57
  140
1
  102
RTVSPost2010PropOp57
  70
1
  102
RTVSPropertyOp0
  70
1
  102
RTVSPropertyOp1
  70
1
  102
RTVSPropertyOp2
  70
1
  102
RTVSPropertyOp3
  70
1
  102
RTVSPropertyOp4
  70
1
  102
RTVSPropertyOp5
  70
1
  102
RTVSPropertyOp6
  70
1
  102
RTVSPropertyOp7
  70
1
  102
RTVSPropertyOp8
  70
1
  102
RTVSPropertyOp9
  70
1
  102
RTVSPropertyOp10
  70
1
  102
RTVSPropertyOp11
  70
1
  102
RTVSPropertyOp12
  70
1
  102
RTVSPropertyOp13
  70
1
  102
RTVSPropertyOp14
  70
1
  102
RTVSPropertyOp15
  70
1
  102
RTVSPropertyOp16
  70
1
  102
RTVSPropertyOp17
  70
1
  102
RTVSPropertyOp18
  70
1
  102
RTVSPropertyOp19
  70
1
  102
RTVSPropertyOp20
  70
1
  102
RTVSPropertyOp21
  70
1
  102
RTVSPropertyOp22
  70
1
  102
RTVSPropertyOp23
  70
1
  102
RTVSPropertyOp24
  70
1
  102
RTVSPropertyOp25
  70
1
  102
RTVSPropertyOp26
  70
1
  102
RTVSPropertyOp27
  70
1
  102
RTVSPropertyOp28
  70
1
  102
RTVSPropertyOp29
  70
1
  102
RTVSPropertyOp30
  70
1
  102
RTVSPropertyOp31
  70
1
  102
RTVSPropertyOp32
  70
1
  102
RTVSPropertyOp33
  70
1
  102
RTVSPropertyOp34
  70
1
  102
RTVSPropertyOp35
  70
1
  102
RTVSPropertyOp36
  70
1
  102
RTVSPropertyOp37
  70
1
  102
RTVSPropertyOp38
  70
1
  102
RTVSPropertyOp39
  70
1
  102
RTVSPropertyOp40
  70
1
  102
RTVSPropertyOp41
  70
1
  102
RTVSPropertyOp42
  70
1
  102
RTVSPropertyOp43
  70
1
  102
RTVSPropertyOp44
  70
1
  102
RTVSPropertyOp45
  70
1
  102
RTVSPropertyOp46
  70
1
  102
RTVSPropertyOp47
  70
1
  102
RTVSPropertyOp48
  70
1
  102
RTVSPropertyOp49
  70
1
  102
RTVSPropertyOp50
  70
1
  102
RTVSPropertyOp51
  70
0
  102
RTVSPropertyOp52
  70
0
  102
RTVSPropertyOp53
  70
1
  102
RTVSPropertyOp54
  70
1
  102
RTVSPropertyOp55
  70
1
  102
RTVSPropertyOp56
  70
1
  102
RTVSPropertyOp57
  70
1
  102
RTVSPropertyOp58
  70
1
  102
RTVSPropertyOp59
  70
1
  102
RTVSPropertyOp60
  70
1
  102
RTVSPropertyOp61
  70
1
  102
RTVSPropertyOp62
  70
1
  0
XRECORD
  5
30D
  102
{ACAD_REACTORS
  330
30C
  102
}
  330
30C
  100
AcDbXrecord
  280
1
  102
RTVSPost2010Prop28
  280
0
  102
RTVSPost2010PropOp28
  70
1
  102
RTVSPost2010Prop29
  280
1
  102
RTVSPost2010PropOp29
  70
1
  102
RTVSPost2010Prop30
  280
1
  102
RTVSPost2010PropOp30
  70
1
  102
RTVSPost2010Prop31
  280
0
  102
RTVSPost2010PropOp31
  70
1
  102
RTVSPost2010Prop32
  280
0
  102
RTVSPost2010PropOp32
  70
1
  102
RTVSPost2010Prop33
  280
0
  102
RTVSPost2010PropOp33
  70
1
  102
RTVSPost2010Prop34
  280
0
  102
RTVSPost2010PropOp34
  70
1
  102
RTVSPost2010Prop35
  280
0
  102
RTVSPost2010PropOp35
  70
1
  102
RTVSPost2010Prop36
  280
0
  102
RTVSPost2010PropOp36
  70
1
  102
RTVSPost2010Prop37
  90
50
  102
RTVSPost2010PropOp37
  70
1
  102
RTVSPost2010Prop38
  140
0
  102
RTVSPost2010PropOp38
  70
1
  102
RTVSPost2010Prop39
  140
1
  102
RTVSPost2010PropOp39
  70
1
  102
RTVSPost2010Prop40
  90
0
  102
RTVSPost2010PropOp40
  70
1
  102
RTVSPost2010Prop41ColorIndex
  90
18
  102
RTVSPost2010Prop41ColorRGB
  90
0
  102
RTVSPost2010PropOp41
  70
1
  102
RTVSPost2010Prop42
  90
50
  102
RTVSPost2010PropOp42
  70
1
  102
RTVSPost2010Prop43
  90
3
  102
RTVSPost2010PropOp43
  70
1
  102
RTVSPost2010Prop44ColorIndex
  90
5
  102
RTVSPost2010Prop44ColorRGB
  90
255
  102
RTVSPost2010PropOp44
  70
1
  102
RTVSPost2010Prop45
  280
0
  102
RTVSPost2010PropOp45
  70
1
  102
RTVSPost2010Prop46
  90
50
  102
RTVSPost2010PropOp46
  70
1
  102
RTVSPost2010Prop47
  90
50
  102
RTVSPost2010PropOp47
  70
1
  102
RTVSPost2010Prop48
  90
50
  102
RTVSPost2010PropOp48
  70
1
  102
RTVSPost2010Prop49
  280
0
  102
RTVSPost2010PropOp49
  70
1
  102
RTVSPost2010Prop50
  90
50
  102
RTVSPost2010PropOp50
  70
1
  102
RTVSPost2010Prop51ColorIndex
  90
256
  102
RTVSPost2010Prop51ColorRGB
  90
-16777216
  102
RTVSPost2010PropOp51
  70
0
  102
RTVSPost2010Prop52
  140
1
  102
RTVSPost2010PropOp52
  70
0
  102
RTVSPost2010Prop53
  90
2
  102
RTVSPost2010PropOp53
  70
1
  102
RTVSPost2010Prop54
  1
strokes_ogs.tif
  102
RTVSPost2010PropOp54
  70
1
  102
RTVSPost2010Prop55
  280
0
  102
RTVSPost2010PropOp55
  70
1
  102
RTVSPost2010Prop56
  140
1
  102
RTVSPost2010PropOp56
  70
1
  102
RTVSPost2010Prop57
  140
1
  102
RTVSPost2010PropOp57
  70
1
  102
RTVSPropertyOp0
  70
1
  102
RTVSPropertyOp1
  70
1
  102
RTVSPropertyOp2
  70
1
  102
RTVSPropertyOp3
  70
1
  102
RTVSPropertyOp4
  70
1
  102
RTVSPropertyOp5
  70
1
  102
RTVSPropertyOp6
  70
1
  102
RTVSPropertyOp7
  70
1
  102
RTVSPropertyOp8
  70
1
  102
RTVSPropertyOp9
  70
1
  102
RTVSPropertyOp10
  70
1
  102
RTVSPropertyOp11
  70
1
  102
RTVSPropertyOp12
  70
1
  102
RTVSPropertyOp13
  70
1
  102
RTVSPropertyOp14
  70
1
  102
RTVSPropertyOp15
  70
1
  102
RTVSPropertyOp16
  70
1
  102
RTVSPropertyOp17
  70
1
  102
RTVSPropertyOp18
  70
1
  102
RTVSPropertyOp19
  70
1
  102
RTVSPropertyOp20
  70
1
  102
RTVSPropertyOp21
  70
1
  102
RTVSPropertyOp22
  70
1
  102
RTVSPropertyOp23
  70
1
  102
RTVSPropertyOp24
  70
1
  102
RTVSPropertyOp25
  70
1
  102
RTVSPropertyOp26
  70
1
  102
RTVSPropertyOp27
  70
1
  102
RTVSPropertyOp28
  70
1
  102
RTVSPropertyOp29
  70
1
  102
RTVSPropertyOp30
  70
1
  102
RTVSPropertyOp31
  70
1
  102
RTVSPropertyOp32
  70
1
  102
RTVSPropertyOp33
  70
1
  102
RTVSPropertyOp34
  70
1
  102
RTVSPropertyOp35
  70
1
  102
RTVSPropertyOp36
  70
1
  102
RTVSPropertyOp37
  70
1
  102
RTVSPropertyOp38
  70
1
  102
RTVSPropertyOp39
  70
1
  102
RTVSPropertyOp40
  70
1
  102
RTVSPropertyOp41
  70
1
  102
RTVSPropertyOp42
  70
1
  102
RTVSPropertyOp43
  70
1
  102
RTVSPropertyOp44
  70
1
  102
RTVSPropertyOp45
  70
1
  102
RTVSPropertyOp46
  70
1
  102
RTVSPropertyOp47
  70
1
  102
RTVSPropertyOp48
  70
1
  102
RTVSPropertyOp49
  70
1
  102
RTVSPropertyOp50
  70
1
  102
RTVSPropertyOp51
  70
0
  102
RTVSPropertyOp52
  70
0
  102
RTVSPropertyOp53
  70
1
  102
RTVSPropertyOp54
  70
1
  102
RTVSPropertyOp55
  70
1
  102
RTVSPropertyOp56
  70
1
  102
RTVSPropertyOp57
  70
1
  102
RTVSPropertyOp58
  70
1
  102
RTVSPropertyOp59
  70
1
  102
RTVSPropertyOp60
  70
1
  102
RTVSPropertyOp61
  70
1
  102
RTVSPropertyOp62
  70
1
  0
XRECORD
  5
30F
  102
{ACAD_REACTORS
  330
30E
  102
}
  330
30E
  100
AcDbXrecord
  280
1
  102
RTVSPost2010Prop28
  280
0
  102
RTVSPost2010PropOp28
  70
1
  102
RTVSPost2010Prop29
  280
1
  102
RTVSPost2010PropOp29
  70
1
  102
RTVSPost2010Prop30
  280
1
  102
RTVSPost2010PropOp30
  70
1
  102
RTVSPost2010Prop31
  280
0
  102
RTVSPost2010PropOp31
  70
1
  102
RTVSPost2010Prop32
  280
0
  102
RTVSPost2010PropOp32
  70
1
  102
RTVSPost2010Prop33
  280
0
  102
RTVSPost2010PropOp33
  70
1
  102
RTVSPost2010Prop34
  280
0
  102
RTVSPost2010PropOp34
  70
1
  102
RTVSPost2010Prop35
  280
0
  102
RTVSPost2010PropOp35
  70
1
  102
RTVSPost2010Prop36
  280
0
  102
RTVSPost2010PropOp36
  70
1
  102
RTVSPost2010Prop37
  90
50
  102
RTVSPost2010PropOp37
  70
1
  102
RTVSPost2010Prop38
  140
0
  102
RTVSPost2010PropOp38
  70
1
  102
RTVSPost2010Prop39
  140
1
  102
RTVSPost2010PropOp39
  70
1
  102
RTVSPost2010Prop40
  90
0
  102
RTVSPost2010PropOp40
  70
1
  102
RTVSPost2010Prop41ColorIndex
  90
18
  102
RTVSPost2010Prop41ColorRGB
  90
0
  102
RTVSPost2010PropOp41
  70
1
  102
RTVSPost2010Prop42
  90
50
  102
RTVSPost2010PropOp42
  70
1
  102
RTVSPost2010Prop43
  90
3
  102
RTVSPost2010PropOp43
  70
1
  102
RTVSPost2010Prop44ColorIndex
  90
5
  102
RTVSPost2010Prop44ColorRGB
  90
255
  102
RTVSPost2010PropOp44
  70
1
  102
RTVSPost2010Prop45
  280
0
  102
RTVSPost2010PropOp45
  70
1
  102
RTVSPost2010Prop46
  90
50
  102
RTVSPost2010PropOp46
  70
1
  102
RTVSPost2010Prop47
  90
50
  102
RTVSPost2010PropOp47
  70
1
  102
RTVSPost2010Prop48
  90
50
  102
RTVSPost2010PropOp48
  70
1
  102
RTVSPost2010Prop49
  280
0
  102
RTVSPost2010PropOp49
  70
1
  102
RTVSPost2010Prop50
  90
50
  102
RTVSPost2010PropOp50
  70
1
  102
RTVSPost2010Prop51ColorIndex
  90
256
  102
RTVSPost2010Prop51ColorRGB
  90
-16777216
  102
RTVSPost2010PropOp51
  70
0
  102
RTVSPost2010Prop52
  140
1
  102
RTVSPost2010PropOp52
  70
0
  102
RTVSPost2010Prop53
  90
2
  102
RTVSPost2010PropOp53
  70
1
  102
RTVSPost2010Prop54
  1
strokes_ogs.tif
  102
RTVSPost2010PropOp54
  70
1
  102
RTVSPost2010Prop55
  280
0
  102
RTVSPost2010PropOp55
  70
1
  102
RTVSPost2010Prop56
  140
1
  102
RTVSPost2010PropOp56
  70
1
  102
RTVSPost2010Prop57
  140
1
  102
RTVSPost2010PropOp57
  70
1
  102
RTVSPropertyOp0
  70
1
  102
RTVSPropertyOp1
  70
1
  102
RTVSPropertyOp2
  70
1
  102
RTVSPropertyOp3
  70
1
  102
RTVSPropertyOp4
  70
1
  102
RTVSPropertyOp5
  70
1
  102
RTVSPropertyOp6
  70
1
  102
RTVSPropertyOp7
  70
1
  102
RTVSPropertyOp8
  70
1
  102
RTVSPropertyOp9
  70
1
  102
RTVSPropertyOp10
  70
1
  102
RTVSPropertyOp11
  70
1
  102
RTVSPropertyOp12
  70
1
  102
RTVSPropertyOp13
  70
1
  102
RTVSPropertyOp14
  70
1
  102
RTVSPropertyOp15
  70
1
  102
RTVSPropertyOp16
  70
1
  102
RTVSPropertyOp17
  70
1
  102
RTVSPropertyOp18
  70
1
  102
RTVSPropertyOp19
  70
1
  102
RTVSPropertyOp20
  70
1
  102
RTVSPropertyOp21
  70
1
  102
RTVSPropertyOp22
  70
1
  102
RTVSPropertyOp23
  70
1
  102
RTVSPropertyOp24
  70
1
  102
RTVSPropertyOp25
  70
1
  102
RTVSPropertyOp26
  70
1
  102
RTVSPropertyOp27
  70
1
  102
RTVSPropertyOp28
  70
1
  102
RTVSPropertyOp29
  70
1
  102
RTVSPropertyOp30
  70
1
  102
RTVSPropertyOp31
  70
1
  102
RTVSPropertyOp32
  70
1
  102
RTVSPropertyOp33
  70
1
  102
RTVSPropertyOp34
  70
1
  102
RTVSPropertyOp35
  70
1
  102
RTVSPropertyOp36
  70
1
  102
RTVSPropertyOp37
  70
1
  102
RTVSPropertyOp38
  70
1
  102
RTVSPropertyOp39
  70
1
  102
RTVSPropertyOp40
  70
1
  102
RTVSPropertyOp41
  70
1
  102
RTVSPropertyOp42
  70
1
  102
RTVSPropertyOp43
  70
1
  102
RTVSPropertyOp44
  70
1
  102
RTVSPropertyOp45
  70
1
  102
RTVSPropertyOp46
  70
1
  102
RTVSPropertyOp47
  70
1
  102
RTVSPropertyOp48
  70
1
  102
RTVSPropertyOp49
  70
1
  102
RTVSPropertyOp50
  70
1
  102
RTVSPropertyOp51
  70
0
  102
RTVSPropertyOp52
  70
0
  102
RTVSPropertyOp53
  70
1
  102
RTVSPropertyOp54
  70
1
  102
RTVSPropertyOp55
  70
1
  102
RTVSPropertyOp56
  70
1
  102
RTVSPropertyOp57
  70
1
  102
RTVSPropertyOp58
  70
1
  102
RTVSPropertyOp59
  70
1
  102
RTVSPropertyOp60
  70
1
  102
RTVSPropertyOp61
  70
1
  102
RTVSPropertyOp62
  70
1
  0
XRECORD
  5
311
  102
{ACAD_REACTORS
  330
310
  102
}
  330
310
  100
AcDbXrecord
  280
1
  102
RTVSPost2010Prop28
  280
0
  102
RTVSPost2010PropOp28
  70
1
  102
RTVSPost2010Prop29
  280
1
  102
RTVSPost2010PropOp29
  70
1
  102
RTVSPost2010Prop30
  280
1
  102
RTVSPost2010PropOp30
  70
1
  102
RTVSPost2010Prop31
  280
0
  102
RTVSPost2010PropOp31
  70
1
  102
RTVSPost2010Prop32
  280
0
  102
RTVSPost2010PropOp32
  70
1
  102
RTVSPost2010Prop33
  280
0
  102
RTVSPost2010PropOp33
  70
1
  102
RTVSPost2010Prop34
  280
0
  102
RTVSPost2010PropOp34
  70
1
  102
RTVSPost2010Prop35
  280
0
  102
RTVSPost2010PropOp35
  70
1
  102
RTVSPost2010Prop36
  280
0
  102
RTVSPost2010PropOp36
  70
1
  102
RTVSPost2010Prop37
  90
50
  102
RTVSPost2010PropOp37
  70
1
  102
RTVSPost2010Prop38
  140
0
  102
RTVSPost2010PropOp38
  70
1
  102
RTVSPost2010Prop39
  140
1
  102
RTVSPost2010PropOp39
  70
1
  102
RTVSPost2010Prop40
  90
0
  102
RTVSPost2010PropOp40
  70
1
  102
RTVSPost2010Prop41ColorIndex
  90
18
  102
RTVSPost2010Prop41ColorRGB
  90
0
  102
RTVSPost2010PropOp41
  70
1
  102
RTVSPost2010Prop42
  90
50
  102
RTVSPost2010PropOp42
  70
1
  102
RTVSPost2010Prop43
  90
3
  102
RTVSPost2010PropOp43
  70
1
  102
RTVSPost2010Prop44ColorIndex
  90
5
  102
RTVSPost2010Prop44ColorRGB
  90
255
  102
RTVSPost2010PropOp44
  70
1
  102
RTVSPost2010Prop45
  280
0
  102
RTVSPost2010PropOp45
  70
1
  102
RTVSPost2010Prop46
  90
50
  102
RTVSPost2010PropOp46
  70
1
  102
RTVSPost2010Prop47
  90
50
  102
RTVSPost2010PropOp47
  70
1
  102
RTVSPost2010Prop48
  90
50
  102
RTVSPost2010PropOp48
  70
1
  102
RTVSPost2010Prop49
  280
0
  102
RTVSPost2010PropOp49
  70
1
  102
RTVSPost2010Prop50
  90
50
  102
RTVSPost2010PropOp50
  70
1
  102
RTVSPost2010Prop51ColorIndex
  90
256
  102
RTVSPost2010Prop51ColorRGB
  90
-16777216
  102
RTVSPost2010PropOp51
  70
0
  102
RTVSPost2010Prop52
  140
1
  102
RTVSPost2010PropOp52
  70
0
  102
RTVSPost2010Prop53
  90
2
  102
RTVSPost2010PropOp53
  70
1
  102
RTVSPost2010Prop54
  1
strokes_ogs.tif
  102
RTVSPost2010PropOp54
  70
1
  102
RTVSPost2010Prop55
  280
0
  102
RTVSPost2010PropOp55
  70
1
  102
RTVSPost2010Prop56
  140
1
  102
RTVSPost2010PropOp56
  70
1
  102
RTVSPost2010Prop57
  140
1
  102
RTVSPost2010PropOp57
  70
1
  102
RTVSPropertyOp0
  70
1
  102
RTVSPropertyOp1
  70
1
  102
RTVSPropertyOp2
  70
1
  102
RTVSPropertyOp3
  70
1
  102
RTVSPropertyOp4
  70
1
  102
RTVSPropertyOp5
  70
1
  102
RTVSPropertyOp6
  70
1
  102
RTVSPropertyOp7
  70
1
  102
RTVSPropertyOp8
  70
1
  102
RTVSPropertyOp9
  70
1
  102
RTVSPropertyOp10
  70
1
  102
RTVSPropertyOp11
  70
1
  102
RTVSPropertyOp12
  70
1
  102
RTVSPropertyOp13
  70
1
  102
RTVSPropertyOp14
  70
1
  102
RTVSPropertyOp15
  70
1
  102
RTVSPropertyOp16
  70
1
  102
RTVSPropertyOp17
  70
1
  102
RTVSPropertyOp18
  70
1
  102
RTVSPropertyOp19
  70
1
  102
RTVSPropertyOp20
  70
1
  102
RTVSPropertyOp21
  70
1
  102
RTVSPropertyOp22
  70
1
  102
RTVSPropertyOp23
  70
1
  102
RTVSPropertyOp24
  70
1
  102
RTVSPropertyOp25
  70
1
  102
RTVSPropertyOp26
  70
1
  102
RTVSPropertyOp27
  70
1
  102
RTVSPropertyOp28
  70
1
  102
RTVSPropertyOp29
  70
1
  102
RTVSPropertyOp30
  70
1
  102
RTVSPropertyOp31
  70
1
  102
RTVSPropertyOp32
  70
1
  102
RTVSPropertyOp33
  70
1
  102
RTVSPropertyOp34
  70
1
  102
RTVSPropertyOp35
  70
1
  102
RTVSPropertyOp36
  70
1
  102
RTVSPropertyOp37
  70
1
  102
RTVSPropertyOp38
  70
1
  102
RTVSPropertyOp39
  70
1
  102
RTVSPropertyOp40
  70
1
  102
RTVSPropertyOp41
  70
1
  102
RTVSPropertyOp42
  70
1
  102
RTVSPropertyOp43
  70
1
  102
RTVSPropertyOp44
  70
1
  102
RTVSPropertyOp45
  70
1
  102
RTVSPropertyOp46
  70
1
  102
RTVSPropertyOp47
  70
1
  102
RTVSPropertyOp48
  70
1
  102
RTVSPropertyOp49
  70
1
  102
RTVSPropertyOp50
  70
1
  102
RTVSPropertyOp51
  70
0
  102
RTVSPropertyOp52
  70
0
  102
RTVSPropertyOp53
  70
1
  102
RTVSPropertyOp54
  70
1
  102
RTVSPropertyOp55
  70
1
  102
RTVSPropertyOp56
  70
1
  102
RTVSPropertyOp57
  70
1
  102
RTVSPropertyOp58
  70
1
  102
RTVSPropertyOp59
  70
1
  102
RTVSPropertyOp60
  70
1
  102
RTVSPropertyOp61
  70
1
  102
RTVSPropertyOp62
  70
1
  0
XRECORD
  5
319
  102
{ACAD_REACTORS
  330
318
  102
}
  330
318
  100
AcDbXrecord
  280
1
  102
RTVSPost2010Prop28
  280
0
  102
RTVSPost2010PropOp28
  70
1
  102
RTVSPost2010Prop29
  280
1
  102
RTVSPost2010PropOp29
  70
1
  102
RTVSPost2010Prop30
  280
1
  102
RTVSPost2010PropOp30
  70
1
  102
RTVSPost2010Prop31
  280
0
  102
RTVSPost2010PropOp31
  70
1
  102
RTVSPost2010Prop32
  280
0
  102
RTVSPost2010PropOp32
  70
1
  102
RTVSPost2010Prop33
  280
0
  102
RTVSPost2010PropOp33
  70
1
  102
RTVSPost2010Prop34
  280
0
  102
RTVSPost2010PropOp34
  70
1
  102
RTVSPost2010Prop35
  280
0
  102
RTVSPost2010PropOp35
  70
1
  102
RTVSPost2010Prop36
  280
0
  102
RTVSPost2010PropOp36
  70
1
  102
RTVSPost2010Prop37
  90
50
  102
RTVSPost2010PropOp37
  70
1
  102
RTVSPost2010Prop38
  140
0
  102
RTVSPost2010PropOp38
  70
1
  102
RTVSPost2010Prop39
  140
1
  102
RTVSPost2010PropOp39
  70
1
  102
RTVSPost2010Prop40
  90
0
  102
RTVSPost2010PropOp40
  70
1
  102
RTVSPost2010Prop41ColorIndex
  90
18
  102
RTVSPost2010Prop41ColorRGB
  90
0
  102
RTVSPost2010PropOp41
  70
1
  102
RTVSPost2010Prop42
  90
50
  102
RTVSPost2010PropOp42
  70
1
  102
RTVSPost2010Prop43
  90
3
  102
RTVSPost2010PropOp43
  70
1
  102
RTVSPost2010Prop44ColorIndex
  90
5
  102
RTVSPost2010Prop44ColorRGB
  90
255
  102
RTVSPost2010PropOp44
  70
1
  102
RTVSPost2010Prop45
  280
0
  102
RTVSPost2010PropOp45
  70
1
  102
RTVSPost2010Prop46
  90
50
  102
RTVSPost2010PropOp46
  70
1
  102
RTVSPost2010Prop47
  90
50
  102
RTVSPost2010PropOp47
  70
1
  102
RTVSPost2010Prop48
  90
50
  102
RTVSPost2010PropOp48
  70
1
  102
RTVSPost2010Prop49
  280
0
  102
RTVSPost2010PropOp49
  70
1
  102
RTVSPost2010Prop50
  90
50
  102
RTVSPost2010PropOp50
  70
1
  102
RTVSPost2010Prop51ColorIndex
  90
256
  102
RTVSPost2010Prop51ColorRGB
  90
-16777216
  102
RTVSPost2010PropOp51
  70
0
  102
RTVSPost2010Prop52
  140
1
  102
RTVSPost2010PropOp52
  70
0
  102
RTVSPost2010Prop53
  90
2
  102
RTVSPost2010PropOp53
  70
1
  102
RTVSPost2010Prop54
  1
strokes_ogs.tif
  102
RTVSPost2010PropOp54
  70
1
  102
RTVSPost2010Prop55
  280
0
  102
RTVSPost2010PropOp55
  70
1
  102
RTVSPost2010Prop56
  140
1
  102
RTVSPost2010PropOp56
  70
1
  102
RTVSPost2010Prop57
  140
1
  102
RTVSPost2010PropOp57
  70
1
  102
RTVSPropertyOp0
  70
1
  102
RTVSPropertyOp1
  70
1
  102
RTVSPropertyOp2
  70
1
  102
RTVSPropertyOp3
  70
1
  102
RTVSPropertyOp4
  70
1
  102
RTVSPropertyOp5
  70
1
  102
RTVSPropertyOp6
  70
1
  102
RTVSPropertyOp7
  70
1
  102
RTVSPropertyOp8
  70
1
  102
RTVSPropertyOp9
  70
1
  102
RTVSPropertyOp10
  70
1
  102
RTVSPropertyOp11
  70
1
  102
RTVSPropertyOp12
  70
1
  102
RTVSPropertyOp13
  70
1
  102
RTVSPropertyOp14
  70
1
  102
RTVSPropertyOp15
  70
1
  102
RTVSPropertyOp16
  70
1
  102
RTVSPropertyOp17
  70
1
  102
RTVSPropertyOp18
  70
1
  102
RTVSPropertyOp19
  70
1
  102
RTVSPropertyOp20
  70
1
  102
RTVSPropertyOp21
  70
1
  102
RTVSPropertyOp22
  70
1
  102
RTVSPropertyOp23
  70
1
  102
RTVSPropertyOp24
  70
1
  102
RTVSPropertyOp25
  70
1
  102
RTVSPropertyOp26
  70
1
  102
RTVSPropertyOp27
  70
1
  102
RTVSPropertyOp28
  70
1
  102
RTVSPropertyOp29
  70
1
  102
RTVSPropertyOp30
  70
1
  102
RTVSPropertyOp31
  70
1
  102
RTVSPropertyOp32
  70
1
  102
RTVSPropertyOp33
  70
1
  102
RTVSPropertyOp34
  70
1
  102
RTVSPropertyOp35
  70
1
  102
RTVSPropertyOp36
  70
1
  102
RTVSPropertyOp37
  70
1
  102
RTVSPropertyOp38
  70
1
  102
RTVSPropertyOp39
  70
1
  102
RTVSPropertyOp40
  70
1
  102
RTVSPropertyOp41
  70
1
  102
RTVSPropertyOp42
  70
1
  102
RTVSPropertyOp43
  70
1
  102
RTVSPropertyOp44
  70
1
  102
RTVSPropertyOp45
  70
1
  102
RTVSPropertyOp46
  70
1
  102
RTVSPropertyOp47
  70
1
  102
RTVSPropertyOp48
  70
1
  102
RTVSPropertyOp49
  70
1
  102
RTVSPropertyOp50
  70
1
  102
RTVSPropertyOp51
  70
0
  102
RTVSPropertyOp52
  70
0
  102
RTVSPropertyOp53
  70
1
  102
RTVSPropertyOp54
  70
1
  102
RTVSPropertyOp55
  70
1
  102
RTVSPropertyOp56
  70
1
  102
RTVSPropertyOp57
  70
1
  102
RTVSPropertyOp58
  70
1
  102
RTVSPropertyOp59
  70
1
  102
RTVSPropertyOp60
  70
1
  102
RTVSPropertyOp61
  70
1
  102
RTVSPropertyOp62
  70
1
  0
XRECORD
  5
32B
  102
{ACAD_REACTORS
  330
32A
  102
}
  330
32A
  100
AcDbXrecord
  280
1
  102
RTVSPost2010Prop28
  280
0
  102
RTVSPost2010PropOp28
  70
1
  102
RTVSPost2010Prop29
  280
1
  102
RTVSPost2010PropOp29
  70
1
  102
RTVSPost2010Prop30
  280
1
  102
RTVSPost2010PropOp30
  70
1
  102
RTVSPost2010Prop31
  280
0
  102
RTVSPost2010PropOp31
  70
1
  102
RTVSPost2010Prop32
  280
0
  102
RTVSPost2010PropOp32
  70
1
  102
RTVSPost2010Prop33
  280
0
  102
RTVSPost2010PropOp33
  70
1
  102
RTVSPost2010Prop34
  280
0
  102
RTVSPost2010PropOp34
  70
1
  102
RTVSPost2010Prop35
  280
0
  102
RTVSPost2010PropOp35
  70
1
  102
RTVSPost2010Prop36
  280
0
  102
RTVSPost2010PropOp36
  70
1
  102
RTVSPost2010Prop37
  90
50
  102
RTVSPost2010PropOp37
  70
1
  102
RTVSPost2010Prop38
  140
0
  102
RTVSPost2010PropOp38
  70
1
  102
RTVSPost2010Prop39
  140
1
  102
RTVSPost2010PropOp39
  70
1
  102
RTVSPost2010Prop40
  90
0
  102
RTVSPost2010PropOp40
  70
1
  102
RTVSPost2010Prop41ColorIndex
  90
18
  102
RTVSPost2010Prop41ColorRGB
  90
0
  102
RTVSPost2010PropOp41
  70
1
  102
RTVSPost2010Prop42
  90
50
  102
RTVSPost2010PropOp42
  70
1
  102
RTVSPost2010Prop43
  90
3
  102
RTVSPost2010PropOp43
  70
1
  102
RTVSPost2010Prop44ColorIndex
  90
5
  102
RTVSPost2010Prop44ColorRGB
  90
255
  102
RTVSPost2010PropOp44
  70
1
  102
RTVSPost2010Prop45
  280
0
  102
RTVSPost2010PropOp45
  70
1
  102
RTVSPost2010Prop46
  90
50
  102
RTVSPost2010PropOp46
  70
1
  102
RTVSPost2010Prop47
  90
50
  102
RTVSPost2010PropOp47
  70
1
  102
RTVSPost2010Prop48
  90
50
  102
RTVSPost2010PropOp48
  70
1
  102
RTVSPost2010Prop49
  280
0
  102
RTVSPost2010PropOp49
  70
1
  102
RTVSPost2010Prop50
  90
50
  102
RTVSPost2010PropOp50
  70
1
  102
RTVSPost2010Prop51ColorIndex
  90
256
  102
RTVSPost2010Prop51ColorRGB
  90
-16777216
  102
RTVSPost2010PropOp51
  70
0
  102
RTVSPost2010Prop52
  140
1
  102
RTVSPost2010PropOp52
  70
0
  102
RTVSPost2010Prop53
  90
2
  102
RTVSPost2010PropOp53
  70
1
  102
RTVSPost2010Prop54
  1
strokes_ogs.tif
  102
RTVSPost2010PropOp54
  70
1
  102
RTVSPost2010Prop55
  280
0
  102
RTVSPost2010PropOp55
  70
1
  102
RTVSPost2010Prop56
  140
1
  102
RTVSPost2010PropOp56
  70
1
  102
RTVSPost2010Prop57
  140
1
  102
RTVSPost2010PropOp57
  70
1
  102
RTVSPropertyOp0
  70
0
  102
RTVSPropertyOp1
  70
0
  102
RTVSPropertyOp2
  70
0
  102
RTVSPropertyOp3
  70
0
  102
RTVSPropertyOp4
  70
0
  102
RTVSPropertyOp5
  70
0
  102
RTVSPropertyOp6
  70
0
  102
RTVSPropertyOp7
  70
0
  102
RTVSPropertyOp8
  70
0
  102
RTVSPropertyOp9
  70
0
  102
RTVSPropertyOp10
  70
0
  102
RTVSPropertyOp11
  70
0
  102
RTVSPropertyOp12
  70
0
  102
RTVSPropertyOp13
  70
0
  102
RTVSPropertyOp14
  70
2
  102
RTVSPropertyOp15
  70
0
  102
RTVSPropertyOp16
  70
0
  102
RTVSPropertyOp17
  70
0
  102
RTVSPropertyOp18
  70
0
  102
RTVSPropertyOp19
  70
0
  102
RTVSPropertyOp20
  70
0
  102
RTVSPropertyOp21
  70
0
  102
RTVSPropertyOp22
  70
0
  102
RTVSPropertyOp23
  70
0
  102
RTVSPropertyOp24
  70
0
  102
RTVSPropertyOp25
  70
0
  102
RTVSPropertyOp26
  70
0
  102
RTVSPropertyOp27
  70
0
  102
RTVSPropertyOp28
  70
1
  102
RTVSPropertyOp29
  70
1
  102
RTVSPropertyOp30
  70
1
  102
RTVSPropertyOp31
  70
1
  102
RTVSPropertyOp32
  70
1
  102
RTVSPropertyOp33
  70
1
  102
RTVSPropertyOp34
  70
1
  102
RTVSPropertyOp35
  70
1
  102
RTVSPropertyOp36
  70
1
  102
RTVSPropertyOp37
  70
1
  102
RTVSPropertyOp38
  70
1
  102
RTVSPropertyOp39
  70
1
  102
RTVSPropertyOp40
  70
1
  102
RTVSPropertyOp41
  70
1
  102
RTVSPropertyOp42
  70
1
  102
RTVSPropertyOp43
  70
1
  102
RTVSPropertyOp44
  70
1
  102
RTVSPropertyOp45
  70
1
  102
RTVSPropertyOp46
  70
1
  102
RTVSPropertyOp47
  70
1
  102
RTVSPropertyOp48
  70
1
  102
RTVSPropertyOp49
  70
1
  102
RTVSPropertyOp50
  70
1
  102
RTVSPropertyOp51
  70
0
  102
RTVSPropertyOp52
  70
0
  102
RTVSPropertyOp53
  70
1
  102
RTVSPropertyOp54
  70
1
  102
RTVSPropertyOp55
  70
1
  102
RTVSPropertyOp56
  70
1
  102
RTVSPropertyOp57
  70
1
  102
RTVSPropertyOp58
  70
1
  102
RTVSPropertyOp59
  70
1
  102
RTVSPropertyOp60
  70
1
  102
RTVSPropertyOp61
  70
1
  102
RTVSPropertyOp62
  70
1
  0
XRECORD
  5
325
  102
{ACAD_REACTORS
  330
324
  102
}
  330
324
  100
AcDbXrecord
  280
1
  102
RTVSPost2010Prop28
  280
0
  102
RTVSPost2010PropOp28
  70
1
  102
RTVSPost2010Prop29
  280
1
  102
RTVSPost2010PropOp29
  70
1
  102
RTVSPost2010Prop30
  280
1
  102
RTVSPost2010PropOp30
  70
1
  102
RTVSPost2010Prop31
  280
0
  102
RTVSPost2010PropOp31
  70
1
  102
RTVSPost2010Prop32
  280
0
  102
RTVSPost2010PropOp32
  70
1
  102
RTVSPost2010Prop33
  280
0
  102
RTVSPost2010PropOp33
  70
1
  102
RTVSPost2010Prop34
  280
0
  102
RTVSPost2010PropOp34
  70
1
  102
RTVSPost2010Prop35
  280
0
  102
RTVSPost2010PropOp35
  70
1
  102
RTVSPost2010Prop36
  280
0
  102
RTVSPost2010PropOp36
  70
1
  102
RTVSPost2010Prop37
  90
50
  102
RTVSPost2010PropOp37
  70
1
  102
RTVSPost2010Prop38
  140
0
  102
RTVSPost2010PropOp38
  70
1
  102
RTVSPost2010Prop39
  140
1
  102
RTVSPost2010PropOp39
  70
1
  102
RTVSPost2010Prop40
  90
0
  102
RTVSPost2010PropOp40
  70
1
  102
RTVSPost2010Prop41ColorIndex
  90
18
  102
RTVSPost2010Prop41ColorRGB
  90
0
  102
RTVSPost2010PropOp41
  70
1
  102
RTVSPost2010Prop42
  90
50
  102
RTVSPost2010PropOp42
  70
1
  102
RTVSPost2010Prop43
  90
3
  102
RTVSPost2010PropOp43
  70
1
  102
RTVSPost2010Prop44ColorIndex
  90
5
  102
RTVSPost2010Prop44ColorRGB
  90
255
  102
RTVSPost2010PropOp44
  70
1
  102
RTVSPost2010Prop45
  280
0
  102
RTVSPost2010PropOp45
  70
1
  102
RTVSPost2010Prop46
  90
50
  102
RTVSPost2010PropOp46
  70
1
  102
RTVSPost2010Prop47
  90
50
  102
RTVSPost2010PropOp47
  70
1
  102
RTVSPost2010Prop48
  90
50
  102
RTVSPost2010PropOp48
  70
1
  102
RTVSPost2010Prop49
  280
0
  102
RTVSPost2010PropOp49
  70
1
  102
RTVSPost2010Prop50
  90
50
  102
RTVSPost2010PropOp50
  70
1
  102
RTVSPost2010Prop51ColorIndex
  90
256
  102
RTVSPost2010Prop51ColorRGB
  90
-16777216
  102
RTVSPost2010PropOp51
  70
0
  102
RTVSPost2010Prop52
  140
1
  102
RTVSPost2010PropOp52
  70
0
  102
RTVSPost2010Prop53
  90
2
  102
RTVSPost2010PropOp53
  70
1
  102
RTVSPost2010Prop54
  1
strokes_ogs.tif
  102
RTVSPost2010PropOp54
  70
1
  102
RTVSPost2010Prop55
  280
0
  102
RTVSPost2010PropOp55
  70
1
  102
RTVSPost2010Prop56
  140
1
  102
RTVSPost2010PropOp56
  70
1
  102
RTVSPost2010Prop57
  140
1
  102
RTVSPost2010PropOp57
  70
1
  102
RTVSPropertyOp0
  70
1
  102
RTVSPropertyOp1
  70
1
  102
RTVSPropertyOp2
  70
1
  102
RTVSPropertyOp3
  70
1
  102
RTVSPropertyOp4
  70
1
  102
RTVSPropertyOp5
  70
1
  102
RTVSPropertyOp6
  70
1
  102
RTVSPropertyOp7
  70
1
  102
RTVSPropertyOp8
  70
1
  102
RTVSPropertyOp9
  70
1
  102
RTVSPropertyOp10
  70
1
  102
RTVSPropertyOp11
  70
1
  102
RTVSPropertyOp12
  70
1
  102
RTVSPropertyOp13
  70
1
  102
RTVSPropertyOp14
  70
1
  102
RTVSPropertyOp15
  70
1
  102
RTVSPropertyOp16
  70
1
  102
RTVSPropertyOp17
  70
1
  102
RTVSPropertyOp18
  70
1
  102
RTVSPropertyOp19
  70
1
  102
RTVSPropertyOp20
  70
1
  102
RTVSPropertyOp21
  70
1
  102
RTVSPropertyOp22
  70
1
  102
RTVSPropertyOp23
  70
1
  102
RTVSPropertyOp24
  70
1
  102
RTVSPropertyOp25
  70
1
  102
RTVSPropertyOp26
  70
1
  102
RTVSPropertyOp27
  70
1
  102
RTVSPropertyOp28
  70
1
  102
RTVSPropertyOp29
  70
1
  102
RTVSPropertyOp30
  70
1
  102
RTVSPropertyOp31
  70
1
  102
RTVSPropertyOp32
  70
1
  102
RTVSPropertyOp33
  70
1
  102
RTVSPropertyOp34
  70
1
  102
RTVSPropertyOp35
  70
1
  102
RTVSPropertyOp36
  70
1
  102
RTVSPropertyOp37
  70
1
  102
RTVSPropertyOp38
  70
1
  102
RTVSPropertyOp39
  70
1
  102
RTVSPropertyOp40
  70
1
  102
RTVSPropertyOp41
  70
1
  102
RTVSPropertyOp42
  70
1
  102
RTVSPropertyOp43
  70
1
  102
RTVSPropertyOp44
  70
1
  102
RTVSPropertyOp45
  70
1
  102
RTVSPropertyOp46
  70
1
  102
RTVSPropertyOp47
  70
1
  102
RTVSPropertyOp48
  70
1
  102
RTVSPropertyOp49
  70
1
  102
RTVSPropertyOp50
  70
1
  102
RTVSPropertyOp51
  70
0
  102
RTVSPropertyOp52
  70
0
  102
RTVSPropertyOp53
  70
1
  102
RTVSPropertyOp54
  70
1
  102
RTVSPropertyOp55
  70
1
  102
RTVSPropertyOp56
  70
1
  102
RTVSPropertyOp57
  70
1
  102
RTVSPropertyOp58
  70
1
  102
RTVSPropertyOp59
  70
1
  102
RTVSPropertyOp60
  70
1
  102
RTVSPropertyOp61
  70
1
  102
RTVSPropertyOp62
  70
1
  0
XRECORD
  5
32D
  102
{ACAD_REACTORS
  330
32C
  102
}
  330
32C
  100
AcDbXrecord
  280
1
  102
RTVSPost2010Prop28
  280
0
  102
RTVSPost2010PropOp28
  70
1
  102
RTVSPost2010Prop29
  280
1
  102
RTVSPost2010PropOp29
  70
1
  102
RTVSPost2010Prop30
  280
1
  102
RTVSPost2010PropOp30
  70
1
  102
RTVSPost2010Prop31
  280
0
  102
RTVSPost2010PropOp31
  70
1
  102
RTVSPost2010Prop32
  280
0
  102
RTVSPost2010PropOp32
  70
1
  102
RTVSPost2010Prop33
  280
0
  102
RTVSPost2010PropOp33
  70
1
  102
RTVSPost2010Prop34
  280
0
  102
RTVSPost2010PropOp34
  70
1
  102
RTVSPost2010Prop35
  280
0
  102
RTVSPost2010PropOp35
  70
1
  102
RTVSPost2010Prop36
  280
0
  102
RTVSPost2010PropOp36
  70
1
  102
RTVSPost2010Prop37
  90
50
  102
RTVSPost2010PropOp37
  70
1
  102
RTVSPost2010Prop38
  140
0
  102
RTVSPost2010PropOp38
  70
1
  102
RTVSPost2010Prop39
  140
1
  102
RTVSPost2010PropOp39
  70
1
  102
RTVSPost2010Prop40
  90
0
  102
RTVSPost2010PropOp40
  70
1
  102
RTVSPost2010Prop41ColorIndex
  90
18
  102
RTVSPost2010Prop41ColorRGB
  90
0
  102
RTVSPost2010PropOp41
  70
1
  102
RTVSPost2010Prop42
  90
50
  102
RTVSPost2010PropOp42
  70
1
  102
RTVSPost2010Prop43
  90
3
  102
RTVSPost2010PropOp43
  70
1
  102
RTVSPost2010Prop44ColorIndex
  90
5
  102
RTVSPost2010Prop44ColorRGB
  90
255
  102
RTVSPost2010PropOp44
  70
1
  102
RTVSPost2010Prop45
  280
0
  102
RTVSPost2010PropOp45
  70
1
  102
RTVSPost2010Prop46
  90
50
  102
RTVSPost2010PropOp46
  70
1
  102
RTVSPost2010Prop47
  90
50
  102
RTVSPost2010PropOp47
  70
1
  102
RTVSPost2010Prop48
  90
50
  102
RTVSPost2010PropOp48
  70
1
  102
RTVSPost2010Prop49
  280
0
  102
RTVSPost2010PropOp49
  70
1
  102
RTVSPost2010Prop50
  90
50
  102
RTVSPost2010PropOp50
  70
1
  102
RTVSPost2010Prop51ColorIndex
  90
256
  102
RTVSPost2010Prop51ColorRGB
  90
-16777216
  102
RTVSPost2010PropOp51
  70
0
  102
RTVSPost2010Prop52
  140
1
  102
RTVSPost2010PropOp52
  70
0
  102
RTVSPost2010Prop53
  90
2
  102
RTVSPost2010PropOp53
  70
1
  102
RTVSPost2010Prop54
  1
strokes_ogs.tif
  102
RTVSPost2010PropOp54
  70
1
  102
RTVSPost2010Prop55
  280
0
  102
RTVSPost2010PropOp55
  70
1
  102
RTVSPost2010Prop56
  140
1
  102
RTVSPost2010PropOp56
  70
1
  102
RTVSPost2010Prop57
  140
1
  102
RTVSPost2010PropOp57
  70
1
  102
RTVSPropertyOp0
  70
0
  102
RTVSPropertyOp1
  70
0
  102
RTVSPropertyOp2
  70
0
  102
RTVSPropertyOp3
  70
0
  102
RTVSPropertyOp4
  70
0
  102
RTVSPropertyOp5
  70
0
  102
RTVSPropertyOp6
  70
0
  102
RTVSPropertyOp7
  70
0
  102
RTVSPropertyOp8
  70
0
  102
RTVSPropertyOp9
  70
0
  102
RTVSPropertyOp10
  70
0
  102
RTVSPropertyOp11
  70
0
  102
RTVSPropertyOp12
  70
0
  102
RTVSPropertyOp13
  70
0
  102
RTVSPropertyOp14
  70
2
  102
RTVSPropertyOp15
  70
0
  102
RTVSPropertyOp16
  70
0
  102
RTVSPropertyOp17
  70
0
  102
RTVSPropertyOp18
  70
0
  102
RTVSPropertyOp19
  70
0
  102
RTVSPropertyOp20
  70
0
  102
RTVSPropertyOp21
  70
0
  102
RTVSPropertyOp22
  70
0
  102
RTVSPropertyOp23
  70
0
  102
RTVSPropertyOp24
  70
0
  102
RTVSPropertyOp25
  70
0
  102
RTVSPropertyOp26
  70
0
  102
RTVSPropertyOp27
  70
0
  102
RTVSPropertyOp28
  70
1
  102
RTVSPropertyOp29
  70
1
  102
RTVSPropertyOp30
  70
1
  102
RTVSPropertyOp31
  70
1
  102
RTVSPropertyOp32
  70
1
  102
RTVSPropertyOp33
  70
1
  102
RTVSPropertyOp34
  70
1
  102
RTVSPropertyOp35
  70
1
  102
RTVSPropertyOp36
  70
1
  102
RTVSPropertyOp37
  70
1
  102
RTVSPropertyOp38
  70
1
  102
RTVSPropertyOp39
  70
1
  102
RTVSPropertyOp40
  70
1
  102
RTVSPropertyOp41
  70
1
  102
RTVSPropertyOp42
  70
1
  102
RTVSPropertyOp43
  70
1
  102
RTVSPropertyOp44
  70
1
  102
RTVSPropertyOp45
  70
1
  102
RTVSPropertyOp46
  70
1
  102
RTVSPropertyOp47
  70
1
  102
RTVSPropertyOp48
  70
1
  102
RTVSPropertyOp49
  70
1
  102
RTVSPropertyOp50
  70
1
  102
RTVSPropertyOp51
  70
0
  102
RTVSPropertyOp52
  70
0
  102
RTVSPropertyOp53
  70
1
  102
RTVSPropertyOp54
  70
1
  102
RTVSPropertyOp55
  70
1
  102
RTVSPropertyOp56
  70
1
  102
RTVSPropertyOp57
  70
1
  102
RTVSPropertyOp58
  70
1
  102
RTVSPropertyOp59
  70
1
  102
RTVSPropertyOp60
  70
1
  102
RTVSPropertyOp61
  70
1
  102
RTVSPropertyOp62
  70
1
  0
XRECORD
  5
31D
  102
{ACAD_REACTORS
  330
31C
  102
}
  330
31C
  100
AcDbXrecord
  280
1
  102
RTVSPost2010Prop28
  280
0
  102
RTVSPost2010PropOp28
  70
1
  102
RTVSPost2010Prop29
  280
1
  102
RTVSPost2010PropOp29
  70
1
  102
RTVSPost2010Prop30
  280
1
  102
RTVSPost2010PropOp30
  70
1
  102
RTVSPost2010Prop31
  280
0
  102
RTVSPost2010PropOp31
  70
1
  102
RTVSPost2010Prop32
  280
0
  102
RTVSPost2010PropOp32
  70
1
  102
RTVSPost2010Prop33
  280
0
  102
RTVSPost2010PropOp33
  70
1
  102
RTVSPost2010Prop34
  280
0
  102
RTVSPost2010PropOp34
  70
1
  102
RTVSPost2010Prop35
  280
0
  102
RTVSPost2010PropOp35
  70
1
  102
RTVSPost2010Prop36
  280
0
  102
RTVSPost2010PropOp36
  70
1
  102
RTVSPost2010Prop37
  90
50
  102
RTVSPost2010PropOp37
  70
1
  102
RTVSPost2010Prop38
  140
0
  102
RTVSPost2010PropOp38
  70
1
  102
RTVSPost2010Prop39
  140
1
  102
RTVSPost2010PropOp39
  70
1
  102
RTVSPost2010Prop40
  90
0
  102
RTVSPost2010PropOp40
  70
1
  102
RTVSPost2010Prop41ColorIndex
  90
18
  102
RTVSPost2010Prop41ColorRGB
  90
0
  102
RTVSPost2010PropOp41
  70
1
  102
RTVSPost2010Prop42
  90
50
  102
RTVSPost2010PropOp42
  70
1
  102
RTVSPost2010Prop43
  90
3
  102
RTVSPost2010PropOp43
  70
1
  102
RTVSPost2010Prop44ColorIndex
  90
5
  102
RTVSPost2010Prop44ColorRGB
  90
255
  102
RTVSPost2010PropOp44
  70
1
  102
RTVSPost2010Prop45
  280
0
  102
RTVSPost2010PropOp45
  70
1
  102
RTVSPost2010Prop46
  90
50
  102
RTVSPost2010PropOp46
  70
1
  102
RTVSPost2010Prop47
  90
50
  102
RTVSPost2010PropOp47
  70
1
  102
RTVSPost2010Prop48
  90
50
  102
RTVSPost2010PropOp48
  70
1
  102
RTVSPost2010Prop49
  280
0
  102
RTVSPost2010PropOp49
  70
1
  102
RTVSPost2010Prop50
  90
50
  102
RTVSPost2010PropOp50
  70
1
  102
RTVSPost2010Prop51ColorIndex
  90
256
  102
RTVSPost2010Prop51ColorRGB
  90
-16777216
  102
RTVSPost2010PropOp51
  70
0
  102
RTVSPost2010Prop52
  140
1
  102
RTVSPost2010PropOp52
  70
0
  102
RTVSPost2010Prop53
  90
2
  102
RTVSPost2010PropOp53
  70
1
  102
RTVSPost2010Prop54
  1
strokes_ogs.tif
  102
RTVSPost2010PropOp54
  70
1
  102
RTVSPost2010Prop55
  280
0
  102
RTVSPost2010PropOp55
  70
1
  102
RTVSPost2010Prop56
  140
1
  102
RTVSPost2010PropOp56
  70
1
  102
RTVSPost2010Prop57
  140
1
  102
RTVSPost2010PropOp57
  70
1
  102
RTVSPropertyOp0
  70
1
  102
RTVSPropertyOp1
  70
1
  102
RTVSPropertyOp2
  70
1
  102
RTVSPropertyOp3
  70
1
  102
RTVSPropertyOp4
  70
1
  102
RTVSPropertyOp5
  70
1
  102
RTVSPropertyOp6
  70
1
  102
RTVSPropertyOp7
  70
1
  102
RTVSPropertyOp8
  70
1
  102
RTVSPropertyOp9
  70
1
  102
RTVSPropertyOp10
  70
1
  102
RTVSPropertyOp11
  70
1
  102
RTVSPropertyOp12
  70
1
  102
RTVSPropertyOp13
  70
1
  102
RTVSPropertyOp14
  70
1
  102
RTVSPropertyOp15
  70
1
  102
RTVSPropertyOp16
  70
1
  102
RTVSPropertyOp17
  70
1
  102
RTVSPropertyOp18
  70
1
  102
RTVSPropertyOp19
  70
1
  102
RTVSPropertyOp20
  70
1
  102
RTVSPropertyOp21
  70
1
  102
RTVSPropertyOp22
  70
1
  102
RTVSPropertyOp23
  70
1
  102
RTVSPropertyOp24
  70
1
  102
RTVSPropertyOp25
  70
1
  102
RTVSPropertyOp26
  70
1
  102
RTVSPropertyOp27
  70
1
  102
RTVSPropertyOp28
  70
1
  102
RTVSPropertyOp29
  70
1
  102
RTVSPropertyOp30
  70
1
  102
RTVSPropertyOp31
  70
1
  102
RTVSPropertyOp32
  70
1
  102
RTVSPropertyOp33
  70
1
  102
RTVSPropertyOp34
  70
1
  102
RTVSPropertyOp35
  70
1
  102
RTVSPropertyOp36
  70
1
  102
RTVSPropertyOp37
  70
1
  102
RTVSPropertyOp38
  70
1
  102
RTVSPropertyOp39
  70
1
  102
RTVSPropertyOp40
  70
1
  102
RTVSPropertyOp41
  70
1
  102
RTVSPropertyOp42
  70
1
  102
RTVSPropertyOp43
  70
1
  102
RTVSPropertyOp44
  70
1
  102
RTVSPropertyOp45
  70
1
  102
RTVSPropertyOp46
  70
1
  102
RTVSPropertyOp47
  70
1
  102
RTVSPropertyOp48
  70
1
  102
RTVSPropertyOp49
  70
1
  102
RTVSPropertyOp50
  70
1
  102
RTVSPropertyOp51
  70
0
  102
RTVSPropertyOp52
  70
0
  102
RTVSPropertyOp53
  70
1
  102
RTVSPropertyOp54
  70
1
  102
RTVSPropertyOp55
  70
1
  102
RTVSPropertyOp56
  70
1
  102
RTVSPropertyOp57
  70
1
  102
RTVSPropertyOp58
  70
1
  102
RTVSPropertyOp59
  70
1
  102
RTVSPropertyOp60
  70
1
  102
RTVSPropertyOp61
  70
1
  102
RTVSPropertyOp62
  70
1
  0
XRECORD
  5
339
  102
{ACAD_REACTORS
  330
338
  102
}
  330
338
  100
AcDbXrecord
  280
1
  102
RTVSPost2010Prop28
  280
0
  102
RTVSPost2010PropOp28
  70
1
  102
RTVSPost2010Prop29
  280
1
  102
RTVSPost2010PropOp29
  70
1
  102
RTVSPost2010Prop30
  280
1
  102
RTVSPost2010PropOp30
  70
1
  102
RTVSPost2010Prop31
  280
0
  102
RTVSPost2010PropOp31
  70
1
  102
RTVSPost2010Prop32
  280
0
  102
RTVSPost2010PropOp32
  70
1
  102
RTVSPost2010Prop33
  280
0
  102
RTVSPost2010PropOp33
  70
1
  102
RTVSPost2010Prop34
  280
0
  102
RTVSPost2010PropOp34
  70
1
  102
RTVSPost2010Prop35
  280
0
  102
RTVSPost2010PropOp35
  70
1
  102
RTVSPost2010Prop36
  280
0
  102
RTVSPost2010PropOp36
  70
1
  102
RTVSPost2010Prop37
  90
50
  102
RTVSPost2010PropOp37
  70
1
  102
RTVSPost2010Prop38
  140
0
  102
RTVSPost2010PropOp38
  70
1
  102
RTVSPost2010Prop39
  140
1
  102
RTVSPost2010PropOp39
  70
1
  102
RTVSPost2010Prop40
  90
0
  102
RTVSPost2010PropOp40
  70
1
  102
RTVSPost2010Prop41ColorIndex
  90
18
  102
RTVSPost2010Prop41ColorRGB
  90
0
  102
RTVSPost2010PropOp41
  70
1
  102
RTVSPost2010Prop42
  90
50
  102
RTVSPost2010PropOp42
  70
1
  102
RTVSPost2010Prop43
  90
3
  102
RTVSPost2010PropOp43
  70
1
  102
RTVSPost2010Prop44ColorIndex
  90
5
  102
RTVSPost2010Prop44ColorRGB
  90
255
  102
RTVSPost2010PropOp44
  70
1
  102
RTVSPost2010Prop45
  280
0
  102
RTVSPost2010PropOp45
  70
1
  102
RTVSPost2010Prop46
  90
50
  102
RTVSPost2010PropOp46
  70
1
  102
RTVSPost2010Prop47
  90
50
  102
RTVSPost2010PropOp47
  70
1
  102
RTVSPost2010Prop48
  90
50
  102
RTVSPost2010PropOp48
  70
1
  102
RTVSPost2010Prop49
  280
0
  102
RTVSPost2010PropOp49
  70
1
  102
RTVSPost2010Prop50
  90
50
  102
RTVSPost2010PropOp50
  70
1
  102
RTVSPost2010Prop51ColorIndex
  90
256
  102
RTVSPost2010Prop51ColorRGB
  90
-16777216
  102
RTVSPost2010PropOp51
  70
0
  102
RTVSPost2010Prop52
  140
1
  102
RTVSPost2010PropOp52
  70
0
  102
RTVSPost2010Prop53
  90
2
  102
RTVSPost2010PropOp53
  70
1
  102
RTVSPost2010Prop54
  1
strokes_ogs.tif
  102
RTVSPost2010PropOp54
  70
1
  102
RTVSPost2010Prop55
  280
0
  102
RTVSPost2010PropOp55
  70
1
  102
RTVSPost2010Prop56
  140
1
  102
RTVSPost2010PropOp56
  70
1
  102
RTVSPost2010Prop57
  140
1
  102
RTVSPost2010PropOp57
  70
1
  102
RTVSPropertyOp0
  70
1
  102
RTVSPropertyOp1
  70
1
  102
RTVSPropertyOp2
  70
1
  102
RTVSPropertyOp3
  70
1
  102
RTVSPropertyOp4
  70
1
  102
RTVSPropertyOp5
  70
1
  102
RTVSPropertyOp6
  70
1
  102
RTVSPropertyOp7
  70
1
  102
RTVSPropertyOp8
  70
1
  102
RTVSPropertyOp9
  70
1
  102
RTVSPropertyOp10
  70
1
  102
RTVSPropertyOp11
  70
1
  102
RTVSPropertyOp12
  70
1
  102
RTVSPropertyOp13
  70
1
  102
RTVSPropertyOp14
  70
1
  102
RTVSPropertyOp15
  70
1
  102
RTVSPropertyOp16
  70
1
  102
RTVSPropertyOp17
  70
1
  102
RTVSPropertyOp18
  70
1
  102
RTVSPropertyOp19
  70
1
  102
RTVSPropertyOp20
  70
1
  102
RTVSPropertyOp21
  70
1
  102
RTVSPropertyOp22
  70
1
  102
RTVSPropertyOp23
  70
1
  102
RTVSPropertyOp24
  70
1
  102
RTVSPropertyOp25
  70
1
  102
RTVSPropertyOp26
  70
1
  102
RTVSPropertyOp27
  70
1
  102
RTVSPropertyOp28
  70
1
  102
RTVSPropertyOp29
  70
1
  102
RTVSPropertyOp30
  70
1
  102
RTVSPropertyOp31
  70
1
  102
RTVSPropertyOp32
  70
1
  102
RTVSPropertyOp33
  70
1
  102
RTVSPropertyOp34
  70
1
  102
RTVSPropertyOp35
  70
1
  102
RTVSPropertyOp36
  70
1
  102
RTVSPropertyOp37
  70
1
  102
RTVSPropertyOp38
  70
1
  102
RTVSPropertyOp39
  70
1
  102
RTVSPropertyOp40
  70
1
  102
RTVSPropertyOp41
  70
1
  102
RTVSPropertyOp42
  70
1
  102
RTVSPropertyOp43
  70
1
  102
RTVSPropertyOp44
  70
1
  102
RTVSPropertyOp45
  70
1
  102
RTVSPropertyOp46
  70
1
  102
RTVSPropertyOp47
  70
1
  102
RTVSPropertyOp48
  70
1
  102
RTVSPropertyOp49
  70
1
  102
RTVSPropertyOp50
  70
1
  102
RTVSPropertyOp51
  70
0
  102
RTVSPropertyOp52
  70
0
  102
RTVSPropertyOp53
  70
1
  102
RTVSPropertyOp54
  70
1
  102
RTVSPropertyOp55
  70
1
  102
RTVSPropertyOp56
  70
1
  102
RTVSPropertyOp57
  70
1
  102
RTVSPropertyOp58
  70
1
  102
RTVSPropertyOp59
  70
1
  102
RTVSPropertyOp60
  70
1
  102
RTVSPropertyOp61
  70
1
  102
RTVSPropertyOp62
  70
1
  0
XRECORD
  5
337
  102
{ACAD_REACTORS
  330
336
  102
}
  330
336
  100
AcDbXrecord
  280
1
  102
RTVSPost2010Prop28
  280
0
  102
RTVSPost2010PropOp28
  70
1
  102
RTVSPost2010Prop29
  280
1
  102
RTVSPost2010PropOp29
  70
1
  102
RTVSPost2010Prop30
  280
1
  102
RTVSPost2010PropOp30
  70
1
  102
RTVSPost2010Prop31
  280
0
  102
RTVSPost2010PropOp31
  70
1
  102
RTVSPost2010Prop32
  280
0
  102
RTVSPost2010PropOp32
  70
1
  102
RTVSPost2010Prop33
  280
0
  102
RTVSPost2010PropOp33
  70
1
  102
RTVSPost2010Prop34
  280
0
  102
RTVSPost2010PropOp34
  70
1
  102
RTVSPost2010Prop35
  280
0
  102
RTVSPost2010PropOp35
  70
1
  102
RTVSPost2010Prop36
  280
0
  102
RTVSPost2010PropOp36
  70
1
  102
RTVSPost2010Prop37
  90
50
  102
RTVSPost2010PropOp37
  70
1
  102
RTVSPost2010Prop38
  140
0
  102
RTVSPost2010PropOp38
  70
1
  102
RTVSPost2010Prop39
  140
1
  102
RTVSPost2010PropOp39
  70
1
  102
RTVSPost2010Prop40
  90
0
  102
RTVSPost2010PropOp40
  70
1
  102
RTVSPost2010Prop41ColorIndex
  90
18
  102
RTVSPost2010Prop41ColorRGB
  90
0
  102
RTVSPost2010PropOp41
  70
1
  102
RTVSPost2010Prop42
  90
50
  102
RTVSPost2010PropOp42
  70
1
  102
RTVSPost2010Prop43
  90
3
  102
RTVSPost2010PropOp43
  70
1
  102
RTVSPost2010Prop44ColorIndex
  90
5
  102
RTVSPost2010Prop44ColorRGB
  90
255
  102
RTVSPost2010PropOp44
  70
1
  102
RTVSPost2010Prop45
  280
0
  102
RTVSPost2010PropOp45
  70
1
  102
RTVSPost2010Prop46
  90
50
  102
RTVSPost2010PropOp46
  70
1
  102
RTVSPost2010Prop47
  90
50
  102
RTVSPost2010PropOp47
  70
1
  102
RTVSPost2010Prop48
  90
50
  102
RTVSPost2010PropOp48
  70
1
  102
RTVSPost2010Prop49
  280
0
  102
RTVSPost2010PropOp49
  70
1
  102
RTVSPost2010Prop50
  90
50
  102
RTVSPost2010PropOp50
  70
1
  102
RTVSPost2010Prop51ColorIndex
  90
256
  102
RTVSPost2010Prop51ColorRGB
  90
-16777216
  102
RTVSPost2010PropOp51
  70
0
  102
RTVSPost2010Prop52
  140
1
  102
RTVSPost2010PropOp52
  70
0
  102
RTVSPost2010Prop53
  90
2
  102
RTVSPost2010PropOp53
  70
1
  102
RTVSPost2010Prop54
  1
strokes_ogs.tif
  102
RTVSPost2010PropOp54
  70
1
  102
RTVSPost2010Prop55
  280
0
  102
RTVSPost2010PropOp55
  70
1
  102
RTVSPost2010Prop56
  140
1
  102
RTVSPost2010PropOp56
  70
1
  102
RTVSPost2010Prop57
  140
1
  102
RTVSPost2010PropOp57
  70
1
  102
RTVSPropertyOp0
  70
1
  102
RTVSPropertyOp1
  70
1
  102
RTVSPropertyOp2
  70
1
  102
RTVSPropertyOp3
  70
1
  102
RTVSPropertyOp4
  70
1
  102
RTVSPropertyOp5
  70
1
  102
RTVSPropertyOp6
  70
1
  102
RTVSPropertyOp7
  70
1
  102
RTVSPropertyOp8
  70
1
  102
RTVSPropertyOp9
  70
1
  102
RTVSPropertyOp10
  70
1
  102
RTVSPropertyOp11
  70
1
  102
RTVSPropertyOp12
  70
1
  102
RTVSPropertyOp13
  70
1
  102
RTVSPropertyOp14
  70
1
  102
RTVSPropertyOp15
  70
1
  102
RTVSPropertyOp16
  70
1
  102
RTVSPropertyOp17
  70
1
  102
RTVSPropertyOp18
  70
1
  102
RTVSPropertyOp19
  70
1
  102
RTVSPropertyOp20
  70
1
  102
RTVSPropertyOp21
  70
1
  102
RTVSPropertyOp22
  70
1
  102
RTVSPropertyOp23
  70
1
  102
RTVSPropertyOp24
  70
1
  102
RTVSPropertyOp25
  70
1
  102
RTVSPropertyOp26
  70
1
  102
RTVSPropertyOp27
  70
1
  102
RTVSPropertyOp28
  70
1
  102
RTVSPropertyOp29
  70
1
  102
RTVSPropertyOp30
  70
1
  102
RTVSPropertyOp31
  70
1
  102
RTVSPropertyOp32
  70
1
  102
RTVSPropertyOp33
  70
1
  102
RTVSPropertyOp34
  70
1
  102
RTVSPropertyOp35
  70
1
  102
RTVSPropertyOp36
  70
1
  102
RTVSPropertyOp37
  70
1
  102
RTVSPropertyOp38
  70
1
  102
RTVSPropertyOp39
  70
1
  102
RTVSPropertyOp40
  70
1
  102
RTVSPropertyOp41
  70
1
  102
RTVSPropertyOp42
  70
1
  102
RTVSPropertyOp43
  70
1
  102
RTVSPropertyOp44
  70
1
  102
RTVSPropertyOp45
  70
1
  102
RTVSPropertyOp46
  70
1
  102
RTVSPropertyOp47
  70
1
  102
RTVSPropertyOp48
  70
1
  102
RTVSPropertyOp49
  70
1
  102
RTVSPropertyOp50
  70
1
  102
RTVSPropertyOp51
  70
0
  102
RTVSPropertyOp52
  70
0
  102
RTVSPropertyOp53
  70
1
  102
RTVSPropertyOp54
  70
1
  102
RTVSPropertyOp55
  70
1
  102
RTVSPropertyOp56
  70
1
  102
RTVSPropertyOp57
  70
1
  102
RTVSPropertyOp58
  70
1
  102
RTVSPropertyOp59
  70
1
  102
RTVSPropertyOp60
  70
1
  102
RTVSPropertyOp61
  70
1
  102
RTVSPropertyOp62
  70
1
  0
XRECORD
  5
331
  102
{ACAD_REACTORS
  330
330
  102
}
  330
330
  100
AcDbXrecord
  280
1
  102
RTVSPost2010Prop28
  280
0
  102
RTVSPost2010PropOp28
  70
1
  102
RTVSPost2010Prop29
  280
1
  102
RTVSPost2010PropOp29
  70
1
  102
RTVSPost2010Prop30
  280
1
  102
RTVSPost2010PropOp30
  70
1
  102
RTVSPost2010Prop31
  280
0
  102
RTVSPost2010PropOp31
  70
1
  102
RTVSPost2010Prop32
  280
0
  102
RTVSPost2010PropOp32
  70
1
  102
RTVSPost2010Prop33
  280
0
  102
RTVSPost2010PropOp33
  70
1
  102
RTVSPost2010Prop34
  280
0
  102
RTVSPost2010PropOp34
  70
1
  102
RTVSPost2010Prop35
  280
0
  102
RTVSPost2010PropOp35
  70
1
  102
RTVSPost2010Prop36
  280
0
  102
RTVSPost2010PropOp36
  70
1
  102
RTVSPost2010Prop37
  90
50
  102
RTVSPost2010PropOp37
  70
1
  102
RTVSPost2010Prop38
  140
0
  102
RTVSPost2010PropOp38
  70
1
  102
RTVSPost2010Prop39
  140
1
  102
RTVSPost2010PropOp39
  70
1
  102
RTVSPost2010Prop40
  90
0
  102
RTVSPost2010PropOp40
  70
1
  102
RTVSPost2010Prop41ColorIndex
  90
18
  102
RTVSPost2010Prop41ColorRGB
  90
0
  102
RTVSPost2010PropOp41
  70
1
  102
RTVSPost2010Prop42
  90
50
  102
RTVSPost2010PropOp42
  70
1
  102
RTVSPost2010Prop43
  90
3
  102
RTVSPost2010PropOp43
  70
1
  102
RTVSPost2010Prop44ColorIndex
  90
5
  102
RTVSPost2010Prop44ColorRGB
  90
255
  102
RTVSPost2010PropOp44
  70
1
  102
RTVSPost2010Prop45
  280
0
  102
RTVSPost2010PropOp45
  70
1
  102
RTVSPost2010Prop46
  90
50
  102
RTVSPost2010PropOp46
  70
1
  102
RTVSPost2010Prop47
  90
50
  102
RTVSPost2010PropOp47
  70
1
  102
RTVSPost2010Prop48
  90
50
  102
RTVSPost2010PropOp48
  70
1
  102
RTVSPost2010Prop49
  280
0
  102
RTVSPost2010PropOp49
  70
1
  102
RTVSPost2010Prop50
  90
50
  102
RTVSPost2010PropOp50
  70
1
  102
RTVSPost2010Prop51ColorIndex
  90
256
  102
RTVSPost2010Prop51ColorRGB
  90
-16777216
  102
RTVSPost2010PropOp51
  70
0
  102
RTVSPost2010Prop52
  140
1
  102
RTVSPost2010PropOp52
  70
0
  102
RTVSPost2010Prop53
  90
2
  102
RTVSPost2010PropOp53
  70
1
  102
RTVSPost2010Prop54
  1
strokes_ogs.tif
  102
RTVSPost2010PropOp54
  70
1
  102
RTVSPost2010Prop55
  280
0
  102
RTVSPost2010PropOp55
  70
1
  102
RTVSPost2010Prop56
  140
1
  102
RTVSPost2010PropOp56
  70
1
  102
RTVSPost2010Prop57
  140
1
  102
RTVSPost2010PropOp57
  70
1
  102
RTVSPropertyOp0
  70
1
  102
RTVSPropertyOp1
  70
1
  102
RTVSPropertyOp2
  70
1
  102
RTVSPropertyOp3
  70
1
  102
RTVSPropertyOp4
  70
1
  102
RTVSPropertyOp5
  70
1
  102
RTVSPropertyOp6
  70
1
  102
RTVSPropertyOp7
  70
1
  102
RTVSPropertyOp8
  70
1
  102
RTVSPropertyOp9
  70
1
  102
RTVSPropertyOp10
  70
1
  102
RTVSPropertyOp11
  70
1
  102
RTVSPropertyOp12
  70
1
  102
RTVSPropertyOp13
  70
1
  102
RTVSPropertyOp14
  70
1
  102
RTVSPropertyOp15
  70
1
  102
RTVSPropertyOp16
  70
1
  102
RTVSPropertyOp17
  70
1
  102
RTVSPropertyOp18
  70
1
  102
RTVSPropertyOp19
  70
1
  102
RTVSPropertyOp20
  70
1
  102
RTVSPropertyOp21
  70
1
  102
RTVSPropertyOp22
  70
1
  102
RTVSPropertyOp23
  70
1
  102
RTVSPropertyOp24
  70
1
  102
RTVSPropertyOp25
  70
1
  102
RTVSPropertyOp26
  70
1
  102
RTVSPropertyOp27
  70
1
  102
RTVSPropertyOp28
  70
1
  102
RTVSPropertyOp29
  70
1
  102
RTVSPropertyOp30
  70
1
  102
RTVSPropertyOp31
  70
1
  102
RTVSPropertyOp32
  70
1
  102
RTVSPropertyOp33
  70
1
  102
RTVSPropertyOp34
  70
1
  102
RTVSPropertyOp35
  70
1
  102
RTVSPropertyOp36
  70
1
  102
RTVSPropertyOp37
  70
1
  102
RTVSPropertyOp38
  70
1
  102
RTVSPropertyOp39
  70
1
  102
RTVSPropertyOp40
  70
1
  102
RTVSPropertyOp41
  70
1
  102
RTVSPropertyOp42
  70
1
  102
RTVSPropertyOp43
  70
1
  102
RTVSPropertyOp44
  70
1
  102
RTVSPropertyOp45
  70
1
  102
RTVSPropertyOp46
  70
1
  102
RTVSPropertyOp47
  70
1
  102
RTVSPropertyOp48
  70
1
  102
RTVSPropertyOp49
  70
1
  102
RTVSPropertyOp50
  70
1
  102
RTVSPropertyOp51
  70
0
  102
RTVSPropertyOp52
  70
0
  102
RTVSPropertyOp53
  70
1
  102
RTVSPropertyOp54
  70
1
  102
RTVSPropertyOp55
  70
1
  102
RTVSPropertyOp56
  70
1
  102
RTVSPropertyOp57
  70
1
  102
RTVSPropertyOp58
  70
1
  102
RTVSPropertyOp59
  70
1
  102
RTVSPropertyOp60
  70
1
  102
RTVSPropertyOp61
  70
1
  102
RTVSPropertyOp62
  70
1
  0
XRECORD
  5
333
  102
{ACAD_REACTORS
  330
332
  102
}
  330
332
  100
AcDbXrecord
  280
1
  102
RTVSPost2010Prop28
  280
0
  102
RTVSPost2010PropOp28
  70
1
  102
RTVSPost2010Prop29
  280
1
  102
RTVSPost2010PropOp29
  70
1
  102
RTVSPost2010Prop30
  280
1
  102
RTVSPost2010PropOp30
  70
1
  102
RTVSPost2010Prop31
  280
0
  102
RTVSPost2010PropOp31
  70
1
  102
RTVSPost2010Prop32
  280
0
  102
RTVSPost2010PropOp32
  70
1
  102
RTVSPost2010Prop33
  280
0
  102
RTVSPost2010PropOp33
  70
1
  102
RTVSPost2010Prop34
  280
0
  102
RTVSPost2010PropOp34
  70
1
  102
RTVSPost2010Prop35
  280
0
  102
RTVSPost2010PropOp35
  70
1
  102
RTVSPost2010Prop36
  280
0
  102
RTVSPost2010PropOp36
  70
1
  102
RTVSPost2010Prop37
  90
50
  102
RTVSPost2010PropOp37
  70
1
  102
RTVSPost2010Prop38
  140
0
  102
RTVSPost2010PropOp38
  70
1
  102
RTVSPost2010Prop39
  140
1
  102
RTVSPost2010PropOp39
  70
1
  102
RTVSPost2010Prop40
  90
0
  102
RTVSPost2010PropOp40
  70
1
  102
RTVSPost2010Prop41ColorIndex
  90
18
  102
RTVSPost2010Prop41ColorRGB
  90
0
  102
RTVSPost2010PropOp41
  70
1
  102
RTVSPost2010Prop42
  90
50
  102
RTVSPost2010PropOp42
  70
1
  102
RTVSPost2010Prop43
  90
3
  102
RTVSPost2010PropOp43
  70
1
  102
RTVSPost2010Prop44ColorIndex
  90
5
  102
RTVSPost2010Prop44ColorRGB
  90
255
  102
RTVSPost2010PropOp44
  70
1
  102
RTVSPost2010Prop45
  280
0
  102
RTVSPost2010PropOp45
  70
1
  102
RTVSPost2010Prop46
  90
50
  102
RTVSPost2010PropOp46
  70
1
  102
RTVSPost2010Prop47
  90
50
  102
RTVSPost2010PropOp47
  70
1
  102
RTVSPost2010Prop48
  90
50
  102
RTVSPost2010PropOp48
  70
1
  102
RTVSPost2010Prop49
  280
0
  102
RTVSPost2010PropOp49
  70
1
  102
RTVSPost2010Prop50
  90
50
  102
RTVSPost2010PropOp50
  70
1
  102
RTVSPost2010Prop51ColorIndex
  90
256
  102
RTVSPost2010Prop51ColorRGB
  90
-16777216
  102
RTVSPost2010PropOp51
  70
0
  102
RTVSPost2010Prop52
  140
1
  102
RTVSPost2010PropOp52
  70
0
  102
RTVSPost2010Prop53
  90
2
  102
RTVSPost2010PropOp53
  70
1
  102
RTVSPost2010Prop54
  1
strokes_ogs.tif
  102
RTVSPost2010PropOp54
  70
1
  102
RTVSPost2010Prop55
  280
0
  102
RTVSPost2010PropOp55
  70
1
  102
RTVSPost2010Prop56
  140
1
  102
RTVSPost2010PropOp56
  70
1
  102
RTVSPost2010Prop57
  140
1
  102
RTVSPost2010PropOp57
  70
1
  102
RTVSPropertyOp0
  70
1
  102
RTVSPropertyOp1
  70
1
  102
RTVSPropertyOp2
  70
1
  102
RTVSPropertyOp3
  70
1
  102
RTVSPropertyOp4
  70
1
  102
RTVSPropertyOp5
  70
1
  102
RTVSPropertyOp6
  70
1
  102
RTVSPropertyOp7
  70
1
  102
RTVSPropertyOp8
  70
1
  102
RTVSPropertyOp9
  70
1
  102
RTVSPropertyOp10
  70
1
  102
RTVSPropertyOp11
  70
1
  102
RTVSPropertyOp12
  70
1
  102
RTVSPropertyOp13
  70
1
  102
RTVSPropertyOp14
  70
1
  102
RTVSPropertyOp15
  70
1
  102
RTVSPropertyOp16
  70
1
  102
RTVSPropertyOp17
  70
1
  102
RTVSPropertyOp18
  70
1
  102
RTVSPropertyOp19
  70
1
  102
RTVSPropertyOp20
  70
1
  102
RTVSPropertyOp21
  70
1
  102
RTVSPropertyOp22
  70
1
  102
RTVSPropertyOp23
  70
1
  102
RTVSPropertyOp24
  70
1
  102
RTVSPropertyOp25
  70
1
  102
RTVSPropertyOp26
  70
1
  102
RTVSPropertyOp27
  70
1
  102
RTVSPropertyOp28
  70
1
  102
RTVSPropertyOp29
  70
1
  102
RTVSPropertyOp30
  70
1
  102
RTVSPropertyOp31
  70
1
  102
RTVSPropertyOp32
  70
1
  102
RTVSPropertyOp33
  70
1
  102
RTVSPropertyOp34
  70
1
  102
RTVSPropertyOp35
  70
1
  102
RTVSPropertyOp36
  70
1
  102
RTVSPropertyOp37
  70
1
  102
RTVSPropertyOp38
  70
1
  102
RTVSPropertyOp39
  70
1
  102
RTVSPropertyOp40
  70
1
  102
RTVSPropertyOp41
  70
1
  102
RTVSPropertyOp42
  70
1
  102
RTVSPropertyOp43
  70
1
  102
RTVSPropertyOp44
  70
1
  102
RTVSPropertyOp45
  70
1
  102
RTVSPropertyOp46
  70
1
  102
RTVSPropertyOp47
  70
1
  102
RTVSPropertyOp48
  70
1
  102
RTVSPropertyOp49
  70
1
  102
RTVSPropertyOp50
  70
1
  102
RTVSPropertyOp51
  70
0
  102
RTVSPropertyOp52
  70
0
  102
RTVSPropertyOp53
  70
1
  102
RTVSPropertyOp54
  70
1
  102
RTVSPropertyOp55
  70
1
  102
RTVSPropertyOp56
  70
1
  102
RTVSPropertyOp57
  70
1
  102
RTVSPropertyOp58
  70
1
  102
RTVSPropertyOp59
  70
1
  102
RTVSPropertyOp60
  70
1
  102
RTVSPropertyOp61
  70
1
  102
RTVSPropertyOp62
  70
1
  0
XRECORD
  5
323
  102
{ACAD_REACTORS
  330
322
  102
}
  330
322
  100
AcDbXrecord
  280
1
  102
RTVSPost2010Prop28
  280
0
  102
RTVSPost2010PropOp28
  70
1
  102
RTVSPost2010Prop29
  280
1
  102
RTVSPost2010PropOp29
  70
1
  102
RTVSPost2010Prop30
  280
1
  102
RTVSPost2010PropOp30
  70
1
  102
RTVSPost2010Prop31
  280
0
  102
RTVSPost2010PropOp31
  70
1
  102
RTVSPost2010Prop32
  280
0
  102
RTVSPost2010PropOp32
  70
1
  102
RTVSPost2010Prop33
  280
0
  102
RTVSPost2010PropOp33
  70
1
  102
RTVSPost2010Prop34
  280
0
  102
RTVSPost2010PropOp34
  70
1
  102
RTVSPost2010Prop35
  280
0
  102
RTVSPost2010PropOp35
  70
1
  102
RTVSPost2010Prop36
  280
0
  102
RTVSPost2010PropOp36
  70
1
  102
RTVSPost2010Prop37
  90
50
  102
RTVSPost2010PropOp37
  70
1
  102
RTVSPost2010Prop38
  140
0
  102
RTVSPost2010PropOp38
  70
1
  102
RTVSPost2010Prop39
  140
1
  102
RTVSPost2010PropOp39
  70
1
  102
RTVSPost2010Prop40
  90
0
  102
RTVSPost2010PropOp40
  70
1
  102
RTVSPost2010Prop41ColorIndex
  90
18
  102
RTVSPost2010Prop41ColorRGB
  90
0
  102
RTVSPost2010PropOp41
  70
1
  102
RTVSPost2010Prop42
  90
50
  102
RTVSPost2010PropOp42
  70
1
  102
RTVSPost2010Prop43
  90
3
  102
RTVSPost2010PropOp43
  70
1
  102
RTVSPost2010Prop44ColorIndex
  90
5
  102
RTVSPost2010Prop44ColorRGB
  90
255
  102
RTVSPost2010PropOp44
  70
1
  102
RTVSPost2010Prop45
  280
0
  102
RTVSPost2010PropOp45
  70
1
  102
RTVSPost2010Prop46
  90
50
  102
RTVSPost2010PropOp46
  70
1
  102
RTVSPost2010Prop47
  90
50
  102
RTVSPost2010PropOp47
  70
1
  102
RTVSPost2010Prop48
  90
50
  102
RTVSPost2010PropOp48
  70
1
  102
RTVSPost2010Prop49
  280
0
  102
RTVSPost2010PropOp49
  70
1
  102
RTVSPost2010Prop50
  90
50
  102
RTVSPost2010PropOp50
  70
1
  102
RTVSPost2010Prop51ColorIndex
  90
256
  102
RTVSPost2010Prop51ColorRGB
  90
-16777216
  102
RTVSPost2010PropOp51
  70
0
  102
RTVSPost2010Prop52
  140
1
  102
RTVSPost2010PropOp52
  70
0
  102
RTVSPost2010Prop53
  90
2
  102
RTVSPost2010PropOp53
  70
1
  102
RTVSPost2010Prop54
  1
strokes_ogs.tif
  102
RTVSPost2010PropOp54
  70
1
  102
RTVSPost2010Prop55
  280
0
  102
RTVSPost2010PropOp55
  70
1
  102
RTVSPost2010Prop56
  140
1
  102
RTVSPost2010PropOp56
  70
1
  102
RTVSPost2010Prop57
  140
1
  102
RTVSPost2010PropOp57
  70
1
  102
RTVSPropertyOp0
  70
1
  102
RTVSPropertyOp1
  70
1
  102
RTVSPropertyOp2
  70
1
  102
RTVSPropertyOp3
  70
1
  102
RTVSPropertyOp4
  70
1
  102
RTVSPropertyOp5
  70
1
  102
RTVSPropertyOp6
  70
1
  102
RTVSPropertyOp7
  70
1
  102
RTVSPropertyOp8
  70
1
  102
RTVSPropertyOp9
  70
1
  102
RTVSPropertyOp10
  70
1
  102
RTVSPropertyOp11
  70
1
  102
RTVSPropertyOp12
  70
1
  102
RTVSPropertyOp13
  70
1
  102
RTVSPropertyOp14
  70
1
  102
RTVSPropertyOp15
  70
1
  102
RTVSPropertyOp16
  70
1
  102
RTVSPropertyOp17
  70
1
  102
RTVSPropertyOp18
  70
1
  102
RTVSPropertyOp19
  70
1
  102
RTVSPropertyOp20
  70
1
  102
RTVSPropertyOp21
  70
1
  102
RTVSPropertyOp22
  70
1
  102
RTVSPropertyOp23
  70
1
  102
RTVSPropertyOp24
  70
1
  102
RTVSPropertyOp25
  70
1
  102
RTVSPropertyOp26
  70
1
  102
RTVSPropertyOp27
  70
1
  102
RTVSPropertyOp28
  70
1
  102
RTVSPropertyOp29
  70
1
  102
RTVSPropertyOp30
  70
1
  102
RTVSPropertyOp31
  70
1
  102
RTVSPropertyOp32
  70
1
  102
RTVSPropertyOp33
  70
1
  102
RTVSPropertyOp34
  70
1
  102
RTVSPropertyOp35
  70
1
  102
RTVSPropertyOp36
  70
1
  102
RTVSPropertyOp37
  70
1
  102
RTVSPropertyOp38
  70
1
  102
RTVSPropertyOp39
  70
1
  102
RTVSPropertyOp40
  70
1
  102
RTVSPropertyOp41
  70
1
  102
RTVSPropertyOp42
  70
1
  102
RTVSPropertyOp43
  70
1
  102
RTVSPropertyOp44
  70
1
  102
RTVSPropertyOp45
  70
1
  102
RTVSPropertyOp46
  70
1
  102
RTVSPropertyOp47
  70
1
  102
RTVSPropertyOp48
  70
1
  102
RTVSPropertyOp49
  70
1
  102
RTVSPropertyOp50
  70
1
  102
RTVSPropertyOp51
  70
0
  102
RTVSPropertyOp52
  70
0
  102
RTVSPropertyOp53
  70
1
  102
RTVSPropertyOp54
  70
1
  102
RTVSPropertyOp55
  70
1
  102
RTVSPropertyOp56
  70
1
  102
RTVSPropertyOp57
  70
1
  102
RTVSPropertyOp58
  70
1
  102
RTVSPropertyOp59
  70
1
  102
RTVSPropertyOp60
  70
1
  102
RTVSPropertyOp61
  70
1
  102
RTVSPropertyOp62
  70
1
  0
XRECORD
  5
317
  102
{ACAD_REACTORS
  330
316
  102
}
  330
316
  100
AcDbXrecord
  280
1
  102
RTVSPost2010Prop28
  280
0
  102
RTVSPost2010PropOp28
  70
1
  102
RTVSPost2010Prop29
  280
1
  102
RTVSPost2010PropOp29
  70
1
  102
RTVSPost2010Prop30
  280
1
  102
RTVSPost2010PropOp30
  70
1
  102
RTVSPost2010Prop31
  280
0
  102
RTVSPost2010PropOp31
  70
1
  102
RTVSPost2010Prop32
  280
0
  102
RTVSPost2010PropOp32
  70
1
  102
RTVSPost2010Prop33
  280
0
  102
RTVSPost2010PropOp33
  70
1
  102
RTVSPost2010Prop34
  280
0
  102
RTVSPost2010PropOp34
  70
1
  102
RTVSPost2010Prop35
  280
0
  102
RTVSPost2010PropOp35
  70
1
  102
RTVSPost2010Prop36
  280
0
  102
RTVSPost2010PropOp36
  70
1
  102
RTVSPost2010Prop37
  90
50
  102
RTVSPost2010PropOp37
  70
1
  102
RTVSPost2010Prop38
  140
0
  102
RTVSPost2010PropOp38
  70
1
  102
RTVSPost2010Prop39
  140
1
  102
RTVSPost2010PropOp39
  70
1
  102
RTVSPost2010Prop40
  90
0
  102
RTVSPost2010PropOp40
  70
1
  102
RTVSPost2010Prop41ColorIndex
  90
18
  102
RTVSPost2010Prop41ColorRGB
  90
0
  102
RTVSPost2010PropOp41
  70
1
  102
RTVSPost2010Prop42
  90
50
  102
RTVSPost2010PropOp42
  70
1
  102
RTVSPost2010Prop43
  90
3
  102
RTVSPost2010PropOp43
  70
1
  102
RTVSPost2010Prop44ColorIndex
  90
5
  102
RTVSPost2010Prop44ColorRGB
  90
255
  102
RTVSPost2010PropOp44
  70
1
  102
RTVSPost2010Prop45
  280
0
  102
RTVSPost2010PropOp45
  70
1
  102
RTVSPost2010Prop46
  90
50
  102
RTVSPost2010PropOp46
  70
1
  102
RTVSPost2010Prop47
  90
50
  102
RTVSPost2010PropOp47
  70
1
  102
RTVSPost2010Prop48
  90
50
  102
RTVSPost2010PropOp48
  70
1
  102
RTVSPost2010Prop49
  280
0
  102
RTVSPost2010PropOp49
  70
1
  102
RTVSPost2010Prop50
  90
50
  102
RTVSPost2010PropOp50
  70
1
  102
RTVSPost2010Prop51ColorIndex
  90
256
  102
RTVSPost2010Prop51ColorRGB
  90
-16777216
  102
RTVSPost2010PropOp51
  70
0
  102
RTVSPost2010Prop52
  140
1
  102
RTVSPost2010PropOp52
  70
0
  102
RTVSPost2010Prop53
  90
2
  102
RTVSPost2010PropOp53
  70
1
  102
RTVSPost2010Prop54
  1
strokes_ogs.tif
  102
RTVSPost2010PropOp54
  70
1
  102
RTVSPost2010Prop55
  280
0
  102
RTVSPost2010PropOp55
  70
1
  102
RTVSPost2010Prop56
  140
1
  102
RTVSPost2010PropOp56
  70
1
  102
RTVSPost2010Prop57
  140
1
  102
RTVSPost2010PropOp57
  70
1
  102
RTVSPropertyOp0
  70
1
  102
RTVSPropertyOp1
  70
1
  102
RTVSPropertyOp2
  70
1
  102
RTVSPropertyOp3
  70
1
  102
RTVSPropertyOp4
  70
1
  102
RTVSPropertyOp5
  70
1
  102
RTVSPropertyOp6
  70
1
  102
RTVSPropertyOp7
  70
1
  102
RTVSPropertyOp8
  70
1
  102
RTVSPropertyOp9
  70
1
  102
RTVSPropertyOp10
  70
1
  102
RTVSPropertyOp11
  70
1
  102
RTVSPropertyOp12
  70
1
  102
RTVSPropertyOp13
  70
1
  102
RTVSPropertyOp14
  70
1
  102
RTVSPropertyOp15
  70
1
  102
RTVSPropertyOp16
  70
1
  102
RTVSPropertyOp17
  70
1
  102
RTVSPropertyOp18
  70
1
  102
RTVSPropertyOp19
  70
1
  102
RTVSPropertyOp20
  70
1
  102
RTVSPropertyOp21
  70
1
  102
RTVSPropertyOp22
  70
1
  102
RTVSPropertyOp23
  70
1
  102
RTVSPropertyOp24
  70
1
  102
RTVSPropertyOp25
  70
1
  102
RTVSPropertyOp26
  70
1
  102
RTVSPropertyOp27
  70
1
  102
RTVSPropertyOp28
  70
1
  102
RTVSPropertyOp29
  70
1
  102
RTVSPropertyOp30
  70
1
  102
RTVSPropertyOp31
  70
1
  102
RTVSPropertyOp32
  70
1
  102
RTVSPropertyOp33
  70
1
  102
RTVSPropertyOp34
  70
1
  102
RTVSPropertyOp35
  70
1
  102
RTVSPropertyOp36
  70
1
  102
RTVSPropertyOp37
  70
1
  102
RTVSPropertyOp38
  70
1
  102
RTVSPropertyOp39
  70
1
  102
RTVSPropertyOp40
  70
1
  102
RTVSPropertyOp41
  70
1
  102
RTVSPropertyOp42
  70
1
  102
RTVSPropertyOp43
  70
1
  102
RTVSPropertyOp44
  70
1
  102
RTVSPropertyOp45
  70
1
  102
RTVSPropertyOp46
  70
1
  102
RTVSPropertyOp47
  70
1
  102
RTVSPropertyOp48
  70
1
  102
RTVSPropertyOp49
  70
1
  102
RTVSPropertyOp50
  70
1
  102
RTVSPropertyOp51
  70
0
  102
RTVSPropertyOp52
  70
0
  102
RTVSPropertyOp53
  70
1
  102
RTVSPropertyOp54
  70
1
  102
RTVSPropertyOp55
  70
1
  102
RTVSPropertyOp56
  70
1
  102
RTVSPropertyOp57
  70
1
  102
RTVSPropertyOp58
  70
1
  102
RTVSPropertyOp59
  70
1
  102
RTVSPropertyOp60
  70
1
  102
RTVSPropertyOp61
  70
1
  102
RTVSPropertyOp62
  70
1
  0
XRECORD
  5
335
  102
{ACAD_REACTORS
  330
334
  102
}
  330
334
  100
AcDbXrecord
  280
1
  102
RTVSPost2010Prop28
  280
0
  102
RTVSPost2010PropOp28
  70
1
  102
RTVSPost2010Prop29
  280
1
  102
RTVSPost2010PropOp29
  70
1
  102
RTVSPost2010Prop30
  280
1
  102
RTVSPost2010PropOp30
  70
1
  102
RTVSPost2010Prop31
  280
0
  102
RTVSPost2010PropOp31
  70
1
  102
RTVSPost2010Prop32
  280
0
  102
RTVSPost2010PropOp32
  70
1
  102
RTVSPost2010Prop33
  280
0
  102
RTVSPost2010PropOp33
  70
1
  102
RTVSPost2010Prop34
  280
0
  102
RTVSPost2010PropOp34
  70
1
  102
RTVSPost2010Prop35
  280
0
  102
RTVSPost2010PropOp35
  70
1
  102
RTVSPost2010Prop36
  280
0
  102
RTVSPost2010PropOp36
  70
1
  102
RTVSPost2010Prop37
  90
50
  102
RTVSPost2010PropOp37
  70
1
  102
RTVSPost2010Prop38
  140
0
  102
RTVSPost2010PropOp38
  70
1
  102
RTVSPost2010Prop39
  140
1
  102
RTVSPost2010PropOp39
  70
1
  102
RTVSPost2010Prop40
  90
0
  102
RTVSPost2010PropOp40
  70
1
  102
RTVSPost2010Prop41ColorIndex
  90
18
  102
RTVSPost2010Prop41ColorRGB
  90
0
  102
RTVSPost2010PropOp41
  70
1
  102
RTVSPost2010Prop42
  90
50
  102
RTVSPost2010PropOp42
  70
1
  102
RTVSPost2010Prop43
  90
3
  102
RTVSPost2010PropOp43
  70
1
  102
RTVSPost2010Prop44ColorIndex
  90
5
  102
RTVSPost2010Prop44ColorRGB
  90
255
  102
RTVSPost2010PropOp44
  70
1
  102
RTVSPost2010Prop45
  280
0
  102
RTVSPost2010PropOp45
  70
1
  102
RTVSPost2010Prop46
  90
50
  102
RTVSPost2010PropOp46
  70
1
  102
RTVSPost2010Prop47
  90
50
  102
RTVSPost2010PropOp47
  70
1
  102
RTVSPost2010Prop48
  90
50
  102
RTVSPost2010PropOp48
  70
1
  102
RTVSPost2010Prop49
  280
0
  102
RTVSPost2010PropOp49
  70
1
  102
RTVSPost2010Prop50
  90
50
  102
RTVSPost2010PropOp50
  70
1
  102
RTVSPost2010Prop51ColorIndex
  90
256
  102
RTVSPost2010Prop51ColorRGB
  90
-16777216
  102
RTVSPost2010PropOp51
  70
0
  102
RTVSPost2010Prop52
  140
1
  102
RTVSPost2010PropOp52
  70
0
  102
RTVSPost2010Prop53
  90
2
  102
RTVSPost2010PropOp53
  70
1
  102
RTVSPost2010Prop54
  1
strokes_ogs.tif
  102
RTVSPost2010PropOp54
  70
1
  102
RTVSPost2010Prop55
  280
0
  102
RTVSPost2010PropOp55
  70
1
  102
RTVSPost2010Prop56
  140
1
  102
RTVSPost2010PropOp56
  70
1
  102
RTVSPost2010Prop57
  140
1
  102
RTVSPost2010PropOp57
  70
1
  102
RTVSPropertyOp0
  70
1
  102
RTVSPropertyOp1
  70
1
  102
RTVSPropertyOp2
  70
1
  102
RTVSPropertyOp3
  70
1
  102
RTVSPropertyOp4
  70
1
  102
RTVSPropertyOp5
  70
1
  102
RTVSPropertyOp6
  70
1
  102
RTVSPropertyOp7
  70
1
  102
RTVSPropertyOp8
  70
1
  102
RTVSPropertyOp9
  70
1
  102
RTVSPropertyOp10
  70
1
  102
RTVSPropertyOp11
  70
1
  102
RTVSPropertyOp12
  70
1
  102
RTVSPropertyOp13
  70
1
  102
RTVSPropertyOp14
  70
1
  102
RTVSPropertyOp15
  70
1
  102
RTVSPropertyOp16
  70
1
  102
RTVSPropertyOp17
  70
1
  102
RTVSPropertyOp18
  70
1
  102
RTVSPropertyOp19
  70
1
  102
RTVSPropertyOp20
  70
1
  102
RTVSPropertyOp21
  70
1
  102
RTVSPropertyOp22
  70
1
  102
RTVSPropertyOp23
  70
1
  102
RTVSPropertyOp24
  70
1
  102
RTVSPropertyOp25
  70
1
  102
RTVSPropertyOp26
  70
1
  102
RTVSPropertyOp27
  70
1
  102
RTVSPropertyOp28
  70
1
  102
RTVSPropertyOp29
  70
1
  102
RTVSPropertyOp30
  70
1
  102
RTVSPropertyOp31
  70
1
  102
RTVSPropertyOp32
  70
1
  102
RTVSPropertyOp33
  70
1
  102
RTVSPropertyOp34
  70
1
  102
RTVSPropertyOp35
  70
1
  102
RTVSPropertyOp36
  70
1
  102
RTVSPropertyOp37
  70
1
  102
RTVSPropertyOp38
  70
1
  102
RTVSPropertyOp39
  70
1
  102
RTVSPropertyOp40
  70
1
  102
RTVSPropertyOp41
  70
1
  102
RTVSPropertyOp42
  70
1
  102
RTVSPropertyOp43
  70
1
  102
RTVSPropertyOp44
  70
1
  102
RTVSPropertyOp45
  70
1
  102
RTVSPropertyOp46
  70
1
  102
RTVSPropertyOp47
  70
1
  102
RTVSPropertyOp48
  70
1
  102
RTVSPropertyOp49
  70
1
  102
RTVSPropertyOp50
  70
1
  102
RTVSPropertyOp51
  70
0
  102
RTVSPropertyOp52
  70
0
  102
RTVSPropertyOp53
  70
1
  102
RTVSPropertyOp54
  70
1
  102
RTVSPropertyOp55
  70
1
  102
RTVSPropertyOp56
  70
1
  102
RTVSPropertyOp57
  70
1
  102
RTVSPropertyOp58
  70
1
  102
RTVSPropertyOp59
  70
1
  102
RTVSPropertyOp60
  70
1
  102
RTVSPropertyOp61
  70
1
  102
RTVSPropertyOp62
  70
1
  0
ENDSEC
  0
EOF