ISO-10303-21;
HEADER;
FILE_DESCRIPTION (( 'STEP AP214' ),
    '1' );
FILE_NAME ('Magnetic Pogo Connector 4 Pin (Type 1).STEP',
    '2023-01-12T17:30:25',
    ( '' ),
    ( '' ),
    'SwSTEP 2.0',
    'SolidWorks 2022',
    '' );
FILE_SCHEMA (( 'AUTOMOTIVE_DESIGN' ));
ENDSEC;

DATA;
#1 = CARTESIAN_POINT ( 'NONE',  ( 6.700771155347953645, 3.998999999999996557, 0.4885668106481245165 ) ) ;
#2 = STYLED_ITEM ( 'NONE', ( #4600 ), #1544 ) ;
#3 = CIRCLE ( 'NONE', #2184, 1.500000000000000000 ) ;
#4 = EDGE_CURVE ( 'NONE', #1593, #520, #4277, .T. ) ;
#5 = FILL_AREA_STYLE ('',( #2548 ) ) ;
#6 = MECHANICAL_DESIGN_GEOMETRIC_PRESENTATION_REPRESENTATION (  '', ( #4138 ), #3048 ) ;
#7 = PLANE ( 'NONE',  #3554 ) ;
#8 = PRESENTATION_LAYER_ASSIGNMENT (  '', '', ( #2414 ) ) ;
#9 = CARTESIAN_POINT ( 'NONE',  ( 7.002078312734233201, 3.998999999999993893, 0.7899059862172155277 ) ) ;
#10 = EDGE_LOOP ( 'NONE', ( #3849 ) ) ;
#11 = DIRECTION ( 'NONE',  ( 1.816089262065938475E-31, -1.000000000000000000, -1.129377263005786376E-17 ) ) ;
#12 = FILL_AREA_STYLE ('',( #799 ) ) ;
#13 = CIRCLE ( 'NONE', #3142, 0.2999999999999999334 ) ;
#14 = DIRECTION ( 'NONE',  ( 0.000000000000000000, -7.434529182757745592E-15, 1.000000000000000000 ) ) ;
#15 =( LENGTH_UNIT ( ) NAMED_UNIT ( * ) SI_UNIT ( .MILLI., .METRE. ) );
#16 =( LENGTH_UNIT ( ) NAMED_UNIT ( * ) SI_UNIT ( .MILLI., .METRE. ) );
#17 = CIRCLE ( 'NONE', #5418, 3.499999999999999556 ) ;
#18 = ORIENTED_EDGE ( 'NONE', *, *, #4378, .F. ) ;
#19 = ORIENTED_EDGE ( 'NONE', *, *, #335, .F. ) ;
#20 = EDGE_LOOP ( 'NONE', ( #727, #1075, #2300, #756, #866, #3289, #5242, #2391, #1530, #4843 ) ) ;
#21 = COLOUR_RGB ( '',0.1019607843137254888, 0.1019607843137254888, 0.1019607843137254888 ) ;
#22 = FACE_BOUND ( 'NONE', #2894, .T. ) ;
#23 = UNCERTAINTY_MEASURE_WITH_UNIT (LENGTH_MEASURE( 1.000000000000000082E-05 ), #3567, 'distance_accuracy_value', 'NONE');
#24 = FACE_OUTER_BOUND ( 'NONE', #33, .T. ) ;
#25 = FACE_OUTER_BOUND ( 'NONE', #2529, .T. ) ;
#26 = CARTESIAN_POINT ( 'NONE',  ( 7.465121248552753386, 3.999999999999995559, 0.5827038532333064236 ) ) ;
#27 = SURFACE_STYLE_FILL_AREA ( #2487 ) ;
#28 = EDGE_LOOP ( 'NONE', ( #3436 ) ) ;
#29 = FACE_OUTER_BOUND ( 'NONE', #425, .T. ) ;
#30 = CARTESIAN_POINT ( 'NONE',  ( 6.854375867120642951, 3.998999999999995669, 0.6002958851874864443 ) ) ;
#31 = UNCERTAINTY_MEASURE_WITH_UNIT (LENGTH_MEASURE( 1.000000000000000082E-05 ), #4942, 'distance_accuracy_value', 'NONE');
#32 = PRESENTATION_STYLE_ASSIGNMENT (( #381 ) ) ;
#33 = EDGE_LOOP ( 'NONE', ( #18 ) ) ;
#34 = SURFACE_STYLE_USAGE ( .BOTH. , #2143 ) ;
#35 = SURFACE_STYLE_USAGE ( .BOTH. , #465 ) ;
#36 = CARTESIAN_POINT ( 'NONE',  ( 6.777624481542583013, 3.998999999999994781, 0.7612023793286796236 ) ) ;
#37 = EDGE_CURVE ( 'NONE', #5321, #2021, #2613, .T. ) ;
#38 = VERTEX_POINT ( 'NONE', #3044 ) ;
#39 = FILL_AREA_STYLE_COLOUR ( '', #1068 ) ;
#40 = CARTESIAN_POINT ( 'NONE',  ( 6.444167976967122513, 3.999000000000003219, -0.4750273629506954753 ) ) ;
#41 = AXIS2_PLACEMENT_3D ( 'NONE', #5195, #1325, #1803 ) ;
#42 = DIRECTION ( 'NONE',  ( -1.835596038252509459E-31, 1.000000000000000000, 2.300720062539715626E-17 ) ) ;
#43 = CARTESIAN_POINT ( 'NONE',  ( 7.000000000000001776, 0.000000000000000000, -1.301042606982604138E-15 ) ) ;
#44 = ORIENTED_EDGE ( 'NONE', *, *, #3669, .F. ) ;
#45 = SURFACE_STYLE_USAGE ( .BOTH. , #3042 ) ;
#46 = ORIENTED_EDGE ( 'NONE', *, *, #4930, .T. ) ;
#47 = PRESENTATION_STYLE_ASSIGNMENT (( #504 ) ) ;
#48 = CARTESIAN_POINT ( 'NONE',  ( 6.707173016356643203, 3.999000000000003219, -0.4986799514670345324 ) ) ;
#49 = PRESENTATION_STYLE_ASSIGNMENT (( #3819 ) ) ;
#50 = FACE_OUTER_BOUND ( 'NONE', #3408, .T. ) ;
#51 = CARTESIAN_POINT ( 'NONE',  ( 6.445888408888078125, 3.998999999999997446, 0.3475982939095235147 ) ) ;
#52 = ORIENTED_EDGE ( 'NONE', *, *, #828, .T. ) ;
#53 = CARTESIAN_POINT ( 'NONE',  ( -6.999999999999996447, 3.900000000000000355, 2.198731280726776271E-15 ) ) ;
#54 = CARTESIAN_POINT ( 'NONE',  ( 6.798783916378543069, 3.998999999999995669, 0.5789928395723874521 ) ) ;
#55 = COLOUR_RGB ( '',0.1019607843137254888, 0.1019607843137254888, 0.1019607843137254888 ) ;
#56 = PLANE ( 'NONE',  #5146 ) ;
#57 = DIRECTION ( 'NONE',  ( 0.000000000000000000, -1.000000000000000000, 0.000000000000000000 ) ) ;
#58 = PLANE ( 'NONE',  #2477 ) ;
#59 =( GEOMETRIC_REPRESENTATION_CONTEXT ( 3 ) GLOBAL_UNCERTAINTY_ASSIGNED_CONTEXT ( ( #2335 ) ) GLOBAL_UNIT_ASSIGNED_CONTEXT ( ( #2157, #4842, #672 ) ) REPRESENTATION_CONTEXT ( 'NONE', 'WORKASPACE' ) );
#60 = DIRECTION ( 'NONE',  ( 0.000000000000000000, -7.205007282611301174E-15, 1.000000000000000000 ) ) ;
#61 = PRESENTATION_LAYER_ASSIGNMENT (  '', '', ( #2100 ) ) ;
#62 = CARTESIAN_POINT ( 'NONE',  ( 6.675932629279338393, 3.999999999999999112, 0.06260286900742512151 ) ) ;
#63 = VERTEX_POINT ( 'NONE', #2277 ) ;
#64 = CARTESIAN_POINT ( 'NONE',  ( -6.999999999999996447, 4.000000000000000000, 2.198731280726776271E-15 ) ) ;
#65 = DIRECTION ( 'NONE',  ( -1.835596037908135107E-31, 1.000000000000000000, 2.300720041860673629E-17 ) ) ;
#66 = DIRECTION ( 'NONE',  ( 4.336808689942016750E-16, 0.000000000000000000, 1.000000000000000000 ) ) ;
#67 = CARTESIAN_POINT ( 'NONE',  ( 7.468863530848253163, 3.998999999999998334, 0.1924057346492779874 ) ) ;
#68 = EDGE_CURVE ( 'NONE', #3896, #3370, #5234, .T. ) ;
#69 = FILL_AREA_STYLE ('',( #1699 ) ) ;
#70 = CARTESIAN_POINT ( 'NONE',  ( -6.999999999999996447, 2.299999999999999822, 2.198731280726776271E-15 ) ) ;
#71 = ORIENTED_EDGE ( 'NONE', *, *, #936, .F. ) ;
#72 =( LENGTH_UNIT ( ) NAMED_UNIT ( * ) SI_UNIT ( .MILLI., .METRE. ) );
#73 = EDGE_LOOP ( 'NONE', ( #3053, #1129, #1101, #3941 ) ) ;
#74 = CARTESIAN_POINT ( 'NONE',  ( 7.252460183627722934, 3.999000000000004995, -0.7010558178645965866 ) ) ;
#75 = ADVANCED_FACE ( 'NONE', ( #1840, #979 ), #2586, .T. ) ;
#76 = LINE ( 'NONE', #4383, #2757 ) ;
#77 = CARTESIAN_POINT ( 'NONE',  ( 6.961513408888073684, 4.000000000000004441, -0.5754786291674005572 ) ) ;
#78 =( NAMED_UNIT ( * ) PLANE_ANGLE_UNIT ( ) SI_UNIT ( $, .RADIAN. ) );
#79 = EDGE_LOOP ( 'NONE', ( #5280 ) ) ;
#80 = SURFACE_STYLE_FILL_AREA ( #106 ) ;
#81 = PRESENTATION_LAYER_ASSIGNMENT (  '', '', ( #1847 ) ) ;
#82 = SURFACE_STYLE_USAGE ( .BOTH. , #1449 ) ;
#83 =( NAMED_UNIT ( * ) PLANE_ANGLE_UNIT ( ) SI_UNIT ( $, .RADIAN. ) );
#84 =( NAMED_UNIT ( * ) SI_UNIT ( $, .STERADIAN. ) SOLID_ANGLE_UNIT ( ) );
#85 = CARTESIAN_POINT ( 'NONE',  ( 6.535962641769427428, 3.998999999999995669, 0.6060413505477434404 ) ) ;
#86 = ORIENTED_EDGE ( 'NONE', *, *, #5344, .T. ) ;
#87 = MANIFOLD_SOLID_BREP ( 'NONE', #4001 ) ;
#88 = STYLED_ITEM ( 'NONE', ( #209 ), #2872 ) ;
#89 = CARTESIAN_POINT ( 'NONE',  ( 6.533414914327828171, 3.999000000000004107, -0.5994534454321914785 ) ) ;
#90 = SURFACE_STYLE_USAGE ( .BOTH. , #2242 ) ;
#91 = CARTESIAN_POINT ( 'NONE',  ( -6.395513249929057231, 3.999000000000000110, 0.7777937623848212301 ) ) ;
#92 = MECHANICAL_DESIGN_GEOMETRIC_PRESENTATION_REPRESENTATION (  '', ( #2771 ), #1492 ) ;
#93 = EDGE_LOOP ( 'NONE', ( #4757, #1864, #2659, #1189 ) ) ;
#94 = PRESENTATION_STYLE_ASSIGNMENT (( #3122 ) ) ;
#95 = EDGE_LOOP ( 'NONE', ( #3023, #4721, #1729, #460 ) ) ;
#96 = ADVANCED_FACE ( 'NONE', ( #2355, #3236 ), #1261, .T. ) ;
#97 = CARTESIAN_POINT ( 'NONE',  ( 7.092578537431453611, 4.000000000000005329, -0.7403345789362684171 ) ) ;
#98 = CARTESIAN_POINT ( 'NONE',  ( -6.999999999999999112, 1.000000000000000000, -1.749999999999998668 ) ) ;
#99 = MANIFOLD_SOLID_BREP ( 'NONE', #2997 ) ;
#100 = UNCERTAINTY_MEASURE_WITH_UNIT (LENGTH_MEASURE( 1.000000000000000082E-05 ), #853, 'distance_accuracy_value', 'NONE');
#101 = DIRECTION ( 'NONE',  ( -0.6401843996644827062, -0.000000000000000000, 0.7682212795973734076 ) ) ;
#102 = DIRECTION ( 'NONE',  ( 0.000000000000000000, -1.000000000000000000, 0.000000000000000000 ) ) ;
#103 = ORIENTED_EDGE ( 'NONE', *, *, #1171, .T. ) ;
#104 = DIRECTION ( 'NONE',  ( 4.956352788505161296E-16, 0.000000000000000000, 1.000000000000000000 ) ) ;
#105 = EDGE_CURVE ( 'NONE', #1817, #1817, #549, .T. ) ;
#106 = FILL_AREA_STYLE ('',( #3058 ) ) ;
#107 = PRESENTATION_STYLE_ASSIGNMENT (( #542 ) ) ;
#108 = PRESENTATION_STYLE_ASSIGNMENT (( #2108 ) ) ;
#109 =( NAMED_UNIT ( * ) PLANE_ANGLE_UNIT ( ) SI_UNIT ( $, .RADIAN. ) );
#110 = DIRECTION ( 'NONE',  ( -0.000000000000000000, -1.000000000000000000, 0.000000000000000000 ) ) ;
#111 = ORIENTED_EDGE ( 'NONE', *, *, #733, .T. ) ;
#112 = LINE ( 'NONE', #4797, #3514 ) ;
#113 = DIRECTION ( 'NONE',  ( 0.000000000000000000, -1.000000000000000000, 0.000000000000000000 ) ) ;
#114 = CARTESIAN_POINT ( 'NONE',  ( 6.450295694736603025, 3.998999999999997446, 0.4106266371609600396 ) ) ;
#115 = CARTESIAN_POINT ( 'NONE',  ( 6.876190622786803708, 3.999000000000004995, -0.7467048809775475027 ) ) ;
#116 = PRESENTATION_STYLE_ASSIGNMENT (( #3547 ) ) ;
#117 = DIRECTION ( 'NONE',  ( 0.000000000000000000, -1.000000000000000000, 0.000000000000000000 ) ) ;
#118 = DIRECTION ( 'NONE',  ( -1.835596038252509459E-31, 1.000000000000000000, 2.300720062539715626E-17 ) ) ;
#119 = ORIENTED_EDGE ( 'NONE', *, *, #5313, .T. ) ;
#120 = FACE_OUTER_BOUND ( 'NONE', #4339, .T. ) ;
#121 = CARTESIAN_POINT ( 'NONE',  ( -1.500000000000000000, 2.500000000000000000, 2.500000000000002220 ) ) ;
#122 = CARTESIAN_POINT ( 'NONE',  ( 6.952198505041923049, 3.999000000000004995, -0.7485555522443234633 ) ) ;
#123 = SURFACE_STYLE_USAGE ( .BOTH. , #4351 ) ;
#124 = STYLED_ITEM ( 'NONE', ( #229 ), #306 ) ;
#125 = CARTESIAN_POINT ( 'NONE',  ( -1.500000000000000000, 2.500000000000000000, 2.500000000000002220 ) ) ;
#126 = FACE_OUTER_BOUND ( 'NONE', #4168, .T. ) ;
#127 = ORIENTED_EDGE ( 'NONE', *, *, #3680, .T. ) ;
#128 =( LENGTH_UNIT ( ) NAMED_UNIT ( * ) SI_UNIT ( .MILLI., .METRE. ) );
#129 = COLOUR_RGB ( '',0.1019607843137254888, 0.1019607843137254888, 0.1019607843137254888 ) ;
#130 =( GEOMETRIC_REPRESENTATION_CONTEXT ( 3 ) GLOBAL_UNCERTAINTY_ASSIGNED_CONTEXT ( ( #2978 ) ) GLOBAL_UNIT_ASSIGNED_CONTEXT ( ( #3337, #2902, #5515 ) ) REPRESENTATION_CONTEXT ( 'NONE', 'WORKASPACE' ) );
#131 = CARTESIAN_POINT ( 'NONE',  ( 6.528531572587998433, 4.000000000000000000, -0.02753348122152593502 ) ) ;
#132 =( NAMED_UNIT ( * ) SI_UNIT ( $, .STERADIAN. ) SOLID_ANGLE_UNIT ( ) );
#133 = SURFACE_STYLE_USAGE ( .BOTH. , #4505 ) ;
#134 = EDGE_CURVE ( 'NONE', #2222, #2222, #5177, .T. ) ;
#135 =( NAMED_UNIT ( * ) SI_UNIT ( $, .STERADIAN. ) SOLID_ANGLE_UNIT ( ) );
#136 = DIRECTION ( 'NONE',  ( -1.835596038252509459E-31, 1.000000000000000000, 2.300720062539715626E-17 ) ) ;
#137 = PLANE ( 'NONE',  #3928 ) ;
#138 = MANIFOLD_SOLID_BREP ( 'NONE', #307 ) ;
#139 = STYLED_ITEM ( 'NONE', ( #4119 ), #1911 ) ;
#140 = EDGE_CURVE ( 'NONE', #2620, #2620, #1808, .T. ) ;
#141 = FILL_AREA_STYLE_COLOUR ( '', #403 ) ;
#142 = TOROIDAL_SURFACE ( 'NONE', #3277, 0.5000000000000000000, 0.1000000000000000056 ) ;
#143 = VERTEX_POINT ( 'NONE', #3321 ) ;
#144 = AXIS2_PLACEMENT_3D ( 'NONE', #4998, #2604, #4819 ) ;
#145 = CARTESIAN_POINT ( 'NONE',  ( 6.407576301211033609, 3.999000000000001886, -0.2937207195599104148 ) ) ;
#146 = FILL_AREA_STYLE ('',( #969 ) ) ;
#147 = AXIS2_PLACEMENT_3D ( 'NONE', #1271, #4377, #1810 ) ;
#148 = CARTESIAN_POINT ( 'NONE',  ( 7.353089310456433658, 3.998999999999999222, 0.08287722316456164195 ) ) ;
#149 = STYLED_ITEM ( 'NONE', ( #889 ), #2393 ) ;
#150 = CARTESIAN_POINT ( 'NONE',  ( 7.210673661873652662, 3.998999999999994781, 0.7625828620581134309 ) ) ;
#151 = CARTESIAN_POINT ( 'NONE',  ( 6.793315521618623620, 3.998999999999999222, 0.1038388491982419060 ) ) ;
#152 = ORIENTED_EDGE ( 'NONE', *, *, #2580, .T. ) ;
#153 = FACE_OUTER_BOUND ( 'NONE', #3397, .T. ) ;
#154 = CARTESIAN_POINT ( 'NONE',  ( 6.677211984853677507, 3.999000000000000998, -0.1713662503464774833 ) ) ;
#155 = AXIS2_PLACEMENT_3D ( 'NONE', #2685, #3621, #961 ) ;
#156 = DIRECTION ( 'NONE',  ( 1.000000000000000000, 0.000000000000000000, -5.551115123125776539E-17 ) ) ;
#157 = UNCERTAINTY_MEASURE_WITH_UNIT (LENGTH_MEASURE( 1.000000000000000082E-05 ), #834, 'distance_accuracy_value', 'NONE');
#158 = CARTESIAN_POINT ( 'NONE',  ( 6.939530406975622512, 3.999000000000000998, -0.06117992540323531625 ) ) ;
#159 = DIRECTION ( 'NONE',  ( -2.278763838549589087E-31, 1.000000000000000000, 2.891205793294683750E-16 ) ) ;
#160 = ORIENTED_EDGE ( 'NONE', *, *, #668, .T. ) ;
#161 = CARTESIAN_POINT ( 'NONE',  ( -6.999999999999995559, 4.000000000000000000, 1.600000000000002753 ) ) ;
#162 = CARTESIAN_POINT ( 'NONE',  ( 6.902404331937742832, 4.000000000000000888, -0.07152140848015949015 ) ) ;
#163 = CARTESIAN_POINT ( 'NONE',  ( 6.577717654150908366, 3.999000000000000110, 0.01043479107204654810 ) ) ;
#164 = DIRECTION ( 'NONE',  ( 0.000000000000000000, -1.000000000000000000, 0.000000000000000000 ) ) ;
#165 = DIRECTION ( 'NONE',  ( 0.000000000000000000, 6.974286919792930852E-15, -1.000000000000000000 ) ) ;
#166 = MANIFOLD_SOLID_BREP ( 'Корпус 4pin (Type 1)-1-solid1', #2724 ) ;
#167 = EDGE_CURVE ( 'NONE', #4043, #4043, #1524, .T. ) ;
#168 = MECHANICAL_DESIGN_GEOMETRIC_PRESENTATION_REPRESENTATION (  '', ( #4672 ), #2117 ) ;
#169 = ORIENTED_EDGE ( 'NONE', *, *, #3750, .F. ) ;
#170 = LINE ( 'NONE', #4485, #1867 ) ;
#171 = ADVANCED_FACE ( 'NONE', ( #310, #4685 ), #2116, .T. ) ;
#172 = COLOUR_RGB ( '',0.8980392156862745390, 0.8980392156862745390, 0.8980392156862745390 ) ;
#173 = CARTESIAN_POINT ( 'NONE',  ( 6.465323978180223641, 3.998999999999996557, 0.4710997595643415248 ) ) ;
#174 =( LENGTH_UNIT ( ) NAMED_UNIT ( * ) SI_UNIT ( .MILLI., .METRE. ) );
#175 = CARTESIAN_POINT ( 'NONE',  ( 7.000521830187342864, 4.000000000000005329, -0.7481567661233284872 ) ) ;
#176 = STYLED_ITEM ( 'NONE', ( #4486 ), #1443 ) ;
#177 = CARTESIAN_POINT ( 'NONE',  ( -6.607051711467516242, 3.999000000000000110, 0.3970846277694362048 ) ) ;
#178 = EDGE_LOOP ( 'NONE', ( #1838, #5200, #2560, #643 ) ) ;
#179 = FILL_AREA_STYLE ('',( #3697 ) ) ;
#180 = PRESENTATION_LAYER_ASSIGNMENT (  '', '', ( #2043 ) ) ;
#181 = CARTESIAN_POINT ( 'NONE',  ( 7.522273571871333608, 3.999999999999997335, 0.3623550998582215077 ) ) ;
#182 = PLANE ( 'NONE',  #3270 ) ;
#183 = STYLED_ITEM ( 'NONE', ( #2608 ), #3287 ) ;
#184 = AXIS2_PLACEMENT_3D ( 'NONE', #5070, #1282, #4756 ) ;
#185 = SURFACE_SIDE_STYLE ('',( #984 ) ) ;
#186 = DIRECTION ( 'NONE',  ( 0.000000000000000000, 1.000000000000000000, -0.000000000000000000 ) ) ;
#187 = ORIENTED_EDGE ( 'NONE', *, *, #2801, .T. ) ;
#188 =( NAMED_UNIT ( * ) SI_UNIT ( $, .STERADIAN. ) SOLID_ANGLE_UNIT ( ) );
#189 = COLOUR_RGB ( '',0.9529411764705881804, 0.7960784313725489669, 0.4862745098039215619 ) ;
#190 = DIRECTION ( 'NONE',  ( -0.5403350958123748216, 5.868513238538530046E-15, -0.8414499297245389142 ) ) ;
#191 = DIRECTION ( 'NONE',  ( -1.835596038252498950E-31, 1.000000000000000000, 2.300720062539084537E-17 ) ) ;
#192 = DIRECTION ( 'NONE',  ( 5.782411586589354681E-16, 0.000000000000000000, 1.000000000000000000 ) ) ;
#193 =( NAMED_UNIT ( * ) PLANE_ANGLE_UNIT ( ) SI_UNIT ( $, .RADIAN. ) );
#194 = B_SPLINE_CURVE_WITH_KNOTS ( 'NONE', 3,
 ( #1871, #232, #697, #2810, #1038, #2839, #3731, #3670, #4500, #1086, #4070, #5348, #4098, #4553, #1956, #674, #1138, #5374, #4949 ),
 .UNSPECIFIED., .F., .F.,
 ( 4, 1, 1, 1, 1, 1, 1, 1, 1, 1, 1, 1, 1, 1, 1, 1, 4 ),
 ( 0.000000000000000000, 0.09151103632803719856, 0.1771428603141479985, 0.2571084852282354838, 0.3311983993883854671, 0.4005922945239575039, 0.4656249598049639893, 0.5269734913138600652, 0.5854431157040229650, 0.6413985080863310317, 0.6950441672657240444, 0.7467815514927479414, 0.7969589345766999733, 0.8475448623598800246, 0.8974385414187390220, 0.9476489188871289882, 1.000000000000000000 ),
 .UNSPECIFIED. ) ;
#195 =( NAMED_UNIT ( * ) SI_UNIT ( $, .STERADIAN. ) SOLID_ANGLE_UNIT ( ) );
#196 = SURFACE_SIDE_STYLE ('',( #2907 ) ) ;
#197 = CARTESIAN_POINT ( 'NONE',  ( 7.002078312734233201, 3.998999999999993893, 0.7899059862172155277 ) ) ;
#198 = EDGE_CURVE ( 'NONE', #2925, #977, #5170, .T. ) ;
#199 = DIRECTION ( 'NONE',  ( 0.000000000000000000, 1.000000000000000000, 0.000000000000000000 ) ) ;
#200 = VERTEX_POINT ( 'NONE', #4430 ) ;
#201 = CARTESIAN_POINT ( 'NONE',  ( 6.445888408888078125, 3.998999999999997446, 0.3475982939095235147 ) ) ;
#202 = CARTESIAN_POINT ( 'NONE',  ( 7.000000000000002665, 0.1000000000000000056, -1.497227964665614135E-15 ) ) ;
#203 =( NAMED_UNIT ( * ) SI_UNIT ( $, .STERADIAN. ) SOLID_ANGLE_UNIT ( ) );
#204 = UNCERTAINTY_MEASURE_WITH_UNIT (LENGTH_MEASURE( 1.000000000000000082E-05 ), #3026, 'distance_accuracy_value', 'NONE');
#205 = CARTESIAN_POINT ( 'NONE',  ( 6.980829551598193738, 3.999000000000000110, -0.05018232420238990382 ) ) ;
#206 = PLANE ( 'NONE',  #2232 ) ;
#207 = VERTEX_POINT ( 'NONE', #3033 ) ;
#208 = CARTESIAN_POINT ( 'NONE',  ( 4.050000000000003375, -1.750000000000000000, 3.153652153679527885E-16 ) ) ;
#209 = PRESENTATION_STYLE_ASSIGNMENT (( #1961 ) ) ;
#210 =( NAMED_UNIT ( * ) SI_UNIT ( $, .STERADIAN. ) SOLID_ANGLE_UNIT ( ) );
#211 = CARTESIAN_POINT ( 'NONE',  ( 6.551966942490953905, 3.999000000000000110, -0.007976690110706180156 ) ) ;
#212 = CARTESIAN_POINT ( 'NONE',  ( 7.000000000000001776, 3.900000000000000355, -1.301042606982604138E-15 ) ) ;
#213 =( NAMED_UNIT ( * ) PLANE_ANGLE_UNIT ( ) SI_UNIT ( $, .RADIAN. ) );
#214 = DIRECTION ( 'NONE',  ( 1.835596038252509459E-31, -1.000000000000000000, -2.300720062539715626E-17 ) ) ;
#215 = PRESENTATION_LAYER_ASSIGNMENT (  '', '', ( #2173 ) ) ;
#216 = ORIENTED_EDGE ( 'NONE', *, *, #4295, .F. ) ;
#217 = MECHANICAL_DESIGN_GEOMETRIC_PRESENTATION_REPRESENTATION (  '', ( #2178 ), #4818 ) ;
#218 = DIRECTION ( 'NONE',  ( 1.797281352452778372E-31, -1.000000000000000000, 1.577721810442023611E-30 ) ) ;
#219 = CARTESIAN_POINT ( 'NONE',  ( 7.320312930522453243, 4.000000000000005329, -0.6692785510159484641 ) ) ;
#220 = VECTOR ( 'NONE', #5214, 1000.000000000000000 ) ;
#221 = CARTESIAN_POINT ( 'NONE',  ( 6.955857221398762391, 3.998999999999995669, 0.6160058335457885281 ) ) ;
#222 = ORIENTED_EDGE ( 'NONE', *, *, #3185, .F. ) ;
#223 = FILL_AREA_STYLE_COLOUR ( '', #1475 ) ;
#224 = AXIS2_PLACEMENT_3D ( 'NONE', #43, #3435, #1700 ) ;
#225 = EDGE_CURVE ( 'NONE', #1873, #1873, #1715, .T. ) ;
#226 = AXIS2_PLACEMENT_3D ( 'NONE', #3035, #5560, #66 ) ;
#227 = CARTESIAN_POINT ( 'NONE',  ( 7.574237604706492988, 4.000000000000001776, -0.2876727150003285383 ) ) ;
#228 = DIRECTION ( 'NONE',  ( 0.000000000000000000, 7.205007282611301174E-15, -1.000000000000000000 ) ) ;
#229 = PRESENTATION_STYLE_ASSIGNMENT (( #3755 ) ) ;
#230 = PRESENTATION_STYLE_ASSIGNMENT (( #4122 ) ) ;
#231 = AXIS2_PLACEMENT_3D ( 'NONE', #3254, #3688, #1100 ) ;
#232 = CARTESIAN_POINT ( 'NONE',  ( 7.006995346872563424, 3.999999999999995559, 0.6167285841657266232 ) ) ;
#233 = ORIENTED_EDGE ( 'NONE', *, *, #1310, .F. ) ;
#234 = VERTEX_POINT ( 'NONE', #5038 ) ;
#235 = EDGE_CURVE ( 'NONE', #4154, #1861, #3816, .T. ) ;
#236 = CARTESIAN_POINT ( 'NONE',  ( 6.765257519046333101, 3.999000000000000998, -0.1171523248653970894 ) ) ;
#237 = FILL_AREA_STYLE ('',( #4103 ) ) ;
#238 = CARTESIAN_POINT ( 'NONE',  ( 6.528531572587998433, 4.000000000000000000, -0.02753348122152593502 ) ) ;
#239 = CARTESIAN_POINT ( 'NONE',  ( 6.863662756611013549, 4.000000000000004441, -0.5672015377793864221 ) ) ;
#240 =( LENGTH_UNIT ( ) NAMED_UNIT ( * ) SI_UNIT ( .MILLI., .METRE. ) );
#241 =( NAMED_UNIT ( * ) SI_UNIT ( $, .STERADIAN. ) SOLID_ANGLE_UNIT ( ) );
#242 = DIRECTION ( 'NONE',  ( 0.000000000000000000, 0.000000000000000000, -1.000000000000000000 ) ) ;
#243 = PLANE ( 'NONE',  #5324 ) ;
#244 = CARTESIAN_POINT ( 'NONE',  ( -1.089953900083879823, 2.500000000000000000, 2.992055319899342702 ) ) ;
#245 = ORIENTED_EDGE ( 'NONE', *, *, #464, .F. ) ;
#246 = TOROIDAL_SURFACE ( 'NONE', #1304, 0.5000000000000000000, 0.1000000000000000056 ) ;
#247 = SURFACE_STYLE_FILL_AREA ( #2380 ) ;
#248 = CARTESIAN_POINT ( 'NONE',  ( 7.522097567008822594, 3.999999999999997335, 0.3977449328451380106 ) ) ;
#249 = FACE_OUTER_BOUND ( 'NONE', #3603, .T. ) ;
#250 = EDGE_LOOP ( 'NONE', ( #1630 ) ) ;
#251 = AXIS2_PLACEMENT_3D ( 'NONE', #1886, #117, #1782 ) ;
#252 = CARTESIAN_POINT ( 'NONE',  ( 7.104678775535403723, 3.999999999999995559, 0.6081239371761294477 ) ) ;
#253 = SURFACE_STYLE_FILL_AREA ( #4975 ) ;
#254 = STYLED_ITEM ( 'NONE', ( #4075 ), #3505 ) ;
#255 = CARTESIAN_POINT ( 'NONE',  ( 7.434290014896853371, 4.000000000000004441, -0.5824724284058916401 ) ) ;
#256 = CIRCLE ( 'NONE', #3398, 1.600000000000000533 ) ;
#257 = CARTESIAN_POINT ( 'NONE',  ( 7.521215523381973966, 3.999999999999997335, 0.3293228228354079801 ) ) ;
#258 = CIRCLE ( 'NONE', #3400, 0.7500000000000003331 ) ;
#259 = SURFACE_SIDE_STYLE ('',( #3756 ) ) ;
#260 = SURFACE_SIDE_STYLE ('',( #3267 ) ) ;
#261 = ADVANCED_FACE ( 'NONE', ( #939, #496 ), #4903, .T. ) ;
#262 = EDGE_LOOP ( 'NONE', ( #2631 ) ) ;
#263 = CARTESIAN_POINT ( 'NONE',  ( 1.250000000000002887, -1.150360031269517309E-17, 0.5000000000000003331 ) ) ;
#264 = STYLED_ITEM ( 'NONE', ( #3736 ), #1652 ) ;
#265 = AXIS2_PLACEMENT_3D ( 'NONE', #2048, #453, #156 ) ;
#266 = DIRECTION ( 'NONE',  ( 0.000000000000000000, 1.000000000000000000, 7.205007282611301174E-15 ) ) ;
#267 = CARTESIAN_POINT ( 'NONE',  ( 6.577717654150908366, 4.000000000000000000, 0.01043479107204655677 ) ) ;
#268 = CARTESIAN_POINT ( 'NONE',  ( 7.210673661873652662, 3.998999999999994781, 0.7625828620581134309 ) ) ;
#269 = DIRECTION ( 'NONE',  ( 4.336808689942016750E-16, 0.000000000000000000, 1.000000000000000000 ) ) ;
#270 = ADVANCED_FACE ( 'NONE', ( #4002 ), #2626, .F. ) ;
#271 =( LENGTH_UNIT ( ) NAMED_UNIT ( * ) SI_UNIT ( .MILLI., .METRE. ) );
#272 = STYLED_ITEM ( 'NONE', ( #4272 ), #3323 ) ;
#273 = PRESENTATION_LAYER_ASSIGNMENT (  '', '', ( #4322 ) ) ;
#274 = AXIS2_PLACEMENT_3D ( 'NONE', #909, #3909, #2264 ) ;
#275 = FILL_AREA_STYLE ('',( #2881 ) ) ;
#276 = MECHANICAL_DESIGN_GEOMETRIC_PRESENTATION_REPRESENTATION (  '', ( #2965 ), #3696 ) ;
#277 = VERTEX_POINT ( 'NONE', #2237 ) ;
#278 = PRESENTATION_LAYER_ASSIGNMENT (  '', '', ( #1781 ) ) ;
#279 = AXIS2_PLACEMENT_3D ( 'NONE', #2818, #4563, #4592 ) ;
#280 = DIRECTION ( 'NONE',  ( 0.000000000000000000, -1.000000000000000000, 0.000000000000000000 ) ) ;
#281 = CARTESIAN_POINT ( 'NONE',  ( 6.854375867120642951, 3.998999999999995669, 0.6002958851874864443 ) ) ;
#282 = VERTEX_POINT ( 'NONE', #579 ) ;
#283 = CARTESIAN_POINT ( 'NONE',  ( 7.292673772583843750, 3.998999999999996557, 0.4790013199497084595 ) ) ;
#284 = DIRECTION ( 'NONE',  ( 0.000000000000000000, -2.300720062539084845E-17, 1.000000000000000000 ) ) ;
#285 = CARTESIAN_POINT ( 'NONE',  ( 7.558562385030973552, 4.000000000000002665, -0.3613172733875325005 ) ) ;
#286 =( NAMED_UNIT ( * ) SI_UNIT ( $, .STERADIAN. ) SOLID_ANGLE_UNIT ( ) );
#287 = CARTESIAN_POINT ( 'NONE',  ( 7.522273571871333608, 3.999999999999997335, 0.3623550998582215077 ) ) ;
#288 = CARTESIAN_POINT ( 'NONE',  ( 6.619471763798618014, 4.000000000000002665, -0.3029168071151744912 ) ) ;
#289 = CARTESIAN_POINT ( 'NONE',  ( 7.000000000000001776, 0.000000000000000000, -1.301042606982604138E-15 ) ) ;
#290 = ORIENTED_EDGE ( 'NONE', *, *, #5542, .F. ) ;
#291 = VERTEX_POINT ( 'NONE', #1140 ) ;
#292 = VERTEX_POINT ( 'NONE', #2296 ) ;
#293 = CARTESIAN_POINT ( 'NONE',  ( 6.778821101195773302, 4.000000000000000888, -0.1112358407058613025 ) ) ;
#294 = CARTESIAN_POINT ( 'NONE',  ( 6.507149509629688744, 3.999000000000000110, -0.04801150445969547959 ) ) ;
#295 = UNCERTAINTY_MEASURE_WITH_UNIT (LENGTH_MEASURE( 1.000000000000000082E-05 ), #16, 'distance_accuracy_value', 'NONE');
#296 = CARTESIAN_POINT ( 'NONE',  ( 7.144161768580693739, 3.998999999999994781, 0.7785488036771606168 ) ) ;
#297 = CARTESIAN_POINT ( 'NONE',  ( 0.6257359312880770297, -0.2000000000000000389, 1.999999999999998224 ) ) ;
#298 = ADVANCED_FACE ( 'NONE', ( #997 ), #2969, .T. ) ;
#299 = DIRECTION ( 'NONE',  ( 0.000000000000000000, -1.000000000000000000, -7.228014483236699908E-15 ) ) ;
#300 = COLOUR_RGB ( '',0.1019607843137254888, 0.1019607843137254888, 0.1019607843137254888 ) ;
#301 = VECTOR ( 'NONE', #101, 1000.000000000000114 ) ;
#302 = FILL_AREA_STYLE_COLOUR ( '', #1231 ) ;
#303 = ORIENTED_EDGE ( 'NONE', *, *, #5250, .T. ) ;
#304 = CARTESIAN_POINT ( 'NONE',  ( 7.000000000000002665, 1.000000000000000000, -1.750000000000003997 ) ) ;
#305 = EDGE_CURVE ( 'NONE', #3578, #200, #2361, .T. ) ;
#306 = ADVANCED_FACE ( 'NONE', ( #1980 ), #2783, .F. ) ;
#307 = CLOSED_SHELL ( 'NONE', ( #75, #4603, #3604, #1132, #261, #2256, #1652, #4683 ) ) ;
#308 = EDGE_LOOP ( 'NONE', ( #5175 ) ) ;
#309 = PRESENTATION_LAYER_ASSIGNMENT (  '', '', ( #139 ) ) ;
#310 = FACE_BOUND ( 'NONE', #4202, .T. ) ;
#311 = MECHANICAL_DESIGN_GEOMETRIC_PRESENTATION_REPRESENTATION (  '', ( #5098 ), #2002 ) ;
#312 = CARTESIAN_POINT ( 'NONE',  ( 6.848010113053358161, 3.998999999999994781, 0.7782042745968344999 ) ) ;
#313 = FACE_OUTER_BOUND ( 'NONE', #3758, .T. ) ;
#314 = CARTESIAN_POINT ( 'NONE',  ( 6.796044481997387976, 3.999000000000000998, -0.1041679336079133072 ) ) ;
#315 = EDGE_LOOP ( 'NONE', ( #698 ) ) ;
#316 = CARTESIAN_POINT ( 'NONE',  ( 6.657551825761647279, 3.999000000000003219, -0.4427809449867749492 ) ) ;
#317 = EDGE_LOOP ( 'NONE', ( #4490 ) ) ;
#318 = COLOUR_RGB ( '',0.7921568627450980005, 0.8196078431372548767, 0.9333333333333333481 ) ;
#319 = CARTESIAN_POINT ( 'NONE',  ( -1.249999999999997113, -1.150360031269517309E-17, 0.5000000000000003331 ) ) ;
#320 = CARTESIAN_POINT ( 'NONE',  ( -7.337820942236751520, 3.999000000000000110, -0.3414971029997947438 ) ) ;
#321 = CARTESIAN_POINT ( 'NONE',  ( 6.407871320485583055, 3.999000000000001886, -0.2743276653845554414 ) ) ;
#322 = CIRCLE ( 'NONE', #2915, 0.4000000000000000222 ) ;
#323 = CARTESIAN_POINT ( 'NONE',  ( 7.424329242767362835, 3.998999999999995669, 0.6366416849614164875 ) ) ;
#324 = CYLINDRICAL_SURFACE ( 'NONE', #5097, 1.500000000000000000 ) ;
#325 = CARTESIAN_POINT ( 'NONE',  ( 3.750000000000003109, 1.500000000000000000, 4.067926551165603762E-16 ) ) ;
#326 = STYLED_ITEM ( 'NONE', ( #4793 ), #4584 ) ;
#327 = SURFACE_STYLE_FILL_AREA ( #275 ) ;
#328 =( NAMED_UNIT ( * ) PLANE_ANGLE_UNIT ( ) SI_UNIT ( $, .RADIAN. ) );
#329 = FILL_AREA_STYLE_COLOUR ( '', #1775 ) ;
#330 = DIRECTION ( 'NONE',  ( -1.000000000000000000, 0.000000000000000000, -0.000000000000000000 ) ) ;
#331 = EDGE_CURVE ( 'NONE', #2802, #277, #1963, .T. ) ;
#332 =( LENGTH_UNIT ( ) NAMED_UNIT ( * ) SI_UNIT ( .MILLI., .METRE. ) );
#333 = CARTESIAN_POINT ( 'NONE',  ( 7.257486966580382948, 3.998999999999998334, 0.2604588708326004975 ) ) ;
#334 = LINE ( 'NONE', #3718, #2848 ) ;
#335 = EDGE_CURVE ( 'NONE', #5451, #207, #5441, .T. ) ;
#336 = ORIENTED_EDGE ( 'NONE', *, *, #2751, .T. ) ;
#337 =( LENGTH_UNIT ( ) NAMED_UNIT ( * ) SI_UNIT ( .MILLI., .METRE. ) );
#338 = LINE ( 'NONE', #5058, #5048 ) ;
#339 = STYLED_ITEM ( 'NONE', ( #5370 ), #1869 ) ;
#340 = CARTESIAN_POINT ( 'NONE',  ( 7.188136736077813893, 4.000000000000000000, 0.009079984842807491477 ) ) ;
#341 = UNCERTAINTY_MEASURE_WITH_UNIT (LENGTH_MEASURE( 1.000000000000000082E-05 ), #1384, 'distance_accuracy_value', 'NONE');
#342 = EDGE_LOOP ( 'NONE', ( #592 ) ) ;
#343 = CARTESIAN_POINT ( 'NONE',  ( 6.627873436521498185, 3.999000000000002331, -0.3795162313837874279 ) ) ;
#344 = VERTEX_POINT ( 'NONE', #1291 ) ;
#345 = LINE ( 'NONE', #2984, #2320 ) ;
#346 = DIRECTION ( 'NONE',  ( 1.835596038252498950E-31, -1.000000000000000000, -2.300720062539084537E-17 ) ) ;
#347 = FILL_AREA_STYLE ('',( #787 ) ) ;
#348 = PRESENTATION_LAYER_ASSIGNMENT (  '', '', ( #4952 ) ) ;
#349 =( LENGTH_UNIT ( ) NAMED_UNIT ( * ) SI_UNIT ( .MILLI., .METRE. ) );
#350 = VECTOR ( 'NONE', #4102, 1000.000000000000000 ) ;
#351 = FILL_AREA_STYLE ('',( #4218 ) ) ;
#352 = CARTESIAN_POINT ( 'NONE',  ( 6.961513408888073684, 4.000000000000004441, -0.5754786291674005572 ) ) ;
#353 = DIRECTION ( 'NONE',  ( 0.000000000000000000, 0.000000000000000000, -1.000000000000000000 ) ) ;
#354 = FACE_OUTER_BOUND ( 'NONE', #719, .T. ) ;
#355 = COLOUR_RGB ( '',0.1019607843137254888, 0.1019607843137254888, 0.1019607843137254888 ) ;
#356 = DIRECTION ( 'NONE',  ( 5.782411586589354681E-16, 0.000000000000000000, 1.000000000000000000 ) ) ;
#357 = MECHANICAL_DESIGN_GEOMETRIC_PRESENTATION_REPRESENTATION (  '', ( #5323 ), #4871 ) ;
#358 = VECTOR ( 'NONE', #2623, 1000.000000000000000 ) ;
#359 = DIRECTION ( 'NONE',  ( 1.835596038252498950E-31, -1.000000000000000000, -2.300720062539084537E-17 ) ) ;
#360 = SURFACE_SIDE_STYLE ('',( #2407 ) ) ;
#361 =( NAMED_UNIT ( * ) SI_UNIT ( $, .STERADIAN. ) SOLID_ANGLE_UNIT ( ) );
#362 = ORIENTED_EDGE ( 'NONE', *, *, #2880, .F. ) ;
#363 = SURFACE_STYLE_FILL_AREA ( #2919 ) ;
#364 = B_SPLINE_SURFACE_WITH_KNOTS ( 'NONE', 3, 1, ( 
 ( #1108, #5426 ),
 ( #1554, #1056 ),
 ( #2803, #2749 ),
 ( #4546, #1003 ),
 ( #5341, #252 ),
 ( #4525, #2301 ),
 ( #4035, #3662 ),
 ( #2354, #1866 ),
 ( #4916, #1031 ),
 ( #1919, #1948 ),
 ( #1522, #3261 ),
 ( #5002, #2832 ),
 ( #690, #2412 ),
 ( #283, #5557 ),
 ( #5526, #3290 ),
 ( #2085, #824 ),
 ( #3752, #5056 ),
 ( #1160, #4169 ),
 ( #2552, #5028 ) ),
 .UNSPECIFIED., .F., .F., .F.,
 ( 4, 1, 1, 1, 1, 1, 1, 1, 1, 1, 1, 1, 1, 1, 1, 1, 4 ),
 ( 2, 2 ),
 ( 0.000000000000000000, 0.09151103632803719856, 0.1771428603141479985, 0.2571084852282354838, 0.3311983993883854671, 0.4005922945239575039, 0.4656249598049639893, 0.5269734913138600652, 0.5854431157040229650, 0.6413985080863310317, 0.6950441672657240444, 0.7467815514927479414, 0.7969589345766999733, 0.8475448623598800246, 0.8974385414187390220, 0.9476489188871289882, 1.000000000000000000 ),
 ( 0.000000000000000000, 1.000000000000000000 ),
 .UNSPECIFIED. ) ;
#365 = CARTESIAN_POINT ( 'NONE',  ( -3.749999999999996891, 3.997857139782515112, 4.642612225927707832E-16 ) ) ;
#366 = ADVANCED_FACE ( 'NONE', ( #5220 ), #4765, .T. ) ;
#367 = DIRECTION ( 'NONE',  ( 0.000000000000000000, -1.000000000000000000, 0.000000000000000000 ) ) ;
#368 = MECHANICAL_DESIGN_GEOMETRIC_PRESENTATION_REPRESENTATION (  '', ( #892 ), #4063 ) ;
#369 = FILL_AREA_STYLE_COLOUR ( '', #5014 ) ;
#370 = ORIENTED_EDGE ( 'NONE', *, *, #1114, .T. ) ;
#371 = ORIENTED_EDGE ( 'NONE', *, *, #3823, .T. ) ;
#372 = EDGE_CURVE ( 'NONE', #1467, #5451, #3456, .T. ) ;
#373 = CARTESIAN_POINT ( 'NONE',  ( 1.250000000000002887, 2.494438317560252532E-31, 3.722819561778043863E-16 ) ) ;
#374 = ADVANCED_FACE ( 'NONE', ( #2144 ), #5252, .F. ) ;
#375 =( NAMED_UNIT ( * ) SI_UNIT ( $, .STERADIAN. ) SOLID_ANGLE_UNIT ( ) );
#376 = CARTESIAN_POINT ( 'NONE',  ( -6.999999999999997335, 3.000000000000000000, -3.499999999999997335 ) ) ;
#377 = SURFACE_STYLE_USAGE ( .BOTH. , #5044 ) ;
#378 = CARTESIAN_POINT ( 'NONE',  ( 7.002078312734233201, 3.999999999999994227, 0.7899059862172155277 ) ) ;
#379 = COLOUR_RGB ( '',0.7921568627450980005, 0.8196078431372548767, 0.9333333333333333481 ) ;
#380 = PLANE ( 'NONE',  #2499 ) ;
#381 = SURFACE_STYLE_USAGE ( .BOTH. , #1686 ) ;
#382 = DIRECTION ( 'NONE',  ( -1.000000000000000000, 0.000000000000000000, 4.336808689942016750E-16 ) ) ;
#383 = VERTEX_POINT ( 'NONE', #2657 ) ;
#384 = CARTESIAN_POINT ( 'NONE',  ( 7.311273024272693100, 3.999999999999997335, 0.3929708900633694935 ) ) ;
#385 = COLOUR_RGB ( '',0.8980392156862745390, 0.8980392156862745390, 0.8980392156862745390 ) ;
#386 = PRESENTATION_STYLE_ASSIGNMENT (( #827 ) ) ;
#387 = DIRECTION ( 'NONE',  ( 0.000000000000000000, 0.000000000000000000, -1.000000000000000000 ) ) ;
#388 = UNCERTAINTY_MEASURE_WITH_UNIT (LENGTH_MEASURE( 1.000000000000000082E-05 ), #5155, 'distance_accuracy_value', 'NONE');
#389 = AXIS2_PLACEMENT_3D ( 'NONE', #461, #1682, #4331 ) ;
#390 = SURFACE_SIDE_STYLE ('',( #4259 ) ) ;
#391 = CARTESIAN_POINT ( 'NONE',  ( 7.112595538457993527, 4.000000000000000000, -0.01465952635617721184 ) ) ;
#392 = VERTEX_POINT ( 'NONE', #4395 ) ;
#393 =( LENGTH_UNIT ( ) NAMED_UNIT ( * ) SI_UNIT ( .MILLI., .METRE. ) );
#394 = ORIENTED_EDGE ( 'NONE', *, *, #37, .T. ) ;
#395 = SURFACE_STYLE_FILL_AREA ( #839 ) ;
#396 = ADVANCED_FACE ( 'NONE', ( #683, #5420 ), #4960, .T. ) ;
#397 = STYLED_ITEM ( 'NONE', ( #116 ), #2033 ) ;
#398 = CARTESIAN_POINT ( 'NONE',  ( 7.366638531611883423, 4.000000000000001776, -0.2290872587537869931 ) ) ;
#399 = CARTESIAN_POINT ( 'NONE',  ( 6.952198505041923049, 3.999000000000004995, -0.7485555522443234633 ) ) ;
#400 = DIRECTION ( 'NONE',  ( -2.891205793294678326E-16, 0.000000000000000000, 1.000000000000000000 ) ) ;
#401 = SURFACE_STYLE_USAGE ( .BOTH. , #3193 ) ;
#402 = CIRCLE ( 'NONE', #2911, 3.499999999999999556 ) ;
#403 = COLOUR_RGB ( '',0.1019607843137254888, 0.1019607843137254888, 0.1019607843137254888 ) ;
#404 = CARTESIAN_POINT ( 'NONE',  ( 6.444167976967122513, 3.999000000000003219, -0.4750273629506954753 ) ) ;
#405 = ORIENTED_EDGE ( 'NONE', *, *, #1112, .F. ) ;
#406 = EDGE_CURVE ( 'NONE', #3616, #3616, #4784, .T. ) ;
#407 = MECHANICAL_DESIGN_GEOMETRIC_PRESENTATION_REPRESENTATION (  '', ( #1826 ), #59 ) ;
#408 = VECTOR ( 'NONE', #3221, 1000.000000000000000 ) ;
#409 = CARTESIAN_POINT ( 'NONE',  ( 6.661400929086088496, 3.998999999999997446, 0.3793560576937685669 ) ) ;
#410 = UNCERTAINTY_MEASURE_WITH_UNIT (LENGTH_MEASURE( 1.000000000000000082E-05 ), #1458, 'distance_accuracy_value', 'NONE');
#411 = CARTESIAN_POINT ( 'NONE',  ( -0.9999999999999997780, -0.2500000000000026090, 1.999999999999998224 ) ) ;
#412 = B_SPLINE_SURFACE_WITH_KNOTS ( 'NONE', 3, 1, ( 
 ( #3384, #3878 ),
 ( #5516, #2133 ),
 ( #5124, #4671 ),
 ( #1649, #764 ),
 ( #404, #1249 ),
 ( #1222, #814 ),
 ( #3445, #1678 ),
 ( #2541, #4269 ),
 ( #2104, #5570 ),
 ( #2569, #3848 ),
 ( #4729, #5182 ),
 ( #870, #5241 ),
 ( #1815, #3502 ),
 ( #3560, #2306 ),
 ( #4356, #5297 ),
 ( #4387, #4475 ),
 ( #3052, #4417 ),
 ( #3961, #591 ),
 ( #5207, #3931 ) ),
 .UNSPECIFIED., .F., .F., .F.,
 ( 4, 1, 1, 1, 1, 1, 1, 1, 1, 1, 1, 1, 1, 1, 1, 1, 4 ),
 ( 2, 2 ),
 ( 0.000000000000000000, 0.07481596665055580131, 0.1485345605139199998, 0.2238723272963845101, 0.3012971209351249513, 0.3408936290197579488, 0.3803400620654399655, 0.4201265887284650336, 0.4599499070829670133, 0.5008311555562169337, 0.5419071755971089921, 0.5844387941530519992, 0.6280801713306070067, 0.7172666799070609445, 0.8078600064218679488, 0.9019246558363439581, 1.000000000000000000 ),
 ( 0.000000000000000000, 1.000000000000000000 ),
 .UNSPECIFIED. ) ;
#413 =( GEOMETRIC_REPRESENTATION_CONTEXT ( 3 ) GLOBAL_UNCERTAINTY_ASSIGNED_CONTEXT ( ( #100 ) ) GLOBAL_UNIT_ASSIGNED_CONTEXT ( ( #853, #3883, #4050 ) ) REPRESENTATION_CONTEXT ( 'NONE', 'WORKASPACE' ) );
#414 = VERTEX_POINT ( 'NONE', #5387 ) ;
#415 = CARTESIAN_POINT ( 'NONE',  ( 7.188136736077813893, 4.000000000000000000, 0.009079984842807491477 ) ) ;
#416 =( NAMED_UNIT ( * ) PLANE_ANGLE_UNIT ( ) SI_UNIT ( $, .RADIAN. ) );
#417 = EDGE_LOOP ( 'NONE', ( #4822 ) ) ;
#418 = PLANE ( 'NONE',  #3880 ) ;
#419 = UNCERTAINTY_MEASURE_WITH_UNIT (LENGTH_MEASURE( 1.000000000000000082E-05 ), #4847, 'distance_accuracy_value', 'NONE');
#420 = SURFACE_SIDE_STYLE ('',( #2555 ) ) ;
#421 = FILL_AREA_STYLE_COLOUR ( '', #2047 ) ;
#422 = CARTESIAN_POINT ( 'NONE',  ( 6.512498334798467958, 3.998999999999995669, 0.5726245306513846334 ) ) ;
#423 = LINE ( 'NONE', #805, #3218 ) ;
#424 = CARTESIAN_POINT ( 'NONE',  ( 7.151913475151203237, 3.999000000000000110, -0.002565190661762552921 ) ) ;
#425 = EDGE_LOOP ( 'NONE', ( #222 ) ) ;
#426 = ORIENTED_EDGE ( 'NONE', *, *, #3362, .F. ) ;
#427 = CARTESIAN_POINT ( 'NONE',  ( 7.124787461752032591, 4.000000000000004441, -0.5500548952347914522 ) ) ;
#428 = CARTESIAN_POINT ( 'NONE',  ( 6.961513408888073684, 3.999000000000004107, -0.5754786291674005572 ) ) ;
#429 = DIRECTION ( 'NONE',  ( -0.6401843996644827062, -0.000000000000000000, 0.7682212795973734076 ) ) ;
#430 = CARTESIAN_POINT ( 'NONE',  ( -6.999999999999999112, 2.299999999999999822, -2.499999999999998668 ) ) ;
#431 = VERTEX_POINT ( 'NONE', #4026 ) ;
#432 = MECHANICAL_DESIGN_GEOMETRIC_PRESENTATION_REPRESENTATION (  '', ( #4304 ), #5484 ) ;
#433 = MECHANICAL_DESIGN_GEOMETRIC_PRESENTATION_REPRESENTATION (  '', ( #254 ), #5310 ) ;
#434 = SURFACE_STYLE_FILL_AREA ( #875 ) ;
#435 = EDGE_CURVE ( 'NONE', #3002, #3896, #4539, .T. ) ;
#436 =( NAMED_UNIT ( * ) PLANE_ANGLE_UNIT ( ) SI_UNIT ( $, .RADIAN. ) );
#437 = PRESENTATION_LAYER_ASSIGNMENT (  '', '', ( #88 ) ) ;
#438 = CARTESIAN_POINT ( 'NONE',  ( 6.796044481997387976, 4.000000000000000888, -0.1041679336079133072 ) ) ;
#439 = ADVANCED_FACE ( 'NONE', ( #5356, #4110 ), #3782, .T. ) ;
#440 =( GEOMETRIC_REPRESENTATION_CONTEXT ( 3 ) GLOBAL_UNCERTAINTY_ASSIGNED_CONTEXT ( ( #2992 ) ) GLOBAL_UNIT_ASSIGNED_CONTEXT ( ( #4660, #4688, #3347 ) ) REPRESENTATION_CONTEXT ( 'NONE', 'WORKASPACE' ) );
#441 = PRESENTATION_LAYER_ASSIGNMENT (  '', '', ( #2595 ) ) ;
#442 = ORIENTED_EDGE ( 'NONE', *, *, #3632, .T. ) ;
#443 = CARTESIAN_POINT ( 'NONE',  ( -6.607051711467516242, 4.000000000000000000, -0.7222062376151787699 ) ) ;
#444 =( GEOMETRIC_REPRESENTATION_CONTEXT ( 3 ) GLOBAL_UNCERTAINTY_ASSIGNED_CONTEXT ( ( #5166 ) ) GLOBAL_UNIT_ASSIGNED_CONTEXT ( ( #4515, #4907, #4882 ) ) REPRESENTATION_CONTEXT ( 'NONE', 'WORKASPACE' ) );
#445 = FACE_OUTER_BOUND ( 'NONE', #5050, .T. ) ;
#446 = FACE_OUTER_BOUND ( 'NONE', #3661, .T. ) ;
#447 = VECTOR ( 'NONE', #1659, 1000.000000000000000 ) ;
#448 =( NAMED_UNIT ( * ) SI_UNIT ( $, .STERADIAN. ) SOLID_ANGLE_UNIT ( ) );
#449 = CARTESIAN_POINT ( 'NONE',  ( -0.8594875162046679007, 3.000000000000000000, 3.099999999999997868 ) ) ;
#450 = ORIENTED_EDGE ( 'NONE', *, *, #5202, .T. ) ;
#451 = CARTESIAN_POINT ( 'NONE',  ( 3.750000000000003109, 2.494438317560252532E-31, 3.722819561778043863E-16 ) ) ;
#452 = PRESENTATION_LAYER_ASSIGNMENT (  '', '', ( #4425 ) ) ;
#453 = DIRECTION ( 'NONE',  ( -1.835596037908135107E-31, 1.000000000000000000, 2.300720041860673629E-17 ) ) ;
#454 = CARTESIAN_POINT ( 'NONE',  ( 6.640432345232552436, 4.000000000000002665, -0.4115837402944189649 ) ) ;
#455 = UNCERTAINTY_MEASURE_WITH_UNIT (LENGTH_MEASURE( 1.000000000000000082E-05 ), #2791, 'distance_accuracy_value', 'NONE');
#456 = CARTESIAN_POINT ( 'NONE',  ( 7.176530127878013587, 3.999000000000004995, -0.7244077675645994585 ) ) ;
#457 = FILL_AREA_STYLE_COLOUR ( '', #4717 ) ;
#458 = FILL_AREA_STYLE ('',( #2220 ) ) ;
#459 =( NAMED_UNIT ( * ) PLANE_ANGLE_UNIT ( ) SI_UNIT ( $, .RADIAN. ) );
#460 = ORIENTED_EDGE ( 'NONE', *, *, #305, .T. ) ;
#461 = CARTESIAN_POINT ( 'NONE',  ( -1.249999999999997113, 2.494438317560252532E-31, 3.722819561778043863E-16 ) ) ;
#462 = CARTESIAN_POINT ( 'NONE',  ( 6.798783916378543069, 3.999999999999995559, 0.5789928395723874521 ) ) ;
#463 = PRESENTATION_STYLE_ASSIGNMENT (( #1227 ) ) ;
#464 = EDGE_CURVE ( 'NONE', #1246, #2021, #3253, .T. ) ;
#465 = SURFACE_SIDE_STYLE ('',( #3089 ) ) ;
#466 =( LENGTH_UNIT ( ) NAMED_UNIT ( * ) SI_UNIT ( .MILLI., .METRE. ) );
#467 = CARTESIAN_POINT ( 'NONE',  ( 7.123694651498372998, 3.998999999999998334, 0.1938948734512274952 ) ) ;
#468 = EDGE_LOOP ( 'NONE', ( #4418, #4684, #370, #975 ) ) ;
#469 =( NAMED_UNIT ( * ) SI_UNIT ( $, .STERADIAN. ) SOLID_ANGLE_UNIT ( ) );
#470 = CARTESIAN_POINT ( 'NONE',  ( 7.000000000000001776, 2.299999999999999822, -1.301042606982604138E-15 ) ) ;
#471 = EDGE_CURVE ( 'NONE', #4261, #392, #1023, .T. ) ;
#472 = DIRECTION ( 'NONE',  ( -1.000000000000000000, -0.000000000000000000, -0.000000000000000000 ) ) ;
#473 = MECHANICAL_DESIGN_GEOMETRIC_PRESENTATION_REPRESENTATION (  '', ( #5355 ), #4359 ) ;
#474 = AXIS2_PLACEMENT_3D ( 'NONE', #2343, #3165, #1901 ) ;
#475 = DIRECTION ( 'NONE',  ( -1.000000000000000000, 0.000000000000000000, 0.000000000000000000 ) ) ;
#476 = ORIENTED_EDGE ( 'NONE', *, *, #435, .F. ) ;
#477 = SURFACE_SIDE_STYLE ('',( #2641 ) ) ;
#478 = ORIENTED_EDGE ( 'NONE', *, *, #1747, .F. ) ;
#479 =( GEOMETRIC_REPRESENTATION_CONTEXT ( 3 ) GLOBAL_UNCERTAINTY_ASSIGNED_CONTEXT ( ( #4690 ) ) GLOBAL_UNIT_ASSIGNED_CONTEXT ( ( #1007, #4892, #1893 ) ) REPRESENTATION_CONTEXT ( 'NONE', 'WORKASPACE' ) );
#480 = CARTESIAN_POINT ( 'NONE',  ( 6.796044481997387976, 3.999000000000000998, -0.1041679336079133072 ) ) ;
#481 = CARTESIAN_POINT ( 'NONE',  ( 1.250000000000000222, 0.000000000000000000, 1.999999999999998224 ) ) ;
#482 = SURFACE_STYLE_FILL_AREA ( #507 ) ;
#483 = ORIENTED_EDGE ( 'NONE', *, *, #5189, .T. ) ;
#484 = DIRECTION ( 'NONE',  ( 2.278763838549589087E-31, -1.000000000000000000, -2.891205793294683750E-16 ) ) ;
#485 = VECTOR ( 'NONE', #1004, 1000.000000000000114 ) ;
#486 = CARTESIAN_POINT ( 'NONE',  ( 6.635689227024712977, 4.000000000000000000, 0.04440391425230461736 ) ) ;
#487 = CARTESIAN_POINT ( 'NONE',  ( 6.885749180271222514, 3.999999999999995559, 0.6077330309875936809 ) ) ;
#488 = STYLED_ITEM ( 'NONE', ( #985 ), #3919 ) ;
#489 = PRESENTATION_LAYER_ASSIGNMENT (  '', '', ( #2088 ) ) ;
#490 = FACE_OUTER_BOUND ( 'NONE', #3209, .T. ) ;
#491 = PRESENTATION_LAYER_ASSIGNMENT (  '', '', ( #4105 ) ) ;
#492 = CIRCLE ( 'NONE', #3648, 1.500000000000000000 ) ;
#493 =( GEOMETRIC_REPRESENTATION_CONTEXT ( 3 ) GLOBAL_UNCERTAINTY_ASSIGNED_CONTEXT ( ( #3982 ) ) GLOBAL_UNIT_ASSIGNED_CONTEXT ( ( #3853, #4303, #1654 ) ) REPRESENTATION_CONTEXT ( 'NONE', 'WORKASPACE' ) );
#494 = CARTESIAN_POINT ( 'NONE',  ( 6.555929896693292847, 3.998999999999995669, 0.6293171949763775030 ) ) ;
#495 = ORIENTED_EDGE ( 'NONE', *, *, #973, .F. ) ;
#496 = FACE_OUTER_BOUND ( 'NONE', #2706, .T. ) ;
#497 = COLOUR_RGB ( '',0.9529411764705881804, 0.7960784313725489669, 0.4862745098039215619 ) ;
#498 = CARTESIAN_POINT ( 'NONE',  ( 6.408209692015049086, 3.999000000000002331, -0.3231471989413884360 ) ) ;
#499 = ADVANCED_FACE ( 'NONE', ( #2793 ), #243, .F. ) ;
#500 = SURFACE_STYLE_FILL_AREA ( #3950 ) ;
#501 = CARTESIAN_POINT ( 'NONE',  ( -1.249999999999999778, -0.5000000000000000000, 2.499999999999998224 ) ) ;
#502 = ORIENTED_EDGE ( 'NONE', *, *, #435, .T. ) ;
#503 = ORIENTED_EDGE ( 'NONE', *, *, #4046, .T. ) ;
#504 = SURFACE_STYLE_USAGE ( .BOTH. , #4864 ) ;
#505 = CARTESIAN_POINT ( 'NONE',  ( 6.818654643749748168, 3.999000000000004107, -0.5567739711306933792 ) ) ;
#506 = CARTESIAN_POINT ( 'NONE',  ( 7.257486966580382948, 3.999999999999998224, 0.2604588708326004975 ) ) ;
#507 = FILL_AREA_STYLE ('',( #3474 ) ) ;
#508 = EDGE_LOOP ( 'NONE', ( #19, #2944, #426, #1971 ) ) ;
#509 = DIRECTION ( 'NONE',  ( 1.000000000000000000, -0.000000000000000000, -4.336808689942016750E-16 ) ) ;
#510 = AXIS2_PLACEMENT_3D ( 'NONE', #4479, #5434, #1929 ) ;
#511 = CARTESIAN_POINT ( 'NONE',  ( 6.410928914104492726, 4.000000000000001776, -0.2456847707926879398 ) ) ;
#512 = CARTESIAN_POINT ( 'NONE',  ( 6.605700443073193817, 3.999000000000000110, 0.02773969041767360838 ) ) ;
#513 = SURFACE_SIDE_STYLE ('',( #4391 ) ) ;
#514 = DIRECTION ( 'NONE',  ( 0.000000000000000000, -2.710505431213761085E-17, 1.000000000000000000 ) ) ;
#515 = DIRECTION ( 'NONE',  ( 1.000000000000000000, 0.000000000000000000, 0.000000000000000000 ) ) ;
#516 = PRESENTATION_LAYER_ASSIGNMENT (  '', '', ( #2594 ) ) ;
#517 = COLOUR_RGB ( '',0.9529411764705881804, 0.7960784313725489669, 0.4862745098039215619 ) ;
#518 = CARTESIAN_POINT ( 'NONE',  ( -6.999999999999998224, 0.000000000000000000, 2.500000000000003997 ) ) ;
#519 = CIRCLE ( 'NONE', #3682, 0.7500000000000003331 ) ;
#520 = VERTEX_POINT ( 'NONE', #1604 ) ;
#521 = COLOUR_RGB ( '',0.1019607843137254888, 0.1019607843137254888, 0.1019607843137254888 ) ;
#522 = DIRECTION ( 'NONE',  ( 2.891205793294678326E-16, 0.000000000000000000, -1.000000000000000000 ) ) ;
#523 =( GEOMETRIC_REPRESENTATION_CONTEXT ( 3 ) GLOBAL_UNCERTAINTY_ASSIGNED_CONTEXT ( ( #3583 ) ) GLOBAL_UNIT_ASSIGNED_CONTEXT ( ( #1172, #459, #2511 ) ) REPRESENTATION_CONTEXT ( 'NONE', 'WORKASPACE' ) );
#524 = PRESENTATION_STYLE_ASSIGNMENT (( #940 ) ) ;
#525 = CARTESIAN_POINT ( 'NONE',  ( 7.306750374942782678, 3.998999999999996557, 0.4374589624498379514 ) ) ;
#526 = CARTESIAN_POINT ( 'NONE',  ( 7.522811485811152998, 3.999999999999997335, 0.3791487746787539637 ) ) ;
#527 = CARTESIAN_POINT ( 'NONE',  ( 6.834705463551087767, 3.998999999999999222, 0.1158028218502980961 ) ) ;
#528 = CARTESIAN_POINT ( 'NONE',  ( 6.625717366120718488, 3.999999999999994671, 0.6904871320421255287 ) ) ;
#529 = ORIENTED_EDGE ( 'NONE', *, *, #3769, .F. ) ;
#530 = FILL_AREA_STYLE_COLOUR ( '', #2689 ) ;
#531 = MECHANICAL_DESIGN_GEOMETRIC_PRESENTATION_REPRESENTATION (  '', ( #5414 ), #2601 ) ;
#532 = CARTESIAN_POINT ( 'NONE',  ( 6.535962641769427428, 3.999999999999995559, 0.6060413505477434404 ) ) ;
#533 = EDGE_CURVE ( 'NONE', #3177, #3888, #4231, .T. ) ;
#534 = CARTESIAN_POINT ( 'NONE',  ( 7.047529871898612797, 4.000000000000005329, -0.7449595333182724710 ) ) ;
#535 = PRESENTATION_LAYER_ASSIGNMENT (  '', '', ( #2965 ) ) ;
#536 = UNCERTAINTY_MEASURE_WITH_UNIT (LENGTH_MEASURE( 1.000000000000000082E-05 ), #337, 'distance_accuracy_value', 'NONE');
#537 =( LENGTH_UNIT ( ) NAMED_UNIT ( * ) SI_UNIT ( .MILLI., .METRE. ) );
#538 = EDGE_LOOP ( 'NONE', ( #4388 ) ) ;
#539 = CARTESIAN_POINT ( 'NONE',  ( 4.150000000000003020, -1.649999999999999911, 3.121154890382365663E-16 ) ) ;
#540 = EDGE_CURVE ( 'NONE', #1767, #1767, #1599, .T. ) ;
#541 = CARTESIAN_POINT ( 'NONE',  ( 6.407871320485583055, 4.000000000000001776, -0.2743276653845554414 ) ) ;
#542 = SURFACE_STYLE_USAGE ( .BOTH. , #2682 ) ;
#543 = DIRECTION ( 'NONE',  ( 0.000000000000000000, 1.000000000000000000, -0.000000000000000000 ) ) ;
#544 = DIRECTION ( 'NONE',  ( 0.000000000000000000, -1.000000000000000000, 0.000000000000000000 ) ) ;
#545 = CARTESIAN_POINT ( 'NONE',  ( 7.173285491209483666, 3.999000000000003219, -0.5299747027306064284 ) ) ;
#546 = ORIENTED_EDGE ( 'NONE', *, *, #4790, .T. ) ;
#547 = CARTESIAN_POINT ( 'NONE',  ( -7.337820942236751520, 4.000000000000000000, -0.3414971029997947438 ) ) ;
#548 = DIRECTION ( 'NONE',  ( 4.956352788505160310E-16, 0.000000000000000000, 1.000000000000000000 ) ) ;
#549 = CIRCLE ( 'NONE', #2534, 1.399999999999999911 ) ;
#550 = SURFACE_STYLE_USAGE ( .BOTH. , #5309 ) ;
#551 = CARTESIAN_POINT ( 'NONE',  ( 7.301357158888083454, 3.999000000000000110, 0.05493002467875417183 ) ) ;
#552 = CARTESIAN_POINT ( 'NONE',  ( 7.465121248552753386, 3.998999999999995669, 0.5827038532333064236 ) ) ;
#553 = CARTESIAN_POINT ( 'NONE',  ( 0.000000000000000000, -0.5000000000000000000, 0.000000000000000000 ) ) ;
#554 = ORIENTED_EDGE ( 'NONE', *, *, #4366, .F. ) ;
#555 = CARTESIAN_POINT ( 'NONE',  ( 6.911492696973202676, 3.999000000000004107, -0.5745527990660395101 ) ) ;
#556 =( GEOMETRIC_REPRESENTATION_CONTEXT ( 3 ) GLOBAL_UNCERTAINTY_ASSIGNED_CONTEXT ( ( #4176 ) ) GLOBAL_UNIT_ASSIGNED_CONTEXT ( ( #694, #2417, #2014 ) ) REPRESENTATION_CONTEXT ( 'NONE', 'WORKASPACE' ) );
#557 = FACE_OUTER_BOUND ( 'NONE', #5565, .T. ) ;
#558 = CARTESIAN_POINT ( 'NONE',  ( 7.309665332390823167, 3.999999999999997335, 0.3550174730524979783 ) ) ;
#559 = ADVANCED_FACE ( 'NONE', ( #3388 ), #5494, .T. ) ;
#560 = VERTEX_POINT ( 'NONE', #2936 ) ;
#561 =( NAMED_UNIT ( * ) PLANE_ANGLE_UNIT ( ) SI_UNIT ( $, .RADIAN. ) );
#562 = MECHANICAL_DESIGN_GEOMETRIC_PRESENTATION_REPRESENTATION (  '', ( #3264 ), #2262 ) ;
#563 = AXIS2_PLACEMENT_3D ( 'NONE', #1163, #4206, #1922 ) ;
#564 = SURFACE_SIDE_STYLE ('',( #80 ) ) ;
#565 = DIRECTION ( 'NONE',  ( 1.665334536937733825E-16, 2.300720062539715626E-17, -1.000000000000000000 ) ) ;
#566 = CARTESIAN_POINT ( 'NONE',  ( 6.667643216580383836, 4.000000000000000000, 0.05913675544798491224 ) ) ;
#567 = MECHANICAL_DESIGN_GEOMETRIC_PRESENTATION_REPRESENTATION (  '', ( #3633 ), #1900 ) ;
#568 = PLANE ( 'NONE',  #784 ) ;
#569 = EDGE_CURVE ( 'NONE', #2678, #2678, #2419, .T. ) ;
#570 =( GEOMETRIC_REPRESENTATION_CONTEXT ( 3 ) GLOBAL_UNCERTAINTY_ASSIGNED_CONTEXT ( ( #3738 ) ) GLOBAL_UNIT_ASSIGNED_CONTEXT ( ( #3918, #4313, #3463 ) ) REPRESENTATION_CONTEXT ( 'NONE', 'WORKASPACE' ) );
#571 = CARTESIAN_POINT ( 'NONE',  ( -7.337820942236751520, 3.999000000000000110, -0.3414971029997947438 ) ) ;
#572 = MECHANICAL_DESIGN_GEOMETRIC_PRESENTATION_REPRESENTATION (  '', ( #4101 ), #5543 ) ;
#573 = PRESENTATION_STYLE_ASSIGNMENT (( #1451 ) ) ;
#574 =( NAMED_UNIT ( * ) SI_UNIT ( $, .STERADIAN. ) SOLID_ANGLE_UNIT ( ) );
#575 =( GEOMETRIC_REPRESENTATION_CONTEXT ( 3 ) GLOBAL_UNCERTAINTY_ASSIGNED_CONTEXT ( ( #23 ) ) GLOBAL_UNIT_ASSIGNED_CONTEXT ( ( #3567, #109, #5301 ) ) REPRESENTATION_CONTEXT ( 'NONE', 'WORKASPACE' ) );
#576 = ORIENTED_EDGE ( 'NONE', *, *, #936, .T. ) ;
#577 = AXIS2_PLACEMENT_3D ( 'NONE', #914, #3945, #1661 ) ;
#578 =( NAMED_UNIT ( * ) SI_UNIT ( $, .STERADIAN. ) SOLID_ANGLE_UNIT ( ) );
#579 = CARTESIAN_POINT ( 'NONE',  ( -0.8378679656440407575, -0.4121320343559632948, 2.500000000000002220 ) ) ;
#580 = CARTESIAN_POINT ( 'NONE',  ( 6.980676049509452419, 3.999000000000004107, -0.5748979082165865950 ) ) ;
#581 = CARTESIAN_POINT ( 'NONE',  ( 1.250000000000002887, -1.649999999999999911, 3.343199495307397169E-16 ) ) ;
#582 = CARTESIAN_POINT ( 'NONE',  ( -6.395513249929057231, 4.000000000000000000, 0.7777937623848212301 ) ) ;
#583 = ORIENTED_EDGE ( 'NONE', *, *, #167, .F. ) ;
#584 = LINE ( 'NONE', #3630, #978 ) ;
#585 = SURFACE_STYLE_USAGE ( .BOTH. , #3178 ) ;
#586 = TOROIDAL_SURFACE ( 'NONE', #155, 1.700000000000000622, 0.2000000000000000111 ) ;
#587 = CARTESIAN_POINT ( 'NONE',  ( 7.534075356448923344, 3.999000000000003219, -0.4310968295708265119 ) ) ;
#588 = UNCERTAINTY_MEASURE_WITH_UNIT (LENGTH_MEASURE( 1.000000000000000082E-05 ), #72, 'distance_accuracy_value', 'NONE');
#589 = DIRECTION ( 'NONE',  ( 1.000000000000000000, 0.000000000000000000, -5.551115123125788865E-17 ) ) ;
#590 = DIRECTION ( 'NONE',  ( 7.703177259439332516E-50, -2.300720062539715626E-17, 1.000000000000000000 ) ) ;
#591 = CARTESIAN_POINT ( 'NONE',  ( 6.926512408403043608, 4.000000000000005329, -0.7479301365690693704 ) ) ;
#592 = ORIENTED_EDGE ( 'NONE', *, *, #3910, .F. ) ;
#593 = VERTEX_POINT ( 'NONE', #2308 ) ;
#594 = DIRECTION ( 'NONE',  ( 1.000000000000000000, 2.069479451259501429E-31, -5.551115123125782702E-17 ) ) ;
#595 = FILL_AREA_STYLE_COLOUR ( '', #4678 ) ;
#596 = CARTESIAN_POINT ( 'NONE',  ( -6.999999999999997335, 3.000000000000000000, 3.500000000000001776 ) ) ;
#597 = PLANE ( 'NONE',  #5188 ) ;
#598 = EDGE_CURVE ( 'NONE', #3504, #3504, #13, .T. ) ;
#599 =( LENGTH_UNIT ( ) NAMED_UNIT ( * ) SI_UNIT ( .MILLI., .METRE. ) );
#600 = VECTOR ( 'NONE', #2930, 1000.000000000000000 ) ;
#601 = DIRECTION ( 'NONE',  ( -0.6401843996644827062, -0.000000000000000000, -0.7682212795973734076 ) ) ;
#602 = EDGE_LOOP ( 'NONE', ( #3232 ) ) ;
#603 = CYLINDRICAL_SURFACE ( 'NONE', #3334, 3.499999999999999556 ) ;
#604 = FACE_OUTER_BOUND ( 'NONE', #2152, .T. ) ;
#605 = CARTESIAN_POINT ( 'NONE',  ( 7.362168622838582976, 4.000000000000001776, -0.2655743051029725299 ) ) ;
#606 = CARTESIAN_POINT ( 'NONE',  ( 7.480051894462723894, 4.000000000000003553, -0.5268925625342055774 ) ) ;
#607 = AXIS2_PLACEMENT_3D ( 'NONE', #1834, #4937, #3146 ) ;
#608 =( LENGTH_UNIT ( ) NAMED_UNIT ( * ) SI_UNIT ( .MILLI., .METRE. ) );
#609 = EDGE_LOOP ( 'NONE', ( #4396, #1382, #629, #4611 ) ) ;
#610 = SURFACE_STYLE_FILL_AREA ( #179 ) ;
#611 = SURFACE_STYLE_USAGE ( .BOTH. , #2833 ) ;
#612 =( GEOMETRIC_REPRESENTATION_CONTEXT ( 3 ) GLOBAL_UNCERTAINTY_ASSIGNED_CONTEXT ( ( #1224 ) ) GLOBAL_UNIT_ASSIGNED_CONTEXT ( ( #1389, #1340, #4446 ) ) REPRESENTATION_CONTEXT ( 'NONE', 'WORKASPACE' ) );
#613 = CARTESIAN_POINT ( 'NONE',  ( 7.567818619811232494, 4.000000000000002665, -0.3250619201482585208 ) ) ;
#614 = FACE_OUTER_BOUND ( 'NONE', #1002, .T. ) ;
#615 =( GEOMETRIC_REPRESENTATION_CONTEXT ( 3 ) GLOBAL_UNCERTAINTY_ASSIGNED_CONTEXT ( ( #1814 ) ) GLOBAL_UNIT_ASSIGNED_CONTEXT ( ( #271, #2430, #3306 ) ) REPRESENTATION_CONTEXT ( 'NONE', 'WORKASPACE' ) );
#616 = SURFACE_STYLE_USAGE ( .BOTH. , #1497 ) ;
#617 = EDGE_LOOP ( 'NONE', ( #4251, #858, #1658, #1168 ) ) ;
#618 = VERTEX_POINT ( 'NONE', #208 ) ;
#619 = CARTESIAN_POINT ( 'NONE',  ( 7.301357158888083454, 3.999000000000000110, 0.05493002467875417183 ) ) ;
#620 = SURFACE_STYLE_FILL_AREA ( #4559 ) ;
#621 = FILL_AREA_STYLE ('',( #4560 ) ) ;
#622 = SURFACE_STYLE_USAGE ( .BOTH. , #647 ) ;
#623 = AXIS2_PLACEMENT_3D ( 'NONE', #5079, #11, #2437 ) ;
#624 = SURFACE_STYLE_USAGE ( .BOTH. , #3650 ) ;
#625 = DIRECTION ( 'NONE',  ( 2.278763838549589087E-31, -1.000000000000000000, -2.891205793294683750E-16 ) ) ;
#626 = AXIS2_PLACEMENT_3D ( 'NONE', #1795, #484, #4844 ) ;
#627 = CARTESIAN_POINT ( 'NONE',  ( 7.002078312734233201, 3.999999999999994227, 0.7899059862172155277 ) ) ;
#628 = ADVANCED_FACE ( 'NONE', ( #1125 ), #4163, .F. ) ;
#629 = ORIENTED_EDGE ( 'NONE', *, *, #3257, .T. ) ;
#630 = DIRECTION ( 'NONE',  ( 0.000000000000000000, 6.938893903907229955E-15, -1.000000000000000000 ) ) ;
#631 = CARTESIAN_POINT ( 'NONE',  ( 6.512498334798467958, 3.999999999999995559, 0.5726245306513846334 ) ) ;
#632 = CARTESIAN_POINT ( 'NONE',  ( 7.362168622838582976, 3.999000000000001886, -0.2655743051029725299 ) ) ;
#633 = DIRECTION ( 'NONE',  ( 1.000000000000000000, 0.000000000000000000, -5.551115123125786400E-17 ) ) ;
#634 =( NAMED_UNIT ( * ) PLANE_ANGLE_UNIT ( ) SI_UNIT ( $, .RADIAN. ) );
#635 = ADVANCED_FACE ( 'NONE', ( #930 ), #56, .T. ) ;
#636 = ORIENTED_EDGE ( 'NONE', *, *, #3185, .T. ) ;
#637 = B_SPLINE_CURVE_WITH_KNOTS ( 'NONE', 3,
 ( #4696, #398, #760, #2481, #1642, #3762, #3792, #5066, #5485, #5119, #427, #4266, #2537, #1275, #2097 ),
 .UNSPECIFIED., .F., .F.,
 ( 4, 1, 1, 1, 1, 1, 1, 1, 1, 1, 1, 1, 4 ),
 ( 0.000000000000000000, 0.09379647069693200501, 0.1801880710186110068, 0.2603631916661889867, 0.3348466760639745021, 0.4070930058327160150, 0.4814483792884680091, 0.5592709137563659505, 0.6422698113109350793, 0.7285859445716479366, 0.8159775452756129477, 0.9060351298875350956, 1.000000000000000000 ),
 .UNSPECIFIED. ) ;
#638 = DIRECTION ( 'NONE',  ( -2.891205793294678326E-16, -2.300720062539715934E-17, 1.000000000000000000 ) ) ;
#639 = CARTESIAN_POINT ( 'NONE',  ( 7.493363640753073263, 3.998999999999998334, 0.2353699738916769368 ) ) ;
#640 = CARTESIAN_POINT ( 'NONE',  ( 7.069860859017133237, 3.999000000000000110, -0.02657362443997101850 ) ) ;
#641 = FILL_AREA_STYLE_COLOUR ( '', #2739 ) ;
#642 = FACE_OUTER_BOUND ( 'NONE', #3859, .T. ) ;
#643 = ORIENTED_EDGE ( 'NONE', *, *, #1465, .T. ) ;
#644 = CARTESIAN_POINT ( 'NONE',  ( -6.999999999999996447, 3.899999999999988809, 1.500000000000030420 ) ) ;
#645 = SURFACE_STYLE_USAGE ( .BOTH. , #4586 ) ;
#646 =( NAMED_UNIT ( * ) SI_UNIT ( $, .STERADIAN. ) SOLID_ANGLE_UNIT ( ) );
#647 = SURFACE_SIDE_STYLE ('',( #5327 ) ) ;
#648 = DIRECTION ( 'NONE',  ( 0.000000000000000000, 0.000000000000000000, 1.000000000000000000 ) ) ;
#649 = CYLINDRICAL_SURFACE ( 'NONE', #713, 0.7500000000000000000 ) ;
#650 = PRESENTATION_LAYER_ASSIGNMENT (  '', '', ( #2989 ) ) ;
#651 = VECTOR ( 'NONE', #190, 1000.000000000000114 ) ;
#652 = PLANE ( 'NONE',  #845 ) ;
#653 = DIRECTION ( 'NONE',  ( 1.835596038252509459E-31, -1.000000000000000000, -2.300720062539715626E-17 ) ) ;
#654 =( NAMED_UNIT ( * ) SI_UNIT ( $, .STERADIAN. ) SOLID_ANGLE_UNIT ( ) );
#655 = VERTEX_POINT ( 'NONE', #3452 ) ;
#656 = VECTOR ( 'NONE', #2500, 1000.000000000000000 ) ;
#657 = B_SPLINE_CURVE_WITH_KNOTS ( 'NONE', 3,
 ( #4152, #288, #833, #3810, #2558, #2609, #1242, #3073, #1270, #4802, #3374 ),
 .UNSPECIFIED., .F., .F.,
 ( 4, 1, 1, 1, 1, 1, 1, 1, 4 ),
 ( 0.000000000000000000, 0.1177675192120364034, 0.2301764485440569996, 0.3398429589695389774, 0.4506252599208619980, 0.5669428888721620430, 0.6960213064547929873, 0.8394383602270610867, 1.000000000000000000 ),
 .UNSPECIFIED. ) ;
#658 = CARTESIAN_POINT ( 'NONE',  ( 7.366638531611883423, 3.999000000000001886, -0.2290872587537869931 ) ) ;
#659 = CARTESIAN_POINT ( 'NONE',  ( 7.356877878932213122, 3.999999999999994671, 0.6947231145693505416 ) ) ;
#660 = MECHANICAL_DESIGN_GEOMETRIC_PRESENTATION_REPRESENTATION (  '', ( #5186 ), #3831 ) ;
#661 = DIRECTION ( 'NONE',  ( 0.000000000000000000, 1.000000000000000000, 7.205007282611301174E-15 ) ) ;
#662 = EDGE_LOOP ( 'NONE', ( #2478 ) ) ;
#663 = DIRECTION ( 'NONE',  ( -1.000000000000000000, -2.069479451259501429E-31, 5.551115123125782702E-17 ) ) ;
#664 = SURFACE_STYLE_USAGE ( .BOTH. , #5366 ) ;
#665 = CIRCLE ( 'NONE', #2823, 1.499999999999999556 ) ;
#666 = AXIS2_PLACEMENT_3D ( 'NONE', #4990, #3308, #2847 ) ;
#667 = FILL_AREA_STYLE ('',( #4148 ) ) ;
#668 = EDGE_CURVE ( 'NONE', #2974, #4853, #1287, .T. ) ;
#669 = SURFACE_SIDE_STYLE ('',( #2805 ) ) ;
#670 = CARTESIAN_POINT ( 'NONE',  ( 7.000000000000000888, 3.000000000000000000, -3.500000000000000888 ) ) ;
#671 = PLANE ( 'NONE',  #1178 ) ;
#672 =( NAMED_UNIT ( * ) SI_UNIT ( $, .STERADIAN. ) SOLID_ANGLE_UNIT ( ) );
#673 = COLOUR_RGB ( '',0.1019607843137254888, 0.1019607843137254888, 0.1019607843137254888 ) ;
#674 = CARTESIAN_POINT ( 'NONE',  ( 7.306750374942782678, 3.999999999999996447, 0.4374589624498379514 ) ) ;
#675 = ORIENTED_EDGE ( 'NONE', *, *, #4366, .T. ) ;
#676 = VERTEX_POINT ( 'NONE', #3672 ) ;
#677 = CARTESIAN_POINT ( 'NONE',  ( -1.249999999999999778, 0.000000000000000000, 1.999999999999998224 ) ) ;
#678 = CARTESIAN_POINT ( 'NONE',  ( 6.410928914104492726, 3.999000000000001886, -0.2456847707926879398 ) ) ;
#679 = CARTESIAN_POINT ( 'NONE',  ( 7.331109889040853034, 3.998999999999994781, 0.7114953990462873357 ) ) ;
#680 = DIRECTION ( 'NONE',  ( 0.000000000000000000, -6.974286919792930852E-15, 1.000000000000000000 ) ) ;
#681 = SURFACE_STYLE_USAGE ( .BOTH. , #4192 ) ;
#682 = DIRECTION ( 'NONE',  ( -2.074867795289532742E-31, 1.000000000000000000, 1.666850934030272702E-16 ) ) ;
#683 = FACE_OUTER_BOUND ( 'NONE', #2436, .T. ) ;
#684 = ORIENTED_EDGE ( 'NONE', *, *, #5250, .F. ) ;
#685 = DIRECTION ( 'NONE',  ( 0.000000000000000000, 1.000000000000000000, -0.000000000000000000 ) ) ;
#686 =( LENGTH_UNIT ( ) NAMED_UNIT ( * ) SI_UNIT ( .MILLI., .METRE. ) );
#687 = LINE ( 'NONE', #2004, #4458 ) ;
#688 = ORIENTED_EDGE ( 'NONE', *, *, #5338, .F. ) ;
#689 = STYLED_ITEM ( 'NONE', ( #5532 ), #1132 ) ;
#690 = CARTESIAN_POINT ( 'NONE',  ( 7.282163878410643498, 3.998999999999996557, 0.4986220373217513657 ) ) ;
#691 = CARTESIAN_POINT ( 'NONE',  ( 7.509893757778953294, 3.999999999999998224, 0.2812868288535455008 ) ) ;
#692 = FACE_OUTER_BOUND ( 'NONE', #28, .T. ) ;
#693 =( GEOMETRIC_REPRESENTATION_CONTEXT ( 3 ) GLOBAL_UNCERTAINTY_ASSIGNED_CONTEXT ( ( #4178 ) ) GLOBAL_UNIT_ASSIGNED_CONTEXT ( ( #686, #3454, #1690 ) ) REPRESENTATION_CONTEXT ( 'NONE', 'WORKASPACE' ) );
#694 =( LENGTH_UNIT ( ) NAMED_UNIT ( * ) SI_UNIT ( .MILLI., .METRE. ) );
#695 = DIRECTION ( 'NONE',  ( 0.000000000000000000, 1.000000000000000000, 0.000000000000000000 ) ) ;
#696 = CARTESIAN_POINT ( 'NONE',  ( 7.240757775251313255, 3.999999999999998224, 0.2462001606886234650 ) ) ;
#697 = CARTESIAN_POINT ( 'NONE',  ( 7.032799908030923142, 3.999999999999995559, 0.6165340815825374188 ) ) ;
#698 = ORIENTED_EDGE ( 'NONE', *, *, #4889, .F. ) ;
#699 = VERTEX_POINT ( 'NONE', #4155 ) ;
#700 = EDGE_CURVE ( 'NONE', #837, #2181, #4301, .T. ) ;
#701 = AXIS2_PLACEMENT_3D ( 'NONE', #5012, #2369, #1089 ) ;
#702 =( LENGTH_UNIT ( ) NAMED_UNIT ( * ) SI_UNIT ( .MILLI., .METRE. ) );
#703 = CONICAL_SURFACE ( 'NONE', #4415, 0.7500000000000000000, 1.204277183876089952 ) ;
#704 =( NAMED_UNIT ( * ) PLANE_ANGLE_UNIT ( ) SI_UNIT ( $, .RADIAN. ) );
#705 = SURFACE_SIDE_STYLE ('',( #4161 ) ) ;
#706 = FACE_OUTER_BOUND ( 'NONE', #1693, .T. ) ;
#707 = ADVANCED_FACE ( 'NONE', ( #3108, #490 ), #4424, .T. ) ;
#708 = PRESENTATION_LAYER_ASSIGNMENT (  '', '', ( #3141 ) ) ;
#709 = VECTOR ( 'NONE', #630, 1000.000000000000000 ) ;
#710 = CARTESIAN_POINT ( 'NONE',  ( 7.000000000000002665, 4.000000000000000000, -1.407500478297136654E-15 ) ) ;
#711 = ORIENTED_EDGE ( 'NONE', *, *, #5140, .T. ) ;
#712 = SURFACE_STYLE_USAGE ( .BOTH. , #1607 ) ;
#713 = AXIS2_PLACEMENT_3D ( 'NONE', #325, #1044, #2025 ) ;
#714 = FACE_OUTER_BOUND ( 'NONE', #3561, .T. ) ;
#715 = ADVANCED_FACE ( 'NONE', ( #1343 ), #4901, .T. ) ;
#716 = CARTESIAN_POINT ( 'NONE',  ( 7.000000000000003553, 2.299999999999999822, 2.499999999999998224 ) ) ;
#717 = B_SPLINE_CURVE_WITH_KNOTS ( 'NONE', 3,
 ( #1749, #1774, #3480, #3394, #5251, #1346, #5218, #935, #2111, #1320, #4363, #5134, #3856, #908, #2656, #4394, #3972, #1233, #4512 ),
 .UNSPECIFIED., .F., .F.,
 ( 4, 1, 1, 1, 1, 1, 1, 1, 1, 1, 1, 1, 1, 1, 1, 1, 4 ),
 ( 0.000000000000000000, 0.06715546744904560272, 0.1314033464826143971, 0.1927317719102094873, 0.2512526591565255041, 0.3077037298841914792, 0.3626989162982000026, 0.4177783327854309725, 0.4723043857981140126, 0.5278725997916960955, 0.5852299868117369908, 0.6450565760102919821, 0.7079523564294419868, 0.7744342720454280293, 0.8449404313752610918, 0.9204035944750280640, 1.000000000000000000 ),
 .UNSPECIFIED. ) ;
#718 = CARTESIAN_POINT ( 'NONE',  ( 7.252277714530713126, 3.999999999999998224, 0.2560188944116174592 ) ) ;
#719 = EDGE_LOOP ( 'NONE', ( #362 ) ) ;
#720 = FACE_OUTER_BOUND ( 'NONE', #1667, .T. ) ;
#721 = CARTESIAN_POINT ( 'NONE',  ( 3.750000000000003109, 4.000000000000000000, 1.084202172485508255E-16 ) ) ;
#722 = CARTESIAN_POINT ( 'NONE',  ( 6.923472374583843347, 3.998999999999993893, 0.7881048511914116039 ) ) ;
#723 = CARTESIAN_POINT ( 'NONE',  ( 7.333584178259023645, 3.999000000000002331, -0.3637861991430215158 ) ) ;
#724 = CARTESIAN_POINT ( 'NONE',  ( -0.6257359312880754754, -0.2000000000000000389, 1.999999999999998224 ) ) ;
#725 = CARTESIAN_POINT ( 'NONE',  ( 6.778821101195773302, 4.000000000000000888, -0.1112358407058613025 ) ) ;
#726 = UNCERTAINTY_MEASURE_WITH_UNIT (LENGTH_MEASURE( 1.000000000000000082E-05 ), #1247, 'distance_accuracy_value', 'NONE');
#727 = ORIENTED_EDGE ( 'NONE', *, *, #1114, .F. ) ;
#728 = CARTESIAN_POINT ( 'NONE',  ( 6.911492696973202676, 3.999000000000004107, -0.5745527990660395101 ) ) ;
#729 = ORIENTED_EDGE ( 'NONE', *, *, #3257, .F. ) ;
#730 = VERTEX_POINT ( 'NONE', #3733 ) ;
#731 = CARTESIAN_POINT ( 'NONE',  ( 6.677211984853677507, 3.999000000000000998, -0.1713662503464774833 ) ) ;
#732 = CARTESIAN_POINT ( 'NONE',  ( 6.455904479295923259, 3.999000000000000998, -0.1154055520029410864 ) ) ;
#733 = EDGE_CURVE ( 'NONE', #1515, #781, #3678, .T. ) ;
#734 = UNCERTAINTY_MEASURE_WITH_UNIT (LENGTH_MEASURE( 1.000000000000000082E-05 ), #599, 'distance_accuracy_value', 'NONE');
#735 = DIRECTION ( 'NONE',  ( -1.000000000000000000, 0.000000000000000000, 5.551115123125786400E-17 ) ) ;
#736 = DIRECTION ( 'NONE',  ( 2.168404344971008375E-16, 0.000000000000000000, 1.000000000000000000 ) ) ;
#737 = FILL_AREA_STYLE ('',( #3250 ) ) ;
#738 = CARTESIAN_POINT ( 'NONE',  ( 0.7500000000000067724, -0.5000000000000000000, 2.500000000000002220 ) ) ;
#739 = ADVANCED_FACE ( 'NONE', ( #1506, #3248 ), #3992, .T. ) ;
#740 = STYLED_ITEM ( 'NONE', ( #1263 ), #270 ) ;
#741 =( NAMED_UNIT ( * ) PLANE_ANGLE_UNIT ( ) SI_UNIT ( $, .RADIAN. ) );
#742 = ORIENTED_EDGE ( 'NONE', *, *, #4125, .F. ) ;
#743 = STYLED_ITEM ( 'NONE', ( #230 ), #1045 ) ;
#744 = LINE ( 'NONE', #4200, #1368 ) ;
#745 = CLOSED_SHELL ( 'NONE', ( #2872, #1443, #4905, #774, #439, #270, #3017, #1855 ) ) ;
#746 = LINE ( 'NONE', #1520, #3854 ) ;
#747 = ORIENTED_EDGE ( 'NONE', *, *, #3535, .T. ) ;
#748 = VECTOR ( 'NONE', #5399, 1000.000000000000000 ) ;
#749 = SURFACE_STYLE_FILL_AREA ( #4628 ) ;
#750 = SURFACE_STYLE_FILL_AREA ( #5528 ) ;
#751 = FILL_AREA_STYLE ('',( #2037 ) ) ;
#752 = PRESENTATION_LAYER_ASSIGNMENT (  '', '', ( #4556 ) ) ;
#753 = FILL_AREA_STYLE ('',( #1979 ) ) ;
#754 = CARTESIAN_POINT ( 'NONE',  ( -3.749999999999996891, 1.500000000000000000, 4.067926551165603762E-16 ) ) ;
#755 = CARTESIAN_POINT ( 'NONE',  ( 7.151913475151203237, 4.000000000000000000, -0.002565190661762555523 ) ) ;
#756 = ORIENTED_EDGE ( 'NONE', *, *, #5275, .F. ) ;
#757 = EDGE_LOOP ( 'NONE', ( #1272 ) ) ;
#758 = AXIS2_PLACEMENT_3D ( 'NONE', #1357, #3523, #475 ) ;
#759 = COLOUR_RGB ( '',0.1019607843137254888, 0.1019607843137254888, 0.1019607843137254888 ) ;
#760 = CARTESIAN_POINT ( 'NONE',  ( 7.362168622838582976, 4.000000000000001776, -0.2655743051029725299 ) ) ;
#761 =( NAMED_UNIT ( * ) SI_UNIT ( $, .STERADIAN. ) SOLID_ANGLE_UNIT ( ) );
#762 = AXIS2_PLACEMENT_3D ( 'NONE', #2315, #2261, #192 ) ;
#763 = CARTESIAN_POINT ( 'NONE',  ( 7.000000000000002665, 3.500000000000000000, -1.419003803349032542E-15 ) ) ;
#764 = CARTESIAN_POINT ( 'NONE',  ( 6.423145740132413017, 4.000000000000002665, -0.4194365657428404393 ) ) ;
#765 = FACE_OUTER_BOUND ( 'NONE', #1816, .T. ) ;
#766 = DIRECTION ( 'NONE',  ( 0.000000000000000000, -2.300720062539084537E-17, 1.000000000000000000 ) ) ;
#767 = CARTESIAN_POINT ( 'NONE',  ( 7.000000000000001776, 3.000000000000000000, -1.301042606982604138E-15 ) ) ;
#768 = EDGE_CURVE ( 'NONE', #1794, #4627, #5352, .T. ) ;
#769 = PRESENTATION_STYLE_ASSIGNMENT (( #1156 ) ) ;
#770 = DIRECTION ( 'NONE',  ( -0.000000000000000000, -0.000000000000000000, -1.000000000000000000 ) ) ;
#771 = ORIENTED_EDGE ( 'NONE', *, *, #1927, .T. ) ;
#772 = SURFACE_SIDE_STYLE ('',( #2945 ) ) ;
#773 =( LENGTH_UNIT ( ) NAMED_UNIT ( * ) SI_UNIT ( .MILLI., .METRE. ) );
#774 = ADVANCED_FACE ( 'NONE', ( #4928, #1043 ), #2760, .T. ) ;
#775 = CARTESIAN_POINT ( 'NONE',  ( 6.637674252345668435, 4.000000000000005329, -0.6754051543945794878 ) ) ;
#776 = COLOUR_RGB ( '',0.8980392156862745390, 0.8980392156862745390, 0.8980392156862745390 ) ;
#777 = FILL_AREA_STYLE ('',( #1115 ) ) ;
#778 = CARTESIAN_POINT ( 'NONE',  ( 6.902404331937742832, 4.000000000000000888, -0.07152140848015949015 ) ) ;
#779 = ORIENTED_EDGE ( 'NONE', *, *, #4264, .F. ) ;
#780 = CARTESIAN_POINT ( 'NONE',  ( 1.250000000000002887, -1.750000000000000000, 3.320185607373301268E-16 ) ) ;
#781 = VERTEX_POINT ( 'NONE', #2024 ) ;
#782 = DIRECTION ( 'NONE',  ( 1.942874599547241099E-31, 1.000000000000000000, 7.228014483236698330E-15 ) ) ;
#783 = DIRECTION ( 'NONE',  ( -1.835596038252509459E-31, 1.000000000000000000, 2.300720062539715626E-17 ) ) ;
#784 = AXIS2_PLACEMENT_3D ( 'NONE', #5328, #2654, #2288 ) ;
#785 = CARTESIAN_POINT ( 'NONE',  ( 7.522811485811152998, 3.998999999999997446, 0.3791487746787539637 ) ) ;
#786 = DIRECTION ( 'NONE',  ( 1.835596038252509459E-31, -1.000000000000000000, -2.300720062539715626E-17 ) ) ;
#787 = FILL_AREA_STYLE_COLOUR ( '', #1822 ) ;
#788 = PRESENTATION_STYLE_ASSIGNMENT (( #1602 ) ) ;
#789 = SURFACE_STYLE_USAGE ( .BOTH. , #5575 ) ;
#790 = AXIS2_PLACEMENT_3D ( 'NONE', #3836, #1586, #3324 ) ;
#791 =( GEOMETRIC_REPRESENTATION_CONTEXT ( 3 ) GLOBAL_UNCERTAINTY_ASSIGNED_CONTEXT ( ( #1413 ) ) GLOBAL_UNIT_ASSIGNED_CONTEXT ( ( #393, #4664, #3330 ) ) REPRESENTATION_CONTEXT ( 'NONE', 'WORKASPACE' ) );
#792 = COLOUR_RGB ( '',0.8980392156862745390, 0.8980392156862745390, 0.8980392156862745390 ) ;
#793 = CARTESIAN_POINT ( 'NONE',  ( 7.221078573847034221, 4.000000000000000000, 0.02077320458663717978 ) ) ;
#794 = CARTESIAN_POINT ( 'NONE',  ( 6.993664851195772414, 3.998999999999995669, 0.6168290631402925106 ) ) ;
#795 = EDGE_CURVE ( 'NONE', #1593, #4139, #2485, .T. ) ;
#796 = SURFACE_SIDE_STYLE ('',( #1657 ) ) ;
#797 = ORIENTED_EDGE ( 'NONE', *, *, #2428, .F. ) ;
#798 =( NAMED_UNIT ( * ) PLANE_ANGLE_UNIT ( ) SI_UNIT ( $, .RADIAN. ) );
#799 = FILL_AREA_STYLE_COLOUR ( '', #129 ) ;
#800 = B_SPLINE_SURFACE_WITH_KNOTS ( 'NONE', 3, 1, ( 
 ( #122, #3045 ),
 ( #980, #2672 ),
 ( #3124, #949 ),
 ( #4412, #534 ),
 ( #3078, #97 ),
 ( #2250, #1787 ),
 ( #2702, #2614 ),
 ( #4438, #2185 ),
 ( #74, #1761 ),
 ( #3497, #5235 ),
 ( #1335, #3555 ),
 ( #5262, #3981 ),
 ( #1813, #5292 ),
 ( #1525, #3263 ),
 ( #2356, #255 ),
 ( #3700, #4470 ),
 ( #5398, #5369 ),
 ( #5427, #5343 ),
 ( #3610, #5003 ),
 ( #587, #5454 ),
 ( #1978, #4944 ),
 ( #2386, #285 ),
 ( #2834, #613 ),
 ( #1110, #227 ),
 ( #3237, #4118 ),
 ( #3634, #4976 ),
 ( #2333, #1462 ) ),
 .UNSPECIFIED., .F., .F., .F.,
 ( 4, 1, 1, 1, 1, 1, 1, 1, 1, 1, 1, 1, 1, 1, 1, 1, 1, 1, 1, 1, 1, 1, 1, 1, 4 ),
 ( 2, 2 ),
 ( 0.000000000000000000, 0.05249258492129640213, 0.1028254751380331955, 0.1513973394924580107, 0.1980330772483334945, 0.2428758954632249945, 0.2859991683849085198, 0.3278486614843789670, 0.3683945968796915049, 0.4078519911389200114, 0.4468375528599380364, 0.4851660451611080060, 0.5233414044713740054, 0.5616022144094739987, 0.5999198855663570029, 0.6384964264110080112, 0.6777905770472509861, 0.7172899891758329760, 0.7566052415928190555, 0.7960678905323560484, 0.8358862309537679058, 0.8757136832726160058, 0.9162634539474130424, 0.9577596754778290311, 1.000000000000000000 ),
 ( 0.000000000000000000, 1.000000000000000000 ),
 .UNSPECIFIED. ) ;
#801 = UNCERTAINTY_MEASURE_WITH_UNIT (LENGTH_MEASURE( 1.000000000000000082E-05 ), #2892, 'distance_accuracy_value', 'NONE');
#802 = PRESENTATION_STYLE_ASSIGNMENT (( #1186 ) ) ;
#803 = EDGE_LOOP ( 'NONE', ( #3879, #3319, #5164, #1918, #926, #3027, #3629, #3713, #2122, #3331 ) ) ;
#804 = EDGE_CURVE ( 'NONE', #5556, #4380, #4587, .T. ) ;
#805 = CARTESIAN_POINT ( 'NONE',  ( 0.8594875162046676786, 2.500000000000000000, 3.099999999999997868 ) ) ;
#806 = CARTESIAN_POINT ( 'NONE',  ( 6.939530406975622512, 4.000000000000000888, -0.06117992540323530237 ) ) ;
#807 = EDGE_LOOP ( 'NONE', ( #1562, #5482, #1244, #2379 ) ) ;
#808 =( LENGTH_UNIT ( ) NAMED_UNIT ( * ) SI_UNIT ( .MILLI., .METRE. ) );
#809 = EDGE_LOOP ( 'NONE', ( #1064, #2249, #4638, #5261 ) ) ;
#810 = DIRECTION ( 'NONE',  ( 0.000000000000000000, -1.000000000000000000, 0.000000000000000000 ) ) ;
#811 = SURFACE_SIDE_STYLE ('',( #3844 ) ) ;
#812 =( LENGTH_UNIT ( ) NAMED_UNIT ( * ) SI_UNIT ( .MILLI., .METRE. ) );
#813 = CARTESIAN_POINT ( 'NONE',  ( 7.442818440252432666, 3.999999999999995559, 0.6140597449458113921 ) ) ;
#814 = CARTESIAN_POINT ( 'NONE',  ( 6.468821756967638947, 4.000000000000003553, -0.5191417227827485048 ) ) ;
#815 =( GEOMETRIC_REPRESENTATION_CONTEXT ( 3 ) GLOBAL_UNCERTAINTY_ASSIGNED_CONTEXT ( ( #2993 ) ) GLOBAL_UNIT_ASSIGNED_CONTEXT ( ( #773, #4229, #3780 ) ) REPRESENTATION_CONTEXT ( 'NONE', 'WORKASPACE' ) );
#816 = CARTESIAN_POINT ( 'NONE',  ( 0.8378679656440426449, -0.4121320343559629062, -3.500000000000001332 ) ) ;
#817 = DIRECTION ( 'NONE',  ( 0.000000000000000000, 6.938893903907229955E-15, -1.000000000000000000 ) ) ;
#818 = DIRECTION ( 'NONE',  ( -1.453365290955054431E-31, 1.000000000000000000, -2.065146995210519947E-16 ) ) ;
#819 = FACE_OUTER_BOUND ( 'NONE', #2504, .T. ) ;
#820 = PRESENTATION_LAYER_ASSIGNMENT (  '', '', ( #3997 ) ) ;
#821 =( NAMED_UNIT ( * ) SI_UNIT ( $, .STERADIAN. ) SOLID_ANGLE_UNIT ( ) );
#822 = CARTESIAN_POINT ( 'NONE',  ( 6.981966863032343262, 3.998999999999999222, 0.1540050825380149813 ) ) ;
#823 = ORIENTED_EDGE ( 'NONE', *, *, #4378, .T. ) ;
#824 = CARTESIAN_POINT ( 'NONE',  ( 7.306750374942782678, 3.999999999999996447, 0.4374589624498379514 ) ) ;
#825 = STYLED_ITEM ( 'NONE', ( #386 ), #171 ) ;
#826 = AXIS2_PLACEMENT_3D ( 'NONE', #2189, #2963, #2568 ) ;
#827 = SURFACE_STYLE_USAGE ( .BOTH. , #5029 ) ;
#828 = EDGE_CURVE ( 'NONE', #4112, #781, #5437, .T. ) ;
#829 = FILL_AREA_STYLE ('',( #3487 ) ) ;
#830 = SURFACE_STYLE_FILL_AREA ( #751 ) ;
#831 = UNCERTAINTY_MEASURE_WITH_UNIT (LENGTH_MEASURE( 1.000000000000000082E-05 ), #3172, 'distance_accuracy_value', 'NONE');
#832 = PRESENTATION_LAYER_ASSIGNMENT (  '', '', ( #339 ) ) ;
#833 = CARTESIAN_POINT ( 'NONE',  ( 6.620461584096033469, 4.000000000000001776, -0.2817240382346914429 ) ) ;
#834 =( LENGTH_UNIT ( ) NAMED_UNIT ( * ) SI_UNIT ( .MILLI., .METRE. ) );
#835 = EDGE_LOOP ( 'NONE', ( #4940 ) ) ;
#836 = SURFACE_STYLE_FILL_AREA ( #5534 ) ;
#837 = VERTEX_POINT ( 'NONE', #3274 ) ;
#838 = ORIENTED_EDGE ( 'NONE', *, *, #4930, .F. ) ;
#839 = FILL_AREA_STYLE ('',( #3790 ) ) ;
#840 = ADVANCED_FACE ( 'NONE', ( #1122 ), #4214, .T. ) ;
#841 = DIRECTION ( 'NONE',  ( 1.835596038252498950E-31, -1.000000000000000000, -2.300720062539084537E-17 ) ) ;
#842 = CARTESIAN_POINT ( 'NONE',  ( 7.574237604706492988, 3.999000000000001886, -0.2876727150003285383 ) ) ;
#843 = PLANE ( 'NONE',  #4904 ) ;
#844 = VECTOR ( 'NONE', #3130, 1000.000000000000000 ) ;
#845 = AXIS2_PLACEMENT_3D ( 'NONE', #4567, #3684, #4991 ) ;
#846 = ORIENTED_EDGE ( 'NONE', *, *, #4856, .F. ) ;
#847 = VECTOR ( 'NONE', #4346, 1000.000000000000000 ) ;
#848 = DIRECTION ( 'NONE',  ( -1.835596038252509459E-31, 1.000000000000000000, 2.300720062539715626E-17 ) ) ;
#849 = FACE_OUTER_BOUND ( 'NONE', #20, .T. ) ;
#850 = UNCERTAINTY_MEASURE_WITH_UNIT (LENGTH_MEASURE( 1.000000000000000082E-05 ), #702, 'distance_accuracy_value', 'NONE');
#851 = UNCERTAINTY_MEASURE_WITH_UNIT (LENGTH_MEASURE( 1.000000000000000082E-05 ), #2860, 'distance_accuracy_value', 'NONE');
#852 = FILL_AREA_STYLE ('',( #2198 ) ) ;
#853 =( LENGTH_UNIT ( ) NAMED_UNIT ( * ) SI_UNIT ( .MILLI., .METRE. ) );
#854 =( GEOMETRIC_REPRESENTATION_CONTEXT ( 3 ) GLOBAL_UNCERTAINTY_ASSIGNED_CONTEXT ( ( #4440 ) ) GLOBAL_UNIT_ASSIGNED_CONTEXT ( ( #3110, #3138, #2655 ) ) REPRESENTATION_CONTEXT ( 'NONE', 'WORKASPACE' ) );
#855 = CARTESIAN_POINT ( 'NONE',  ( 6.869472071929282997, 4.000000000000000888, -0.08065821795759690882 ) ) ;
#856 =( NAMED_UNIT ( * ) SI_UNIT ( $, .STERADIAN. ) SOLID_ANGLE_UNIT ( ) );
#857 = CARTESIAN_POINT ( 'NONE',  ( 6.777624481542583013, 3.999999999999994671, 0.7612023793286796236 ) ) ;
#858 = ORIENTED_EDGE ( 'NONE', *, *, #3956, .F. ) ;
#859 = CARTESIAN_POINT ( 'NONE',  ( 6.667643216580383836, 3.999000000000000110, 0.05913675544798490530 ) ) ;
#860 = FACE_OUTER_BOUND ( 'NONE', #3268, .T. ) ;
#861 = CARTESIAN_POINT ( 'NONE',  ( 7.191797434842913006, 3.998999999999995669, 0.5807084193647205073 ) ) ;
#862 = LINE ( 'NONE', #1212, #3681 ) ;
#863 = CARTESIAN_POINT ( 'NONE',  ( 6.577183827406138050, 3.999999999999995559, 0.6514474293315325459 ) ) ;
#864 = ORIENTED_EDGE ( 'NONE', *, *, #4551, .T. ) ;
#865 = FACE_OUTER_BOUND ( 'NONE', #342, .T. ) ;
#866 = ORIENTED_EDGE ( 'NONE', *, *, #1378, .F. ) ;
#867 = CARTESIAN_POINT ( 'NONE',  ( -6.999999999999996447, 3.000000000000000000, 2.198731280726776271E-15 ) ) ;
#868 =( NAMED_UNIT ( * ) PLANE_ANGLE_UNIT ( ) SI_UNIT ( $, .RADIAN. ) );
#869 = ADVANCED_FACE ( 'NONE', ( #25 ), #3021, .F. ) ;
#870 = CARTESIAN_POINT ( 'NONE',  ( 6.608890424281042897, 3.999000000000004107, -0.6586030140548304601 ) ) ;
#871 = VERTEX_POINT ( 'NONE', #3875 ) ;
#872 =( LENGTH_UNIT ( ) NAMED_UNIT ( * ) SI_UNIT ( .MILLI., .METRE. ) );
#873 = AXIS2_PLACEMENT_3D ( 'NONE', #553, #199, #2208 ) ;
#874 = STYLED_ITEM ( 'NONE', ( #4353 ), #3604 ) ;
#875 = FILL_AREA_STYLE ('',( #4760 ) ) ;
#876 = AXIS2_PLACEMENT_3D ( 'NONE', #4520, #218, #5336 ) ;
#877 = PRESENTATION_STYLE_ASSIGNMENT (( #5047 ) ) ;
#878 = EDGE_CURVE ( 'NONE', #2650, #2650, #5081, .T. ) ;
#879 = COLOUR_RGB ( '',0.3803921568627450789, 0.4784313725490195734, 0.7882352941176470340 ) ;
#880 = AXIS2_PLACEMENT_3D ( 'NONE', #4460, #2298, #766 ) ;
#881 = PRESENTATION_STYLE_ASSIGNMENT (( #35 ) ) ;
#882 =( GEOMETRIC_REPRESENTATION_CONTEXT ( 3 ) GLOBAL_UNCERTAINTY_ASSIGNED_CONTEXT ( ( #4840 ) ) GLOBAL_UNIT_ASSIGNED_CONTEXT ( ( #349, #1710, #4216 ) ) REPRESENTATION_CONTEXT ( 'NONE', 'WORKASPACE' ) );
#883 = DIRECTION ( 'NONE',  ( 5.421010862427523748E-15, 0.000000000000000000, 1.000000000000000000 ) ) ;
#884 = CARTESIAN_POINT ( 'NONE',  ( 6.923472374583843347, 3.998999999999993893, 0.7881048511914116039 ) ) ;
#885 = ORIENTED_EDGE ( 'NONE', *, *, #3157, .T. ) ;
#886 = CARTESIAN_POINT ( 'NONE',  ( 6.605700443073193817, 3.999000000000000110, 0.02773969041767360838 ) ) ;
#887 = PRESENTATION_LAYER_ASSIGNMENT (  '', '', ( #3965 ) ) ;
#888 =( GEOMETRIC_REPRESENTATION_CONTEXT ( 3 ) GLOBAL_UNCERTAINTY_ASSIGNED_CONTEXT ( ( #3401 ) ) GLOBAL_UNIT_ASSIGNED_CONTEXT ( ( #2518, #4704, #5549 ) ) REPRESENTATION_CONTEXT ( 'NONE', 'WORKASPACE' ) );
#889 = PRESENTATION_STYLE_ASSIGNMENT (( #3519 ) ) ;
#890 = CARTESIAN_POINT ( 'NONE',  ( 7.521215523381973966, 3.998999999999997446, 0.3293228228354079801 ) ) ;
#891 = CARTESIAN_POINT ( 'NONE',  ( 6.487198837404847040, 3.998999999999996557, 0.5283975585740906533 ) ) ;
#892 = STYLED_ITEM ( 'NONE', ( #4455 ), #5417 ) ;
#893 = LINE ( 'NONE', #5229, #3282 ) ;
#894 = ORIENTED_EDGE ( 'NONE', *, *, #5344, .F. ) ;
#895 = DIRECTION ( 'NONE',  ( -1.000000000000000000, 0.000000000000000000, 5.551115123125786400E-17 ) ) ;
#896 = CARTESIAN_POINT ( 'NONE',  ( 6.705172714700597503, 3.999000000000000998, -0.1488064611815310967 ) ) ;
#897 =( NAMED_UNIT ( * ) PLANE_ANGLE_UNIT ( ) SI_UNIT ( $, .RADIAN. ) );
#898 = CARTESIAN_POINT ( 'NONE',  ( 6.618965331964997922, 4.000000000000002665, -0.3137598791673994469 ) ) ;
#899 = UNCERTAINTY_MEASURE_WITH_UNIT (LENGTH_MEASURE( 1.000000000000000082E-05 ), #2843, 'distance_accuracy_value', 'NONE');
#900 =( NAMED_UNIT ( * ) PLANE_ANGLE_UNIT ( ) SI_UNIT ( $, .RADIAN. ) );
#901 = CARTESIAN_POINT ( 'NONE',  ( 7.257486966580382948, 3.999999999999998224, 0.2604588708326004975 ) ) ;
#902 = VERTEX_POINT ( 'NONE', #923 ) ;
#903 = ADVANCED_FACE ( 'NONE', ( #2101, #50 ), #843, .T. ) ;
#904 = CARTESIAN_POINT ( 'NONE',  ( 6.733384272317003649, 3.998999999999996557, 0.5308168012077404407 ) ) ;
#905 = DIRECTION ( 'NONE',  ( 0.000000000000000000, 1.000000000000000000, 7.205007282611301174E-15 ) ) ;
#906 = CARTESIAN_POINT ( 'NONE',  ( 1.250000000000000222, 0.000000000000000000, 2.500000000000002220 ) ) ;
#907 = EDGE_CURVE ( 'NONE', #1364, #5451, #3847, .T. ) ;
#908 = CARTESIAN_POINT ( 'NONE',  ( 6.854375867120642951, 3.999999999999995559, 0.6002958851874864443 ) ) ;
#909 = CARTESIAN_POINT ( 'NONE',  ( 7.000000000000001776, 3.000000000000000000, -1.301042606982604138E-15 ) ) ;
#910 = CARTESIAN_POINT ( 'NONE',  ( 6.600647338859063851, 3.998999999999994781, 0.6716770100640285790 ) ) ;
#911 = VERTEX_POINT ( 'NONE', #901 ) ;
#912 = CARTESIAN_POINT ( 'NONE',  ( 3.750000000000003109, 2.494438317560252532E-31, 3.722819561778043863E-16 ) ) ;
#913 = SURFACE_STYLE_FILL_AREA ( #146 ) ;
#914 = CARTESIAN_POINT ( 'NONE',  ( 0.6257359312880770297, -0.2000000000000000389, 0.000000000000000000 ) ) ;
#915 = CARTESIAN_POINT ( 'NONE',  ( 7.104678775535403723, 3.998999999999995669, 0.6081239371761294477 ) ) ;
#916 = PRESENTATION_LAYER_ASSIGNMENT (  '', '', ( #4171 ) ) ;
#917 =( LENGTH_UNIT ( ) NAMED_UNIT ( * ) SI_UNIT ( .MILLI., .METRE. ) );
#918 = CARTESIAN_POINT ( 'NONE',  ( 6.600647338859063851, 3.999999999999994671, 0.6716770100640285790 ) ) ;
#919 = EDGE_LOOP ( 'NONE', ( #1333 ) ) ;
#920 = PLANE ( 'NONE',  #1685 ) ;
#921 = SURFACE_STYLE_USAGE ( .BOTH. , #1841 ) ;
#922 = CARTESIAN_POINT ( 'NONE',  ( 6.619439067263397369, 4.000000000000002665, -0.3247139092336729371 ) ) ;
#923 = CARTESIAN_POINT ( 'NONE',  ( 7.000000000000004441, 3.000000000000000000, 3.499999999999998224 ) ) ;
#924 = FACE_OUTER_BOUND ( 'NONE', #1592, .T. ) ;
#925 = SURFACE_STYLE_FILL_AREA ( #4807 ) ;
#926 = ORIENTED_EDGE ( 'NONE', *, *, #2708, .T. ) ;
#927 = CARTESIAN_POINT ( 'NONE',  ( 7.522811485811152998, 3.998999999999997446, 0.3791487746787539637 ) ) ;
#928 = CARTESIAN_POINT ( 'NONE',  ( 6.416170952994842303, 4.000000000000001776, -0.2179195993673169740 ) ) ;
#929 = CARTESIAN_POINT ( 'NONE',  ( 6.656858269928777716, 3.999000000000000110, 0.05416420245752909951 ) ) ;
#930 = FACE_OUTER_BOUND ( 'NONE', #468, .T. ) ;
#931 = PLANE ( 'NONE',  #5279 ) ;
#932 = CARTESIAN_POINT ( 'NONE',  ( 7.000000000000002665, 2.299999999999999822, -1.750000000000003997 ) ) ;
#933 = PRESENTATION_LAYER_ASSIGNMENT (  '', '', ( #1737 ) ) ;
#934 =( GEOMETRIC_REPRESENTATION_CONTEXT ( 3 ) GLOBAL_UNCERTAINTY_ASSIGNED_CONTEXT ( ( #3387 ) ) GLOBAL_UNIT_ASSIGNED_CONTEXT ( ( #4538, #1124, #241 ) ) REPRESENTATION_CONTEXT ( 'NONE', 'WORKASPACE' ) );
#935 = CARTESIAN_POINT ( 'NONE',  ( 6.715909544467237424, 3.999999999999996447, 0.5107957940261265151 ) ) ;
#936 = EDGE_CURVE ( 'NONE', #520, #2787, #1653, .T. ) ;
#937 = ORIENTED_EDGE ( 'NONE', *, *, #4961, .T. ) ;
#938 = DIRECTION ( 'NONE',  ( -1.000000000000000000, 0.000000000000000000, 0.000000000000000000 ) ) ;
#939 = FACE_BOUND ( 'NONE', #5062, .T. ) ;
#940 = SURFACE_STYLE_USAGE ( .BOTH. , #2204 ) ;
#941 = CARTESIAN_POINT ( 'NONE',  ( 6.678776834994687661, 3.999000000000004995, -0.6958795463181784990 ) ) ;
#942 = CARTESIAN_POINT ( 'NONE',  ( 6.652626775817152449, 3.998999999999994781, 0.7078692047672036081 ) ) ;
#943 = B_SPLINE_CURVE_WITH_KNOTS ( 'NONE', 3,
 ( #399, #1623, #4324, #1305, #3899, #3413, #456, #2931, #4726, #3845, #4668, #5121, #1735, #2099, #5568, #1674, #5154, #5093, #1193, #1248, #2986, #2484, #2129, #842, #3472, #4293, #2052 ),
 .UNSPECIFIED., .F., .F.,
 ( 4, 1, 1, 1, 1, 1, 1, 1, 1, 1, 1, 1, 1, 1, 1, 1, 1, 1, 1, 1, 1, 1, 1, 1, 4 ),
 ( 0.000000000000000000, 0.05249258492129640213, 0.1028254751380331955, 0.1513973394924580107, 0.1980330772483334945, 0.2428758954632249945, 0.2859991683849085198, 0.3278486614843789670, 0.3683945968796915049, 0.4078519911389200114, 0.4468375528599380364, 0.4851660451611080060, 0.5233414044713740054, 0.5616022144094739987, 0.5999198855663570029, 0.6384964264110080112, 0.6777905770472509861, 0.7172899891758329760, 0.7566052415928190555, 0.7960678905323560484, 0.8358862309537679058, 0.8757136832726160058, 0.9162634539474130424, 0.9577596754778290311, 1.000000000000000000 ),
 .UNSPECIFIED. ) ;
#944 = CARTESIAN_POINT ( 'NONE',  ( -0.8594875162046679007, 3.000000000000000000, 2.799999999999997602 ) ) ;
#945 = LINE ( 'NONE', #1332, #5544 ) ;
#946 = EDGE_CURVE ( 'NONE', #4720, #2307, #3530, .T. ) ;
#947 = EDGE_LOOP ( 'NONE', ( #1564 ) ) ;
#948 = FILL_AREA_STYLE ('',( #4410 ) ) ;
#949 = CARTESIAN_POINT ( 'NONE',  ( 7.000521830187342864, 4.000000000000005329, -0.7481567661233284872 ) ) ;
#950 = CARTESIAN_POINT ( 'NONE',  ( 6.657551825761647279, 3.999000000000003219, -0.4427809449867749492 ) ) ;
#951 = CARTESIAN_POINT ( 'NONE',  ( 7.188136736077813893, 3.999000000000000110, 0.009079984842807482803 ) ) ;
#952 = CARTESIAN_POINT ( 'NONE',  ( 6.407426870426538024, 3.999000000000002331, -0.3035435330135534682 ) ) ;
#953 = ORIENTED_EDGE ( 'NONE', *, *, #4336, .T. ) ;
#954 = CARTESIAN_POINT ( 'NONE',  ( -6.999999999999999112, 2.299999999999999822, -2.499999999999998668 ) ) ;
#955 = TOROIDAL_SURFACE ( 'NONE', #510, 0.6500000000000000222, 0.1000000000000000056 ) ;
#956 = CARTESIAN_POINT ( 'NONE',  ( 7.311273024272693100, 3.998999999999997446, 0.3929708900633694935 ) ) ;
#957 = FILL_AREA_STYLE_COLOUR ( '', #521 ) ;
#958 = CARTESIAN_POINT ( 'NONE',  ( -1.500000000000000444, 3.000000000000000000, 2.500000000000002220 ) ) ;
#959 = DIRECTION ( 'NONE',  ( -1.835596038252509459E-31, 1.000000000000000000, 2.300720062539715626E-17 ) ) ;
#960 = AXIS2_PLACEMENT_3D ( 'NONE', #1809, #4939, #4914 ) ;
#961 = DIRECTION ( 'NONE',  ( 4.565061778886333058E-16, 0.000000000000000000, 1.000000000000000000 ) ) ;
#962 = VECTOR ( 'NONE', #429, 1000.000000000000114 ) ;
#963 = MECHANICAL_DESIGN_GEOMETRIC_PRESENTATION_REPRESENTATION (  '', ( #176 ), #1221 ) ;
#964 = CYLINDRICAL_SURFACE ( 'NONE', #4368, 2.500000000000000888 ) ;
#965 = CIRCLE ( 'NONE', #1944, 1.500000000000000000 ) ;
#966 = SURFACE_SIDE_STYLE ('',( #5161 ) ) ;
#967 = ORIENTED_EDGE ( 'NONE', *, *, #105, .T. ) ;
#968 = COLOUR_RGB ( '',0.9529411764705881804, 0.7960784313725489669, 0.4862745098039215619 ) ;
#969 = FILL_AREA_STYLE_COLOUR ( '', #1986 ) ;
#970 =( GEOMETRIC_REPRESENTATION_CONTEXT ( 3 ) GLOBAL_UNCERTAINTY_ASSIGNED_CONTEXT ( ( #850 ) ) GLOBAL_UNIT_ASSIGNED_CONTEXT ( ( #702, #3735, #1469 ) ) REPRESENTATION_CONTEXT ( 'NONE', 'WORKASPACE' ) );
#971 = MECHANICAL_DESIGN_GEOMETRIC_PRESENTATION_REPRESENTATION (  '', ( #3406 ), #2954 ) ;
#972 = CARTESIAN_POINT ( 'NONE',  ( 7.368965331965003251, 3.999000000000001886, -0.2100940137827840282 ) ) ;
#973 = EDGE_CURVE ( 'NONE', #1365, #1365, #3352, .T. ) ;
#974 = CARTESIAN_POINT ( 'NONE',  ( 7.331109889040853034, 3.999999999999994671, 0.7114953990462873357 ) ) ;
#975 = ORIENTED_EDGE ( 'NONE', *, *, #464, .T. ) ;
#976 = CARTESIAN_POINT ( 'NONE',  ( 6.981966863032343262, 3.998999999999999222, 0.1540050825380149813 ) ) ;
#977 = VERTEX_POINT ( 'NONE', #3637 ) ;
#978 = VECTOR ( 'NONE', #663, 1000.000000000000000 ) ;
#979 = FACE_OUTER_BOUND ( 'NONE', #5055, .T. ) ;
#980 = CARTESIAN_POINT ( 'NONE',  ( 6.968530258399552757, 3.999000000000004995, -0.7484207751661534624 ) ) ;
#981 = ADVANCED_FACE ( 'NONE', ( #1842 ), #2251, .F. ) ;
#982 = CARTESIAN_POINT ( 'NONE',  ( 6.640432345232552436, 3.999000000000002331, -0.4115837402944189649 ) ) ;
#983 = UNCERTAINTY_MEASURE_WITH_UNIT (LENGTH_MEASURE( 1.000000000000000082E-05 ), #2717, 'distance_accuracy_value', 'NONE');
#984 = SURFACE_STYLE_FILL_AREA ( #5295 ) ;
#985 = PRESENTATION_STYLE_ASSIGNMENT (( #2617 ) ) ;
#986 = SURFACE_SIDE_STYLE ('',( #482 ) ) ;
#987 = ORIENTED_EDGE ( 'NONE', *, *, #4159, .T. ) ;
#988 = CARTESIAN_POINT ( 'NONE',  ( 3.750000000000003553, 4.000000000000000000, 0.7500000000000004441 ) ) ;
#989 = CARTESIAN_POINT ( 'NONE',  ( 7.282166955574973066, 3.998999999999998334, 0.2869929757270880399 ) ) ;
#990 = CARTESIAN_POINT ( 'NONE',  ( 7.293683714041263144, 4.000000000000000000, 0.05113898818267297725 ) ) ;
#991 = DIRECTION ( 'NONE',  ( 0.000000000000000000, 1.000000000000000000, -0.000000000000000000 ) ) ;
#992 = CARTESIAN_POINT ( 'NONE',  ( 7.000000000000001776, 1.000000000000000000, -1.301042606982604138E-15 ) ) ;
#993 = SURFACE_STYLE_FILL_AREA ( #4881 ) ;
#994 = DIRECTION ( 'NONE',  ( -2.891205793294678326E-16, -2.300720062539084537E-17, 1.000000000000000000 ) ) ;
#995 = ORIENTED_EDGE ( 'NONE', *, *, #1694, .F. ) ;
#996 = LINE ( 'NONE', #1832, #2238 ) ;
#997 = FACE_OUTER_BOUND ( 'NONE', #93, .T. ) ;
#998 = CARTESIAN_POINT ( 'NONE',  ( 6.445888408888078125, 3.999999999999997335, 0.3475982939095235147 ) ) ;
#999 = CARTESIAN_POINT ( 'NONE',  ( 7.333584178259023645, 4.000000000000002665, -0.3637861991430215158 ) ) ;
#1000 = CARTESIAN_POINT ( 'NONE',  ( 7.252460183627722934, 4.000000000000005329, -0.7010558178645964755 ) ) ;
#1001 = CARTESIAN_POINT ( 'NONE',  ( 6.667643216580383836, 3.999000000000000110, 0.05913675544798490530 ) ) ;
#1002 = EDGE_LOOP ( 'NONE', ( #3438 ) ) ;
#1003 = CARTESIAN_POINT ( 'NONE',  ( 7.070103327514512870, 3.999999999999995559, 0.6129885425261715204 ) ) ;
#1004 = DIRECTION ( 'NONE',  ( 0.5403350958123748216, -5.868513238538530046E-15, 0.8414499297245389142 ) ) ;
#1005 = MECHANICAL_DESIGN_GEOMETRIC_PRESENTATION_REPRESENTATION (  '', ( #124 ), #3996 ) ;
#1006 = COLOUR_RGB ( '',0.1019607843137254888, 0.1019607843137254888, 0.1019607843137254888 ) ;
#1007 =( LENGTH_UNIT ( ) NAMED_UNIT ( * ) SI_UNIT ( .MILLI., .METRE. ) );
#1008 = CARTESIAN_POINT ( 'NONE',  ( 7.123694651498372998, 3.999999999999998224, 0.1938948734512274952 ) ) ;
#1009 = DIRECTION ( 'NONE',  ( 0.000000000000000000, 7.205007282611301174E-15, -1.000000000000000000 ) ) ;
#1010 = ORIENTED_EDGE ( 'NONE', *, *, #4480, .T. ) ;
#1011 = VERTEX_POINT ( 'NONE', #3161 ) ;
#1012 = ADVANCED_FACE ( 'NONE', ( #557, #3158 ), #3205, .T. ) ;
#1013 = AXIS2_PLACEMENT_3D ( 'NONE', #724, #2893, #5506 ) ;
#1014 = FACE_OUTER_BOUND ( 'NONE', #2743, .T. ) ;
#1015 = CARTESIAN_POINT ( 'NONE',  ( -0.8594875162046679007, 2.500000000000000000, 2.799999999999997602 ) ) ;
#1016 = FACE_OUTER_BOUND ( 'NONE', #3378, .T. ) ;
#1017 = AXIS2_PLACEMENT_3D ( 'NONE', #451, #4836, #5342 ) ;
#1018 = SURFACE_SIDE_STYLE ('',( #3619 ) ) ;
#1019 = AXIS2_PLACEMENT_3D ( 'NONE', #2637, #5168, #3095 ) ;
#1020 = MECHANICAL_DESIGN_GEOMETRIC_PRESENTATION_REPRESENTATION (  '', ( #5362 ), #1633 ) ;
#1021 = TOROIDAL_SURFACE ( 'NONE', #4006, 0.6500000000000000222, 0.1000000000000000056 ) ;
#1022 = SURFACE_STYLE_FILL_AREA ( #1800 ) ;
#1023 = LINE ( 'NONE', #3224, #1228 ) ;
#1024 = STYLED_ITEM ( 'NONE', ( #3217 ), #3824 ) ;
#1025 = ORIENTED_EDGE ( 'NONE', *, *, #3087, .T. ) ;
#1026 = PRESENTATION_LAYER_ASSIGNMENT (  '', '', ( #1827 ) ) ;
#1027 = CARTESIAN_POINT ( 'NONE',  ( 6.465323978180223641, 3.999999999999996447, 0.4710997595643415248 ) ) ;
#1028 = CARTESIAN_POINT ( 'NONE',  ( 7.092578537431453611, 4.000000000000005329, -0.7403345789362684171 ) ) ;
#1029 = CARTESIAN_POINT ( 'NONE',  ( 7.081332470051943773, 3.998999999999998334, 0.1803742254999684824 ) ) ;
#1030 = ORIENTED_EDGE ( 'NONE', *, *, #4162, .F. ) ;
#1031 = CARTESIAN_POINT ( 'NONE',  ( 7.215028999209282645, 3.999999999999995559, 0.5669627069140634745 ) ) ;
#1032 = CIRCLE ( 'NONE', #231, 0.3000000000000003775 ) ;
#1033 = CARTESIAN_POINT ( 'NONE',  ( 7.522811485811152998, 3.999999999999997335, 0.3791487746787539637 ) ) ;
#1034 = FILL_AREA_STYLE ('',( #5345 ) ) ;
#1035 = UNCERTAINTY_MEASURE_WITH_UNIT (LENGTH_MEASURE( 1.000000000000000082E-05 ), #3703, 'distance_accuracy_value', 'NONE');
#1036 = CARTESIAN_POINT ( 'NONE',  ( 6.816507039710972826, 3.999000000000000998, -0.09768211314043889759 ) ) ;
#1037 = CARTESIAN_POINT ( 'NONE',  ( 6.756011783798418158, 3.999999999999999112, 0.09221124517686239697 ) ) ;
#1038 = CARTESIAN_POINT ( 'NONE',  ( 7.104678775535403723, 3.999999999999995559, 0.6081239371761294477 ) ) ;
#1039 = ORIENTED_EDGE ( 'NONE', *, *, #1942, .F. ) ;
#1040 = CARTESIAN_POINT ( 'NONE',  ( -6.999999999999995559, 3.900000000000000355, 1.500000000000002665 ) ) ;
#1041 = PRESENTATION_STYLE_ASSIGNMENT (( #1504 ) ) ;
#1042 = EDGE_CURVE ( 'NONE', #3475, #2210, #2041, .T. ) ;
#1043 = FACE_OUTER_BOUND ( 'NONE', #308, .T. ) ;
#1044 = DIRECTION ( 'NONE',  ( 1.797281352452778372E-31, -1.000000000000000000, 1.577721810442023611E-30 ) ) ;
#1045 = ADVANCED_FACE ( 'NONE', ( #5402, #1495 ), #4979, .T. ) ;
#1046 = CIRCLE ( 'NONE', #3944, 0.7500000000000003331 ) ;
#1047 = DIRECTION ( 'NONE',  ( 1.000000000000000000, 2.069479451259501429E-31, -5.551115123125782702E-17 ) ) ;
#1048 = ORIENTED_EDGE ( 'NONE', *, *, #598, .F. ) ;
#1049 = FILL_AREA_STYLE ('',( #3170 ) ) ;
#1050 = CARTESIAN_POINT ( 'NONE',  ( 6.447372347789262825, 3.998999999999997446, 0.3688200193983155462 ) ) ;
#1051 =( GEOMETRIC_REPRESENTATION_CONTEXT ( 3 ) GLOBAL_UNCERTAINTY_ASSIGNED_CONTEXT ( ( #5204 ) ) GLOBAL_UNIT_ASSIGNED_CONTEXT ( ( #812, #2156, #2539 ) ) REPRESENTATION_CONTEXT ( 'NONE', 'WORKASPACE' ) );
#1052 = CARTESIAN_POINT ( 'NONE',  ( 7.434290014896853371, 4.000000000000004441, -0.5824724284058916401 ) ) ;
#1053 = STYLED_ITEM ( 'NONE', ( #4447 ), #1624 ) ;
#1054 =( LENGTH_UNIT ( ) NAMED_UNIT ( * ) SI_UNIT ( .MILLI., .METRE. ) );
#1055 = ORIENTED_EDGE ( 'NONE', *, *, #1371, .F. ) ;
#1056 = CARTESIAN_POINT ( 'NONE',  ( 7.006995346872563424, 3.999999999999995559, 0.6167285841657266232 ) ) ;
#1057 = VECTOR ( 'NONE', #266, 1000.000000000000000 ) ;
#1058 = COLOUR_RGB ( '',0.1019607843137254888, 0.1019607843137254888, 0.1019607843137254888 ) ;
#1059 =( NAMED_UNIT ( * ) SI_UNIT ( $, .STERADIAN. ) SOLID_ANGLE_UNIT ( ) );
#1060 = CARTESIAN_POINT ( 'NONE',  ( 6.667643216580383836, 4.000000000000000000, 0.05913675544798491224 ) ) ;
#1061 = CARTESIAN_POINT ( 'NONE',  ( 7.002078312734233201, 3.999999999999994227, 0.7899059862172155277 ) ) ;
#1062 = ORIENTED_EDGE ( 'NONE', *, *, #1725, .T. ) ;
#1063 = CARTESIAN_POINT ( 'NONE',  ( 7.000000000000002665, 0.2000000000000000944, 1.499999999999998224 ) ) ;
#1064 = ORIENTED_EDGE ( 'NONE', *, *, #2292, .F. ) ;
#1065 = COLOUR_RGB ( '',0.1019607843137254888, 0.1019607843137254888, 0.1019607843137254888 ) ;
#1066 = DIRECTION ( 'NONE',  ( 5.782411586589354681E-16, 0.000000000000000000, 1.000000000000000000 ) ) ;
#1067 = CARTESIAN_POINT ( 'NONE',  ( 6.416170952994842303, 3.999000000000001886, -0.2179195993673169740 ) ) ;
#1068 = COLOUR_RGB ( '',0.8980392156862745390, 0.8980392156862745390, 0.8980392156862745390 ) ;
#1069 =( NAMED_UNIT ( * ) SI_UNIT ( $, .STERADIAN. ) SOLID_ANGLE_UNIT ( ) );
#1070 = EDGE_CURVE ( 'NONE', #292, #2974, #4453, .T. ) ;
#1071 = DIRECTION ( 'NONE',  ( 4.223192631925967987E-48, -2.300720062539715934E-17, 1.000000000000000000 ) ) ;
#1072 = MECHANICAL_DESIGN_GEOMETRIC_PRESENTATION_REPRESENTATION (  '', ( #4879 ), #3068 ) ;
#1073 = DIRECTION ( 'NONE',  ( -0.000000000000000000, -1.000000000000000000, -0.000000000000000000 ) ) ;
#1074 = CARTESIAN_POINT ( 'NONE',  ( 0.000000000000000000, 2.500000000000000000, 0.000000000000000000 ) ) ;
#1075 = ORIENTED_EDGE ( 'NONE', *, *, #1400, .F. ) ;
#1076 = CARTESIAN_POINT ( 'NONE',  ( 6.407426870426538024, 3.999000000000002331, -0.3035435330135534682 ) ) ;
#1077 = EDGE_CURVE ( 'NONE', #2255, #2255, #1442, .T. ) ;
#1078 = CARTESIAN_POINT ( 'NONE',  ( 7.368965331965003251, 4.000000000000001776, -0.2100940137827840282 ) ) ;
#1079 = CARTESIAN_POINT ( 'NONE',  ( 7.517981352529812256, 4.000000000000003553, -0.4642103424512264986 ) ) ;
#1080 = FILL_AREA_STYLE ('',( #5026 ) ) ;
#1081 = EDGE_LOOP ( 'NONE', ( #4099, #3640, #4270, #442 ) ) ;
#1082 = AXIS2_PLACEMENT_3D ( 'NONE', #202, #3663, #3699 ) ;
#1083 = FILL_AREA_STYLE ('',( #4977 ) ) ;
#1084 = CARTESIAN_POINT ( 'NONE',  ( 7.366638531611883423, 3.999000000000001886, -0.2290872587537869931 ) ) ;
#1085 = SURFACE_STYLE_FILL_AREA ( #2364 ) ;
#1086 = CARTESIAN_POINT ( 'NONE',  ( 7.235599723498172153, 3.999999999999995559, 0.5516517710306335642 ) ) ;
#1087 = ORIENTED_EDGE ( 'NONE', *, *, #2453, .F. ) ;
#1088 = VERTEX_POINT ( 'NONE', #4951 ) ;
#1089 = DIRECTION ( 'NONE',  ( -1.000000000000000000, 0.000000000000000000, 4.336808689942016750E-16 ) ) ;
#1090 = PRESENTATION_STYLE_ASSIGNMENT (( #2970 ) ) ;
#1091 = DIRECTION ( 'NONE',  ( 0.000000000000000000, -1.000000000000000000, 0.000000000000000000 ) ) ;
#1092 = CARTESIAN_POINT ( 'NONE',  ( 7.403589991592332886, 3.998999999999995669, 0.6575156526172324378 ) ) ;
#1093 = DIRECTION ( 'NONE',  ( 0.000000000000000000, -1.000000000000000000, 0.000000000000000000 ) ) ;
#1094 = FACE_OUTER_BOUND ( 'NONE', #5458, .T. ) ;
#1095 = STYLED_ITEM ( 'NONE', ( #1753 ), #261 ) ;
#1096 = MECHANICAL_DESIGN_GEOMETRIC_PRESENTATION_REPRESENTATION (  '', ( #2989 ), #5269 ) ;
#1097 = AXIS2_PLACEMENT_3D ( 'NONE', #53, #2160, #1742 ) ;
#1098 = CARTESIAN_POINT ( 'NONE',  ( 3.750000000000003109, 3.997857139782515112, 4.642612225927707832E-16 ) ) ;
#1099 = SURFACE_STYLE_FILL_AREA ( #2766 ) ;
#1100 = DIRECTION ( 'NONE',  ( 1.000000000000000000, 0.000000000000000000, -5.551115123125774690E-17 ) ) ;
#1101 = ORIENTED_EDGE ( 'NONE', *, *, #198, .F. ) ;
#1102 = PLANE ( 'NONE',  #1608 ) ;
#1103 =( NAMED_UNIT ( * ) SI_UNIT ( $, .STERADIAN. ) SOLID_ANGLE_UNIT ( ) );
#1104 = CARTESIAN_POINT ( 'NONE',  ( 7.282166955574973066, 3.998999999999998334, 0.2869929757270880399 ) ) ;
#1105 = COLOUR_RGB ( '',0.7921568627450980005, 0.8196078431372548767, 0.9333333333333333481 ) ;
#1106 = ADVANCED_FACE ( 'NONE', ( #313 ), #671, .T. ) ;
#1107 = ORIENTED_EDGE ( 'NONE', *, *, #2531, .T. ) ;
#1108 = CARTESIAN_POINT ( 'NONE',  ( 6.993664851195772414, 3.998999999999995669, 0.6168290631402925106 ) ) ;
#1109 = AXIS2_PLACEMENT_3D ( 'NONE', #1295, #5226, #14 ) ;
#1110 = CARTESIAN_POINT ( 'NONE',  ( 7.574237604706492988, 3.999000000000001886, -0.2876727150003285383 ) ) ;
#1111 = SURFACE_SIDE_STYLE ('',( #2752 ) ) ;
#1112 = EDGE_CURVE ( 'NONE', #4139, #2110, #657, .T. ) ;
#1113 = CARTESIAN_POINT ( 'NONE',  ( 7.468863530848253163, 3.998999999999998334, 0.1924057346492779874 ) ) ;
#1114 = EDGE_CURVE ( 'NONE', #4908, #1246, #3434, .T. ) ;
#1115 = FILL_AREA_STYLE_COLOUR ( '', #2633 ) ;
#1116 = DIRECTION ( 'NONE',  ( 5.782411586589354681E-16, 0.000000000000000000, 1.000000000000000000 ) ) ;
#1117 = ORIENTED_EDGE ( 'NONE', *, *, #4093, .F. ) ;
#1118 = VERTEX_POINT ( 'NONE', #1040 ) ;
#1119 =( LENGTH_UNIT ( ) NAMED_UNIT ( * ) SI_UNIT ( .MILLI., .METRE. ) );
#1120 =( LENGTH_UNIT ( ) NAMED_UNIT ( * ) SI_UNIT ( .MILLI., .METRE. ) );
#1121 = UNCERTAINTY_MEASURE_WITH_UNIT (LENGTH_MEASURE( 1.000000000000000082E-05 ), #2763, 'distance_accuracy_value', 'NONE');
#1122 = FACE_OUTER_BOUND ( 'NONE', #2918, .T. ) ;
#1123 = CARTESIAN_POINT ( 'NONE',  ( 6.739769375195788115, 4.000000000000003553, -0.5218468791949624208 ) ) ;
#1124 =( NAMED_UNIT ( * ) PLANE_ANGLE_UNIT ( ) SI_UNIT ( $, .RADIAN. ) );
#1125 = FACE_OUTER_BOUND ( 'NONE', #2524, .T. ) ;
#1126 = LINE ( 'NONE', #4540, #1746 ) ;
#1127 = ORIENTED_EDGE ( 'NONE', *, *, #2460, .F. ) ;
#1128 = AXIS2_PLACEMENT_3D ( 'NONE', #2073, #4244, #3818 ) ;
#1129 = ORIENTED_EDGE ( 'NONE', *, *, #1620, .F. ) ;
#1130 = SURFACE_SIDE_STYLE ('',( #749 ) ) ;
#1131 = AXIS2_PLACEMENT_3D ( 'NONE', #2259, #5326, #3084 ) ;
#1132 = ADVANCED_FACE ( 'NONE', ( #3009, #4746 ), #1756, .T. ) ;
#1133 = CARTESIAN_POINT ( 'NONE',  ( 6.975406850558804273, 3.998999999999993893, 0.7892948503940965255 ) ) ;
#1134 = VECTOR ( 'NONE', #2349, 1000.000000000000000 ) ;
#1135 = DIRECTION ( 'NONE',  ( 4.027036640660443984E-16, 0.000000000000000000, 1.000000000000000000 ) ) ;
#1136 = COLOUR_RGB ( '',0.9529411764705881804, 0.7960784313725489669, 0.4862745098039215619 ) ;
#1137 = ORIENTED_EDGE ( 'NONE', *, *, #2665, .T. ) ;
#1138 = CARTESIAN_POINT ( 'NONE',  ( 7.310658641823142290, 3.999999999999997335, 0.4155501411646220222 ) ) ;
#1139 = ORIENTED_EDGE ( 'NONE', *, *, #2665, .F. ) ;
#1140 = CARTESIAN_POINT ( 'NONE',  ( -3.749999999999996891, -0.1000000000000000056, 0.4000000000000004108 ) ) ;
#1141 = EDGE_CURVE ( 'NONE', #207, #4569, #423, .T. ) ;
#1142 = CARTESIAN_POINT ( 'NONE',  ( 6.765257519046333101, 4.000000000000000888, -0.1171523248653970894 ) ) ;
#1143 =( NAMED_UNIT ( * ) SI_UNIT ( $, .STERADIAN. ) SOLID_ANGLE_UNIT ( ) );
#1144 = COLOUR_RGB ( '',0.9529411764705881804, 0.7960784313725489669, 0.4862745098039215619 ) ;
#1145 = DIRECTION ( 'NONE',  ( 0.000000000000000000, 1.000000000000000000, 7.205007282611301174E-15 ) ) ;
#1146 = CARTESIAN_POINT ( 'NONE',  ( -0.6257359312880754754, -0.5000000000000000000, 2.499999999999998224 ) ) ;
#1147 = FACE_OUTER_BOUND ( 'NONE', #4935, .T. ) ;
#1148 =( GEOMETRIC_REPRESENTATION_CONTEXT ( 3 ) GLOBAL_UNCERTAINTY_ASSIGNED_CONTEXT ( ( #5346 ) ) GLOBAL_UNIT_ASSIGNED_CONTEXT ( ( #808, #4262, #2070 ) ) REPRESENTATION_CONTEXT ( 'NONE', 'WORKASPACE' ) );
#1149 = UNCERTAINTY_MEASURE_WITH_UNIT (LENGTH_MEASURE( 1.000000000000000082E-05 ), #2885, 'distance_accuracy_value', 'NONE');
#1150 = LINE ( 'NONE', #2431, #5368 ) ;
#1151 = CIRCLE ( 'NONE', #2603, 0.5000000000000000000 ) ;
#1152 = B_SPLINE_SURFACE_WITH_KNOTS ( 'NONE', 3, 1, ( 
 ( #3106, #1313 ),
 ( #4845, #1770 ),
 ( #3083, #2651 ),
 ( #3162, #2310 ),
 ( #4047, #4390 ),
 ( #2423, #4156 ),
 ( #731, #1566 ),
 ( #1898, #2789 ),
 ( #2341, #4534 ),
 ( #236, #1142 ),
 ( #3271, #293 ) ),
 .UNSPECIFIED., .F., .F., .F.,
 ( 4, 1, 1, 1, 1, 1, 1, 1, 4 ),
 ( 2, 2 ),
 ( 0.000000000000000000, 0.1177675192120364034, 0.2301764485440569996, 0.3398429589695389774, 0.4506252599208619980, 0.5669428888721620430, 0.6960213064547929873, 0.8394383602270610867, 1.000000000000000000 ),
 ( 0.000000000000000000, 1.000000000000000000 ),
 .UNSPECIFIED. ) ;
#1153 = FACE_OUTER_BOUND ( 'NONE', #807, .T. ) ;
#1154 = EDGE_LOOP ( 'NONE', ( #4803, #1618, #3615, #5108 ) ) ;
#1155 = PRESENTATION_STYLE_ASSIGNMENT (( #712 ) ) ;
#1156 = SURFACE_STYLE_USAGE ( .BOTH. , #2855 ) ;
#1157 = CARTESIAN_POINT ( 'NONE',  ( 7.265750513782212927, 3.999999999999998224, 0.2693432276409449266 ) ) ;
#1158 = CARTESIAN_POINT ( 'NONE',  ( 1.500000000000000000, 2.500000000000000000, 2.500000000000002220 ) ) ;
#1159 = ORIENTED_EDGE ( 'NONE', *, *, #335, .T. ) ;
#1160 = CARTESIAN_POINT ( 'NONE',  ( 7.311065400115773549, 3.998999999999997446, 0.4006013130633634955 ) ) ;
#1161 = SURFACE_SIDE_STYLE ('',( #363 ) ) ;
#1162 = CARTESIAN_POINT ( 'NONE',  ( 6.802905941979982885, 4.000000000000005329, -0.7351340212489955173 ) ) ;
#1163 = CARTESIAN_POINT ( 'NONE',  ( -6.999999999999996447, 3.500000000000000000, 2.749678197205522871E-14 ) ) ;
#1164 = CARTESIAN_POINT ( 'NONE',  ( 6.869472071929282997, 4.000000000000000888, -0.08065821795759690882 ) ) ;
#1165 = UNCERTAINTY_MEASURE_WITH_UNIT (LENGTH_MEASURE( 1.000000000000000082E-05 ), #2304, 'distance_accuracy_value', 'NONE');
#1166 = ORIENTED_EDGE ( 'NONE', *, *, #3251, .T. ) ;
#1167 = CARTESIAN_POINT ( 'NONE',  ( 6.620392351989923263, 3.999000000000002331, -0.3467564076319089583 ) ) ;
#1168 = ORIENTED_EDGE ( 'NONE', *, *, #3462, .T. ) ;
#1169 = SURFACE_STYLE_USAGE ( .BOTH. , #2929 ) ;
#1170 =( LENGTH_UNIT ( ) NAMED_UNIT ( * ) SI_UNIT ( .MILLI., .METRE. ) );
#1171 = EDGE_CURVE ( 'NONE', #520, #2110, #862, .T. ) ;
#1172 =( LENGTH_UNIT ( ) NAMED_UNIT ( * ) SI_UNIT ( .MILLI., .METRE. ) );
#1173 = CARTESIAN_POINT ( 'NONE',  ( 1.250000000000002665, 4.000000000000000000, 1.192622389734055075E-15 ) ) ;
#1174 = CARTESIAN_POINT ( 'NONE',  ( 7.287175656788943634, 4.000000000000003553, -0.4424754637768885113 ) ) ;
#1175 = FILL_AREA_STYLE_COLOUR ( '', #673 ) ;
#1176 = FACE_OUTER_BOUND ( 'NONE', #508, .T. ) ;
#1177 = VERTEX_POINT ( 'NONE', #1727 ) ;
#1178 = AXIS2_PLACEMENT_3D ( 'NONE', #5006, #4579, #695 ) ;
#1179 = CARTESIAN_POINT ( 'NONE',  ( 7.301357158888083454, 4.000000000000000000, 0.05493002467875417183 ) ) ;
#1180 = CARTESIAN_POINT ( 'NONE',  ( 6.756011783798418158, 3.999999999999999112, 0.09221124517686239697 ) ) ;
#1181 = ORIENTED_EDGE ( 'NONE', *, *, #3643, .F. ) ;
#1182 = STYLED_ITEM ( 'NONE', ( #2176 ), #2040 ) ;
#1183 = CYLINDRICAL_SURFACE ( 'NONE', #3416, 1.500000000000000444 ) ;
#1184 = SURFACE_SIDE_STYLE ('',( #750 ) ) ;
#1185 = PRESENTATION_LAYER_ASSIGNMENT (  '', '', ( #2374 ) ) ;
#1186 = SURFACE_STYLE_USAGE ( .BOTH. , #4172 ) ;
#1187 = CARTESIAN_POINT ( 'NONE',  ( 7.000000000000001776, 2.299999999999999822, -1.301042606982604138E-15 ) ) ;
#1188 = CARTESIAN_POINT ( 'NONE',  ( 7.069860859017133237, 3.999000000000000110, -0.02657362443997101850 ) ) ;
#1189 = ORIENTED_EDGE ( 'NONE', *, *, #3569, .T. ) ;
#1190 = VERTEX_POINT ( 'NONE', #4237 ) ;
#1191 = PRESENTATION_LAYER_ASSIGNMENT (  '', '', ( #3647 ) ) ;
#1192 = COLOUR_RGB ( '',0.1019607843137254888, 0.1019607843137254888, 0.1019607843137254888 ) ;
#1193 = CARTESIAN_POINT ( 'NONE',  ( 7.517981352529812256, 3.999000000000003219, -0.4642103424512264986 ) ) ;
#1194 = COLOUR_RGB ( '',0.1019607843137254888, 0.1019607843137254888, 0.1019607843137254888 ) ;
#1195 = CARTESIAN_POINT ( 'NONE',  ( 7.424329242767362835, 3.999999999999995559, 0.6366416849614164875 ) ) ;
#1196 = SURFACE_SIDE_STYLE ('',( #27 ) ) ;
#1197 = MECHANICAL_DESIGN_GEOMETRIC_PRESENTATION_REPRESENTATION (  '', ( #3653 ), #615 ) ;
#1198 = ADVANCED_FACE ( 'NONE', ( #3464 ), #5198, .F. ) ;
#1199 = CARTESIAN_POINT ( 'NONE',  ( 6.980840326083352920, 3.998999999999995669, 0.6165498198059524704 ) ) ;
#1200 = SURFACE_STYLE_USAGE ( .BOTH. , #3771 ) ;
#1201 = FACE_OUTER_BOUND ( 'NONE', #79, .T. ) ;
#1202 = SURFACE_STYLE_FILL_AREA ( #3774 ) ;
#1203 = ADVANCED_FACE ( 'NONE', ( #2274, #3096 ), #5572, .T. ) ;
#1204 = DIRECTION ( 'NONE',  ( 5.421010862427520198E-16, 0.000000000000000000, 1.000000000000000000 ) ) ;
#1205 = CARTESIAN_POINT ( 'NONE',  ( 7.309665332390823167, 3.998999999999997446, 0.3550174730524979783 ) ) ;
#1206 = CARTESIAN_POINT ( 'NONE',  ( 7.033605043267143309, 3.998999999999999222, 0.1669456942453229897 ) ) ;
#1207 = EDGE_LOOP ( 'NONE', ( #4116 ) ) ;
#1208 = CARTESIAN_POINT ( 'NONE',  ( 1.500000000000000000, 2.500000000000000000, 2.500000000000002220 ) ) ;
#1209 = COLOUR_RGB ( '',0.9529411764705881804, 0.7960784313725489669, 0.4862745098039215619 ) ;
#1210 = UNCERTAINTY_MEASURE_WITH_UNIT (LENGTH_MEASURE( 1.000000000000000082E-05 ), #5569, 'distance_accuracy_value', 'NONE');
#1211 = CIRCLE ( 'NONE', #251, 2.500000000000001776 ) ;
#1212 = CARTESIAN_POINT ( 'NONE',  ( 6.778821101195773302, 3.999000000000000998, -0.1112358407058611082 ) ) ;
#1213 = CARTESIAN_POINT ( 'NONE',  ( 6.816507039710972826, 4.000000000000000888, -0.09768211314043889759 ) ) ;
#1214 = ORIENTED_EDGE ( 'NONE', *, *, #3715, .F. ) ;
#1215 = PRESENTATION_STYLE_ASSIGNMENT (( #5481 ) ) ;
#1216 = STYLED_ITEM ( 'NONE', ( #49 ), #3574 ) ;
#1217 = VERTEX_POINT ( 'NONE', #1381 ) ;
#1218 = PRODUCT_CONTEXT ( 'NONE', #3414, 'mechanical' ) ;
#1219 = PRESENTATION_STYLE_ASSIGNMENT (( #1169 ) ) ;
#1220 = CIRCLE ( 'NONE', #1131, 0.2999999999999999334 ) ;
#1221 =( GEOMETRIC_REPRESENTATION_CONTEXT ( 3 ) GLOBAL_UNCERTAINTY_ASSIGNED_CONTEXT ( ( #831 ) ) GLOBAL_UNIT_ASSIGNED_CONTEXT ( ( #3172, #2799, #3199 ) ) REPRESENTATION_CONTEXT ( 'NONE', 'WORKASPACE' ) );
#1222 = CARTESIAN_POINT ( 'NONE',  ( 6.468821756967638947, 3.999000000000003219, -0.5191417227827485048 ) ) ;
#1223 = VECTOR ( 'NONE', #186, 1000.000000000000000 ) ;
#1224 = UNCERTAINTY_MEASURE_WITH_UNIT (LENGTH_MEASURE( 1.000000000000000082E-05 ), #1389, 'distance_accuracy_value', 'NONE');
#1225 = CARTESIAN_POINT ( 'NONE',  ( 7.000000000000001776, 3.900000000000000355, -1.301042606982604138E-15 ) ) ;
#1226 =( GEOMETRIC_REPRESENTATION_CONTEXT ( 3 ) GLOBAL_UNCERTAINTY_ASSIGNED_CONTEXT ( ( #410 ) ) GLOBAL_UNIT_ASSIGNED_CONTEXT ( ( #1458, #328, #2057 ) ) REPRESENTATION_CONTEXT ( 'NONE', 'WORKASPACE' ) );
#1227 = SURFACE_STYLE_USAGE ( .BOTH. , #1288 ) ;
#1228 = VECTOR ( 'NONE', #1073, 1000.000000000000000 ) ;
#1229 = EDGE_CURVE ( 'NONE', #2282, #3415, #1211, .T. ) ;
#1230 = VECTOR ( 'NONE', #3459, 1000.000000000000000 ) ;
#1231 = COLOUR_RGB ( '',0.1019607843137254888, 0.1019607843137254888, 0.1019607843137254888 ) ;
#1232 = CARTESIAN_POINT ( 'NONE',  ( 6.816507039710972826, 4.000000000000000888, -0.09768211314043889759 ) ) ;
#1233 = CARTESIAN_POINT ( 'NONE',  ( 6.980840326083352920, 3.999999999999995559, 0.6165498198059524704 ) ) ;
#1234 = CARTESIAN_POINT ( 'NONE',  ( 6.880224449475322857, 3.998999999999999222, 0.1280693333435959091 ) ) ;
#1235 = EDGE_CURVE ( 'NONE', #5306, #3804, #3582, .T. ) ;
#1236 = ORIENTED_EDGE ( 'NONE', *, *, #2055, .T. ) ;
#1237 = CIRCLE ( 'NONE', #3797, 1.750000000000000666 ) ;
#1238 = UNCERTAINTY_MEASURE_WITH_UNIT (LENGTH_MEASURE( 1.000000000000000082E-05 ), #5464, 'distance_accuracy_value', 'NONE');
#1239 = FILL_AREA_STYLE_COLOUR ( '', #759 ) ;
#1240 = CARTESIAN_POINT ( 'NONE',  ( -6.999999999999998224, 2.299999999999999822, 2.500000000000004441 ) ) ;
#1241 = CARTESIAN_POINT ( 'NONE',  ( 6.533414914327828171, 4.000000000000004441, -0.5994534454321914785 ) ) ;
#1242 = CARTESIAN_POINT ( 'NONE',  ( 6.677211984853677507, 4.000000000000000888, -0.1713662503464774833 ) ) ;
#1243 = SURFACE_STYLE_USAGE ( .BOTH. , #3811 ) ;
#1244 = ORIENTED_EDGE ( 'NONE', *, *, #2010, .T. ) ;
#1245 = SURFACE_STYLE_FILL_AREA ( #4693 ) ;
#1246 = VERTEX_POINT ( 'NONE', #4464 ) ;
#1247 =( LENGTH_UNIT ( ) NAMED_UNIT ( * ) SI_UNIT ( .MILLI., .METRE. ) );
#1248 = CARTESIAN_POINT ( 'NONE',  ( 7.534075356448923344, 3.999000000000003219, -0.4310968295708265119 ) ) ;
#1249 = CARTESIAN_POINT ( 'NONE',  ( 6.444167976967122513, 4.000000000000003553, -0.4750273629506954753 ) ) ;
#1250 = ORIENTED_EDGE ( 'NONE', *, *, #1819, .T. ) ;
#1251 = DIRECTION ( 'NONE',  ( 0.000000000000000000, -1.000000000000000000, 0.000000000000000000 ) ) ;
#1252 = CARTESIAN_POINT ( 'NONE',  ( 6.774582979370163294, 3.999999999999995559, 0.5651296805041164939 ) ) ;
#1253 =( NAMED_UNIT ( * ) SI_UNIT ( $, .STERADIAN. ) SOLID_ANGLE_UNIT ( ) );
#1254 = DIRECTION ( 'NONE',  ( -0.7071067811865429098, -0.7071067811865521247, 0.000000000000000000 ) ) ;
#1255 =( GEOMETRIC_REPRESENTATION_CONTEXT ( 3 ) GLOBAL_UNCERTAINTY_ASSIGNED_CONTEXT ( ( #1286 ) ) GLOBAL_UNIT_ASSIGNED_CONTEXT ( ( #5225, #4742, #2661 ) ) REPRESENTATION_CONTEXT ( 'NONE', 'WORKASPACE' ) );
#1256 = SURFACE_STYLE_FILL_AREA ( #5 ) ;
#1257 = VECTOR ( 'NONE', #3192, 1000.000000000000000 ) ;
#1258 = FILL_AREA_STYLE ('',( #3541 ) ) ;
#1259 = CARTESIAN_POINT ( 'NONE',  ( 6.923472374583843347, 3.999999999999994227, 0.7881048511914116039 ) ) ;
#1260 = ORIENTED_EDGE ( 'NONE', *, *, #2580, .F. ) ;
#1261 = TOROIDAL_SURFACE ( 'NONE', #1082, 1.399999999999999911, 0.1000000000000000056 ) ;
#1262 = MECHANICAL_DESIGN_GEOMETRIC_PRESENTATION_REPRESENTATION (  '', ( #743 ), #3359 ) ;
#1263 = PRESENTATION_STYLE_ASSIGNMENT (( #3431 ) ) ;
#1264 = SURFACE_SIDE_STYLE ('',( #1722 ) ) ;
#1265 = CARTESIAN_POINT ( 'NONE',  ( 7.253344578584612456, 3.998999999999996557, 0.5347110662617914345 ) ) ;
#1266 = EDGE_CURVE ( 'NONE', #5480, #4261, #4126, .T. ) ;
#1267 = FILL_AREA_STYLE_COLOUR ( '', #1541 ) ;
#1268 = COLOUR_RGB ( '',0.7921568627450980005, 0.8196078431372548767, 0.9333333333333333481 ) ;
#1269 = STYLED_ITEM ( 'NONE', ( #2472 ), #1920 ) ;
#1270 = CARTESIAN_POINT ( 'NONE',  ( 6.739578658345802609, 4.000000000000000888, -0.1283535378558725015 ) ) ;
#1271 = CARTESIAN_POINT ( 'NONE',  ( -3.749999999999996891, -1.750000000000000000, 3.320185607373301268E-16 ) ) ;
#1272 = ORIENTED_EDGE ( 'NONE', *, *, #878, .F. ) ;
#1273 = DIRECTION ( 'NONE',  ( -2.891205793294678326E-16, 0.000000000000000000, 1.000000000000000000 ) ) ;
#1274 = EDGE_LOOP ( 'NONE', ( #3260, #554, #3105, #1957 ) ) ;
#1275 = CARTESIAN_POINT ( 'NONE',  ( 6.980676049509452419, 4.000000000000004441, -0.5748979082165865950 ) ) ;
#1276 = EDGE_CURVE ( 'NONE', #1811, #837, #4788, .T. ) ;
#1277 = FILL_AREA_STYLE_COLOUR ( '', #1209 ) ;
#1278 = UNCERTAINTY_MEASURE_WITH_UNIT (LENGTH_MEASURE( 1.000000000000000082E-05 ), #174, 'distance_accuracy_value', 'NONE');
#1279 = DIRECTION ( 'NONE',  ( -0.000000000000000000, 0.000000000000000000, 1.000000000000000000 ) ) ;
#1280 = CARTESIAN_POINT ( 'NONE',  ( 7.331109889040853034, 3.999999999999994671, 0.7114953990462873357 ) ) ;
#1281 = MECHANICAL_DESIGN_GEOMETRIC_PRESENTATION_REPRESENTATION (  '', ( #5015 ), #2825 ) ;
#1282 = DIRECTION ( 'NONE',  ( 1.835596038252509459E-31, -1.000000000000000000, -2.300720062539715626E-17 ) ) ;
#1283 = ORIENTED_EDGE ( 'NONE', *, *, #3119, .T. ) ;
#1284 = CYLINDRICAL_SURFACE ( 'NONE', #4193, 0.3999999999999997446 ) ;
#1285 = DIRECTION ( 'NONE',  ( 3.407492542097298945E-16, 0.000000000000000000, 1.000000000000000000 ) ) ;
#1286 = UNCERTAINTY_MEASURE_WITH_UNIT (LENGTH_MEASURE( 1.000000000000000082E-05 ), #5225, 'distance_accuracy_value', 'NONE');
#1287 = LINE ( 'NONE', #411, #4514 ) ;
#1288 = SURFACE_SIDE_STYLE ('',( #3363 ) ) ;
#1289 = AXIS2_PLACEMENT_3D ( 'NONE', #5443, #3772, #4111 ) ;
#1290 = FACE_OUTER_BOUND ( 'NONE', #3974, .T. ) ;
#1291 = CARTESIAN_POINT ( 'NONE',  ( 6.657426870426537135, 3.998999999999997446, 0.3475982939095235147 ) ) ;
#1292 = CARTESIAN_POINT ( 'NONE',  ( 6.693784159426337865, 3.998999999999999222, 0.07006726159425800959 ) ) ;
#1293 = ORIENTED_EDGE ( 'NONE', *, *, #1112, .T. ) ;
#1294 = DIRECTION ( 'NONE',  ( 5.782411586589355667E-16, 0.000000000000000000, 1.000000000000000000 ) ) ;
#1295 = CARTESIAN_POINT ( 'NONE',  ( -6.999999999999996447, 4.000000000000000000, 3.109928588862167903E-14 ) ) ;
#1296 = SURFACE_STYLE_FILL_AREA ( #5285 ) ;
#1297 = FILL_AREA_STYLE_COLOUR ( '', #1936 ) ;
#1298 = CARTESIAN_POINT ( 'NONE',  ( 7.311273024272693100, 3.998999999999997446, 0.3929708900633694935 ) ) ;
#1299 = VERTEX_POINT ( 'NONE', #582 ) ;
#1300 = FILL_AREA_STYLE ('',( #4407 ) ) ;
#1301 = ORIENTED_EDGE ( 'NONE', *, *, #533, .F. ) ;
#1302 = EDGE_CURVE ( 'NONE', #1545, #1794, #4033, .T. ) ;
#1303 = CARTESIAN_POINT ( 'NONE',  ( 6.618965331964997922, 3.999000000000002331, -0.3137598791673994469 ) ) ;
#1304 = AXIS2_PLACEMENT_3D ( 'NONE', #3125, #4439, #4012 ) ;
#1305 = CARTESIAN_POINT ( 'NONE',  ( 7.047529871898612797, 3.999000000000004995, -0.7449595333182724710 ) ) ;
#1306 = CARTESIAN_POINT ( 'NONE',  ( 1.250000000000002887, 3.904499097132790197, 4.621129109509723120E-16 ) ) ;
#1307 = LINE ( 'NONE', #952, #844 ) ;
#1308 = ORIENTED_EDGE ( 'NONE', *, *, #4162, .T. ) ;
#1309 = SURFACE_STYLE_FILL_AREA ( #2458 ) ;
#1310 = EDGE_CURVE ( 'NONE', #3132, #3132, #3949, .T. ) ;
#1311 = STYLED_ITEM ( 'NONE', ( #4255 ), #1432 ) ;
#1312 = VECTOR ( 'NONE', #5409, 1000.000000000000000 ) ;
#1313 = CARTESIAN_POINT ( 'NONE',  ( 6.618965331964997922, 4.000000000000002665, -0.3137598791673994469 ) ) ;
#1314 = CARTESIAN_POINT ( 'NONE',  ( 6.661400929086088496, 3.999999999999997335, 0.3793560576937685669 ) ) ;
#1315 = DIRECTION ( 'NONE',  ( -2.478176394252581141E-16, -0.000000000000000000, -1.000000000000000000 ) ) ;
#1316 = DIRECTION ( 'NONE',  ( 5.782411586589354681E-16, 0.000000000000000000, 1.000000000000000000 ) ) ;
#1317 = CARTESIAN_POINT ( 'NONE',  ( 0.7500000000000067724, -0.5000000000000000000, -3.500000000000001332 ) ) ;
#1318 = VECTOR ( 'NONE', #3644, 1000.000000000000114 ) ;
#1319 = PRESENTATION_LAYER_ASSIGNMENT (  '', '', ( #3781 ) ) ;
#1320 = CARTESIAN_POINT ( 'NONE',  ( 6.752745695765423939, 3.999999999999995559, 0.5491588639564605190 ) ) ;
#1321 = VECTOR ( 'NONE', #4337, 1000.000000000000000 ) ;
#1322 = CARTESIAN_POINT ( 'NONE',  ( 6.652626775817152449, 3.999999999999994671, 0.7078692047672036081 ) ) ;
#1323 = ORIENTED_EDGE ( 'NONE', *, *, #1276, .T. ) ;
#1324 = CARTESIAN_POINT ( 'NONE',  ( 6.487691613459672269, 3.999000000000000998, -0.06929566999559828855 ) ) ;
#1325 = DIRECTION ( 'NONE',  ( 0.000000000000000000, -1.000000000000000000, -7.205007282611301174E-15 ) ) ;
#1326 = PRESENTATION_LAYER_ASSIGNMENT (  '', '', ( #2053 ) ) ;
#1327 = MECHANICAL_DESIGN_GEOMETRIC_PRESENTATION_REPRESENTATION (  '', ( #3971 ), #5499 ) ;
#1328 =( LENGTH_UNIT ( ) NAMED_UNIT ( * ) SI_UNIT ( .MILLI., .METRE. ) );
#1329 = CARTESIAN_POINT ( 'NONE',  ( 6.511704559953939153, 3.999000000000004107, -0.5770585174630024072 ) ) ;
#1330 = FILL_AREA_STYLE ('',( #3864 ) ) ;
#1331 = MECHANICAL_DESIGN_GEOMETRIC_PRESENTATION_REPRESENTATION (  '', ( #5244 ), #2873 ) ;
#1332 = CARTESIAN_POINT ( 'NONE',  ( -6.999999999999998224, 3.000000000000000000, -2.499999999999997335 ) ) ;
#1333 = ORIENTED_EDGE ( 'NONE', *, *, #1517, .T. ) ;
#1334 = PRESENTATION_STYLE_ASSIGNMENT (( #3552 ) ) ;
#1335 = CARTESIAN_POINT ( 'NONE',  ( 7.320312930522453243, 3.999000000000004995, -0.6692785510159485751 ) ) ;
#1336 = CARTESIAN_POINT ( 'NONE',  ( 6.911492696973202676, 4.000000000000004441, -0.5745527990660395101 ) ) ;
#1337 = DIRECTION ( 'NONE',  ( 1.000000000000000000, 0.000000000000000000, -5.551115123125786400E-17 ) ) ;
#1338 = FACE_OUTER_BOUND ( 'NONE', #3515, .T. ) ;
#1339 = ORIENTED_EDGE ( 'NONE', *, *, #2001, .T. ) ;
#1340 =( NAMED_UNIT ( * ) PLANE_ANGLE_UNIT ( ) SI_UNIT ( $, .RADIAN. ) );
#1341 = PRESENTATION_STYLE_ASSIGNMENT (( #133 ) ) ;
#1342 = EDGE_CURVE ( 'NONE', #871, #4379, #334, .T. ) ;
#1343 = FACE_OUTER_BOUND ( 'NONE', #3226, .T. ) ;
#1344 = LINE ( 'NONE', #2162, #1483 ) ;
#1345 = EDGE_CURVE ( 'NONE', #392, #3002, #2581, .T. ) ;
#1346 = CARTESIAN_POINT ( 'NONE',  ( 6.687784751493708768, 3.999999999999996447, 0.4643917464268955131 ) ) ;
#1347 = CARTESIAN_POINT ( 'NONE',  ( 7.000000000000003553, 1.000000000000000000, 1.749999999999997335 ) ) ;
#1348 = VERTEX_POINT ( 'NONE', #1917 ) ;
#1349 = LINE ( 'NONE', #3004, #4877 ) ;
#1350 = CARTESIAN_POINT ( 'NONE',  ( 1.250000000000002887, 4.049999999999999822, 4.654606468570293109E-16 ) ) ;
#1351 = PLANE ( 'NONE',  #226 ) ;
#1352 = CARTESIAN_POINT ( 'NONE',  ( 6.926512408403043608, 3.999000000000004995, -0.7479301365690693704 ) ) ;
#1353 = CARTESIAN_POINT ( 'NONE',  ( 6.465323978180223641, 3.998999999999996557, 0.4710997595643415248 ) ) ;
#1354 = MECHANICAL_DESIGN_GEOMETRIC_PRESENTATION_REPRESENTATION (  '', ( #1095 ), #1255 ) ;
#1355 = AXIS2_PLACEMENT_3D ( 'NONE', #3500, #1279, #5238 ) ;
#1356 = CARTESIAN_POINT ( 'NONE',  ( 7.160852940158582314, 3.998999999999998334, 0.2070265229046824862 ) ) ;
#1357 = CARTESIAN_POINT ( 'NONE',  ( 0.6257359312880770297, -0.2000000000000000389, 2.500000000000001776 ) ) ;
#1358 = ORIENTED_EDGE ( 'NONE', *, *, #2360, .F. ) ;
#1359 = CARTESIAN_POINT ( 'NONE',  ( 6.626911968838003375, 3.999000000000001886, -0.2508700140854904781 ) ) ;
#1360 = FACE_OUTER_BOUND ( 'NONE', #1081, .T. ) ;
#1361 = UNCERTAINTY_MEASURE_WITH_UNIT (LENGTH_MEASURE( 1.000000000000000082E-05 ), #240, 'distance_accuracy_value', 'NONE');
#1362 = CARTESIAN_POINT ( 'NONE',  ( 6.902404331937742832, 3.999000000000000998, -0.07152140848015950403 ) ) ;
#1363 = PRESENTATION_LAYER_ASSIGNMENT (  '', '', ( #3633 ) ) ;
#1364 = VERTEX_POINT ( 'NONE', #1158 ) ;
#1365 = VERTEX_POINT ( 'NONE', #539 ) ;
#1366 = COLOUR_RGB ( '',0.7921568627450980005, 0.8196078431372548767, 0.9333333333333333481 ) ;
#1367 =( GEOMETRIC_REPRESENTATION_CONTEXT ( 3 ) GLOBAL_UNCERTAINTY_ASSIGNED_CONTEXT ( ( #1734 ) ) GLOBAL_UNIT_ASSIGNED_CONTEXT ( ( #4416, #868, #5319 ) ) REPRESENTATION_CONTEXT ( 'NONE', 'WORKASPACE' ) );
#1368 = VECTOR ( 'NONE', #2032, 1000.000000000000000 ) ;
#1369 = SURFACE_STYLE_FILL_AREA ( #4392 ) ;
#1370 = LINE ( 'NONE', #2738, #3651 ) ;
#1371 = EDGE_CURVE ( 'NONE', #1177, #2210, #746, .T. ) ;
#1372 = CARTESIAN_POINT ( 'NONE',  ( -6.999999999999996447, 2.299999999999999822, 2.198731280726776271E-15 ) ) ;
#1373 = CARTESIAN_POINT ( 'NONE',  ( 7.073011489940603802, 3.999000000000004107, -0.5649406724681824699 ) ) ;
#1374 = CIRCLE ( 'NONE', #3563, 0.6141632050454699510 ) ;
#1375 = ORIENTED_EDGE ( 'NONE', *, *, #2828, .T. ) ;
#1376 = SURFACE_SIDE_STYLE ('',( #3032 ) ) ;
#1377 = CARTESIAN_POINT ( 'NONE',  ( 3.750000000000003109, -1.699999999999999956, 3.331692034352651015E-16 ) ) ;
#1378 = EDGE_CURVE ( 'NONE', #5183, #3999, #2777, .T. ) ;
#1379 = CYLINDRICAL_SURFACE ( 'NONE', #876, 0.7500000000000000000 ) ;
#1380 = CARTESIAN_POINT ( 'NONE',  ( 7.235599723498172153, 3.998999999999995669, 0.5516517710306334532 ) ) ;
#1381 = CARTESIAN_POINT ( 'NONE',  ( -6.607051711467516242, 4.000000000000000000, 0.3970846277694362048 ) ) ;
#1382 = ORIENTED_EDGE ( 'NONE', *, *, #2136, .F. ) ;
#1383 =( LENGTH_UNIT ( ) NAMED_UNIT ( * ) SI_UNIT ( .MILLI., .METRE. ) );
#1384 =( LENGTH_UNIT ( ) NAMED_UNIT ( * ) SI_UNIT ( .MILLI., .METRE. ) );
#1385 =( NAMED_UNIT ( * ) PLANE_ANGLE_UNIT ( ) SI_UNIT ( $, .RADIAN. ) );
#1386 = EDGE_LOOP ( 'NONE', ( #5001, #937, #3813, #5078 ) ) ;
#1387 = CARTESIAN_POINT ( 'NONE',  ( -1.249999999999997113, 2.494438317560252532E-31, 3.722819561778043863E-16 ) ) ;
#1388 = COLOUR_RGB ( '',0.8980392156862745390, 0.8980392156862745390, 0.8980392156862745390 ) ;
#1389 =( LENGTH_UNIT ( ) NAMED_UNIT ( * ) SI_UNIT ( .MILLI., .METRE. ) );
#1390 = CYLINDRICAL_SURFACE ( 'NONE', #5128, 2.500000000000000888 ) ;
#1391 = CARTESIAN_POINT ( 'NONE',  ( 7.000000000000001776, 2.299999999999999822, -2.500000000000003553 ) ) ;
#1392 = PRESENTATION_STYLE_ASSIGNMENT (( #5300 ) ) ;
#1393 = DIRECTION ( 'NONE',  ( -1.842420335524355964E-31, 1.000000000000000000, 2.710505431213761085E-17 ) ) ;
#1394 = EDGE_CURVE ( 'NONE', #1861, #2069, #2383, .T. ) ;
#1395 = STYLED_ITEM ( 'NONE', ( #5424 ), #1415 ) ;
#1396 = SURFACE_SIDE_STYLE ('',( #4393 ) ) ;
#1397 = AXIS2_PLACEMENT_3D ( 'NONE', #1850, #4022, #1796 ) ;
#1398 = COLOUR_RGB ( '',0.9529411764705881804, 0.7960784313725489669, 0.4862745098039215619 ) ;
#1399 = SURFACE_SIDE_STYLE ('',( #2741 ) ) ;
#1400 = EDGE_CURVE ( 'NONE', #3329, #4908, #4088, .T. ) ;
#1401 = ORIENTED_EDGE ( 'NONE', *, *, #1688, .F. ) ;
#1402 = FILL_AREA_STYLE_COLOUR ( '', #4146 ) ;
#1403 = FILL_AREA_STYLE_COLOUR ( '', #4810 ) ;
#1404 =( GEOMETRIC_REPRESENTATION_CONTEXT ( 3 ) GLOBAL_UNCERTAINTY_ASSIGNED_CONTEXT ( ( #5159 ) ) GLOBAL_UNIT_ASSIGNED_CONTEXT ( ( #1119, #4752, #2899 ) ) REPRESENTATION_CONTEXT ( 'NONE', 'WORKASPACE' ) );
#1405 = VECTOR ( 'NONE', #4989, 1000.000000000000000 ) ;
#1406 =( LENGTH_UNIT ( ) NAMED_UNIT ( * ) SI_UNIT ( .MILLI., .METRE. ) );
#1407 = CARTESIAN_POINT ( 'NONE',  ( 6.952198505041923049, 4.000000000000005329, -0.7485555522443234633 ) ) ;
#1408 = EDGE_CURVE ( 'NONE', #344, #1701, #2482, .T. ) ;
#1409 =( NAMED_UNIT ( * ) PLANE_ANGLE_UNIT ( ) SI_UNIT ( $, .RADIAN. ) );
#1410 = ORIENTED_EDGE ( 'NONE', *, *, #4897, .T. ) ;
#1411 = PRESENTATION_LAYER_ASSIGNMENT (  '', '', ( #3508 ) ) ;
#1412 =( NAMED_UNIT ( * ) SI_UNIT ( $, .STERADIAN. ) SOLID_ANGLE_UNIT ( ) );
#1413 = UNCERTAINTY_MEASURE_WITH_UNIT (LENGTH_MEASURE( 1.000000000000000082E-05 ), #393, 'distance_accuracy_value', 'NONE');
#1414 = DIRECTION ( 'NONE',  ( -1.000000000000000000, 0.000000000000000000, 3.407492542097298945E-16 ) ) ;
#1415 = ADVANCED_FACE ( 'NONE', ( #249 ), #3336, .T. ) ;
#1416 = ORIENTED_EDGE ( 'NONE', *, *, #4889, .T. ) ;
#1417 = CARTESIAN_POINT ( 'NONE',  ( 7.000000000000002665, -3.221008087554660050E-17, 1.399999999999998579 ) ) ;
#1418 = CARTESIAN_POINT ( 'NONE',  ( 6.667643216580383836, 4.000000000000000000, 0.05913675544798491224 ) ) ;
#1419 = CARTESIAN_POINT ( 'NONE',  ( 6.784105673392168079, 4.000000000000000888, -0.1090672266708607036 ) ) ;
#1420 =( LENGTH_UNIT ( ) NAMED_UNIT ( * ) SI_UNIT ( .MILLI., .METRE. ) );
#1421 = DIRECTION ( 'NONE',  ( 0.000000000000000000, 1.000000000000000000, 7.200909428924560719E-15 ) ) ;
#1422 = SURFACE_STYLE_USAGE ( .BOTH. , #1396 ) ;
#1423 = FILL_AREA_STYLE_COLOUR ( '', #2961 ) ;
#1424 = EDGE_LOOP ( 'NONE', ( #5118 ) ) ;
#1425 = CARTESIAN_POINT ( 'NONE',  ( -7.549359403775211419, 4.000000000000000000, 0.7777937623848212301 ) ) ;
#1426 = CARTESIAN_POINT ( 'NONE',  ( 6.445888408888078125, 3.998999999999997446, 0.3475982939095235147 ) ) ;
#1427 = CARTESIAN_POINT ( 'NONE',  ( 7.073011489940603802, 3.999000000000004107, -0.5649406724681824699 ) ) ;
#1428 = CARTESIAN_POINT ( 'NONE',  ( 7.403589991592332886, 3.999999999999995559, 0.6575156526172324378 ) ) ;
#1429 = PRESENTATION_STYLE_ASSIGNMENT (( #4064 ) ) ;
#1430 = ORIENTED_EDGE ( 'NONE', *, *, #4224, .F. ) ;
#1431 = SURFACE_STYLE_USAGE ( .BOTH. , #2331 ) ;
#1432 = ADVANCED_FACE ( 'NONE', ( #4766 ), #4195, .T. ) ;
#1433 =( NAMED_UNIT ( * ) PLANE_ANGLE_UNIT ( ) SI_UNIT ( $, .RADIAN. ) );
#1434 =( NAMED_UNIT ( * ) SI_UNIT ( $, .STERADIAN. ) SOLID_ANGLE_UNIT ( ) );
#1435 = PRESENTATION_LAYER_ASSIGNMENT (  '', '', ( #5268 ) ) ;
#1436 = COLOUR_RGB ( '',0.9529411764705881804, 0.7960784313725489669, 0.4862745098039215619 ) ;
#1437 =( NAMED_UNIT ( * ) PLANE_ANGLE_UNIT ( ) SI_UNIT ( $, .RADIAN. ) );
#1438 = CARTESIAN_POINT ( 'NONE',  ( 3.750000000000003109, 0.000000000000000000, 1.084202172485508255E-16 ) ) ;
#1439 = CARTESIAN_POINT ( 'NONE',  ( 6.818654643749748168, 3.999000000000004107, -0.5567739711306933792 ) ) ;
#1440 = VERTEX_POINT ( 'NONE', #4084 ) ;
#1441 = CARTESIAN_POINT ( 'NONE',  ( 1.250000000000002665, -1.725540046904288443E-17, 0.7500000000000003331 ) ) ;
#1442 = CIRCLE ( 'NONE', #4631, 0.7500000000000003331 ) ;
#1443 = ADVANCED_FACE ( 'NONE', ( #1805, #604 ), #1379, .T. ) ;
#1444 = FILL_AREA_STYLE_COLOUR ( '', #1136 ) ;
#1445 = CARTESIAN_POINT ( 'NONE',  ( 6.667643216580383836, 3.999000000000000110, 0.05913675544798490530 ) ) ;
#1446 = CARTESIAN_POINT ( 'NONE',  ( -6.607051711467516242, 3.999000000000000110, -0.7222062376151787699 ) ) ;
#1447 = SURFACE_STYLE_FILL_AREA ( #3620 ) ;
#1448 = COLOUR_RGB ( '',0.8980392156862745390, 0.8980392156862745390, 0.8980392156862745390 ) ;
#1449 = SURFACE_SIDE_STYLE ('',( #5302 ) ) ;
#1450 = COLOUR_RGB ( '',0.1019607843137254888, 0.1019607843137254888, 0.1019607843137254888 ) ;
#1451 = SURFACE_STYLE_USAGE ( .BOTH. , #4426 ) ;
#1452 = FILL_AREA_STYLE_COLOUR ( '', #4420 ) ;
#1453 = CARTESIAN_POINT ( 'NONE',  ( 6.848010113053358161, 3.999999999999994671, 0.7782042745968344999 ) ) ;
#1454 = ORIENTED_EDGE ( 'NONE', *, *, #4330, .F. ) ;
#1455 =( GEOMETRIC_REPRESENTATION_CONTEXT ( 3 ) GLOBAL_UNCERTAINTY_ASSIGNED_CONTEXT ( ( #1121 ) ) GLOBAL_UNIT_ASSIGNED_CONTEXT ( ( #2763, #3252, #5492 ) ) REPRESENTATION_CONTEXT ( 'NONE', 'WORKASPACE' ) );
#1456 = SURFACE_SIDE_STYLE ('',( #3624 ) ) ;
#1457 = COLOUR_RGB ( '',0.8980392156862745390, 0.8980392156862745390, 0.8980392156862745390 ) ;
#1458 =( LENGTH_UNIT ( ) NAMED_UNIT ( * ) SI_UNIT ( .MILLI., .METRE. ) );
#1459 = CARTESIAN_POINT ( 'NONE',  ( 7.331109889040853034, 3.998999999999994781, 0.7114953990462873357 ) ) ;
#1460 = ORIENTED_EDGE ( 'NONE', *, *, #5511, .F. ) ;
#1461 = PRESENTATION_LAYER_ASSIGNMENT (  '', '', ( #326 ) ) ;
#1462 = CARTESIAN_POINT ( 'NONE',  ( 7.580503793503464038, 4.000000000000001776, -0.2100940137827840559 ) ) ;
#1463 =( NAMED_UNIT ( * ) SI_UNIT ( $, .STERADIAN. ) SOLID_ANGLE_UNIT ( ) );
#1464 = CARTESIAN_POINT ( 'NONE',  ( 7.219323152397882914, 3.999999999999998224, 0.2332062162312439624 ) ) ;
#1465 = EDGE_CURVE ( 'NONE', #1364, #143, #2297, .T. ) ;
#1466 = FACE_BOUND ( 'NONE', #4081, .T. ) ;
#1467 = VERTEX_POINT ( 'NONE', #5391 ) ;
#1468 = CARTESIAN_POINT ( 'NONE',  ( -3.749999999999996891, -1.150360031269517309E-17, 0.5000000000000003331 ) ) ;
#1469 =( NAMED_UNIT ( * ) SI_UNIT ( $, .STERADIAN. ) SOLID_ANGLE_UNIT ( ) );
#1470 = CARTESIAN_POINT ( 'NONE',  ( 6.407576301211033609, 4.000000000000001776, -0.2937207195599104148 ) ) ;
#1471 = DIRECTION ( 'NONE',  ( 0.000000000000000000, -1.000000000000000000, 0.000000000000000000 ) ) ;
#1472 = CARTESIAN_POINT ( 'NONE',  ( 6.707173016356643203, 4.000000000000003553, -0.4986799514670345324 ) ) ;
#1473 = ADVANCED_FACE ( 'NONE', ( #1882 ), #3314, .F. ) ;
#1474 = DIRECTION ( 'NONE',  ( 0.000000000000000000, -0.000000000000000000, -1.000000000000000000 ) ) ;
#1475 = COLOUR_RGB ( '',0.8980392156862745390, 0.8980392156862745390, 0.8980392156862745390 ) ;
#1476 = DIRECTION ( 'NONE',  ( 0.000000000000000000, 1.000000000000000000, -0.000000000000000000 ) ) ;
#1477 = SURFACE_SIDE_STYLE ('',( #1022 ) ) ;
#1478 = DIRECTION ( 'NONE',  ( 0.000000000000000000, 1.000000000000000000, 7.205007282611301174E-15 ) ) ;
#1479 = PRESENTATION_STYLE_ASSIGNMENT (( #4568 ) ) ;
#1480 = COLOUR_RGB ( '',0.8980392156862745390, 0.8980392156862745390, 0.8980392156862745390 ) ;
#1481 = EDGE_LOOP ( 'NONE', ( #3031 ) ) ;
#1482 = MECHANICAL_DESIGN_GEOMETRIC_PRESENTATION_REPRESENTATION (  '', ( #4945 ), #2401 ) ;
#1483 = VECTOR ( 'NONE', #905, 1000.000000000000000 ) ;
#1484 = CARTESIAN_POINT ( 'NONE',  ( 6.657426870426537135, 3.998999999999997446, 0.3475982939095235147 ) ) ;
#1485 = CARTESIAN_POINT ( 'NONE',  ( 7.408261679827032431, 4.000000000000004441, -0.6069556463452655537 ) ) ;
#1486 = COLOUR_RGB ( '',0.8980392156862745390, 0.8980392156862745390, 0.8980392156862745390 ) ;
#1487 = EDGE_LOOP ( 'NONE', ( #4767 ) ) ;
#1488 = DIRECTION ( 'NONE',  ( -1.000000000000000000, 0.000000000000000000, 3.407492542097298945E-16 ) ) ;
#1489 = COLOUR_RGB ( '',0.9529411764705881804, 0.7960784313725489669, 0.4862745098039215619 ) ;
#1490 = CARTESIAN_POINT ( 'NONE',  ( 7.319011615191643116, 3.999999999999999112, 0.06446747053238026381 ) ) ;
#1491 = FACE_OUTER_BOUND ( 'NONE', #4778, .T. ) ;
#1492 =( GEOMETRIC_REPRESENTATION_CONTEXT ( 3 ) GLOBAL_UNCERTAINTY_ASSIGNED_CONTEXT ( ( #5548 ) ) GLOBAL_UNIT_ASSIGNED_CONTEXT ( ( #15, #2891, #5472 ) ) REPRESENTATION_CONTEXT ( 'NONE', 'WORKASPACE' ) );
#1493 = AXIS2_PLACEMENT_3D ( 'NONE', #1668, #3869, #1273 ) ;
#1494 = MECHANICAL_DESIGN_GEOMETRIC_PRESENTATION_REPRESENTATION (  '', ( #2233 ), #4687 ) ;
#1495 = FACE_OUTER_BOUND ( 'NONE', #3571, .T. ) ;
#1496 = PRESENTATION_STYLE_ASSIGNMENT (( #2389 ) ) ;
#1497 = SURFACE_SIDE_STYLE ('',( #3208 ) ) ;
#1498 = EDGE_LOOP ( 'NONE', ( #4227 ) ) ;
#1499 = VERTEX_POINT ( 'NONE', #1468 ) ;
#1500 = EDGE_LOOP ( 'NONE', ( #885, #2295, #1856, #2134 ) ) ;
#1501 = AXIS2_PLACEMENT_3D ( 'NONE', #3914, #2692, #3484 ) ;
#1502 = PRESENTATION_LAYER_ASSIGNMENT (  '', '', ( #3971 ) ) ;
#1503 = FILL_AREA_STYLE ('',( #1444 ) ) ;
#1504 = SURFACE_STYLE_USAGE ( .BOTH. , #2311 ) ;
#1505 = CARTESIAN_POINT ( 'NONE',  ( 7.522811485811152998, 3.999999999999997335, 0.3791487746787539637 ) ) ;
#1506 = FACE_BOUND ( 'NONE', #3160, .T. ) ;
#1507 = CARTESIAN_POINT ( 'NONE',  ( 6.961513408888073684, 4.000000000000004441, -0.5754786291674005572 ) ) ;
#1508 =( GEOMETRIC_REPRESENTATION_CONTEXT ( 3 ) GLOBAL_UNCERTAINTY_ASSIGNED_CONTEXT ( ( #1539 ) ) GLOBAL_UNIT_ASSIGNED_CONTEXT ( ( #872, #4597, #4220 ) ) REPRESENTATION_CONTEXT ( 'NONE', 'WORKASPACE' ) );
#1509 = CARTESIAN_POINT ( 'NONE',  ( -6.607051711467516242, 3.999000000000000110, -0.7222062376151787699 ) ) ;
#1510 = ADVANCED_FACE ( 'NONE', ( #4884, #5024 ), #5105, .T. ) ;
#1511 = CARTESIAN_POINT ( 'NONE',  ( -3.749999999999996891, 3.904499097132790197, 4.621129109509723120E-16 ) ) ;
#1512 =( NAMED_UNIT ( * ) SI_UNIT ( $, .STERADIAN. ) SOLID_ANGLE_UNIT ( ) );
#1513 = B_SPLINE_CURVE_WITH_KNOTS ( 'NONE', 3,
 ( #4473, #1923, #696, #1464, #3159, #4040, #1008, #5347, #4893, #3242, #3638, #3613, #3181, #4921, #1037, #2753, #3206, #4948, #1060 ),
 .UNSPECIFIED., .F., .F.,
 ( 4, 1, 1, 1, 1, 1, 1, 1, 1, 1, 1, 1, 1, 1, 1, 1, 4 ),
 ( 0.000000000000000000, 0.03274321823113744701, 0.07240960549385719314, 0.1196114857927609992, 0.1746729151985134953, 0.2373450901947015135, 0.3083524168429155332, 0.3876300477623594865, 0.4747836155862519836, 0.5633323159904150002, 0.6451362168299870081, 0.7202025267224649863, 0.7891341563324459907, 0.8514970735699649573, 0.9073306044315619934, 0.9569686823424189415, 1.000000000000000000 ),
 .UNSPECIFIED. ) ;
#1514 = LINE ( 'NONE', #244, #2470 ) ;
#1515 = VERTEX_POINT ( 'NONE', #2913 ) ;
#1516 = DIRECTION ( 'NONE',  ( -1.000000000000000000, 0.000000000000000000, 4.336808689942016750E-16 ) ) ;
#1517 = EDGE_CURVE ( 'NONE', #4443, #4443, #256, .T. ) ;
#1518 = PRESENTATION_STYLE_ASSIGNMENT (( #5422 ) ) ;
#1519 = CARTESIAN_POINT ( 'NONE',  ( 7.522097567008822594, 3.998999999999997446, 0.3977449328451380106 ) ) ;
#1520 = CARTESIAN_POINT ( 'NONE',  ( -7.325801711467520683, 3.999000000000000110, -0.7222062376151787699 ) ) ;
#1521 = ORIENTED_EDGE ( 'NONE', *, *, #1171, .F. ) ;
#1522 = CARTESIAN_POINT ( 'NONE',  ( 7.253344578584612456, 3.998999999999996557, 0.5347110662617914345 ) ) ;
#1523 =( NAMED_UNIT ( * ) SI_UNIT ( $, .STERADIAN. ) SOLID_ANGLE_UNIT ( ) );
#1524 = CIRCLE ( 'NONE', #2546, 1.699999999999999734 ) ;
#1525 = CARTESIAN_POINT ( 'NONE',  ( 7.408261679827032431, 3.999000000000004107, -0.6069556463452655537 ) ) ;
#1526 = SURFACE_SIDE_STYLE ('',( #3204 ) ) ;
#1527 = CARTESIAN_POINT ( 'NONE',  ( 7.468863530848253163, 3.999999999999998224, 0.1924057346492779874 ) ) ;
#1528 = SURFACE_STYLE_FILL_AREA ( #777 ) ;
#1529 =( NAMED_UNIT ( * ) PLANE_ANGLE_UNIT ( ) SI_UNIT ( $, .RADIAN. ) );
#1530 = ORIENTED_EDGE ( 'NONE', *, *, #3087, .F. ) ;
#1531 = CARTESIAN_POINT ( 'NONE',  ( -1.249999999999997113, -0.1000000000000000056, 0.4000000000000004108 ) ) ;
#1532 = AXIS2_PLACEMENT_3D ( 'NONE', #1306, #5122, #400 ) ;
#1533 = LINE ( 'NONE', #677, #4680 ) ;
#1534 =( NAMED_UNIT ( * ) PLANE_ANGLE_UNIT ( ) SI_UNIT ( $, .RADIAN. ) );
#1535 = CARTESIAN_POINT ( 'NONE',  ( 6.422855507363277816, 3.999000000000001886, -0.1909016467316269616 ) ) ;
#1536 = DIRECTION ( 'NONE',  ( -1.835596038252509459E-31, 1.000000000000000000, 2.300720062539715626E-17 ) ) ;
#1537 = FACE_OUTER_BOUND ( 'NONE', #1274, .T. ) ;
#1538 = PRESENTATION_STYLE_ASSIGNMENT (( #624 ) ) ;
#1539 = UNCERTAINTY_MEASURE_WITH_UNIT (LENGTH_MEASURE( 1.000000000000000082E-05 ), #872, 'distance_accuracy_value', 'NONE');
#1540 = LINE ( 'NONE', #3278, #1640 ) ;
#1541 = COLOUR_RGB ( '',0.8980392156862745390, 0.8980392156862745390, 0.8980392156862745390 ) ;
#1542 = DIRECTION ( 'NONE',  ( 0.000000000000000000, 0.000000000000000000, -1.000000000000000000 ) ) ;
#1543 =( LENGTH_UNIT ( ) NAMED_UNIT ( * ) SI_UNIT ( .MILLI., .METRE. ) );
#1544 = ADVANCED_FACE ( 'NONE', ( #1548 ), #5522, .T. ) ;
#1545 = VERTEX_POINT ( 'NONE', #2060 ) ;
#1546 = FILL_AREA_STYLE_COLOUR ( '', #4972 ) ;
#1547 = CIRCLE ( 'NONE', #1907, 0.6141632050454699510 ) ;
#1548 = FACE_OUTER_BOUND ( 'NONE', #4367, .T. ) ;
#1549 = CARTESIAN_POINT ( 'NONE',  ( 6.667643216580383836, 4.000000000000000000, 0.05913675544798491224 ) ) ;
#1550 =( GEOMETRIC_REPRESENTATION_CONTEXT ( 3 ) GLOBAL_UNCERTAINTY_ASSIGNED_CONTEXT ( ( #455 ) ) GLOBAL_UNIT_ASSIGNED_CONTEXT ( ( #2791, #5411, #4106 ) ) REPRESENTATION_CONTEXT ( 'NONE', 'WORKASPACE' ) );
#1551 = CARTESIAN_POINT ( 'NONE',  ( 7.257486966580382948, 3.999999999999998224, 0.2604588708326004975 ) ) ;
#1552 = ADVANCED_FACE ( 'NONE', ( #714 ), #4166, .T. ) ;
#1553 = EDGE_LOOP ( 'NONE', ( #3871 ) ) ;
#1554 = CARTESIAN_POINT ( 'NONE',  ( 7.006995346872563424, 3.998999999999995669, 0.6167285841657266232 ) ) ;
#1555 = MECHANICAL_DESIGN_GEOMETRIC_PRESENTATION_REPRESENTATION (  '', ( #1737 ), #3015 ) ;
#1556 =( LENGTH_UNIT ( ) NAMED_UNIT ( * ) SI_UNIT ( .MILLI., .METRE. ) );
#1557 = CARTESIAN_POINT ( 'NONE',  ( 6.468821756967638947, 4.000000000000003553, -0.5191417227827485048 ) ) ;
#1558 = CARTESIAN_POINT ( 'NONE',  ( 7.362168622838582976, 3.999000000000001886, -0.2655743051029725299 ) ) ;
#1559 = FACE_OUTER_BOUND ( 'NONE', #5405, .T. ) ;
#1560 = UNCERTAINTY_MEASURE_WITH_UNIT (LENGTH_MEASURE( 1.000000000000000082E-05 ), #1120, 'distance_accuracy_value', 'NONE');
#1561 = CIRCLE ( 'NONE', #762, 0.7500000000000003331 ) ;
#1562 = ORIENTED_EDGE ( 'NONE', *, *, #1828, .F. ) ;
#1563 = FACE_BOUND ( 'NONE', #2347, .T. ) ;
#1564 = ORIENTED_EDGE ( 'NONE', *, *, #540, .F. ) ;
#1565 = CARTESIAN_POINT ( 'NONE',  ( -6.999999999999995559, 0.2000000000000000944, 1.500000000000002665 ) ) ;
#1566 = CARTESIAN_POINT ( 'NONE',  ( 6.677211984853677507, 4.000000000000000888, -0.1713662503464774833 ) ) ;
#1567 = FACE_OUTER_BOUND ( 'NONE', #1766, .T. ) ;
#1568 = UNCERTAINTY_MEASURE_WITH_UNIT (LENGTH_MEASURE( 1.000000000000000082E-05 ), #5106, 'distance_accuracy_value', 'NONE');
#1569 = PRESENTATION_STYLE_ASSIGNMENT (( #4617 ) ) ;
#1570 = CARTESIAN_POINT ( 'NONE',  ( 6.640432345232552436, 4.000000000000002665, -0.4115837402944189649 ) ) ;
#1571 = FILL_AREA_STYLE ('',( #2451 ) ) ;
#1572 = SURFACE_STYLE_FILL_AREA ( #1998 ) ;
#1573 = FACE_BOUND ( 'NONE', #2221, .T. ) ;
#1574 = PRESENTATION_LAYER_ASSIGNMENT (  '', '', ( #4669 ) ) ;
#1575 = ORIENTED_EDGE ( 'NONE', *, *, #1266, .T. ) ;
#1576 = CYLINDRICAL_SURFACE ( 'NONE', #2147, 0.2999999999999999334 ) ;
#1577 = PRESENTATION_LAYER_ASSIGNMENT (  '', '', ( #4578 ) ) ;
#1578 = DIRECTION ( 'NONE',  ( 1.835596038252498950E-31, -1.000000000000000000, -2.300720062539084537E-17 ) ) ;
#1579 = CARTESIAN_POINT ( 'NONE',  ( 6.778821101195773302, 4.000000000000000888, -0.1112358407058613025 ) ) ;
#1580 = DIRECTION ( 'NONE',  ( 0.000000000000000000, 0.000000000000000000, 1.000000000000000000 ) ) ;
#1581 = ORIENTED_EDGE ( 'NONE', *, *, #5445, .T. ) ;
#1582 = AXIS2_PLACEMENT_3D ( 'NONE', #2666, #3548, #3977 ) ;
#1583 = LINE ( 'NONE', #1208, #447 ) ;
#1584 = DIRECTION ( 'NONE',  ( 0.000000000000000000, -1.000000000000000000, 0.000000000000000000 ) ) ;
#1585 = STYLED_ITEM ( 'NONE', ( #1341 ), #3428 ) ;
#1586 = DIRECTION ( 'NONE',  ( -3.407492542097298945E-16, -0.000000000000000000, -1.000000000000000000 ) ) ;
#1587 = EDGE_CURVE ( 'NONE', #2110, #2083, #2464, .T. ) ;
#1588 = CARTESIAN_POINT ( 'NONE',  ( 6.952198505041923049, 4.000000000000005329, -0.7485555522443234633 ) ) ;
#1589 =( GEOMETRIC_REPRESENTATION_CONTEXT ( 3 ) GLOBAL_UNCERTAINTY_ASSIGNED_CONTEXT ( ( #3328 ) ) GLOBAL_UNIT_ASSIGNED_CONTEXT ( ( #1973, #2492, #3802 ) ) REPRESENTATION_CONTEXT ( 'NONE', 'WORKASPACE' ) );
#1590 = PRESENTATION_STYLE_ASSIGNMENT (( #2923 ) ) ;
#1591 = CARTESIAN_POINT ( 'NONE',  ( 7.293683714041263144, 3.999000000000000110, 0.05113898818267297031 ) ) ;
#1592 = EDGE_LOOP ( 'NONE', ( #5148 ) ) ;
#1593 = VERTEX_POINT ( 'NONE', #1849 ) ;
#1594 = CARTESIAN_POINT ( 'NONE',  ( -3.749999999999996891, 3.904499097132790197, 0.7500000000000004441 ) ) ;
#1595 = VECTOR ( 'NONE', #2119, 1000.000000000000000 ) ;
#1596 = DIRECTION ( 'NONE',  ( 5.782411586589355667E-16, 0.000000000000000000, 1.000000000000000000 ) ) ;
#1597 = FILL_AREA_STYLE ('',( #5486 ) ) ;
#1598 = AXIS2_PLACEMENT_3D ( 'NONE', #297, #1474, #3276 ) ;
#1599 = CIRCLE ( 'NONE', #2326, 1.399999999999999911 ) ;
#1600 = CARTESIAN_POINT ( 'NONE',  ( 6.470943008335428459, 3.999000000000000998, -0.09206719505059418607 ) ) ;
#1601 = SURFACE_STYLE_USAGE ( .BOTH. , #5123 ) ;
#1602 = SURFACE_STYLE_USAGE ( .BOTH. , #4247 ) ;
#1603 = FACE_OUTER_BOUND ( 'NONE', #809, .T. ) ;
#1604 = CARTESIAN_POINT ( 'NONE',  ( 6.778821101195773302, 3.999000000000000998, -0.1112358407058611082 ) ) ;
#1605 = B_SPLINE_SURFACE_WITH_KNOTS ( 'NONE', 3, 1, ( 
 ( #3521, #526 ),
 ( #1519, #248 ),
 ( #3627, #4062 ),
 ( #4005, #5361 ),
 ( #4912, #3258 ),
 ( #552, #4886 ),
 ( #2776, #5339 ),
 ( #4434, #2350 ),
 ( #3693, #1428 ),
 ( #4087, #2271 ),
 ( #2696, #659 ),
 ( #1459, #974 ),
 ( #5394, #4032 ),
 ( #1836, #2721 ),
 ( #150, #5311 ),
 ( #1860, #3174 ),
 ( #3201, #3659 ),
 ( #1916, #4971 ),
 ( #197, #2382 ) ),
 .UNSPECIFIED., .F., .F., .F.,
 ( 4, 1, 1, 1, 1, 1, 1, 1, 1, 1, 1, 1, 1, 1, 1, 1, 4 ),
 ( 2, 2 ),
 ( 0.000000000000000000, 0.07499546738983189909, 0.1491654404266559986, 0.2236642943382250170, 0.3004120221906724786, 0.3395704846106349928, 0.3789205746932789998, 0.4180957375990935199, 0.4582296767501559676, 0.4984267212184589901, 0.5397075464534800693, 0.5822159516458430550, 0.6258238199943749747, 0.7154812648736980085, 0.8073840844133599592, 0.9016341255073709871, 1.000000000000000000 ),
 ( 0.000000000000000000, 1.000000000000000000 ),
 .UNSPECIFIED. ) ;
#1606 = PLANE ( 'NONE',  #3371 ) ;
#1607 = SURFACE_SIDE_STYLE ('',( #1309 ) ) ;
#1608 = AXIS2_PLACEMENT_3D ( 'NONE', #5307, #4623, #5104 ) ;
#1609 = CARTESIAN_POINT ( 'NONE',  ( 7.310726359095543359, 3.999999999999997335, 0.3800655493897429626 ) ) ;
#1610 = CARTESIAN_POINT ( 'NONE',  ( 6.885749180271222514, 3.998999999999995669, 0.6077330309875936809 ) ) ;
#1611 = ORIENTED_EDGE ( 'NONE', *, *, #1276, .F. ) ;
#1612 = DIRECTION ( 'NONE',  ( 1.000000000000000000, 0.000000000000000000, -4.027036640660443984E-16 ) ) ;
#1613 = SURFACE_STYLE_FILL_AREA ( #1662 ) ;
#1614 = CARTESIAN_POINT ( 'NONE',  ( 6.407426870426538024, 4.000000000000002665, -0.3035435330135534682 ) ) ;
#1615 = CARTESIAN_POINT ( 'NONE',  ( 6.784105673392168079, 3.999000000000000998, -0.1090672266708607036 ) ) ;
#1616 = ORIENTED_EDGE ( 'NONE', *, *, #1394, .T. ) ;
#1617 = DIRECTION ( 'NONE',  ( 1.835596038252509459E-31, -1.000000000000000000, -2.300720062539715626E-17 ) ) ;
#1618 = ORIENTED_EDGE ( 'NONE', *, *, #2835, .F. ) ;
#1619 = SURFACE_SIDE_STYLE ('',( #395 ) ) ;
#1620 = EDGE_CURVE ( 'NONE', #977, #2927, #3885, .T. ) ;
#1621 = DIRECTION ( 'NONE',  ( -1.665334536937733825E-16, -2.300720062539084537E-17, 1.000000000000000000 ) ) ;
#1622 = CARTESIAN_POINT ( 'NONE',  ( -6.999999999999998224, 2.299999999999999822, 2.500000000000004441 ) ) ;
#1623 = CARTESIAN_POINT ( 'NONE',  ( 6.968530258399552757, 3.999000000000004995, -0.7484207751661534624 ) ) ;
#1624 = ADVANCED_FACE ( 'NONE', ( #3990 ), #1390, .T. ) ;
#1625 =( NAMED_UNIT ( * ) SI_UNIT ( $, .STERADIAN. ) SOLID_ANGLE_UNIT ( ) );
#1626 = AXIS2_PLACEMENT_3D ( 'NONE', #4825, #3915, #5165 ) ;
#1627 = MECHANICAL_DESIGN_GEOMETRIC_PRESENTATION_REPRESENTATION (  '', ( #4171 ), #479 ) ;
#1628 = COLOUR_RGB ( '',0.1019607843137254888, 0.1019607843137254888, 0.1019607843137254888 ) ;
#1629 =( NAMED_UNIT ( * ) SI_UNIT ( $, .STERADIAN. ) SOLID_ANGLE_UNIT ( ) );
#1630 = ORIENTED_EDGE ( 'NONE', *, *, #2634, .T. ) ;
#1631 = FILL_AREA_STYLE_COLOUR ( '', #1065 ) ;
#1632 = SURFACE_STYLE_USAGE ( .BOTH. , #1184 ) ;
#1633 =( GEOMETRIC_REPRESENTATION_CONTEXT ( 3 ) GLOBAL_UNCERTAINTY_ASSIGNED_CONTEXT ( ( #3442 ) ) GLOBAL_UNIT_ASSIGNED_CONTEXT ( ( #3876, #1676, #5541 ) ) REPRESENTATION_CONTEXT ( 'NONE', 'WORKASPACE' ) );
#1634 = LINE ( 'NONE', #3372, #2551 ) ;
#1635 = DIRECTION ( 'NONE',  ( -1.000000000000000000, 0.000000000000000000, 0.000000000000000000 ) ) ;
#1636 = VERTEX_POINT ( 'NONE', #3829 ) ;
#1637 = DIRECTION ( 'NONE',  ( 0.000000000000000000, -6.938893903907229955E-15, 1.000000000000000000 ) ) ;
#1638 = ORIENTED_EDGE ( 'NONE', *, *, #2946, .F. ) ;
#1639 = CIRCLE ( 'NONE', #147, 0.2999999999999999334 ) ;
#1640 = VECTOR ( 'NONE', #5385, 1000.000000000000000 ) ;
#1641 = B_SPLINE_CURVE_WITH_KNOTS ( 'NONE', 3,
 ( #1614, #5561, #2439, #4173, #3808, #1557, #4232, #2013, #1241, #3325, #1663, #5505, #775, #2922, #5529, #1162, #4205, #5143, #1588 ),
 .UNSPECIFIED., .F., .F.,
 ( 4, 1, 1, 1, 1, 1, 1, 1, 1, 1, 1, 1, 1, 1, 1, 1, 4 ),
 ( 0.000000000000000000, 0.07481596665055580131, 0.1485345605139199998, 0.2238723272963845101, 0.3012971209351249513, 0.3408936290197579488, 0.3803400620654399655, 0.4201265887284650336, 0.4599499070829670133, 0.5008311555562169337, 0.5419071755971089921, 0.5844387941530519992, 0.6280801713306070067, 0.7172666799070609445, 0.8078600064218679488, 0.9019246558363439581, 1.000000000000000000 ),
 .UNSPECIFIED. ) ;
#1642 = CARTESIAN_POINT ( 'NONE',  ( 7.333584178259023645, 4.000000000000002665, -0.3637861991430215158 ) ) ;
#1643 =( LENGTH_UNIT ( ) NAMED_UNIT ( * ) SI_UNIT ( .MILLI., .METRE. ) );
#1644 = CARTESIAN_POINT ( 'NONE',  ( 1.000000000000000000, 3.000000000000000000, 3.099999999999997868 ) ) ;
#1645 = AXIS2_PLACEMENT_3D ( 'NONE', #767, #5187, #4274 ) ;
#1646 = ADVANCED_FACE ( 'NONE', ( #5553 ), #4764, .T. ) ;
#1647 = CARTESIAN_POINT ( 'NONE',  ( 7.002078312734233201, 3.998999999999993893, 0.7899059862172155277 ) ) ;
#1648 = FACE_OUTER_BOUND ( 'NONE', #538, .T. ) ;
#1649 = CARTESIAN_POINT ( 'NONE',  ( 6.423145740132413017, 3.999000000000002331, -0.4194365657428404393 ) ) ;
#1650 = FILL_AREA_STYLE ('',( #3881 ) ) ;
#1651 = CARTESIAN_POINT ( 'NONE',  ( 6.854375867120642951, 3.999999999999995559, 0.6002958851874864443 ) ) ;
#1652 = ADVANCED_FACE ( 'NONE', ( #2395, #1567 ), #955, .T. ) ;
#1653 = B_SPLINE_CURVE_WITH_KNOTS ( 'NONE', 3,
 ( #4354, #3382, #480, #1036, #2704, #4013, #1362, #158, #205, #4441, #640, #4472, #2363, #951, #4841, #2784, #2280, #3129, #4096 ),
 .UNSPECIFIED., .F., .F.,
 ( 4, 1, 1, 1, 1, 1, 1, 1, 1, 1, 1, 1, 1, 1, 1, 1, 4 ),
 ( 0.000000000000000000, 0.03120011115393675136, 0.07048671901620030822, 0.1172148300204120114, 0.1715755269954915008, 0.2341219784876090171, 0.3039626396728059565, 0.3821556401561975180, 0.4676462220680259740, 0.5543353814021599879, 0.6350744656665049392, 0.7100366878785240310, 0.7790924037748320208, 0.8429656453505109948, 0.9010012068505279803, 0.9532462564590260534, 1.000000000000000000 ),
 .UNSPECIFIED. ) ;
#1654 =( NAMED_UNIT ( * ) SI_UNIT ( $, .STERADIAN. ) SOLID_ANGLE_UNIT ( ) );
#1655 = EDGE_LOOP ( 'NONE', ( #152 ) ) ;
#1656 = CARTESIAN_POINT ( 'NONE',  ( 7.309665332390823167, 3.999999999999997335, 0.3550174730524979783 ) ) ;
#1657 = SURFACE_STYLE_FILL_AREA ( #1718 ) ;
#1658 = ORIENTED_EDGE ( 'NONE', *, *, #3223, .T. ) ;
#1659 = DIRECTION ( 'NONE',  ( 1.000000000000000000, -0.000000000000000000, -0.000000000000000000 ) ) ;
#1660 = PRESENTATION_LAYER_ASSIGNMENT (  '', '', ( #4491 ) ) ;
#1661 = DIRECTION ( 'NONE',  ( 1.000000000000000000, 0.000000000000000000, 0.000000000000000000 ) ) ;
#1662 = FILL_AREA_STYLE ('',( #421 ) ) ;
#1663 = CARTESIAN_POINT ( 'NONE',  ( 6.581811607778227824, 4.000000000000004441, -0.6404393423912564387 ) ) ;
#1664 = UNCERTAINTY_MEASURE_WITH_UNIT (LENGTH_MEASURE( 1.000000000000000082E-05 ), #608, 'distance_accuracy_value', 'NONE');
#1665 = PRESENTATION_LAYER_ASSIGNMENT (  '', '', ( #689 ) ) ;
#1666 = CARTESIAN_POINT ( 'NONE',  ( 3.750000000000003109, 0.1250000000000000000, 3.751576840432039091E-16 ) ) ;
#1667 = EDGE_LOOP ( 'NONE', ( #5114 ) ) ;
#1668 = CARTESIAN_POINT ( 'NONE',  ( -1.249999999999997113, 1.500000000000000000, 4.067926551165603762E-16 ) ) ;
#1669 = ORIENTED_EDGE ( 'NONE', *, *, #700, .F. ) ;
#1670 = SHAPE_DEFINITION_REPRESENTATION ( #1695, #1912 ) ;
#1671 = STYLED_ITEM ( 'NONE', ( #1090 ), #1646 ) ;
#1672 = FACE_OUTER_BOUND ( 'NONE', #1751, .T. ) ;
#1673 = CIRCLE ( 'NONE', #5129, 1.750000000000000666 ) ;
#1674 = CARTESIAN_POINT ( 'NONE',  ( 7.457951938127663993, 3.999000000000004107, -0.5555220248330196009 ) ) ;
#1675 = SURFACE_SIDE_STYLE ('',( #4385 ) ) ;
#1676 =( NAMED_UNIT ( * ) PLANE_ANGLE_UNIT ( ) SI_UNIT ( $, .RADIAN. ) );
#1677 = AXIS2_PLACEMENT_3D ( 'NONE', #1015, #3212, #2842 ) ;
#1678 = CARTESIAN_POINT ( 'NONE',  ( 6.492127030697363743, 4.000000000000004441, -0.5528386827022575556 ) ) ;
#1679 = ORIENTED_EDGE ( 'NONE', *, *, #5030, .T. ) ;
#1680 = MECHANICAL_DESIGN_GEOMETRIC_PRESENTATION_REPRESENTATION (  '', ( #3404 ), #5316 ) ;
#1681 = CIRCLE ( 'NONE', #4317, 1.599999999999999645 ) ;
#1682 = DIRECTION ( 'NONE',  ( 1.835596038252509459E-31, -1.000000000000000000, -2.300720062539715626E-17 ) ) ;
#1683 = CARTESIAN_POINT ( 'NONE',  ( 6.667925546575818707, 3.998999999999997446, 0.4097810780446600742 ) ) ;
#1684 = UNCERTAINTY_MEASURE_WITH_UNIT (LENGTH_MEASURE( 1.000000000000000082E-05 ), #2572, 'distance_accuracy_value', 'NONE');
#1685 = AXIS2_PLACEMENT_3D ( 'NONE', #201, #1888, #4466 ) ;
#1686 = SURFACE_SIDE_STYLE ('',( #3479 ) ) ;
#1687 = AXIS2_PLACEMENT_3D ( 'NONE', #3361, #1542, #5102 ) ;
#1688 = EDGE_CURVE ( 'NONE', #2307, #414, #3675, .T. ) ;
#1689 = VECTOR ( 'NONE', #5254, 1000.000000000000000 ) ;
#1690 =( NAMED_UNIT ( * ) SI_UNIT ( $, .STERADIAN. ) SOLID_ANGLE_UNIT ( ) );
#1691 = DIRECTION ( 'NONE',  ( 1.000000000000000000, -0.000000000000000000, -4.336808689942016750E-16 ) ) ;
#1692 = CARTESIAN_POINT ( 'NONE',  ( 6.975406850558804273, 3.998999999999993893, 0.7892948503940965255 ) ) ;
#1693 = EDGE_LOOP ( 'NONE', ( #3894 ) ) ;
#1694 = EDGE_CURVE ( 'NONE', #1846, #1846, #1046, .T. ) ;
#1695 = PRODUCT_DEFINITION_SHAPE ( 'NONE', 'NONE',  #5439 ) ;
#1696 = UNCERTAINTY_MEASURE_WITH_UNIT (LENGTH_MEASURE( 1.000000000000000082E-05 ), #3065, 'distance_accuracy_value', 'NONE');
#1697 = FACE_BOUND ( 'NONE', #4241, .T. ) ;
#1698 = CARTESIAN_POINT ( 'NONE',  ( -6.395513249929057231, 4.000000000000000000, -0.7222062376151787699 ) ) ;
#1699 = FILL_AREA_STYLE_COLOUR ( '', #4495 ) ;
#1700 = DIRECTION ( 'NONE',  ( -3.469446951953613203E-16, 0.000000000000000000, -1.000000000000000000 ) ) ;
#1701 = VERTEX_POINT ( 'NONE', #1962 ) ;
#1702 = CARTESIAN_POINT ( 'NONE',  ( 6.618965331964997922, 3.999000000000002331, -0.3137598791673994469 ) ) ;
#1703 = ORIENTED_EDGE ( 'NONE', *, *, #2939, .T. ) ;
#1704 = ORIENTED_EDGE ( 'NONE', *, *, #2625, .T. ) ;
#1705 =( NAMED_UNIT ( * ) PLANE_ANGLE_UNIT ( ) SI_UNIT ( $, .RADIAN. ) );
#1706 =( NAMED_UNIT ( * ) PLANE_ANGLE_UNIT ( ) SI_UNIT ( $, .RADIAN. ) );
#1707 = FACE_OUTER_BOUND ( 'NONE', #4239, .T. ) ;
#1708 =( NAMED_UNIT ( * ) PLANE_ANGLE_UNIT ( ) SI_UNIT ( $, .RADIAN. ) );
#1709 = CARTESIAN_POINT ( 'NONE',  ( 7.522811485811152998, 3.999999999999997335, 0.3791487746787539637 ) ) ;
#1710 =( NAMED_UNIT ( * ) PLANE_ANGLE_UNIT ( ) SI_UNIT ( $, .RADIAN. ) );
#1711 = VERTEX_POINT ( 'NONE', #1989 ) ;
#1712 = CARTESIAN_POINT ( 'NONE',  ( 6.885749180271222514, 3.998999999999995669, 0.6077330309875936809 ) ) ;
#1713 = CARTESIAN_POINT ( 'NONE',  ( 7.000000000000004441, 3.000000000000000000, 3.499999999999998224 ) ) ;
#1714 = FILL_AREA_STYLE_COLOUR ( '', #4108 ) ;
#1715 = CIRCLE ( 'NONE', #41, 1.399999999999999911 ) ;
#1716 = VECTOR ( 'NONE', #543, 1000.000000000000000 ) ;
#1717 = ADVANCED_FACE ( 'NONE', ( #3645 ), #4074, .T. ) ;
#1718 = FILL_AREA_STYLE ('',( #4280 ) ) ;
#1719 = ORIENTED_EDGE ( 'NONE', *, *, #406, .F. ) ;
#1720 = CARTESIAN_POINT ( 'NONE',  ( 6.577717654150908366, 3.999000000000000110, 0.01043479107204654810 ) ) ;
#1721 = COLOUR_RGB ( '',0.9529411764705881804, 0.7960784313725489669, 0.4862745098039215619 ) ;
#1722 = SURFACE_STYLE_FILL_AREA ( #4827 ) ;
#1723 = CARTESIAN_POINT ( 'NONE',  ( 6.802905941979982885, 3.999000000000004995, -0.7351340212489955173 ) ) ;
#1724 =( NAMED_UNIT ( * ) PLANE_ANGLE_UNIT ( ) SI_UNIT ( $, .RADIAN. ) );
#1725 = EDGE_CURVE ( 'NONE', #1246, #3299, #5067, .T. ) ;
#1726 = MECHANICAL_DESIGN_GEOMETRIC_PRESENTATION_REPRESENTATION (  '', ( #139 ), #5184 ) ;
#1727 = CARTESIAN_POINT ( 'NONE',  ( -7.325801711467520683, 3.999000000000000110, -0.7222062376151787699 ) ) ;
#1728 = CARTESIAN_POINT ( 'NONE',  ( 1.250000000000002887, -0.1000000000000000056, 3.699813945649998057E-16 ) ) ;
#1729 = ORIENTED_EDGE ( 'NONE', *, *, #5384, .T. ) ;
#1730 = DIRECTION ( 'NONE',  ( -0.000000000000000000, 1.000000000000000000, -0.000000000000000000 ) ) ;
#1731 = PRESENTATION_LAYER_ASSIGNMENT (  '', '', ( #5186 ) ) ;
#1732 =( NAMED_UNIT ( * ) PLANE_ANGLE_UNIT ( ) SI_UNIT ( $, .RADIAN. ) );
#1733 = CARTESIAN_POINT ( 'NONE',  ( 6.777306006305872543, 4.000000000000004441, -0.5410006440304364617 ) ) ;
#1734 = UNCERTAINTY_MEASURE_WITH_UNIT (LENGTH_MEASURE( 1.000000000000000082E-05 ), #4416, 'distance_accuracy_value', 'NONE');
#1735 = CARTESIAN_POINT ( 'NONE',  ( 7.380945729949022649, 3.999000000000004107, -0.6299715531586824735 ) ) ;
#1736 = CARTESIAN_POINT ( 'NONE',  ( 7.000000000000001776, 0.2000000000000000944, -1.301042606982604138E-15 ) ) ;
#1737 = STYLED_ITEM ( 'NONE', ( #1496 ), #4025 ) ;
#1738 = SURFACE_STYLE_USAGE ( .BOTH. , #5265 ) ;
#1739 = ORIENTED_EDGE ( 'NONE', *, *, #4758, .T. ) ;
#1740 = PRESENTATION_STYLE_ASSIGNMENT (( #2853 ) ) ;
#1741 = MECHANICAL_DESIGN_GEOMETRIC_PRESENTATION_REPRESENTATION (  '', ( #5462 ), #2463 ) ;
#1742 = DIRECTION ( 'NONE',  ( 5.782411586589355667E-16, 0.000000000000000000, 1.000000000000000000 ) ) ;
#1743 = CARTESIAN_POINT ( 'NONE',  ( 6.733384272317003649, 3.999999999999996447, 0.5308168012077404407 ) ) ;
#1744 = CARTESIAN_POINT ( 'NONE',  ( 7.000000000000002665, 0.1000000000000000056, -1.497227964665614135E-15 ) ) ;
#1745 = DIRECTION ( 'NONE',  ( -0.7071067811865521247, 0.7071067811865429098, 0.000000000000000000 ) ) ;
#1746 = VECTOR ( 'NONE', #2346, 1000.000000000000000 ) ;
#1747 = EDGE_CURVE ( 'NONE', #277, #4010, #4667, .T. ) ;
#1748 = B_SPLINE_CURVE_WITH_KNOTS ( 'NONE', 3,
 ( #3916, #498, #1754, #3891, #40, #4343, #3488, #1329, #89, #2205, #3116, #3575, #5227, #941, #2149, #1723, #115, #1352, #4373 ),
 .UNSPECIFIED., .F., .F.,
 ( 4, 1, 1, 1, 1, 1, 1, 1, 1, 1, 1, 1, 1, 1, 1, 1, 4 ),
 ( 0.000000000000000000, 0.07481596665055580131, 0.1485345605139199998, 0.2238723272963845101, 0.3012971209351249513, 0.3408936290197579488, 0.3803400620654399655, 0.4201265887284650336, 0.4599499070829670133, 0.5008311555562169337, 0.5419071755971089921, 0.5844387941530519992, 0.6280801713306070067, 0.7172666799070609445, 0.8078600064218679488, 0.9019246558363439581, 1.000000000000000000 ),
 .UNSPECIFIED. ) ;
#1749 = CARTESIAN_POINT ( 'NONE',  ( 6.657426870426537135, 3.999999999999997335, 0.3475982939095235147 ) ) ;
#1750 =( NAMED_UNIT ( * ) PLANE_ANGLE_UNIT ( ) SI_UNIT ( $, .RADIAN. ) );
#1751 = EDGE_LOOP ( 'NONE', ( #2858, #478, #2265, #4210 ) ) ;
#1752 = PRESENTATION_STYLE_ASSIGNMENT (( #1802 ) ) ;
#1753 = PRESENTATION_STYLE_ASSIGNMENT (( #2203 ) ) ;
#1754 = CARTESIAN_POINT ( 'NONE',  ( 6.409763853056003491, 3.999000000000002331, -0.3620669915125784843 ) ) ;
#1755 = CARTESIAN_POINT ( 'NONE',  ( 6.535962641769427428, 3.998999999999995669, 0.6060413505477434404 ) ) ;
#1756 = CYLINDRICAL_SURFACE ( 'NONE', #5400, 0.4000000000000001887 ) ;
#1757 = CARTESIAN_POINT ( 'NONE',  ( 6.487198837404847040, 3.999999999999996447, 0.5283975585740906533 ) ) ;
#1758 = ORIENTED_EDGE ( 'NONE', *, *, #1688, .T. ) ;
#1759 = CARTESIAN_POINT ( 'NONE',  ( 6.739578658345802609, 3.999000000000000998, -0.1283535378558725015 ) ) ;
#1760 = EDGE_CURVE ( 'NONE', #4380, #4786, #5539, .T. ) ;
#1761 = CARTESIAN_POINT ( 'NONE',  ( 7.252460183627722934, 4.000000000000005329, -0.7010558178645964755 ) ) ;
#1762 = CARTESIAN_POINT ( 'NONE',  ( 6.863662756611013549, 4.000000000000004441, -0.5672015377793864221 ) ) ;
#1763 = SURFACE_STYLE_USAGE ( .BOTH. , #3499 ) ;
#1764 = CARTESIAN_POINT ( 'NONE',  ( -1.500000000000000444, 2.500000000000000000, 2.500000000000002220 ) ) ;
#1765 =( LENGTH_UNIT ( ) NAMED_UNIT ( * ) SI_UNIT ( .MILLI., .METRE. ) );
#1766 = EDGE_LOOP ( 'NONE', ( #1358 ) ) ;
#1767 = VERTEX_POINT ( 'NONE', #3988 ) ;
#1768 =( GEOMETRIC_REPRESENTATION_CONTEXT ( 3 ) GLOBAL_UNCERTAINTY_ASSIGNED_CONTEXT ( ( #5530 ) ) GLOBAL_UNIT_ASSIGNED_CONTEXT ( ( #4656, #1750, #361 ) ) REPRESENTATION_CONTEXT ( 'NONE', 'WORKASPACE' ) );
#1769 = EDGE_CURVE ( 'NONE', #3177, #3788, #2985, .T. ) ;
#1770 = CARTESIAN_POINT ( 'NONE',  ( 6.619471763798618014, 4.000000000000002665, -0.3029168071151744912 ) ) ;
#1771 = CARTESIAN_POINT ( 'NONE',  ( 7.000000000000003553, 3.000000000000000000, 2.499999999999998224 ) ) ;
#1772 =( GEOMETRIC_REPRESENTATION_CONTEXT ( 3 ) GLOBAL_UNCERTAINTY_ASSIGNED_CONTEXT ( ( #2077 ) ) GLOBAL_UNIT_ASSIGNED_CONTEXT ( ( #5538, #4320, #3335 ) ) REPRESENTATION_CONTEXT ( 'NONE', 'WORKASPACE' ) );
#1773 = AXIS2_PLACEMENT_3D ( 'NONE', #2087, #3402, #5142 ) ;
#1774 = CARTESIAN_POINT ( 'NONE',  ( 6.658770954638502104, 3.999999999999997335, 0.3583392297050070341 ) ) ;
#1775 = COLOUR_RGB ( '',0.1019607843137254888, 0.1019607843137254888, 0.1019607843137254888 ) ;
#1776 = ORIENTED_EDGE ( 'NONE', *, *, #795, .F. ) ;
#1777 = CARTESIAN_POINT ( 'NONE',  ( 6.470943008335428459, 3.999000000000000998, -0.09206719505059418607 ) ) ;
#1778 =( GEOMETRIC_REPRESENTATION_CONTEXT ( 3 ) GLOBAL_UNCERTAINTY_ASSIGNED_CONTEXT ( ( #419 ) ) GLOBAL_UNIT_ASSIGNED_CONTEXT ( ( #4847, #436, #1253 ) ) REPRESENTATION_CONTEXT ( 'NONE', 'WORKASPACE' ) );
#1779 = FACE_BOUND ( 'NONE', #4179, .T. ) ;
#1780 = CARTESIAN_POINT ( 'NONE',  ( 7.165363462551454177, 3.998999999999995669, 0.5915552066621044824 ) ) ;
#1781 = STYLED_ITEM ( 'NONE', ( #1155 ), #5468 ) ;
#1782 = DIRECTION ( 'NONE',  ( 3.469446951953611724E-16, 0.000000000000000000, 1.000000000000000000 ) ) ;
#1783 = CARTESIAN_POINT ( 'NONE',  ( 6.512498334798467958, 3.999999999999995559, 0.5726245306513846334 ) ) ;
#1784 = ORIENTED_EDGE ( 'NONE', *, *, #4234, .T. ) ;
#1785 = ORIENTED_EDGE ( 'NONE', *, *, #3769, .T. ) ;
#1786 =( GEOMETRIC_REPRESENTATION_CONTEXT ( 3 ) GLOBAL_UNCERTAINTY_ASSIGNED_CONTEXT ( ( #4109 ) ) GLOBAL_UNIT_ASSIGNED_CONTEXT ( ( #2125, #1705, #2928 ) ) REPRESENTATION_CONTEXT ( 'NONE', 'WORKASPACE' ) );
#1787 = CARTESIAN_POINT ( 'NONE',  ( 7.135623617799073948, 4.000000000000005329, -0.7334456578982103681 ) ) ;
#1788 = FILL_AREA_STYLE ('',( #1277 ) ) ;
#1789 = B_SPLINE_CURVE_WITH_KNOTS ( 'NONE', 3,
 ( #627, #3866, #2667, #1453, #3197, #4405, #3951, #3074, #528, #918, #863, #2245, #4934, #1783, #1757, #5258, #2768, #3097, #4314 ),
 .UNSPECIFIED., .F., .F.,
 ( 4, 1, 1, 1, 1, 1, 1, 1, 1, 1, 1, 1, 1, 1, 1, 1, 4 ),
 ( 0.000000000000000000, 0.1004750608070151957, 0.1956443031597840110, 0.2860833790699320311, 0.3729828804699535372, 0.4150256681909620382, 0.4560516735090279772, 0.4959387495188999906, 0.5355660888033511036, 0.5740871099085040896, 0.6125192874870970527, 0.6510809601344450526, 0.6895131377130390149, 0.7662374603277349872, 0.8423504388672229393, 0.9199744947371040205, 1.000000000000000000 ),
 .UNSPECIFIED. ) ;
#1790 = FILL_AREA_STYLE_COLOUR ( '', #1006 ) ;
#1791 = SURFACE_SIDE_STYLE ('',( #3050 ) ) ;
#1792 = ADVANCED_FACE ( 'NONE', ( #3380 ), #5042, .T. ) ;
#1793 = FILL_AREA_STYLE_COLOUR ( '', #1144 ) ;
#1794 = VERTEX_POINT ( 'NONE', #4615 ) ;
#1795 = CARTESIAN_POINT ( 'NONE',  ( 3.750000000000003109, 3.904499097132790197, 4.621129109509723120E-16 ) ) ;
#1796 = DIRECTION ( 'NONE',  ( 4.565061778886335030E-16, 0.000000000000000000, 1.000000000000000000 ) ) ;
#1797 = ADVANCED_FACE ( 'NONE', ( #1672 ), #2469, .T. ) ;
#1798 = CARTESIAN_POINT ( 'NONE',  ( 0.8594875162046676786, 3.000000000000000000, 3.099999999999997868 ) ) ;
#1799 = STYLED_ITEM ( 'NONE', ( #4659 ), #166 ) ;
#1800 = FILL_AREA_STYLE ('',( #141 ) ) ;
#1801 = ORIENTED_EDGE ( 'NONE', *, *, #5574, .F. ) ;
#1802 = SURFACE_STYLE_USAGE ( .BOTH. , #1376 ) ;
#1803 = DIRECTION ( 'NONE',  ( 0.000000000000000000, 7.205007282611301174E-15, -1.000000000000000000 ) ) ;
#1804 = AXIS2_PLACEMENT_3D ( 'NONE', #1377, #65, #4798 ) ;
#1805 = FACE_OUTER_BOUND ( 'NONE', #662, .T. ) ;
#1806 = DIRECTION ( 'NONE',  ( 1.816089262065938475E-31, -1.000000000000000000, -1.129377263005786376E-17 ) ) ;
#1807 = FACE_OUTER_BOUND ( 'NONE', #4465, .T. ) ;
#1808 = CIRCLE ( 'NONE', #4254, 1.700000000000000622 ) ;
#1809 = CARTESIAN_POINT ( 'NONE',  ( 7.000000000000001776, 0.000000000000000000, -1.301042606982604138E-15 ) ) ;
#1810 = DIRECTION ( 'NONE',  ( 1.000000000000000000, 0.000000000000000000, -5.551115123125782702E-17 ) ) ;
#1811 = VERTEX_POINT ( 'NONE', #2673 ) ;
#1812 = EDGE_LOOP ( 'NONE', ( #2533 ) ) ;
#1813 = CARTESIAN_POINT ( 'NONE',  ( 7.380945729949022649, 3.999000000000004107, -0.6299715531586824735 ) ) ;
#1814 = UNCERTAINTY_MEASURE_WITH_UNIT (LENGTH_MEASURE( 1.000000000000000082E-05 ), #271, 'distance_accuracy_value', 'NONE');
#1815 = CARTESIAN_POINT ( 'NONE',  ( 6.637674252345668435, 3.999000000000004995, -0.6754051543945794878 ) ) ;
#1816 = EDGE_LOOP ( 'NONE', ( #2421, #3867, #2275, #2722 ) ) ;
#1817 = VERTEX_POINT ( 'NONE', #1417 ) ;
#1818 = AXIS2_PLACEMENT_3D ( 'NONE', #1187, #3348, #2038 ) ;
#1819 = EDGE_CURVE ( 'NONE', #3788, #3779, #2937, .T. ) ;
#1820 = CARTESIAN_POINT ( 'NONE',  ( 6.507149509629688744, 4.000000000000000000, -0.04801150445969547265 ) ) ;
#1821 = CARTESIAN_POINT ( 'NONE',  ( 7.025130450747493427, 4.000000000000000000, -0.03847657563784320778 ) ) ;
#1822 = COLOUR_RGB ( '',0.8980392156862745390, 0.8980392156862745390, 0.8980392156862745390 ) ;
#1823 = FILL_AREA_STYLE_COLOUR ( '', #4451 ) ;
#1824 = DIRECTION ( 'NONE',  ( 3.469446951953613203E-16, 0.000000000000000000, 1.000000000000000000 ) ) ;
#1825 = FILL_AREA_STYLE_COLOUR ( '', #1194 ) ;
#1826 = STYLED_ITEM ( 'NONE', ( #4326 ), #4019 ) ;
#1827 = STYLED_ITEM ( 'NONE', ( #2792 ), #2527 ) ;
#1828 = EDGE_CURVE ( 'NONE', #207, #392, #76, .T. ) ;
#1829 = FILL_AREA_STYLE ('',( #1423 ) ) ;
#1830 = PRESENTATION_LAYER_ASSIGNMENT (  '', '', ( #4564 ) ) ;
#1831 = ORIENTED_EDGE ( 'NONE', *, *, #2701, .T. ) ;
#1832 = CARTESIAN_POINT ( 'NONE',  ( -6.999999999999998224, 1.000000000000000000, 1.750000000000003553 ) ) ;
#1833 = FILL_AREA_STYLE ('',( #1403 ) ) ;
#1834 = CARTESIAN_POINT ( 'NONE',  ( -3.749999999999996891, 4.049999999999999822, 4.654606468570293109E-16 ) ) ;
#1835 = CARTESIAN_POINT ( 'NONE',  ( 7.493363640753073263, 3.998999999999998334, 0.2353699738916769368 ) ) ;
#1836 = CARTESIAN_POINT ( 'NONE',  ( 7.263508055524003026, 3.998999999999994781, 0.7442601245378563934 ) ) ;
#1837 = CARTESIAN_POINT ( 'NONE',  ( 6.722923894247752941, 3.998999999999999222, 0.08067639649383369360 ) ) ;
#1838 = ORIENTED_EDGE ( 'NONE', *, *, #3538, .T. ) ;
#1839 = FILL_AREA_STYLE ('',( #4318 ) ) ;
#1840 = FACE_BOUND ( 'NONE', #1553, .T. ) ;
#1841 = SURFACE_SIDE_STYLE ('',( #3581 ) ) ;
#1842 = FACE_OUTER_BOUND ( 'NONE', #2778, .T. ) ;
#1843 = FILL_AREA_STYLE ('',( #3531 ) ) ;
#1844 = DIRECTION ( 'NONE',  ( 2.891205793294678326E-16, 0.000000000000000000, -1.000000000000000000 ) ) ;
#1845 = ORIENTED_EDGE ( 'NONE', *, *, #3535, .F. ) ;
#1846 = VERTEX_POINT ( 'NONE', #3589 ) ;
#1847 = STYLED_ITEM ( 'NONE', ( #4186 ), #1792 ) ;
#1848 = CARTESIAN_POINT ( 'NONE',  ( 6.605700443073193817, 4.000000000000000000, 0.02773969041767361532 ) ) ;
#1849 = CARTESIAN_POINT ( 'NONE',  ( 6.618965331964997922, 3.999000000000002331, -0.3137598791673994469 ) ) ;
#1850 = CARTESIAN_POINT ( 'NONE',  ( 7.000000000000001776, 0.2000000000000000944, -1.301042606982604138E-15 ) ) ;
#1851 = AXIS2_PLACEMENT_3D ( 'NONE', #4298, #1285, #3025 ) ;
#1852 = VECTOR ( 'NONE', #4707, 1000.000000000000000 ) ;
#1853 =( NAMED_UNIT ( * ) PLANE_ANGLE_UNIT ( ) SI_UNIT ( $, .RADIAN. ) );
#1854 = STYLED_ITEM ( 'NONE', ( #3564 ), #2762 ) ;
#1855 = ADVANCED_FACE ( 'NONE', ( #3957, #4838 ), #246, .F. ) ;
#1856 = ORIENTED_EDGE ( 'NONE', *, *, #1933, .F. ) ;
#1857 = SURFACE_SIDE_STYLE ('',( #3144 ) ) ;
#1858 = MECHANICAL_DESIGN_GEOMETRIC_PRESENTATION_REPRESENTATION (  '', ( #2595 ), #523 ) ;
#1859 = SURFACE_STYLE_USAGE ( .BOTH. , #2269 ) ;
#1860 = CARTESIAN_POINT ( 'NONE',  ( 7.144161768580693739, 3.998999999999994781, 0.7785488036771606168 ) ) ;
#1861 = VERTEX_POINT ( 'NONE', #98 ) ;
#1862 = DIRECTION ( 'NONE',  ( 0.000000000000000000, 6.974286919792930852E-15, -1.000000000000000000 ) ) ;
#1863 = ADVANCED_FACE ( 'NONE', ( #3441, #2589 ), #5476, .T. ) ;
#1864 = ORIENTED_EDGE ( 'NONE', *, *, #1965, .F. ) ;
#1865 = VECTOR ( 'NONE', #1637, 1000.000000000000000 ) ;
#1866 = CARTESIAN_POINT ( 'NONE',  ( 7.191797434842913006, 3.999999999999995559, 0.5807084193647205073 ) ) ;
#1867 = VECTOR ( 'NONE', #1516, 1000.000000000000000 ) ;
#1868 = UNCERTAINTY_MEASURE_WITH_UNIT (LENGTH_MEASURE( 1.000000000000000082E-05 ), #2211, 'distance_accuracy_value', 'NONE');
#1869 = ADVANCED_FACE ( 'NONE', ( #614 ), #182, .T. ) ;
#1870 = CARTESIAN_POINT ( 'NONE',  ( 1.250000000000002665, 4.000000000000000000, 1.192622389734055075E-15 ) ) ;
#1871 = CARTESIAN_POINT ( 'NONE',  ( 6.993664851195772414, 3.999999999999995559, 0.6168290631402925106 ) ) ;
#1872 = ORIENTED_EDGE ( 'NONE', *, *, #1042, .T. ) ;
#1873 = VERTEX_POINT ( 'NONE', #4017 ) ;
#1874 = MECHANICAL_DESIGN_GEOMETRIC_PRESENTATION_REPRESENTATION (  '', ( #5331 ), #1508 ) ;
#1875 = CARTESIAN_POINT ( 'NONE',  ( 6.577717654150908366, 4.000000000000000000, 0.01043479107204655677 ) ) ;
#1876 = DIRECTION ( 'NONE',  ( -1.665334536937733825E-16, -2.300720062539084537E-17, 1.000000000000000000 ) ) ;
#1877 = FILL_AREA_STYLE_COLOUR ( '', #1450 ) ;
#1878 = PRESENTATION_STYLE_ASSIGNMENT (( #1422 ) ) ;
#1879 =( NAMED_UNIT ( * ) PLANE_ANGLE_UNIT ( ) SI_UNIT ( $, .RADIAN. ) );
#1880 = ORIENTED_EDGE ( 'NONE', *, *, #3148, .F. ) ;
#1881 = LINE ( 'NONE', #1425, #709 ) ;
#1882 = FACE_OUTER_BOUND ( 'NONE', #2606, .T. ) ;
#1883 = FILL_AREA_STYLE_COLOUR ( '', #1480 ) ;
#1884 = EDGE_CURVE ( 'NONE', #1177, #1545, #3665, .T. ) ;
#1885 = CARTESIAN_POINT ( 'NONE',  ( 7.176530127878013587, 4.000000000000005329, -0.7244077675645994585 ) ) ;
#1886 = CARTESIAN_POINT ( 'NONE',  ( -6.999999999999996447, 0.000000000000000000, 2.198731280726776271E-15 ) ) ;
#1887 = ORIENTED_EDGE ( 'NONE', *, *, #1760, .T. ) ;
#1888 = DIRECTION ( 'NONE',  ( 5.551115123125782702E-17, -2.300720062539084537E-17, 1.000000000000000000 ) ) ;
#1889 = FILL_AREA_STYLE_COLOUR ( '', #4452 ) ;
#1890 = CARTESIAN_POINT ( 'NONE',  ( 7.493363640753073263, 3.999999999999998224, 0.2353699738916769646 ) ) ;
#1891 = EDGE_CURVE ( 'NONE', #3370, #3788, #4576, .T. ) ;
#1892 = MECHANICAL_DESIGN_GEOMETRIC_PRESENTATION_REPRESENTATION (  '', ( #825 ), #4450 ) ;
#1893 =( NAMED_UNIT ( * ) SI_UNIT ( $, .STERADIAN. ) SOLID_ANGLE_UNIT ( ) );
#1894 = DIRECTION ( 'NONE',  ( 0.000000000000000000, -1.000000000000000000, 0.000000000000000000 ) ) ;
#1895 = ORIENTED_EDGE ( 'NONE', *, *, #1070, .T. ) ;
#1896 = VERTEX_POINT ( 'NONE', #2841 ) ;
#1897 = VECTOR ( 'NONE', #2388, 1000.000000000000000 ) ;
#1898 = CARTESIAN_POINT ( 'NONE',  ( 6.705172714700597503, 3.999000000000000998, -0.1488064611815310967 ) ) ;
#1899 = CARTESIAN_POINT ( 'NONE',  ( 6.528531572587998433, 3.999000000000000110, -0.02753348122152594196 ) ) ;
#1900 =( GEOMETRIC_REPRESENTATION_CONTEXT ( 3 ) GLOBAL_UNCERTAINTY_ASSIGNED_CONTEXT ( ( #4300 ) ) GLOBAL_UNIT_ASSIGNED_CONTEXT ( ( #2700, #3155, #5201 ) ) REPRESENTATION_CONTEXT ( 'NONE', 'WORKASPACE' ) );
#1901 = DIRECTION ( 'NONE',  ( 0.000000000000000000, -1.000000000000000000, -7.205007282611301174E-15 ) ) ;
#1902 = FILL_AREA_STYLE ('',( #2817 ) ) ;
#1903 = CIRCLE ( 'NONE', #1818, 2.500000000000000888 ) ;
#1904 = DIRECTION ( 'NONE',  ( -0.7071067811865439090, 0.7071067811865512365, 0.000000000000000000 ) ) ;
#1905 = MECHANICAL_DESIGN_GEOMETRIC_PRESENTATION_REPRESENTATION (  '', ( #2374 ), #575 ) ;
#1906 = DIRECTION ( 'NONE',  ( 0.000000000000000000, -7.228014483236696753E-15, 1.000000000000000000 ) ) ;
#1907 = AXIS2_PLACEMENT_3D ( 'NONE', #1098, #682, #242 ) ;
#1908 = CARTESIAN_POINT ( 'NONE',  ( 1.250000000000002887, -1.699999999999999956, 3.331692034352651015E-16 ) ) ;
#1909 = EDGE_LOOP ( 'NONE', ( #5535, #4953, #2254, #483 ) ) ;
#1910 = MECHANICAL_DESIGN_GEOMETRIC_PRESENTATION_REPRESENTATION (  '', ( #149 ), #3191 ) ;
#1911 = ADVANCED_FACE ( 'NONE', ( #692, #1491 ), #3238, .F. ) ;
#1912 = ADVANCED_BREP_SHAPE_REPRESENTATION ( 'Magnetic Pogo Connector 4 Pin (Type 1)', ( #166, #99, #87, #138, #3824, #3809, #1920, #2878 ), #1786 ) ;
#1913 = CARTESIAN_POINT ( 'NONE',  ( 6.447372347789262825, 3.999999999999997335, 0.3688200193983155462 ) ) ;
#1914 =( GEOMETRIC_REPRESENTATION_CONTEXT ( 3 ) GLOBAL_UNCERTAINTY_ASSIGNED_CONTEXT ( ( #4496 ) ) GLOBAL_UNIT_ASSIGNED_CONTEXT ( ( #2883, #741, #3712 ) ) REPRESENTATION_CONTEXT ( 'NONE', 'WORKASPACE' ) );
#1915 = CARTESIAN_POINT ( 'NONE',  ( 7.349670311448263327, 4.000000000000002665, -0.3172892006577935353 ) ) ;
#1916 = CARTESIAN_POINT ( 'NONE',  ( 7.026445460874152893, 3.998999999999993893, 0.7892450439960705388 ) ) ;
#1917 = CARTESIAN_POINT ( 'NONE',  ( 7.000000000000003553, 1.000000000000000000, 2.499999999999999556 ) ) ;
#1918 = ORIENTED_EDGE ( 'NONE', *, *, #2564, .F. ) ;
#1919 = CARTESIAN_POINT ( 'NONE',  ( 7.235599723498172153, 3.998999999999995669, 0.5516517710306334532 ) ) ;
#1920 = MANIFOLD_SOLID_BREP ( 'NONE', #5449 ) ;
#1921 = CARTESIAN_POINT ( 'NONE',  ( 1.250000000000002887, 3.904499097132790197, 4.621129109509723120E-16 ) ) ;
#1922 = DIRECTION ( 'NONE',  ( 0.000000000000000000, 7.228014483236696753E-15, -1.000000000000000000 ) ) ;
#1923 = CARTESIAN_POINT ( 'NONE',  ( 7.252277714530713126, 3.999999999999998224, 0.2560188944116174592 ) ) ;
#1924 = CARTESIAN_POINT ( 'NONE',  ( 7.000000000000001776, 4.000000000000000000, -1.301042606982604138E-15 ) ) ;
#1925 = ORIENTED_EDGE ( 'NONE', *, *, #804, .T. ) ;
#1926 = VERTEX_POINT ( 'NONE', #3761 ) ;
#1927 = EDGE_CURVE ( 'NONE', #2069, #4582, #5059, .T. ) ;
#1928 = FACE_BOUND ( 'NONE', #1655, .T. ) ;
#1929 = DIRECTION ( 'NONE',  ( 4.223192631925967987E-48, -2.300720062539715934E-17, 1.000000000000000000 ) ) ;
#1930 = CARTESIAN_POINT ( 'NONE',  ( 6.432148815750462489, 4.000000000000000888, -0.1649038122522699656 ) ) ;
#1931 = PLANE ( 'NONE',  #279 ) ;
#1932 = EDGE_CURVE ( 'NONE', #1636, #4016, #1641, .T. ) ;
#1933 = EDGE_CURVE ( 'NONE', #2668, #2366, #1903, .T. ) ;
#1934 = PRODUCT_DEFINITION_CONTEXT ( 'detailed design', #5237, 'design' ) ;
#1935 = CARTESIAN_POINT ( 'NONE',  ( -0.6257359312880754754, -0.5000000000000000000, 0.000000000000000000 ) ) ;
#1936 = COLOUR_RGB ( '',0.1019607843137254888, 0.1019607843137254888, 0.1019607843137254888 ) ;
#1937 = FILL_AREA_STYLE_COLOUR ( '', #355 ) ;
#1938 =( NAMED_UNIT ( * ) PLANE_ANGLE_UNIT ( ) SI_UNIT ( $, .RADIAN. ) );
#1939 = PRESENTATION_LAYER_ASSIGNMENT (  '', '', ( #1585 ) ) ;
#1940 = ORIENTED_EDGE ( 'NONE', *, *, #5101, .T. ) ;
#1941 = CARTESIAN_POINT ( 'NONE',  ( 6.410928914104492726, 3.999000000000001886, -0.2456847707926879398 ) ) ;
#1942 = EDGE_CURVE ( 'NONE', #5183, #3169, #5084, .T. ) ;
#1943 = SURFACE_SIDE_STYLE ('',( #247 ) ) ;
#1944 = AXIS2_PLACEMENT_3D ( 'NONE', #1744, #1393, #514 ) ;
#1945 = CARTESIAN_POINT ( 'NONE',  ( 7.567818619811232494, 4.000000000000002665, -0.3250619201482585208 ) ) ;
#1946 = SURFACE_SIDE_STYLE ('',( #3660 ) ) ;
#1947 = EDGE_LOOP ( 'NONE', ( #2384 ) ) ;
#1948 = CARTESIAN_POINT ( 'NONE',  ( 7.235599723498172153, 3.999999999999995559, 0.5516517710306335642 ) ) ;
#1949 =( NAMED_UNIT ( * ) PLANE_ANGLE_UNIT ( ) SI_UNIT ( $, .RADIAN. ) );
#1950 = SURFACE_STYLE_USAGE ( .BOTH. , #1111 ) ;
#1951 = MECHANICAL_DESIGN_GEOMETRIC_PRESENTATION_REPRESENTATION (  '', ( #3781 ), #5139 ) ;
#1952 = FILL_AREA_STYLE_COLOUR ( '', #300 ) ;
#1953 = COLOUR_RGB ( '',0.1019607843137254888, 0.1019607843137254888, 0.1019607843137254888 ) ;
#1954 = MECHANICAL_DESIGN_GEOMETRIC_PRESENTATION_REPRESENTATION (  '', ( #3508 ), #888 ) ;
#1955 =( NAMED_UNIT ( * ) PLANE_ANGLE_UNIT ( ) SI_UNIT ( $, .RADIAN. ) );
#1956 = CARTESIAN_POINT ( 'NONE',  ( 7.301230406111643312, 3.999999999999996447, 0.4587405735503424786 ) ) ;
#1957 = ORIENTED_EDGE ( 'NONE', *, *, #3539, .T. ) ;
#1958 = CARTESIAN_POINT ( 'NONE',  ( 1.550000000000002709, -1.750000000000000000, 3.153652153679527885E-16 ) ) ;
#1959 = MECHANICAL_DESIGN_GEOMETRIC_PRESENTATION_REPRESENTATION (  '', ( #5502 ), #5329 ) ;
#1960 = COLOUR_RGB ( '',0.8980392156862745390, 0.8980392156862745390, 0.8980392156862745390 ) ;
#1961 = SURFACE_STYLE_USAGE ( .BOTH. , #3187 ) ;
#1962 = CARTESIAN_POINT ( 'NONE',  ( 6.993664851195772414, 3.998999999999995669, 0.6168290631402925106 ) ) ;
#1963 = B_SPLINE_CURVE_WITH_KNOTS ( 'NONE', 3,
 ( #3728, #1084, #1558, #3294, #723, #2440, #2690, #2168, #3029, #545, #2234, #1373, #3112, #3973, #3090 ),
 .UNSPECIFIED., .F., .F.,
 ( 4, 1, 1, 1, 1, 1, 1, 1, 1, 1, 1, 1, 4 ),
 ( 0.000000000000000000, 0.09379647069693200501, 0.1801880710186110068, 0.2603631916661889867, 0.3348466760639745021, 0.4070930058327160150, 0.4814483792884680091, 0.5592709137563659505, 0.6422698113109350793, 0.7285859445716479366, 0.8159775452756129477, 0.9060351298875350956, 1.000000000000000000 ),
 .UNSPECIFIED. ) ;
#1964 = CARTESIAN_POINT ( 'NONE',  ( 6.952198505041923049, 3.999000000000004995, -0.7485555522443234633 ) ) ;
#1965 = EDGE_CURVE ( 'NONE', #2787, #2083, #1634, .T. ) ;
#1966 = UNCERTAINTY_MEASURE_WITH_UNIT (LENGTH_MEASURE( 1.000000000000000082E-05 ), #5428, 'distance_accuracy_value', 'NONE');
#1967 = CARTESIAN_POINT ( 'NONE',  ( 7.026445460874152893, 3.998999999999993893, 0.7892450439960705388 ) ) ;
#1968 = CARTESIAN_POINT ( 'NONE',  ( -3.749999999999996891, 3.904499097132790197, 4.621129109509723120E-16 ) ) ;
#1969 = EDGE_CURVE ( 'NONE', #2210, #1217, #2951, .T. ) ;
#1970 = DIRECTION ( 'NONE',  ( 5.782411586589358625E-16, 0.000000000000000000, 1.000000000000000000 ) ) ;
#1971 = ORIENTED_EDGE ( 'NONE', *, *, #1141, .F. ) ;
#1972 = CYLINDRICAL_SURFACE ( 'NONE', #3516, 0.7500000000000003331 ) ;
#1973 =( LENGTH_UNIT ( ) NAMED_UNIT ( * ) SI_UNIT ( .MILLI., .METRE. ) );
#1974 = CARTESIAN_POINT ( 'NONE',  ( 7.298830698422623442, 3.999999999999997335, 0.3194317071092104832 ) ) ;
#1975 = CARTESIAN_POINT ( 'NONE',  ( 7.257486966580382948, 3.998999999999998334, 0.2604588708326004975 ) ) ;
#1976 = ORIENTED_EDGE ( 'NONE', *, *, #1747, .T. ) ;
#1977 = PRESENTATION_STYLE_ASSIGNMENT (( #611 ) ) ;
#1978 = CARTESIAN_POINT ( 'NONE',  ( 7.547634779938952931, 3.999000000000002331, -0.3967412624534310539 ) ) ;
#1979 = FILL_AREA_STYLE_COLOUR ( '', #1366 ) ;
#1980 = FACE_OUTER_BOUND ( 'NONE', #3405, .T. ) ;
#1981 = DIRECTION ( 'NONE',  ( 5.782411586589354681E-16, 0.000000000000000000, 1.000000000000000000 ) ) ;
#1982 = DIRECTION ( 'NONE',  ( 1.835596038252509459E-31, -1.000000000000000000, -2.300720062539715626E-17 ) ) ;
#1983 = CARTESIAN_POINT ( 'NONE',  ( 6.961513408888073684, 3.999000000000004107, -0.5754786291674005572 ) ) ;
#1984 = ORIENTED_EDGE ( 'NONE', *, *, #2490, .F. ) ;
#1985 = VERTEX_POINT ( 'NONE', #4124 ) ;
#1986 = COLOUR_RGB ( '',0.9529411764705881804, 0.7960784313725489669, 0.4862745098039215619 ) ;
#1987 = STYLED_ITEM ( 'NONE', ( #1569 ), #774 ) ;
#1988 = FACE_OUTER_BOUND ( 'NONE', #2193, .T. ) ;
#1989 = CARTESIAN_POINT ( 'NONE',  ( 7.000000000000000888, 4.000000000000000000, -3.500000000000000888 ) ) ;
#1990 = CARTESIAN_POINT ( 'NONE',  ( 6.407576301211033609, 3.999000000000001886, -0.2937207195599104148 ) ) ;
#1991 = SURFACE_STYLE_FILL_AREA ( #4591 ) ;
#1992 = CARTESIAN_POINT ( 'NONE',  ( 6.657551825761647279, 4.000000000000003553, -0.4427809449867749492 ) ) ;
#1993 = SURFACE_STYLE_FILL_AREA ( #1571 ) ;
#1994 = PRESENTATION_LAYER_ASSIGNMENT (  '', '', ( #2982 ) ) ;
#1995 = MECHANICAL_DESIGN_GEOMETRIC_PRESENTATION_REPRESENTATION (  '', ( #2173 ), #3451 ) ;
#1996 = UNCERTAINTY_MEASURE_WITH_UNIT (LENGTH_MEASURE( 1.000000000000000082E-05 ), #128, 'distance_accuracy_value', 'NONE');
#1997 = DIRECTION ( 'NONE',  ( -4.956352788505161296E-16, 0.000000000000000000, -1.000000000000000000 ) ) ;
#1998 = FILL_AREA_STYLE ('',( #302 ) ) ;
#1999 = CARTESIAN_POINT ( 'NONE',  ( -1.000000000000000000, 2.500000000000000000, 3.099999999999997868 ) ) ;
#2000 = ORIENTED_EDGE ( 'NONE', *, *, #5511, .T. ) ;
#2001 = EDGE_CURVE ( 'NONE', #4380, #4720, #4774, .T. ) ;
#2002 =( GEOMETRIC_REPRESENTATION_CONTEXT ( 3 ) GLOBAL_UNCERTAINTY_ASSIGNED_CONTEXT ( ( #734 ) ) GLOBAL_UNIT_ASSIGNED_CONTEXT ( ( #599, #3140, #2345 ) ) REPRESENTATION_CONTEXT ( 'NONE', 'WORKASPACE' ) );
#2003 = CARTESIAN_POINT ( 'NONE',  ( -1.249999999999997113, 2.494438317560252532E-31, 3.722819561778043863E-16 ) ) ;
#2004 = CARTESIAN_POINT ( 'NONE',  ( -1.249999999999999778, 0.000000000000000000, 1.999999999999998224 ) ) ;
#2005 = PRESENTATION_LAYER_ASSIGNMENT (  '', '', ( #2734 ) ) ;
#2006 = MECHANICAL_DESIGN_GEOMETRIC_PRESENTATION_REPRESENTATION (  '', ( #4816 ), #5273 ) ;
#2007 = CARTESIAN_POINT ( 'NONE',  ( 7.240757775251313255, 3.999999999999998224, 0.2462001606886234650 ) ) ;
#2008 = ORIENTED_EDGE ( 'NONE', *, *, #3723, .T. ) ;
#2009 = LINE ( 'NONE', #4282, #3600 ) ;
#2010 = EDGE_CURVE ( 'NONE', #4569, #4261, #2664, .T. ) ;
#2011 =( NAMED_UNIT ( * ) SI_UNIT ( $, .STERADIAN. ) SOLID_ANGLE_UNIT ( ) );
#2012 = FACE_OUTER_BOUND ( 'NONE', #3952, .T. ) ;
#2013 = CARTESIAN_POINT ( 'NONE',  ( 6.511704559953939153, 4.000000000000004441, -0.5770585174630024072 ) ) ;
#2014 =( NAMED_UNIT ( * ) SI_UNIT ( $, .STERADIAN. ) SOLID_ANGLE_UNIT ( ) );
#2015 = SURFACE_SIDE_STYLE ('',( #1528 ) ) ;
#2016 = CARTESIAN_POINT ( 'NONE',  ( 6.980829551598193738, 4.000000000000000000, -0.05018232420238989688 ) ) ;
#2017 = UNCERTAINTY_MEASURE_WITH_UNIT (LENGTH_MEASURE( 1.000000000000000082E-05 ), #3246, 'distance_accuracy_value', 'NONE');
#2018 = MECHANICAL_DESIGN_GEOMETRIC_PRESENTATION_REPRESENTATION (  '', ( #5373 ), #2827 ) ;
#2019 = EDGE_LOOP ( 'NONE', ( #583 ) ) ;
#2020 = CARTESIAN_POINT ( 'NONE',  ( 6.679343979098362638, 3.999000000000003219, -0.4725540209085434817 ) ) ;
#2021 = VERTEX_POINT ( 'NONE', #3117 ) ;
#2022 = VERTEX_POINT ( 'NONE', #1594 ) ;
#2023 = CARTESIAN_POINT ( 'NONE',  ( 6.407426870426538024, 4.000000000000002665, -0.3035435330135534682 ) ) ;
#2024 = CARTESIAN_POINT ( 'NONE',  ( -6.999999999999997335, 4.000000000000000000, 3.500000000000001776 ) ) ;
#2025 = DIRECTION ( 'NONE',  ( 0.000000000000000000, 0.000000000000000000, 1.000000000000000000 ) ) ;
#2026 = LINE ( 'NONE', #2454, #4469 ) ;
#2027 = CARTESIAN_POINT ( 'NONE',  ( 7.216831435753913837, 3.999000000000003219, -0.5043999924660096390 ) ) ;
#2028 = SURFACE_STYLE_FILL_AREA ( #5020 ) ;
#2029 = PLANE ( 'NONE',  #1645 ) ;
#2030 = FACE_OUTER_BOUND ( 'NONE', #3091, .T. ) ;
#2031 =( NAMED_UNIT ( * ) PLANE_ANGLE_UNIT ( ) SI_UNIT ( $, .RADIAN. ) );
#2032 = DIRECTION ( 'NONE',  ( -1.835596038252509459E-31, 1.000000000000000000, 2.300720062539715626E-17 ) ) ;
#2033 = ADVANCED_FACE ( 'NONE', ( #1807, #5256 ), #4344, .F. ) ;
#2034 = DIRECTION ( 'NONE',  ( 0.000000000000000000, 1.000000000000000000, 7.205007282611301174E-15 ) ) ;
#2035 = ORIENTED_EDGE ( 'NONE', *, *, #4183, .T. ) ;
#2036 = PRESENTATION_LAYER_ASSIGNMENT (  '', '', ( #1311 ) ) ;
#2037 = FILL_AREA_STYLE_COLOUR ( '', #1058 ) ;
#2038 = DIRECTION ( 'NONE',  ( 3.469446951953613203E-16, 0.000000000000000000, 1.000000000000000000 ) ) ;
#2039 = AXIS2_PLACEMENT_3D ( 'NONE', #2003, #1578, #5447 ) ;
#2040 = ADVANCED_FACE ( 'NONE', ( #4831 ), #1605, .T. ) ;
#2041 = LINE ( 'NONE', #2866, #1897 ) ;
#2042 = CARTESIAN_POINT ( 'NONE',  ( 7.293683714041263144, 4.000000000000000000, 0.05113898818267297725 ) ) ;
#2043 = STYLED_ITEM ( 'NONE', ( #3617 ), #2796 ) ;
#2044 = VERTEX_POINT ( 'NONE', #3576 ) ;
#2045 = CARTESIAN_POINT ( 'NONE',  ( 6.619439067263397369, 3.999000000000002331, -0.3247139092336729371 ) ) ;
#2046 = ORIENTED_EDGE ( 'NONE', *, *, #2010, .F. ) ;
#2047 = COLOUR_RGB ( '',0.1019607843137254888, 0.1019607843137254888, 0.1019607843137254888 ) ;
#2048 = CARTESIAN_POINT ( 'NONE',  ( -3.749999999999996891, -1.699999999999999956, 3.331692034352651015E-16 ) ) ;
#2049 = FILL_AREA_STYLE_COLOUR ( '', #776 ) ;
#2050 =( GEOMETRIC_REPRESENTATION_CONTEXT ( 3 ) GLOBAL_UNCERTAINTY_ASSIGNED_CONTEXT ( ( #2279 ) ) GLOBAL_UNIT_ASSIGNED_CONTEXT ( ( #537, #78, #3986 ) ) REPRESENTATION_CONTEXT ( 'NONE', 'WORKASPACE' ) );
#2051 = VECTOR ( 'NONE', #601, 1000.000000000000114 ) ;
#2052 = CARTESIAN_POINT ( 'NONE',  ( 7.580503793503464038, 3.999000000000001886, -0.2100940137827840559 ) ) ;
#2053 = STYLED_ITEM ( 'NONE', ( #1215 ), #4905 ) ;
#2054 = STYLED_ITEM ( 'NONE', ( #108 ), #707 ) ;
#2055 = EDGE_CURVE ( 'NONE', #1011, #1011, #3734, .T. ) ;
#2056 = SURFACE_SIDE_STYLE ('',( #3417 ) ) ;
#2057 =( NAMED_UNIT ( * ) SI_UNIT ( $, .STERADIAN. ) SOLID_ANGLE_UNIT ( ) );
#2058 = FACE_OUTER_BOUND ( 'NONE', #1154, .T. ) ;
#2059 = PRESENTATION_STYLE_ASSIGNMENT (( #3313 ) ) ;
#2060 = CARTESIAN_POINT ( 'NONE',  ( -6.607051711467516242, 3.999000000000000110, 0.3970846277694362048 ) ) ;
#2061 = LINE ( 'NONE', #5523, #4734 ) ;
#2062 = EDGE_LOOP ( 'NONE', ( #4750 ) ) ;
#2063 = LINE ( 'NONE', #2889, #3064 ) ;
#2064 = FILL_AREA_STYLE_COLOUR ( '', #4984 ) ;
#2065 = DIRECTION ( 'NONE',  ( -1.835596038252509459E-31, 1.000000000000000000, 2.300720062539715626E-17 ) ) ;
#2066 = DIRECTION ( 'NONE',  ( 5.782411586589358625E-16, 0.000000000000000000, 1.000000000000000000 ) ) ;
#2067 = UNCERTAINTY_MEASURE_WITH_UNIT (LENGTH_MEASURE( 1.000000000000000082E-05 ), #917, 'distance_accuracy_value', 'NONE');
#2068 = FILL_AREA_STYLE ('',( #369 ) ) ;
#2069 = VERTEX_POINT ( 'NONE', #4522 ) ;
#2070 =( NAMED_UNIT ( * ) SI_UNIT ( $, .STERADIAN. ) SOLID_ANGLE_UNIT ( ) );
#2071 = ORIENTED_EDGE ( 'NONE', *, *, #946, .F. ) ;
#2072 = EDGE_CURVE ( 'NONE', #4016, #63, #4225, .T. ) ;
#2073 = CARTESIAN_POINT ( 'NONE',  ( -6.395513249929057231, 3.999000000000000110, -0.7222062376151787699 ) ) ;
#2074 = DIRECTION ( 'NONE',  ( -4.626678502015090700E-15, 1.000000000000000000, 0.000000000000000000 ) ) ;
#2075 = FACE_OUTER_BOUND ( 'NONE', #2547, .T. ) ;
#2076 = CARTESIAN_POINT ( 'NONE',  ( 6.687784751493708768, 3.998999999999996557, 0.4643917464268955131 ) ) ;
#2077 = UNCERTAINTY_MEASURE_WITH_UNIT (LENGTH_MEASURE( 1.000000000000000082E-05 ), #5538, 'distance_accuracy_value', 'NONE');
#2078 =( GEOMETRIC_REPRESENTATION_CONTEXT ( 3 ) GLOBAL_UNCERTAINTY_ASSIGNED_CONTEXT ( ( #4632 ) ) GLOBAL_UNIT_ASSIGNED_CONTEXT ( ( #4370, #4311, #3518 ) ) REPRESENTATION_CONTEXT ( 'NONE', 'WORKASPACE' ) );
#2079 = DIRECTION ( 'NONE',  ( -1.835596038252509459E-31, 1.000000000000000000, 2.300720062539715626E-17 ) ) ;
#2080 = LINE ( 'NONE', #4335, #3835 ) ;
#2081 = CARTESIAN_POINT ( 'NONE',  ( 7.000000000000001776, 2.299999999999999822, -1.301042606982604138E-15 ) ) ;
#2082 = CARTESIAN_POINT ( 'NONE',  ( 6.834705463551087767, 3.998999999999999222, 0.1158028218502980961 ) ) ;
#2083 = VERTEX_POINT ( 'NONE', #1179 ) ;
#2084 = PRESENTATION_LAYER_ASSIGNMENT (  '', '', ( #1269 ) ) ;
#2085 = CARTESIAN_POINT ( 'NONE',  ( 7.306750374942782678, 3.998999999999996557, 0.4374589624498379514 ) ) ;
#2086 = UNCERTAINTY_MEASURE_WITH_UNIT (LENGTH_MEASURE( 1.000000000000000082E-05 ), #2653, 'distance_accuracy_value', 'NONE');
#2087 = CARTESIAN_POINT ( 'NONE',  ( 7.000000000000001776, 3.000000000000000000, -1.301042606982604138E-15 ) ) ;
#2088 = STYLED_ITEM ( 'NONE', ( #573 ), #2351 ) ;
#2089 = DIRECTION ( 'NONE',  ( 1.000000000000000000, 0.000000000000000000, -4.027036640660443984E-16 ) ) ;
#2090 = CYLINDRICAL_SURFACE ( 'NONE', #224, 2.500000000000000888 ) ;
#2091 = ORIENTED_EDGE ( 'NONE', *, *, #4056, .F. ) ;
#2092 = DIRECTION ( 'NONE',  ( -1.665334536937733825E-16, -2.300720062539084537E-17, 1.000000000000000000 ) ) ;
#2093 = ORIENTED_EDGE ( 'NONE', *, *, #5542, .T. ) ;
#2094 = AXIS2_PLACEMENT_3D ( 'NONE', #1870, #5007, #4552 ) ;
#2095 = CARTESIAN_POINT ( 'NONE',  ( 0.000000000000000000, 0.000000000000000000, 0.000000000000000000 ) ) ;
#2096 = PRESENTATION_LAYER_ASSIGNMENT (  '', '', ( #4279 ) ) ;
#2097 = CARTESIAN_POINT ( 'NONE',  ( 6.961513408888073684, 4.000000000000004441, -0.5754786291674005572 ) ) ;
#2098 = B_SPLINE_SURFACE_WITH_KNOTS ( 'NONE', 3, 1, ( 
 ( #1445, #566 ),
 ( #929, #5246 ),
 ( #2286, #2652 ),
 ( #512, #2226 ),
 ( #163, #267 ),
 ( #211, #2449 ),
 ( #1899, #238 ),
 ( #294, #2424 ),
 ( #3646, #4158 ),
 ( #1600, #4956 ),
 ( #732, #4986 ),
 ( #5435, #4536 ),
 ( #4187, #1930 ),
 ( #1535, #3247 ),
 ( #1067, #3677 ),
 ( #678, #5013 ),
 ( #321, #2901 ),
 ( #1990, #1470 ),
 ( #2342, #2023 ) ),
 .UNSPECIFIED., .F., .F., .F.,
 ( 4, 1, 1, 1, 1, 1, 1, 1, 1, 1, 1, 1, 1, 1, 1, 1, 4 ),
 ( 2, 2 ),
 ( 0.000000000000000000, 0.07493130598184519209, 0.1470775964339470221, 0.2163644561730685145, 0.2825027309006234999, 0.3466877108244159622, 0.4088355551310380309, 0.4692619872876919729, 0.5284320432534620471, 0.5870013379727410108, 0.6444163938320669471, 0.7021887902662969916, 0.7597671795443350362, 0.8184897928274490475, 0.8776328274167840560, 0.9380195662701680259, 1.000000000000000000 ),
 ( 0.000000000000000000, 1.000000000000000000 ),
 .UNSPECIFIED. ) ;
#2099 = CARTESIAN_POINT ( 'NONE',  ( 7.408261679827032431, 3.999000000000004107, -0.6069556463452655537 ) ) ;
#2100 = STYLED_ITEM ( 'NONE', ( #4677 ), #4482 ) ;
#2101 = FACE_BOUND ( 'NONE', #5340, .T. ) ;
#2102 = PRESENTATION_STYLE_ASSIGNMENT (( #1601 ) ) ;
#2103 = EDGE_CURVE ( 'NONE', #3751, #4853, #687, .T. ) ;
#2104 = CARTESIAN_POINT ( 'NONE',  ( 6.533414914327828171, 3.999000000000004107, -0.5994534454321914785 ) ) ;
#2105 = EDGE_LOOP ( 'NONE', ( #636 ) ) ;
#2106 = DIRECTION ( 'NONE',  ( 1.835596038252509459E-31, -1.000000000000000000, -2.300720062539715626E-17 ) ) ;
#2107 = CARTESIAN_POINT ( 'NONE',  ( 6.825389358743928270, 3.999999999999995559, 0.5907040345448836272 ) ) ;
#2108 = SURFACE_STYLE_USAGE ( .BOTH. , #513 ) ;
#2109 = ADVANCED_FACE ( 'NONE', ( #3803 ), #2519, .T. ) ;
#2110 = VERTEX_POINT ( 'NONE', #1579 ) ;
#2111 = CARTESIAN_POINT ( 'NONE',  ( 6.733384272317003649, 3.999999999999996447, 0.5308168012077404407 ) ) ;
#2112 = CARTESIAN_POINT ( 'NONE',  ( 7.522811485811152998, 3.998999999999997446, 0.3791487746787539637 ) ) ;
#2113 = CARTESIAN_POINT ( 'NONE',  ( 6.880224449475322857, 3.999999999999999112, 0.1280693333435959091 ) ) ;
#2114 = ORIENTED_EDGE ( 'NONE', *, *, #5275, .T. ) ;
#2115 = SURFACE_STYLE_USAGE ( .BOTH. , #772 ) ;
#2116 = PLANE ( 'NONE',  #2165 ) ;
#2117 =( GEOMETRIC_REPRESENTATION_CONTEXT ( 3 ) GLOBAL_UNCERTAINTY_ASSIGNED_CONTEXT ( ( #726 ) ) GLOBAL_UNIT_ASSIGNED_CONTEXT ( ( #1247, #2566, #1143 ) ) REPRESENTATION_CONTEXT ( 'NONE', 'WORKASPACE' ) );
#2118 = FACE_OUTER_BOUND ( 'NONE', #5431, .T. ) ;
#2119 = DIRECTION ( 'NONE',  ( 1.000000000000000000, 0.000000000000000000, 0.000000000000000000 ) ) ;
#2120 = CARTESIAN_POINT ( 'NONE',  ( 6.777624481542583013, 3.998999999999994781, 0.7612023793286796236 ) ) ;
#2121 =( GEOMETRIC_REPRESENTATION_CONTEXT ( 3 ) GLOBAL_UNCERTAINTY_ASSIGNED_CONTEXT ( ( #5145 ) ) GLOBAL_UNIT_ASSIGNED_CONTEXT ( ( #1054, #634, #3259 ) ) REPRESENTATION_CONTEXT ( 'NONE', 'WORKASPACE' ) );
#2122 = ORIENTED_EDGE ( 'NONE', *, *, #2206, .F. ) ;
#2123 = ORIENTED_EDGE ( 'NONE', *, *, #4431, .F. ) ;
#2124 = EDGE_LOOP ( 'NONE', ( #1430, #5137, #1339, #4309 ) ) ;
#2125 =( LENGTH_UNIT ( ) NAMED_UNIT ( * ) SI_UNIT ( .MILLI., .METRE. ) );
#2126 = CARTESIAN_POINT ( 'NONE',  ( 7.391493717629252558, 3.999000000000004107, -0.6209158550876395788 ) ) ;
#2127 = SURFACE_STYLE_FILL_AREA ( #2506 ) ;
#2128 = B_SPLINE_CURVE_WITH_KNOTS ( 'NONE', 3,
 ( #1983, #4612, #728, #4041, #1439, #3182, #4180, #4209, #2020, #316, #5509, #343, #1167, #2045, #1702 ),
 .UNSPECIFIED., .F., .F.,
 ( 4, 1, 1, 1, 1, 1, 1, 1, 1, 1, 1, 1, 4 ),
 ( 0.000000000000000000, 0.1055838864195037946, 0.2058681332620120041, 0.3009467177422124884, 0.3930019285950104857, 0.4809485116065860266, 0.5628738662802259540, 0.6414613436333610474, 0.7177416181792259930, 0.7917717603087840450, 0.8627163930302560457, 0.9317768462002760099, 1.000000000000000000 ),
 .UNSPECIFIED. ) ;
#2129 = CARTESIAN_POINT ( 'NONE',  ( 7.567818619811232494, 3.999000000000002331, -0.3250619201482585208 ) ) ;
#2130 = VECTOR ( 'NONE', #4789, 1000.000000000000000 ) ;
#2131 = FILL_AREA_STYLE ('',( #3929 ) ) ;
#2132 = FACE_OUTER_BOUND ( 'NONE', #4737, .T. ) ;
#2133 = CARTESIAN_POINT ( 'NONE',  ( 6.408209692015049086, 4.000000000000002665, -0.3231471989413884360 ) ) ;
#2134 = ORIENTED_EDGE ( 'NONE', *, *, #3357, .T. ) ;
#2135 = CONICAL_SURFACE ( 'NONE', #265, 0.3500000000000000333, 0.7853981633974476129 ) ;
#2136 = EDGE_CURVE ( 'NONE', #1701, #655, #2914, .T. ) ;
#2137 = CARTESIAN_POINT ( 'NONE',  ( 7.000000000000001776, 2.299999999999999822, -2.500000000000003553 ) ) ;
#2138 = CARTESIAN_POINT ( 'NONE',  ( 6.752745695765423939, 3.999999999999995559, 0.5491588639564605190 ) ) ;
#2139 = UNCERTAINTY_MEASURE_WITH_UNIT (LENGTH_MEASURE( 1.000000000000000082E-05 ), #5453, 'distance_accuracy_value', 'NONE');
#2140 = STYLED_ITEM ( 'NONE', ( #4249 ), #559 ) ;
#2141 = EDGE_CURVE ( 'NONE', #200, #902, #3279, .T. ) ;
#2142 = COLOUR_RGB ( '',0.1019607843137254888, 0.1019607843137254888, 0.1019607843137254888 ) ;
#2143 = SURFACE_SIDE_STYLE ('',( #1256 ) ) ;
#2144 = FACE_OUTER_BOUND ( 'NONE', #2611, .T. ) ;
#2145 = CARTESIAN_POINT ( 'NONE',  ( 6.722425654344167611, 3.999999999999994671, 0.7421704633741564860 ) ) ;
#2146 = ORIENTED_EDGE ( 'NONE', *, *, #5384, .F. ) ;
#2147 = AXIS2_PLACEMENT_3D ( 'NONE', #3285, #2910, #2159 ) ;
#2148 =( NAMED_UNIT ( * ) PLANE_ANGLE_UNIT ( ) SI_UNIT ( $, .RADIAN. ) );
#2149 = CARTESIAN_POINT ( 'NONE',  ( 6.733367893141737781, 3.999000000000004995, -0.7172977044709364369 ) ) ;
#2150 = CARTESIAN_POINT ( 'NONE',  ( 6.600647338859063851, 3.998999999999994781, 0.6716770100640285790 ) ) ;
#2151 = DIRECTION ( 'NONE',  ( 4.956352788505160310E-16, 0.000000000000000000, 1.000000000000000000 ) ) ;
#2152 = EDGE_LOOP ( 'NONE', ( #1719 ) ) ;
#2153 =( NAMED_UNIT ( * ) SI_UNIT ( $, .STERADIAN. ) SOLID_ANGLE_UNIT ( ) );
#2154 = CARTESIAN_POINT ( 'NONE',  ( 6.655080423761058128, 3.999000000000001886, -0.1958502146771229913 ) ) ;
#2155 = CARTESIAN_POINT ( 'NONE',  ( 6.627873436521498185, 3.999000000000002331, -0.3795162313837874279 ) ) ;
#2156 =( NAMED_UNIT ( * ) PLANE_ANGLE_UNIT ( ) SI_UNIT ( $, .RADIAN. ) );
#2157 =( LENGTH_UNIT ( ) NAMED_UNIT ( * ) SI_UNIT ( .MILLI., .METRE. ) );
#2158 = ORIENTED_EDGE ( 'NONE', *, *, #700, .T. ) ;
#2159 = DIRECTION ( 'NONE',  ( 0.000000000000000000, 0.000000000000000000, 1.000000000000000000 ) ) ;
#2160 = DIRECTION ( 'NONE',  ( -0.000000000000000000, 1.000000000000000000, -0.000000000000000000 ) ) ;
#2161 = SURFACE_STYLE_USAGE ( .BOTH. , #4675 ) ;
#2162 = CARTESIAN_POINT ( 'NONE',  ( -6.607051711467516242, 3.999000000000000110, 0.3970846277694362048 ) ) ;
#2163 = FILL_AREA_STYLE ('',( #1175 ) ) ;
#2164 = ORIENTED_EDGE ( 'NONE', *, *, #1408, .F. ) ;
#2165 = AXIS2_PLACEMENT_3D ( 'NONE', #470, #113, #4398 ) ;
#2166 =( GEOMETRIC_REPRESENTATION_CONTEXT ( 3 ) GLOBAL_UNCERTAINTY_ASSIGNED_CONTEXT ( ( #388 ) ) GLOBAL_UNIT_ASSIGNED_CONTEXT ( ( #5155, #3900, #2219 ) ) REPRESENTATION_CONTEXT ( 'NONE', 'WORKASPACE' ) );
#2167 = FILL_AREA_STYLE ('',( #2829 ) ) ;
#2168 = CARTESIAN_POINT ( 'NONE',  ( 7.255409592261152341, 3.999000000000003219, -0.4756622473984135069 ) ) ;
#2169 = CARTESIAN_POINT ( 'NONE',  ( 7.033605043267143309, 3.999999999999999112, 0.1669456942453230175 ) ) ;
#2170 = EDGE_CURVE ( 'NONE', #1811, #911, #744, .T. ) ;
#2171 = ORIENTED_EDGE ( 'NONE', *, *, #3391, .F. ) ;
#2172 = DIRECTION ( 'NONE',  ( 0.000000000000000000, 1.000000000000000000, -0.000000000000000000 ) ) ;
#2173 = STYLED_ITEM ( 'NONE', ( #1590 ), #1106 ) ;
#2174 = FILL_AREA_STYLE_COLOUR ( '', #3171 ) ;
#2175 = CARTESIAN_POINT ( 'NONE',  ( 7.437599867103043216, 3.998999999999999222, 0.1523210715158944961 ) ) ;
#2176 = PRESENTATION_STYLE_ASSIGNMENT (( #90 ) ) ;
#2177 = ORIENTED_EDGE ( 'NONE', *, *, #2737, .F. ) ;
#2178 = STYLED_ITEM ( 'NONE', ( #3367 ), #2109 ) ;
#2179 = FILL_AREA_STYLE ('',( #1297 ) ) ;
#2180 = FACE_OUTER_BOUND ( 'NONE', #2593, .T. ) ;
#2181 = VERTEX_POINT ( 'NONE', #1549 ) ;
#2182 = CARTESIAN_POINT ( 'NONE',  ( -6.999999999999996447, 0.000000000000000000, 2.198731280726776271E-15 ) ) ;
#2183 = VERTEX_POINT ( 'NONE', #2493 ) ;
#2184 = AXIS2_PLACEMENT_3D ( 'NONE', #3593, #1421, #4449 ) ;
#2185 = CARTESIAN_POINT ( 'NONE',  ( 7.215444903480842775, 4.000000000000005329, -0.7135550079886034958 ) ) ;
#2186 = CARTESIAN_POINT ( 'NONE',  ( 6.679343979098362638, 4.000000000000003553, -0.4725540209085434817 ) ) ;
#2187 = UNCERTAINTY_MEASURE_WITH_UNIT (LENGTH_MEASURE( 1.000000000000000082E-05 ), #3927, 'distance_accuracy_value', 'NONE');
#2188 = FILL_AREA_STYLE ('',( #3794 ) ) ;
#2189 = CARTESIAN_POINT ( 'NONE',  ( -6.607051711467516242, 3.999000000000000110, 0.3970846277694362048 ) ) ;
#2190 = DIRECTION ( 'NONE',  ( 1.835596038252509459E-31, -1.000000000000000000, -2.300720062539715626E-17 ) ) ;
#2191 = CIRCLE ( 'NONE', #666, 0.6141632050454699510 ) ;
#2192 = DIRECTION ( 'NONE',  ( 0.000000000000000000, -1.000000000000000000, -7.205007282611301174E-15 ) ) ;
#2193 = EDGE_LOOP ( 'NONE', ( #2035, #5289, #3744, #2093 ) ) ;
#2194 = LINE ( 'NONE', #954, #4695 ) ;
#2195 = MECHANICAL_DESIGN_GEOMETRIC_PRESENTATION_REPRESENTATION (  '', ( #5552 ), #1914 ) ;
#2196 = CARTESIAN_POINT ( 'NONE',  ( 6.407426870426538024, 4.000000000000002665, -0.3035435330135534682 ) ) ;
#2197 =( NAMED_UNIT ( * ) PLANE_ANGLE_UNIT ( ) SI_UNIT ( $, .RADIAN. ) );
#2198 = FILL_AREA_STYLE_COLOUR ( '', #792 ) ;
#2199 = DIRECTION ( 'NONE',  ( -1.000000000000000000, 0.000000000000000000, 0.000000000000000000 ) ) ;
#2200 = SURFACE_SIDE_STYLE ('',( #2971 ) ) ;
#2201 = CARTESIAN_POINT ( 'NONE',  ( 6.681617806910402635, 3.999999999999994671, 0.7229032307465684815 ) ) ;
#2202 = ORIENTED_EDGE ( 'NONE', *, *, #4897, .F. ) ;
#2203 = SURFACE_STYLE_USAGE ( .BOTH. , #2693 ) ;
#2204 = SURFACE_SIDE_STYLE ('',( #2240 ) ) ;
#2205 = CARTESIAN_POINT ( 'NONE',  ( 6.556723606930353832, 3.999000000000004107, -0.6207250572088444107 ) ) ;
#2206 = EDGE_CURVE ( 'NONE', #282, #3751, #2061, .T. ) ;
#2207 = FILL_AREA_STYLE ('',( #1267 ) ) ;
#2208 = DIRECTION ( 'NONE',  ( 0.000000000000000000, -0.000000000000000000, 1.000000000000000000 ) ) ;
#2209 = CARTESIAN_POINT ( 'NONE',  ( 7.000000000000004441, 4.000000000000000000, 3.499999999999998224 ) ) ;
#2210 = VERTEX_POINT ( 'NONE', #5025 ) ;
#2211 =( LENGTH_UNIT ( ) NAMED_UNIT ( * ) SI_UNIT ( .MILLI., .METRE. ) );
#2212 = ORIENTED_EDGE ( 'NONE', *, *, #3750, .T. ) ;
#2213 = CARTESIAN_POINT ( 'NONE',  ( -0.8378679656440408685, -0.4121320343559632393, 1.999999999999998224 ) ) ;
#2214 = EDGE_CURVE ( 'NONE', #2366, #3177, #4601, .T. ) ;
#2215 = DIRECTION ( 'NONE',  ( -1.000000000000000000, -0.000000000000000000, -0.000000000000000000 ) ) ;
#2216 = PRESENTATION_LAYER_ASSIGNMENT (  '', '', ( #4672 ) ) ;
#2217 = UNCERTAINTY_MEASURE_WITH_UNIT (LENGTH_MEASURE( 1.000000000000000082E-05 ), #5563, 'distance_accuracy_value', 'NONE');
#2218 = CIRCLE ( 'NONE', #1773, 2.500000000000000888 ) ;
#2219 =( NAMED_UNIT ( * ) SI_UNIT ( $, .STERADIAN. ) SOLID_ANGLE_UNIT ( ) );
#2220 = FILL_AREA_STYLE_COLOUR ( '', #4821 ) ;
#2221 = EDGE_LOOP ( 'NONE', ( #2046, #3924, #3098, #688, #4532, #2953, #5027, #2649, #3342, #1575 ) ) ;
#2222 = VERTEX_POINT ( 'NONE', #988 ) ;
#2223 = VECTOR ( 'NONE', #1862, 1000.000000000000000 ) ;
#2224 = MECHANICAL_DESIGN_GEOMETRIC_PRESENTATION_REPRESENTATION (  '', ( #4219 ), #3043 ) ;
#2225 = CARTESIAN_POINT ( 'NONE',  ( 6.407576301211033609, 4.000000000000001776, -0.2937207195599104148 ) ) ;
#2226 = CARTESIAN_POINT ( 'NONE',  ( 6.605700443073193817, 4.000000000000000000, 0.02773969041767361532 ) ) ;
#2227 =( GEOMETRIC_REPRESENTATION_CONTEXT ( 3 ) GLOBAL_UNCERTAINTY_ASSIGNED_CONTEXT ( ( #3730 ) ) GLOBAL_UNIT_ASSIGNED_CONTEXT ( ( #3565, #3163, #132 ) ) REPRESENTATION_CONTEXT ( 'NONE', 'WORKASPACE' ) );
#2228 = CARTESIAN_POINT ( 'NONE',  ( 7.000000000000001776, 1.000000000000000000, -1.301042606982604138E-15 ) ) ;
#2229 = PRESENTATION_LAYER_ASSIGNMENT (  '', '', ( #3687 ) ) ;
#2230 = COLOUR_RGB ( '',0.8980392156862745390, 0.8980392156862745390, 0.8980392156862745390 ) ;
#2231 = CARTESIAN_POINT ( 'NONE',  ( -6.607051711467516242, 3.999000000000000110, -0.7222062376151787699 ) ) ;
#2232 = AXIS2_PLACEMENT_3D ( 'NONE', #289, #1894, #3614 ) ;
#2233 = STYLED_ITEM ( 'NONE', ( #5278 ), #374 ) ;
#2234 = CARTESIAN_POINT ( 'NONE',  ( 7.124787461752032591, 3.999000000000004107, -0.5500548952347914522 ) ) ;
#2235 = EDGE_LOOP ( 'NONE', ( #5036, #2716, #4436, #187 ) ) ;
#2236 = FACE_OUTER_BOUND ( 'NONE', #835, .T. ) ;
#2237 = CARTESIAN_POINT ( 'NONE',  ( 6.961513408888073684, 3.999000000000004107, -0.5754786291674005572 ) ) ;
#2238 = VECTOR ( 'NONE', #685, 1000.000000000000000 ) ;
#2239 = MECHANICAL_DESIGN_GEOMETRIC_PRESENTATION_REPRESENTATION (  '', ( #2054 ), #1778 ) ;
#2240 = SURFACE_STYLE_FILL_AREA ( #829 ) ;
#2241 = CARTESIAN_POINT ( 'NONE',  ( 7.310658641823142290, 3.998999999999997446, 0.4155501411646220222 ) ) ;
#2242 = SURFACE_SIDE_STYLE ('',( #4375 ) ) ;
#2243 = VECTOR ( 'NONE', #3024, 1000.000000000000000 ) ;
#2244 = CARTESIAN_POINT ( 'NONE',  ( 6.756011783798418158, 3.998999999999999222, 0.09221124517686239697 ) ) ;
#2245 = CARTESIAN_POINT ( 'NONE',  ( 6.555929896693292847, 3.999999999999995559, 0.6293171949763775030 ) ) ;
#2246 = ORIENTED_EDGE ( 'NONE', *, *, #3669, .T. ) ;
#2247 =( LENGTH_UNIT ( ) NAMED_UNIT ( * ) SI_UNIT ( .MILLI., .METRE. ) );
#2248 = ORIENTED_EDGE ( 'NONE', *, *, #4198, .T. ) ;
#2249 = ORIENTED_EDGE ( 'NONE', *, *, #3680, .F. ) ;
#2250 = CARTESIAN_POINT ( 'NONE',  ( 7.135623617799073948, 3.999000000000004995, -0.7334456578982103681 ) ) ;
#2251 = PLANE ( 'NONE',  #3175 ) ;
#2252 = DIRECTION ( 'NONE',  ( 1.835596038252509459E-31, -1.000000000000000000, -2.300720062539715626E-17 ) ) ;
#2253 = PRESENTATION_STYLE_ASSIGNMENT (( #2705 ) ) ;
#2254 = ORIENTED_EDGE ( 'NONE', *, *, #305, .F. ) ;
#2255 = VERTEX_POINT ( 'NONE', #3562 ) ;
#2256 = ADVANCED_FACE ( 'NONE', ( #5554 ), #2644, .F. ) ;
#2257 = CARTESIAN_POINT ( 'NONE',  ( 7.265750513782212927, 3.998999999999998334, 0.2693432276409449266 ) ) ;
#2258 = SURFACE_STYLE_FILL_AREA ( #4422 ) ;
#2259 = CARTESIAN_POINT ( 'NONE',  ( 1.250000000000002887, -1.750000000000000000, 3.320185607373301268E-16 ) ) ;
#2260 =( NAMED_UNIT ( * ) PLANE_ANGLE_UNIT ( ) SI_UNIT ( $, .RADIAN. ) );
#2261 = DIRECTION ( 'NONE',  ( 0.000000000000000000, -1.000000000000000000, 0.000000000000000000 ) ) ;
#2262 =( GEOMETRIC_REPRESENTATION_CONTEXT ( 3 ) GLOBAL_UNCERTAINTY_ASSIGNED_CONTEXT ( ( #3450 ) ) GLOBAL_UNIT_ASSIGNED_CONTEXT ( ( #3346, #4607, #5082 ) ) REPRESENTATION_CONTEXT ( 'NONE', 'WORKASPACE' ) );
#2263 = SURFACE_SIDE_STYLE ('',( #2293 ) ) ;
#2264 = DIRECTION ( 'NONE',  ( -4.956352788505163268E-16, 0.000000000000000000, -1.000000000000000000 ) ) ;
#2265 = ORIENTED_EDGE ( 'NONE', *, *, #4856, .T. ) ;
#2266 = CARTESIAN_POINT ( 'NONE',  ( -6.395513249929057231, 3.999000000000000110, -0.7222062376151787699 ) ) ;
#2267 = SURFACE_STYLE_FILL_AREA ( #3485 ) ;
#2268 =( GEOMETRIC_REPRESENTATION_CONTEXT ( 3 ) GLOBAL_UNCERTAINTY_ASSIGNED_CONTEXT ( ( #5559 ) ) GLOBAL_UNIT_ASSIGNED_CONTEXT ( ( #4132, #704, #4641 ) ) REPRESENTATION_CONTEXT ( 'NONE', 'WORKASPACE' ) );
#2269 = SURFACE_SIDE_STYLE ('',( #2744 ) ) ;
#2270 = CARTESIAN_POINT ( 'NONE',  ( 7.509893757778953294, 3.998999999999998334, 0.2812868288535455008 ) ) ;
#2271 = CARTESIAN_POINT ( 'NONE',  ( 7.381239383569413448, 3.999999999999994671, 0.6769730344216483564 ) ) ;
#2272 = PRESENTATION_LAYER_ASSIGNMENT (  '', '', ( #825 ) ) ;
#2273 = STYLED_ITEM ( 'NONE', ( #3983 ), #1012 ) ;
#2274 = FACE_OUTER_BOUND ( 'NONE', #947, .T. ) ;
#2275 = ORIENTED_EDGE ( 'NONE', *, *, #235, .F. ) ;
#2276 = CYLINDRICAL_SURFACE ( 'NONE', #3512, 0.3999999999999999667 ) ;
#2277 = CARTESIAN_POINT ( 'NONE',  ( 7.580503793503464038, 4.000000000000001776, -0.2100940137827840559 ) ) ;
#2278 = FILL_AREA_STYLE ('',( #4382 ) ) ;
#2279 = UNCERTAINTY_MEASURE_WITH_UNIT (LENGTH_MEASURE( 1.000000000000000082E-05 ), #537, 'distance_accuracy_value', 'NONE');
#2280 = CARTESIAN_POINT ( 'NONE',  ( 7.277435565302813991, 3.999000000000000110, 0.04311165155734517085 ) ) ;
#2281 = CARTESIAN_POINT ( 'NONE',  ( 7.298830698422623442, 3.999999999999997335, 0.3194317071092104832 ) ) ;
#2282 = VERTEX_POINT ( 'NONE', #518 ) ;
#2283 = DIRECTION ( 'NONE',  ( -1.835596038252509459E-31, 1.000000000000000000, 2.300720062539715626E-17 ) ) ;
#2284 = DIRECTION ( 'NONE',  ( 0.000000000000000000, 1.000000000000000000, 7.205007282611301174E-15 ) ) ;
#2285 = CARTESIAN_POINT ( 'NONE',  ( 7.069860859017133237, 4.000000000000000000, -0.02657362443997101156 ) ) ;
#2286 = CARTESIAN_POINT ( 'NONE',  ( 6.635689227024712977, 3.999000000000000110, 0.04440391425230461042 ) ) ;
#2287 = EDGE_CURVE ( 'NONE', #5322, #5322, #2376, .T. ) ;
#2288 = DIRECTION ( 'NONE',  ( -1.665334536937733825E-16, -2.300720062539084537E-17, 1.000000000000000000 ) ) ;
#2289 = DIRECTION ( 'NONE',  ( 0.000000000000000000, 0.000000000000000000, 1.000000000000000000 ) ) ;
#2290 =( GEOMETRIC_REPRESENTATION_CONTEXT ( 3 ) GLOBAL_UNCERTAINTY_ASSIGNED_CONTEXT ( ( #2217 ) ) GLOBAL_UNIT_ASSIGNED_CONTEXT ( ( #5563, #2475, #4207 ) ) REPRESENTATION_CONTEXT ( 'NONE', 'WORKASPACE' ) );
#2291 = ADVANCED_FACE ( 'NONE', ( #1290 ), #7, .T. ) ;
#2292 = EDGE_CURVE ( 'NONE', #414, #655, #717, .T. ) ;
#2293 = SURFACE_STYLE_FILL_AREA ( #3540 ) ;
#2294 =( GEOMETRIC_REPRESENTATION_CONTEXT ( 3 ) GLOBAL_UNCERTAINTY_ASSIGNED_CONTEXT ( ( #2727 ) ) GLOBAL_UNIT_ASSIGNED_CONTEXT ( ( #1543, #1938, #654 ) ) REPRESENTATION_CONTEXT ( 'NONE', 'WORKASPACE' ) );
#2295 = ORIENTED_EDGE ( 'NONE', *, *, #4758, .F. ) ;
#2296 = CARTESIAN_POINT ( 'NONE',  ( -0.6257359312880754754, -0.5000000000000000000, 1.999999999999998224 ) ) ;
#2297 = LINE ( 'NONE', #3657, #1134 ) ;
#2298 = DIRECTION ( 'NONE',  ( 1.835596038252509459E-31, -1.000000000000000000, -2.300720062539715626E-17 ) ) ;
#2299 = CARTESIAN_POINT ( 'NONE',  ( 7.380945729949022649, 4.000000000000004441, -0.6299715531586824735 ) ) ;
#2300 = ORIENTED_EDGE ( 'NONE', *, *, #2701, .F. ) ;
#2301 = CARTESIAN_POINT ( 'NONE',  ( 7.136466865091333212, 3.999999999999995559, 0.6009482306273384866 ) ) ;
#2302 = PRESENTATION_STYLE_ASSIGNMENT (( #585 ) ) ;
#2303 = DIRECTION ( 'NONE',  ( 1.835596038252509459E-31, -1.000000000000000000, -2.300720062539715626E-17 ) ) ;
#2304 =( LENGTH_UNIT ( ) NAMED_UNIT ( * ) SI_UNIT ( .MILLI., .METRE. ) );
#2305 = DIRECTION ( 'NONE',  ( 0.7682212795973735187, 0.000000000000000000, -0.6401843996644828172 ) ) ;
#2306 = CARTESIAN_POINT ( 'NONE',  ( 6.678776834994687661, 4.000000000000005329, -0.6958795463181784990 ) ) ;
#2307 = VERTEX_POINT ( 'NONE', #4906 ) ;
#2308 = CARTESIAN_POINT ( 'NONE',  ( -6.999999999999996447, 3.999999999999989786, 1.400000000000030997 ) ) ;
#2309 = COLOUR_RGB ( '',0.8980392156862745390, 0.8980392156862745390, 0.8980392156862745390 ) ;
#2310 = CARTESIAN_POINT ( 'NONE',  ( 6.626911968838003375, 4.000000000000001776, -0.2508700140854904781 ) ) ;
#2311 = SURFACE_SIDE_STYLE ('',( #5408 ) ) ;
#2312 = FILL_AREA_STYLE_COLOUR ( '', #2675 ) ;
#2313 = SURFACE_STYLE_USAGE ( .BOTH. , #4957 ) ;
#2314 = VECTOR ( 'NONE', #5054, 1000.000000000000000 ) ;
#2315 = CARTESIAN_POINT ( 'NONE',  ( -1.249999999999997335, 0.000000000000000000, 2.276824562219559311E-15 ) ) ;
#2316 = AXIS2_PLACEMENT_3D ( 'NONE', #3303, #1145, #2875 ) ;
#2317 = ADVANCED_FACE ( 'NONE', ( #5303 ), #964, .T. ) ;
#2318 = COLOUR_RGB ( '',0.9529411764705881804, 0.7960784313725489669, 0.4862745098039215619 ) ;
#2319 = SURFACE_STYLE_USAGE ( .BOTH. , #3685 ) ;
#2320 = VECTOR ( 'NONE', #4291, 1000.000000000000000 ) ;
#2321 = ORIENTED_EDGE ( 'NONE', *, *, #1266, .F. ) ;
#2322 = DIRECTION ( 'NONE',  ( 0.000000000000000000, -1.000000000000000000, 0.000000000000000000 ) ) ;
#2323 = ADVANCED_FACE ( 'NONE', ( #3111, #2740 ), #1021, .T. ) ;
#2324 = AXIS2_PLACEMENT_3D ( 'NONE', #2663, #1806, #4433 ) ;
#2325 = PRESENTATION_LAYER_ASSIGNMENT (  '', '', ( #4880 ) ) ;
#2326 = AXIS2_PLACEMENT_3D ( 'NONE', #710, #818, #353 ) ;
#2327 = CARTESIAN_POINT ( 'NONE',  ( 7.313541299770183635, 3.999000000000002331, -0.4056823978151425369 ) ) ;
#2328 = DIRECTION ( 'NONE',  ( 1.835596038252509459E-31, -1.000000000000000000, -2.300720062539715626E-17 ) ) ;
#2329 = SURFACE_SIDE_STYLE ('',( #500 ) ) ;
#2330 = ORIENTED_EDGE ( 'NONE', *, *, #2658, .F. ) ;
#2331 = SURFACE_SIDE_STYLE ('',( #610 ) ) ;
#2332 = MECHANICAL_DESIGN_GEOMETRIC_PRESENTATION_REPRESENTATION (  '', ( #2513 ), #3063 ) ;
#2333 = CARTESIAN_POINT ( 'NONE',  ( 7.580503793503464038, 3.999000000000001886, -0.2100940137827840559 ) ) ;
#2334 = SURFACE_STYLE_USAGE ( .BOTH. , #1526 ) ;
#2335 = UNCERTAINTY_MEASURE_WITH_UNIT (LENGTH_MEASURE( 1.000000000000000082E-05 ), #2157, 'distance_accuracy_value', 'NONE');
#2336 =( LENGTH_UNIT ( ) NAMED_UNIT ( * ) SI_UNIT ( .MILLI., .METRE. ) );
#2337 = DIRECTION ( 'NONE',  ( 0.000000000000000000, -1.000000000000000000, 0.000000000000000000 ) ) ;
#2338 = EDGE_LOOP ( 'NONE', ( #1048 ) ) ;
#2339 = VERTEX_POINT ( 'NONE', #3269 ) ;
#2340 = PRESENTATION_LAYER_ASSIGNMENT (  '', '', ( #4879 ) ) ;
#2341 = CARTESIAN_POINT ( 'NONE',  ( 6.739578658345802609, 3.999000000000000998, -0.1283535378558725015 ) ) ;
#2342 = CARTESIAN_POINT ( 'NONE',  ( 6.407426870426538024, 3.999000000000002331, -0.3035435330135534682 ) ) ;
#2343 = CARTESIAN_POINT ( 'NONE',  ( -7.549359403775211419, 3.999000000000000110, -0.7222062376151787699 ) ) ;
#2344 =( NAMED_UNIT ( * ) PLANE_ANGLE_UNIT ( ) SI_UNIT ( $, .RADIAN. ) );
#2345 =( NAMED_UNIT ( * ) SI_UNIT ( $, .STERADIAN. ) SOLID_ANGLE_UNIT ( ) );
#2346 = DIRECTION ( 'NONE',  ( 0.000000000000000000, 1.000000000000000000, -0.000000000000000000 ) ) ;
#2347 = EDGE_LOOP ( 'NONE', ( #2748 ) ) ;
#2348 = CARTESIAN_POINT ( 'NONE',  ( -6.999999999999996447, 3.000000000000000000, 2.198731280726776271E-15 ) ) ;
#2349 = DIRECTION ( 'NONE',  ( -0.000000000000000000, 1.000000000000000000, -0.000000000000000000 ) ) ;
#2350 = CARTESIAN_POINT ( 'NONE',  ( 7.424329242767362835, 3.999999999999995559, 0.6366416849614164875 ) ) ;
#2351 = ADVANCED_FACE ( 'NONE', ( #2688 ), #652, .T. ) ;
#2352 = CARTESIAN_POINT ( 'NONE',  ( 6.825389358743928270, 3.998999999999995669, 0.5907040345448836272 ) ) ;
#2353 = ORIENTED_EDGE ( 'NONE', *, *, #1891, .T. ) ;
#2354 = CARTESIAN_POINT ( 'NONE',  ( 7.191797434842913006, 3.998999999999995669, 0.5807084193647205073 ) ) ;
#2355 = FACE_OUTER_BOUND ( 'NONE', #4613, .T. ) ;
#2356 = CARTESIAN_POINT ( 'NONE',  ( 7.434290014896853371, 3.999000000000004107, -0.5824724284058916401 ) ) ;
#2357 = CARTESIAN_POINT ( 'NONE',  ( -6.999999999999996447, -5.762094367022884873E-29, 2.279256934234357680E-15 ) ) ;
#2358 = PRESENTATION_LAYER_ASSIGNMENT (  '', '', ( #1095 ) ) ;
#2359 = VECTOR ( 'NONE', #2816, 1000.000000000000000 ) ;
#2360 = EDGE_CURVE ( 'NONE', #2732, #2732, #1547, .T. ) ;
#2361 = LINE ( 'NONE', #670, #4629 ) ;
#2362 = ADVANCED_FACE ( 'NONE', ( #2400 ), #4712, .T. ) ;
#2363 = CARTESIAN_POINT ( 'NONE',  ( 7.151913475151203237, 3.999000000000000110, -0.002565190661762552921 ) ) ;
#2364 = FILL_AREA_STYLE ('',( #641 ) ) ;
#2365 = LINE ( 'NONE', #5457, #3139 ) ;
#2366 = VERTEX_POINT ( 'NONE', #4743 ) ;
#2367 = VERTEX_POINT ( 'NONE', #4533 ) ;
#2368 = COLOUR_RGB ( '',0.9529411764705881804, 0.7960784313725489669, 0.4862745098039215619 ) ;
#2369 = DIRECTION ( 'NONE',  ( 4.336808689942016750E-16, 0.000000000000000000, 1.000000000000000000 ) ) ;
#2370 = PRESENTATION_STYLE_ASSIGNMENT (( #622 ) ) ;
#2371 = SURFACE_STYLE_USAGE ( .BOTH. , #705 ) ;
#2372 = MECHANICAL_DESIGN_GEOMETRIC_PRESENTATION_REPRESENTATION (  '', ( #339 ), #2998 ) ;
#2373 = CARTESIAN_POINT ( 'NONE',  ( 7.311273024272693100, 3.998999999999997446, 0.3929708900633694935 ) ) ;
#2374 = STYLED_ITEM ( 'NONE', ( #3166 ), #3809 ) ;
#2375 = DIRECTION ( 'NONE',  ( 0.000000000000000000, 1.000000000000000000, -0.000000000000000000 ) ) ;
#2376 = CIRCLE ( 'NONE', #2912, 1.500000000000000000 ) ;
#2377 =( LENGTH_UNIT ( ) NAMED_UNIT ( * ) SI_UNIT ( .MILLI., .METRE. ) );
#2378 = DIRECTION ( 'NONE',  ( 0.000000000000000000, 0.000000000000000000, -1.000000000000000000 ) ) ;
#2379 = ORIENTED_EDGE ( 'NONE', *, *, #471, .T. ) ;
#2380 = FILL_AREA_STYLE ('',( #3366 ) ) ;
#2381 = AXIS2_PLACEMENT_3D ( 'NONE', #1074, #3310, #4966 ) ;
#2382 = CARTESIAN_POINT ( 'NONE',  ( 7.002078312734233201, 3.999999999999994227, 0.7899059862172155277 ) ) ;
#2383 = LINE ( 'NONE', #5469, #3038 ) ;
#2384 = ORIENTED_EDGE ( 'NONE', *, *, #3391, .T. ) ;
#2385 = EDGE_CURVE ( 'NONE', #593, #593, #4917, .T. ) ;
#2386 = CARTESIAN_POINT ( 'NONE',  ( 7.558562385030973552, 3.999000000000002331, -0.3613172733875325005 ) ) ;
#2387 = SURFACE_STYLE_USAGE ( .BOTH. , #669 ) ;
#2388 = DIRECTION ( 'NONE',  ( 1.000000000000000000, 0.000000000000000000, 0.000000000000000000 ) ) ;
#2389 = SURFACE_STYLE_USAGE ( .BOTH. , #260 ) ;
#2390 = CARTESIAN_POINT ( 'NONE',  ( -1.249999999999999778, 0.000000000000000000, 1.999999999999998224 ) ) ;
#2391 = ORIENTED_EDGE ( 'NONE', *, *, #1884, .F. ) ;
#2392 = VERTEX_POINT ( 'NONE', #2812 ) ;
#2393 = ADVANCED_FACE ( 'NONE', ( #2635, #3093, #1779, #4371, #1697, #4342, #445 ), #1351, .F. ) ;
#2394 = CARTESIAN_POINT ( 'NONE',  ( 7.368965331965003251, 3.999000000000001886, -0.2100940137827840282 ) ) ;
#2395 = FACE_OUTER_BOUND ( 'NONE', #2542, .T. ) ;
#2396 = FACE_BOUND ( 'NONE', #3524, .T. ) ;
#2397 = CARTESIAN_POINT ( 'NONE',  ( 7.442818440252432666, 3.998999999999995669, 0.6140597449458113921 ) ) ;
#2398 = FILL_AREA_STYLE ('',( #4929 ) ) ;
#2399 = FACE_OUTER_BOUND ( 'NONE', #315, .T. ) ;
#2400 = FACE_OUTER_BOUND ( 'NONE', #2442, .T. ) ;
#2401 =( GEOMETRIC_REPRESENTATION_CONTEXT ( 3 ) GLOBAL_UNCERTAINTY_ASSIGNED_CONTEXT ( ( #4233 ) ) GLOBAL_UNIT_ASSIGNED_CONTEXT ( ( #3403, #4345, #5562 ) ) REPRESENTATION_CONTEXT ( 'NONE', 'WORKASPACE' ) );
#2402 = DIRECTION ( 'NONE',  ( 5.102127870520019010E-16, 0.000000000000000000, 1.000000000000000000 ) ) ;
#2403 = VECTOR ( 'NONE', #991, 1000.000000000000000 ) ;
#2404 = VERTEX_POINT ( 'NONE', #3006 ) ;
#2405 = CARTESIAN_POINT ( 'NONE',  ( 6.407871320485583055, 3.999000000000001886, -0.2743276653845554414 ) ) ;
#2406 = AXIS2_PLACEMENT_3D ( 'NONE', #2228, #544, #1824 ) ;
#2407 = SURFACE_STYLE_FILL_AREA ( #4143 ) ;
#2408 =( GEOMETRIC_REPRESENTATION_CONTEXT ( 3 ) GLOBAL_UNCERTAINTY_ASSIGNED_CONTEXT ( ( #1560 ) ) GLOBAL_UNIT_ASSIGNED_CONTEXT ( ( #1120, #1534, #5379 ) ) REPRESENTATION_CONTEXT ( 'NONE', 'WORKASPACE' ) );
#2409 = CARTESIAN_POINT ( 'NONE',  ( -7.337820942236751520, 3.999000000000000110, -0.3414971029997947438 ) ) ;
#2410 = ADVANCED_FACE ( 'NONE', ( #860, #2118 ), #3368, .T. ) ;
#2411 = ORIENTED_EDGE ( 'NONE', *, *, #3964, .T. ) ;
#2412 = CARTESIAN_POINT ( 'NONE',  ( 7.282163878410643498, 3.999999999999996447, 0.4986220373217514767 ) ) ;
#2413 = FILL_AREA_STYLE_COLOUR ( '', #1268 ) ;
#2414 = STYLED_ITEM ( 'NONE', ( #3298 ), #4839 ) ;
#2415 = FACE_OUTER_BOUND ( 'NONE', #3067, .T. ) ;
#2416 =( NAMED_UNIT ( * ) PLANE_ANGLE_UNIT ( ) SI_UNIT ( $, .RADIAN. ) );
#2417 =( NAMED_UNIT ( * ) PLANE_ANGLE_UNIT ( ) SI_UNIT ( $, .RADIAN. ) );
#2418 = COLOUR_RGB ( '',0.8980392156862745390, 0.8980392156862745390, 0.8980392156862745390 ) ;
#2419 = CIRCLE ( 'NONE', #4142, 1.499999999999999556 ) ;
#2420 = CARTESIAN_POINT ( 'NONE',  ( 7.000000000000003553, 2.299999999999999822, 2.499999999999998224 ) ) ;
#2421 = ORIENTED_EDGE ( 'NONE', *, *, #4264, .T. ) ;
#2422 = VERTEX_POINT ( 'NONE', #263 ) ;
#2423 = CARTESIAN_POINT ( 'NONE',  ( 6.655080423761058128, 3.999000000000001886, -0.1958502146771229913 ) ) ;
#2424 = CARTESIAN_POINT ( 'NONE',  ( 6.507149509629688744, 4.000000000000000000, -0.04801150445969547265 ) ) ;
#2425 = UNCERTAINTY_MEASURE_WITH_UNIT (LENGTH_MEASURE( 1.000000000000000082E-05 ), #2575, 'distance_accuracy_value', 'NONE');
#2426 = CARTESIAN_POINT ( 'NONE',  ( 7.520677587691593224, 3.998999999999996557, 0.4347325564932900122 ) ) ;
#2427 = DIRECTION ( 'NONE',  ( 1.816089262065938475E-31, -1.000000000000000000, -1.129377263005786376E-17 ) ) ;
#2428 = EDGE_CURVE ( 'NONE', #5459, #5459, #2191, .T. ) ;
#2429 = CIRCLE ( 'NONE', #3150, 0.5000000000000000000 ) ;
#2430 =( NAMED_UNIT ( * ) PLANE_ANGLE_UNIT ( ) SI_UNIT ( $, .RADIAN. ) );
#2431 = CARTESIAN_POINT ( 'NONE',  ( 7.000000000000003553, 1.000000000000000000, 1.749999999999997335 ) ) ;
#2432 = ORIENTED_EDGE ( 'NONE', *, *, #5094, .T. ) ;
#2433 = CARTESIAN_POINT ( 'NONE',  ( -1.089953900083879823, 3.000000000000000000, 2.992055319899342702 ) ) ;
#2434 = CARTESIAN_POINT ( 'NONE',  ( 7.311273024272693100, 3.999999999999997335, 0.3929708900633694935 ) ) ;
#2435 = CARTESIAN_POINT ( 'NONE',  ( 6.677071747364042409, 3.998999999999996557, 0.4380384678591070502 ) ) ;
#2436 = EDGE_LOOP ( 'NONE', ( #2330 ) ) ;
#2437 = DIRECTION ( 'NONE',  ( 0.000000000000000000, 0.000000000000000000, 1.000000000000000000 ) ) ;
#2438 = SURFACE_SIDE_STYLE ('',( #1613 ) ) ;
#2439 = CARTESIAN_POINT ( 'NONE',  ( 6.409763853056003491, 4.000000000000002665, -0.3620669915125784843 ) ) ;
#2440 = CARTESIAN_POINT ( 'NONE',  ( 7.313541299770183635, 3.999000000000002331, -0.4056823978151425369 ) ) ;
#2441 = DIRECTION ( 'NONE',  ( 0.000000000000000000, -1.000000000000000000, 0.000000000000000000 ) ) ;
#2442 = EDGE_LOOP ( 'NONE', ( #4622, #3655, #216, #3014 ) ) ;
#2443 = SURFACE_STYLE_USAGE ( .BOTH. , #2926 ) ;
#2444 = ORIENTED_EDGE ( 'NONE', *, *, #2948, .T. ) ;
#2445 = CARTESIAN_POINT ( 'NONE',  ( 3.750000000000003109, -0.1000000000000000056, 0.4000000000000004108 ) ) ;
#2446 = ORIENTED_EDGE ( 'NONE', *, *, #471, .F. ) ;
#2447 = AXIS2_PLACEMENT_3D ( 'NONE', #3886, #110, #883 ) ;
#2448 = CARTESIAN_POINT ( 'NONE',  ( 7.000000000000003553, 1.000000000000000000, 1.749999999999997335 ) ) ;
#2449 = CARTESIAN_POINT ( 'NONE',  ( 6.551966942490953905, 4.000000000000000000, -0.007976690110706183626 ) ) ;
#2450 = CARTESIAN_POINT ( 'NONE',  ( 7.522811485811152998, 3.998999999999997446, 0.3791487746787539637 ) ) ;
#2451 = FILL_AREA_STYLE_COLOUR ( '', #497 ) ;
#2452 = AXIS2_PLACEMENT_3D ( 'NONE', #754, #3786, #3296 ) ;
#2453 = EDGE_CURVE ( 'NONE', #2831, #2404, #1150, .T. ) ;
#2454 = CARTESIAN_POINT ( 'NONE',  ( -7.337820942236751520, 3.999000000000000110, 0.7777937623848212301 ) ) ;
#2455 = CARTESIAN_POINT ( 'NONE',  ( 7.349670311448263327, 3.999000000000002331, -0.3172892006577935353 ) ) ;
#2456 =( GEOMETRIC_REPRESENTATION_CONTEXT ( 3 ) GLOBAL_UNCERTAINTY_ASSIGNED_CONTEXT ( ( #295 ) ) GLOBAL_UNIT_ASSIGNED_CONTEXT ( ( #16, #1724, #4773 ) ) REPRESENTATION_CONTEXT ( 'NONE', 'WORKASPACE' ) );
#2457 = FILL_AREA_STYLE ('',( #1937 ) ) ;
#2458 = FILL_AREA_STYLE ('',( #1546 ) ) ;
#2459 = PRESENTATION_LAYER_ASSIGNMENT (  '', '', ( #4644 ) ) ;
#2460 = EDGE_CURVE ( 'NONE', #2022, #2022, #4374, .T. ) ;
#2461 = CARTESIAN_POINT ( 'NONE',  ( -6.999999999999996447, 4.000000000000000000, 2.198731280726776271E-15 ) ) ;
#2462 = SURFACE_STYLE_USAGE ( .BOTH. , #360 ) ;
#2463 =( GEOMETRIC_REPRESENTATION_CONTEXT ( 3 ) GLOBAL_UNCERTAINTY_ASSIGNED_CONTEXT ( ( #157 ) ) GLOBAL_UNIT_ASSIGNED_CONTEXT ( ( #834, #4610, #2639 ) ) REPRESENTATION_CONTEXT ( 'NONE', 'WORKASPACE' ) );
#2464 = B_SPLINE_CURVE_WITH_KNOTS ( 'NONE', 3,
 ( #4252, #1419, #438, #1232, #2710, #855, #162, #3424, #3134, #1821, #2285, #4021, #5132, #415, #793, #5160, #4874, #990, #4305 ),
 .UNSPECIFIED., .F., .F.,
 ( 4, 1, 1, 1, 1, 1, 1, 1, 1, 1, 1, 1, 1, 1, 1, 1, 4 ),
 ( 0.000000000000000000, 0.03120011115393675136, 0.07048671901620030822, 0.1172148300204120114, 0.1715755269954915008, 0.2341219784876090171, 0.3039626396728059565, 0.3821556401561975180, 0.4676462220680259740, 0.5543353814021599879, 0.6350744656665049392, 0.7100366878785240310, 0.7790924037748320208, 0.8429656453505109948, 0.9010012068505279803, 0.9532462564590260534, 1.000000000000000000 ),
 .UNSPECIFIED. ) ;
#2465 = CARTESIAN_POINT ( 'NONE',  ( 6.658770954638502104, 3.998999999999997446, 0.3583392297050070341 ) ) ;
#2466 = ORIENTED_EDGE ( 'NONE', *, *, #2103, .F. ) ;
#2467 = SURFACE_STYLE_USAGE ( .BOTH. , #1130 ) ;
#2468 = DIRECTION ( 'NONE',  ( 5.102127870520019010E-16, 0.000000000000000000, 1.000000000000000000 ) ) ;
#2469 = B_SPLINE_SURFACE_WITH_KNOTS ( 'NONE', 3, 1, ( 
 ( #428, #3763 ),
 ( #3527, #4865 ),
 ( #555, #1336 ),
 ( #3556, #1762 ),
 ( #505, #3498 ),
 ( #3471, #1733 ),
 ( #3046, #5236 ),
 ( #48, #4783 ),
 ( #3897, #2186 ),
 ( #950, #5179 ),
 ( #982, #454 ),
 ( #2155, #3079 ),
 ( #2615, #5203 ),
 ( #4804, #922 ),
 ( #1303, #898 ) ),
 .UNSPECIFIED., .F., .F., .F.,
 ( 4, 1, 1, 1, 1, 1, 1, 1, 1, 1, 1, 1, 4 ),
 ( 2, 2 ),
 ( 0.000000000000000000, 0.1055838864195037946, 0.2058681332620120041, 0.3009467177422124884, 0.3930019285950104857, 0.4809485116065860266, 0.5628738662802259540, 0.6414613436333610474, 0.7177416181792259930, 0.7917717603087840450, 0.8627163930302560457, 0.9317768462002760099, 1.000000000000000000 ),
 ( 0.000000000000000000, 1.000000000000000000 ),
 .UNSPECIFIED. ) ;
#2470 = VECTOR ( 'NONE', #3654, 1000.000000000000000 ) ;
#2471 = CARTESIAN_POINT ( 'NONE',  ( -7.549359403775211419, 3.999000000000000110, -0.7222062376151787699 ) ) ;
#2472 = PRESENTATION_STYLE_ASSIGNMENT (( #3784 ) ) ;
#2473 = CARTESIAN_POINT ( 'NONE',  ( 7.319011615191643116, 3.999999999999999112, 0.06446747053238026381 ) ) ;
#2474 =( NAMED_UNIT ( * ) SI_UNIT ( $, .STERADIAN. ) SOLID_ANGLE_UNIT ( ) );
#2475 =( NAMED_UNIT ( * ) PLANE_ANGLE_UNIT ( ) SI_UNIT ( $, .RADIAN. ) );
#2476 = UNCERTAINTY_MEASURE_WITH_UNIT (LENGTH_MEASURE( 1.000000000000000082E-05 ), #332, 'distance_accuracy_value', 'NONE');
#2477 = AXIS2_PLACEMENT_3D ( 'NONE', #1317, #1745, #1254 ) ;
#2478 = ORIENTED_EDGE ( 'NONE', *, *, #878, .T. ) ;
#2479 = CARTESIAN_POINT ( 'NONE',  ( 3.750000000000003109, 2.494438317560252532E-31, 3.722819561778043863E-16 ) ) ;
#2480 = ORIENTED_EDGE ( 'NONE', *, *, #4618, .T. ) ;
#2481 = CARTESIAN_POINT ( 'NONE',  ( 7.349670311448263327, 4.000000000000002665, -0.3172892006577935353 ) ) ;
#2482 = B_SPLINE_CURVE_WITH_KNOTS ( 'NONE', 3,
 ( #4626, #2465, #4201, #3778, #2435, #4115, #3749, #5500, #2830, #5450, #4602, #4523, #2352, #281, #1610, #3344, #221, #4144, #3694 ),
 .UNSPECIFIED., .F., .F.,
 ( 4, 1, 1, 1, 1, 1, 1, 1, 1, 1, 1, 1, 1, 1, 1, 1, 4 ),
 ( 0.000000000000000000, 0.06715546744904560272, 0.1314033464826143971, 0.1927317719102094873, 0.2512526591565255041, 0.3077037298841914792, 0.3626989162982000026, 0.4177783327854309725, 0.4723043857981140126, 0.5278725997916960955, 0.5852299868117369908, 0.6450565760102919821, 0.7079523564294419868, 0.7744342720454280293, 0.8449404313752610918, 0.9204035944750280640, 1.000000000000000000 ),
 .UNSPECIFIED. ) ;
#2483 = SURFACE_STYLE_USAGE ( .BOTH. , #811 ) ;
#2484 = CARTESIAN_POINT ( 'NONE',  ( 7.558562385030973552, 3.999000000000002331, -0.3613172733875325005 ) ) ;
#2485 = LINE ( 'NONE', #4188, #3088 ) ;
#2486 = CARTESIAN_POINT ( 'NONE',  ( 7.263508055524003026, 3.999999999999994671, 0.7442601245378565045 ) ) ;
#2487 = FILL_AREA_STYLE ('',( #4296 ) ) ;
#2488 =( NAMED_UNIT ( * ) SI_UNIT ( $, .STERADIAN. ) SOLID_ANGLE_UNIT ( ) );
#2489 = CARTESIAN_POINT ( 'NONE',  ( 7.000000000000003553, 2.299999999999999822, 1.749999999999997335 ) ) ;
#2490 = EDGE_CURVE ( 'NONE', #3842, #292, #2819, .T. ) ;
#2491 = VECTOR ( 'NONE', #783, 1000.000000000000000 ) ;
#2492 =( NAMED_UNIT ( * ) PLANE_ANGLE_UNIT ( ) SI_UNIT ( $, .RADIAN. ) );
#2493 = CARTESIAN_POINT ( 'NONE',  ( 0.6257359312880771407, -0.5000000000000000000, 2.499999999999998668 ) ) ;
#2494 = MECHANICAL_DESIGN_GEOMETRIC_PRESENTATION_REPRESENTATION (  '', ( #272 ), #3584 ) ;
#2495 = CARTESIAN_POINT ( 'NONE',  ( 6.675932629279338393, 3.998999999999999222, 0.06260286900742510763 ) ) ;
#2496 = EDGE_CURVE ( 'NONE', #4982, #4982, #492, .T. ) ;
#2497 = ORIENTED_EDGE ( 'NONE', *, *, #4679, .T. ) ;
#2498 = B_SPLINE_CURVE_WITH_KNOTS ( 'NONE', 3,
 ( #3461, #2695, #3071, #4800, #915, #3947, #1780, #861, #3094, #1380, #1265, #4401, #3975, #4855, #2579, #525, #2241, #3546, #4312 ),
 .UNSPECIFIED., .F., .F.,
 ( 4, 1, 1, 1, 1, 1, 1, 1, 1, 1, 1, 1, 1, 1, 1, 1, 4 ),
 ( 0.000000000000000000, 0.09151103632803719856, 0.1771428603141479985, 0.2571084852282354838, 0.3311983993883854671, 0.4005922945239575039, 0.4656249598049639893, 0.5269734913138600652, 0.5854431157040229650, 0.6413985080863310317, 0.6950441672657240444, 0.7467815514927479414, 0.7969589345766999733, 0.8475448623598800246, 0.8974385414187390220, 0.9476489188871289882, 1.000000000000000000 ),
 .UNSPECIFIED. ) ;
#2499 = AXIS2_PLACEMENT_3D ( 'NONE', #4702, #2935, #817 ) ;
#2500 = DIRECTION ( 'NONE',  ( 0.000000000000000000, 1.000000000000000000, 7.205007282611301174E-15 ) ) ;
#2501 = CARTESIAN_POINT ( 'NONE',  ( 6.816507039710972826, 3.999000000000000998, -0.09768211314043889759 ) ) ;
#2502 = ORIENTED_EDGE ( 'NONE', *, *, #598, .T. ) ;
#2503 = LINE ( 'NONE', #3759, #1865 ) ;
#2504 = EDGE_LOOP ( 'NONE', ( #1107, #1704, #5357, #2895 ) ) ;
#2505 = PLANE ( 'NONE',  #4771 ) ;
#2506 = FILL_AREA_STYLE ('',( #2049 ) ) ;
#2507 = MECHANICAL_DESIGN_GEOMETRIC_PRESENTATION_REPRESENTATION (  '', ( #2140 ), #3228 ) ;
#2508 = CARTESIAN_POINT ( 'NONE',  ( -7.325801711467520683, 3.999000000000000110, -0.7222062376151787699 ) ) ;
#2509 = CARTESIAN_POINT ( 'NONE',  ( 7.381239383569413448, 3.998999999999994781, 0.6769730344216483564 ) ) ;
#2510 = CARTESIAN_POINT ( 'NONE',  ( 7.074160184841323584, 3.999999999999994227, 0.7879508147551644859 ) ) ;
#2511 =( NAMED_UNIT ( * ) SI_UNIT ( $, .STERADIAN. ) SOLID_ANGLE_UNIT ( ) );
#2512 = MECHANICAL_DESIGN_GEOMETRIC_PRESENTATION_REPRESENTATION (  '', ( #4423 ), #3233 ) ;
#2513 = STYLED_ITEM ( 'NONE', ( #877 ), #628 ) ;
#2514 = PRESENTATION_STYLE_ASSIGNMENT (( #5517 ) ) ;
#2515 = CARTESIAN_POINT ( 'NONE',  ( 6.667925546575818707, 3.999999999999997335, 0.4097810780446600742 ) ) ;
#2516 = EDGE_LOOP ( 'NONE', ( #2577 ) ) ;
#2517 = COLOUR_RGB ( '',0.1019607843137254888, 0.1019607843137254888, 0.1019607843137254888 ) ;
#2518 =( LENGTH_UNIT ( ) NAMED_UNIT ( * ) SI_UNIT ( .MILLI., .METRE. ) );
#2519 = B_SPLINE_SURFACE_WITH_KNOTS ( 'NONE', 3, 1, ( 
 ( #3717, #2434 ),
 ( #5053, #1609 ),
 ( #1205, #1656 ),
 ( #4655, #1974 ),
 ( #1104, #4681 ),
 ( #2856, #1157 ),
 ( #333, #3748 ) ),
 .UNSPECIFIED., .F., .F., .F.,
 ( 4, 1, 1, 1, 4 ),
 ( 2, 2 ),
 ( 0.000000000000000000, 0.2627412305282674776, 0.5099565029432320262, 0.7533267184204509581, 1.000000000000000000 ),
 ( 0.000000000000000000, 1.000000000000000000 ),
 .UNSPECIFIED. ) ;
#2520 = FILL_AREA_STYLE_COLOUR ( '', #5018 ) ;
#2521 = CARTESIAN_POINT ( 'NONE',  ( 7.580503793503464038, 3.999000000000001886, -0.2100940137827840559 ) ) ;
#2522 = DIRECTION ( 'NONE',  ( 4.956352788505163268E-16, 0.000000000000000000, 1.000000000000000000 ) ) ;
#2523 = CARTESIAN_POINT ( 'NONE',  ( 6.981966863032343262, 3.999999999999999112, 0.1540050825380150090 ) ) ;
#2524 = EDGE_LOOP ( 'NONE', ( #52, #4888, #5144, #747 ) ) ;
#2525 = SURFACE_STYLE_FILL_AREA ( #12 ) ;
#2526 = SURFACE_STYLE_USAGE ( .BOTH. , #2438 ) ;
#2527 = ADVANCED_FACE ( 'NONE', ( #4593 ), #5072, .T. ) ;
#2528 =( NAMED_UNIT ( * ) SI_UNIT ( $, .STERADIAN. ) SOLID_ANGLE_UNIT ( ) );
#2529 = EDGE_LOOP ( 'NONE', ( #4517, #2884, #2896, #1895, #160, #1375 ) ) ;
#2530 = UNCERTAINTY_MEASURE_WITH_UNIT (LENGTH_MEASURE( 1.000000000000000082E-05 ), #2336, 'distance_accuracy_value', 'NONE');
#2531 = EDGE_CURVE ( 'NONE', #4545, #3599, #4962, .T. ) ;
#2532 = CARTESIAN_POINT ( 'NONE',  ( 6.796044481997387976, 4.000000000000000888, -0.1041679336079133072 ) ) ;
#2533 = ORIENTED_EDGE ( 'NONE', *, *, #1077, .T. ) ;
#2534 = AXIS2_PLACEMENT_3D ( 'NONE', #3609, #4573, #284 ) ;
#2535 = CYLINDRICAL_SURFACE ( 'NONE', #1493, 0.7500000000000000000 ) ;
#2536 = ORIENTED_EDGE ( 'NONE', *, *, #3710, .F. ) ;
#2537 = CARTESIAN_POINT ( 'NONE',  ( 7.018204502025013447, 4.000000000000004441, -0.5737606140900605167 ) ) ;
#2538 = EDGE_CURVE ( 'NONE', #4908, #5321, #2026, .T. ) ;
#2539 =( NAMED_UNIT ( * ) SI_UNIT ( $, .STERADIAN. ) SOLID_ANGLE_UNIT ( ) );
#2540 = CARTESIAN_POINT ( 'NONE',  ( 7.403589991592332886, 3.999999999999995559, 0.6575156526172324378 ) ) ;
#2541 = CARTESIAN_POINT ( 'NONE',  ( 6.511704559953939153, 3.999000000000004107, -0.5770585174630024072 ) ) ;
#2542 = EDGE_LOOP ( 'NONE', ( #2983 ) ) ;
#2543 = CARTESIAN_POINT ( 'NONE',  ( 1.250000000000002887, 2.494438317560252532E-31, 3.722819561778043863E-16 ) ) ;
#2544 = CARTESIAN_POINT ( 'NONE',  ( 6.955857221398762391, 3.998999999999995669, 0.6160058335457885281 ) ) ;
#2545 = UNCERTAINTY_MEASURE_WITH_UNIT (LENGTH_MEASURE( 1.000000000000000082E-05 ), #3469, 'distance_accuracy_value', 'NONE');
#2546 = AXIS2_PLACEMENT_3D ( 'NONE', #4283, #5109, #2947 ) ;
#2547 = EDGE_LOOP ( 'NONE', ( #711 ) ) ;
#2548 = FILL_AREA_STYLE_COLOUR ( '', #3860 ) ;
#2549 = FILL_AREA_STYLE ('',( #3908 ) ) ;
#2550 = ORIENTED_EDGE ( 'NONE', *, *, #3985, .F. ) ;
#2551 = VECTOR ( 'NONE', #5111, 1000.000000000000000 ) ;
#2552 = CARTESIAN_POINT ( 'NONE',  ( 7.311273024272693100, 3.998999999999997446, 0.3929708900633694935 ) ) ;
#2553 =( NAMED_UNIT ( * ) PLANE_ANGLE_UNIT ( ) SI_UNIT ( $, .RADIAN. ) );
#2554 = UNCERTAINTY_MEASURE_WITH_UNIT (LENGTH_MEASURE( 1.000000000000000082E-05 ), #466, 'distance_accuracy_value', 'NONE');
#2555 = SURFACE_STYLE_FILL_AREA ( #4799 ) ;
#2556 = MECHANICAL_DESIGN_GEOMETRIC_PRESENTATION_REPRESENTATION (  '', ( #4643 ), #4011 ) ;
#2557 =( GEOMETRIC_REPRESENTATION_CONTEXT ( 3 ) GLOBAL_UNCERTAINTY_ASSIGNED_CONTEXT ( ( #2425 ) ) GLOBAL_UNIT_ASSIGNED_CONTEXT ( ( #2575, #83, #821 ) ) REPRESENTATION_CONTEXT ( 'NONE', 'WORKASPACE' ) );
#2558 = CARTESIAN_POINT ( 'NONE',  ( 6.639171836528532822, 4.000000000000001776, -0.2226296199827419997 ) ) ;
#2559 = ORIENTED_EDGE ( 'NONE', *, *, #1969, .T. ) ;
#2560 = ORIENTED_EDGE ( 'NONE', *, *, #907, .F. ) ;
#2561 = EDGE_LOOP ( 'NONE', ( #233 ) ) ;
#2562 = PRESENTATION_LAYER_ASSIGNMENT (  '', '', ( #5462 ) ) ;
#2563 = DIRECTION ( 'NONE',  ( 0.000000000000000000, 0.000000000000000000, 1.000000000000000000 ) ) ;
#2564 = EDGE_CURVE ( 'NONE', #3804, #4545, #1540, .T. ) ;
#2565 = MECHANICAL_DESIGN_GEOMETRIC_PRESENTATION_REPRESENTATION (  '', ( #1827 ), #934 ) ;
#2566 =( NAMED_UNIT ( * ) PLANE_ANGLE_UNIT ( ) SI_UNIT ( $, .RADIAN. ) );
#2567 = PRODUCT ( 'Magnetic Pogo Connector 4 Pin (Type 1)', 'Magnetic Pogo Connector 4 Pin (Type 1)', '', ( #1218 ) ) ;
#2568 = DIRECTION ( 'NONE',  ( 0.000000000000000000, 1.000000000000000000, 0.000000000000000000 ) ) ;
#2569 = CARTESIAN_POINT ( 'NONE',  ( 6.556723606930353832, 3.999000000000004107, -0.6207250572088444107 ) ) ;
#2570 = ORIENTED_EDGE ( 'NONE', *, *, #4431, .T. ) ;
#2571 = ADVANCED_FACE ( 'NONE', ( #2075, #29 ), #1284, .T. ) ;
#2572 =( LENGTH_UNIT ( ) NAMED_UNIT ( * ) SI_UNIT ( .MILLI., .METRE. ) );
#2573 = CARTESIAN_POINT ( 'NONE',  ( 6.980840326083352920, 3.999999999999995559, 0.6165498198059524704 ) ) ;
#2574 = SURFACE_SIDE_STYLE ('',( #3059 ) ) ;
#2575 =( LENGTH_UNIT ( ) NAMED_UNIT ( * ) SI_UNIT ( .MILLI., .METRE. ) );
#2576 = CARTESIAN_POINT ( 'NONE',  ( 6.722425654344167611, 3.998999999999994781, 0.7421704633741564860 ) ) ;
#2577 = ORIENTED_EDGE ( 'NONE', *, *, #1517, .F. ) ;
#2578 = CARTESIAN_POINT ( 'NONE',  ( 0.6257359312880770297, -0.5000000000000000000, 0.000000000000000000 ) ) ;
#2579 = CARTESIAN_POINT ( 'NONE',  ( 7.301230406111643312, 3.998999999999996557, 0.4587405735503424786 ) ) ;
#2580 = EDGE_CURVE ( 'NONE', #2422, #2422, #3284, .T. ) ;
#2581 = CIRCLE ( 'NONE', #3490, 0.2999999999999999334 ) ;
#2582 = LINE ( 'NONE', #91, #4828 ) ;
#2583 = VERTEX_POINT ( 'NONE', #4674 ) ;
#2584 = PRESENTATION_STYLE_ASSIGNMENT (( #4009 ) ) ;
#2585 = PRESENTATION_LAYER_ASSIGNMENT (  '', '', ( #254 ) ) ;
#2586 = PLANE ( 'NONE',  #1017 ) ;
#2587 =( NAMED_UNIT ( * ) PLANE_ANGLE_UNIT ( ) SI_UNIT ( $, .RADIAN. ) );
#2588 = SURFACE_STYLE_FILL_AREA ( #5092 ) ;
#2589 = FACE_OUTER_BOUND ( 'NONE', #4263, .T. ) ;
#2590 = UNCERTAINTY_MEASURE_WITH_UNIT (LENGTH_MEASURE( 1.000000000000000082E-05 ), #4133, 'distance_accuracy_value', 'NONE');
#2591 = COLOUR_RGB ( '',0.8980392156862745390, 0.8980392156862745390, 0.8980392156862745390 ) ;
#2592 = CARTESIAN_POINT ( 'NONE',  ( -1.249999999999997113, -1.649999999999999911, 3.343199495307397169E-16 ) ) ;
#2593 = EDGE_LOOP ( 'NONE', ( #2840, #1159, #5571, #4357, #502, #4782 ) ) ;
#2594 = STYLED_ITEM ( 'NONE', ( #802 ), #3118 ) ;
#2595 = STYLED_ITEM ( 'NONE', ( #788 ), #4683 ) ;
#2596 = CYLINDRICAL_SURFACE ( 'NONE', #4544, 1.750000000000000888 ) ;
#2597 = CARTESIAN_POINT ( 'NONE',  ( 6.715909544467237424, 3.998999999999996557, 0.5107957940261265151 ) ) ;
#2598 = ADVANCED_FACE ( 'NONE', ( #765 ), #2596, .T. ) ;
#2599 = DIRECTION ( 'NONE',  ( 0.000000000000000000, 7.205007282611301174E-15, -1.000000000000000000 ) ) ;
#2600 = CIRCLE ( 'NONE', #3227, 0.7500000000000000000 ) ;
#2601 =( GEOMETRIC_REPRESENTATION_CONTEXT ( 3 ) GLOBAL_UNCERTAINTY_ASSIGNED_CONTEXT ( ( #3005 ) ) GLOBAL_UNIT_ASSIGNED_CONTEXT ( ( #4965, #4079, #574 ) ) REPRESENTATION_CONTEXT ( 'NONE', 'WORKASPACE' ) );
#2602 = ORIENTED_EDGE ( 'NONE', *, *, #2948, .F. ) ;
#2603 = AXIS2_PLACEMENT_3D ( 'NONE', #912, #3543, #4000 ) ;
#2604 = DIRECTION ( 'NONE',  ( -2.278763838549589087E-31, 1.000000000000000000, 2.891205793294683750E-16 ) ) ;
#2605 = CARTESIAN_POINT ( 'NONE',  ( 7.219323152397882914, 3.999999999999998224, 0.2332062162312439624 ) ) ;
#2606 = EDGE_LOOP ( 'NONE', ( #3789 ) ) ;
#2607 = CARTESIAN_POINT ( 'NONE',  ( 6.551966942490953905, 3.999000000000000110, -0.007976690110706180156 ) ) ;
#2608 = PRESENTATION_STYLE_ASSIGNMENT (( #4772 ) ) ;
#2609 = CARTESIAN_POINT ( 'NONE',  ( 6.655080423761058128, 4.000000000000001776, -0.1958502146771229913 ) ) ;
#2610 = DIRECTION ( 'NONE',  ( 0.000000000000000000, -1.000000000000000000, 0.000000000000000000 ) ) ;
#2611 = EDGE_LOOP ( 'NONE', ( #1010, #5076, #2602, #3168 ) ) ;
#2612 = SURFACE_SIDE_STYLE ('',( #5290 ) ) ;
#2613 = LINE ( 'NONE', #3525, #5359 ) ;
#2614 = CARTESIAN_POINT ( 'NONE',  ( 7.176530127878013587, 4.000000000000005329, -0.7244077675645994585 ) ) ;
#2615 = CARTESIAN_POINT ( 'NONE',  ( 6.620392351989923263, 3.999000000000002331, -0.3467564076319089583 ) ) ;
#2616 = SURFACE_STYLE_FILL_AREA ( #2188 ) ;
#2617 = SURFACE_STYLE_USAGE ( .BOTH. , #1791 ) ;
#2618 = PRESENTATION_STYLE_ASSIGNMENT (( #1738 ) ) ;
#2619 = EDGE_LOOP ( 'NONE', ( #3833, #1087, #2536, #1581 ) ) ;
#2620 = VERTEX_POINT ( 'NONE', #5267 ) ;
#2621 = CARTESIAN_POINT ( 'NONE',  ( 6.455904479295923259, 4.000000000000000888, -0.1154055520029410725 ) ) ;
#2622 = CARTESIAN_POINT ( 'NONE',  ( 6.955857221398762391, 3.999999999999995559, 0.6160058335457885281 ) ) ;
#2623 = DIRECTION ( 'NONE',  ( -1.835596038252509459E-31, 1.000000000000000000, 2.300720062539715626E-17 ) ) ;
#2624 = CARTESIAN_POINT ( 'NONE',  ( 6.657426870426537135, 3.998999999999997446, 0.3475982939095235147 ) ) ;
#2625 = EDGE_CURVE ( 'NONE', #3599, #383, #2905, .T. ) ;
#2626 = CONICAL_SURFACE ( 'NONE', #3447, 0.7500000000000000000, 1.204277183876089952 ) ;
#2627 = MECHANICAL_DESIGN_GEOMETRIC_PRESENTATION_REPRESENTATION (  '', ( #5527 ), #2166 ) ;
#2628 = SURFACE_STYLE_USAGE ( .BOTH. , #2200 ) ;
#2629 = FILL_AREA_STYLE ('',( #3481 ) ) ;
#2630 = CARTESIAN_POINT ( 'NONE',  ( 6.577183827406138050, 3.998999999999995669, 0.6514474293315325459 ) ) ;
#2631 = ORIENTED_EDGE ( 'NONE', *, *, #4330, .T. ) ;
#2632 = CARTESIAN_POINT ( 'NONE',  ( 6.442744764986163553, 3.999000000000000998, -0.1396369243841342755 ) ) ;
#2633 = COLOUR_RGB ( '',0.8980392156862745390, 0.8980392156862745390, 0.8980392156862745390 ) ;
#2634 = EDGE_CURVE ( 'NONE', #730, #730, #3822, .T. ) ;
#2635 = FACE_BOUND ( 'NONE', #5156, .T. ) ;
#2636 = CARTESIAN_POINT ( 'NONE',  ( 7.522273571871333608, 3.998999999999997446, 0.3623550998582215077 ) ) ;
#2637 = CARTESIAN_POINT ( 'NONE',  ( 3.750000000000003109, 4.000000000000000000, 1.084202172485508255E-16 ) ) ;
#2638 = CARTESIAN_POINT ( 'NONE',  ( 7.123694651498372998, 3.998999999999998334, 0.1938948734512274952 ) ) ;
#2639 =( NAMED_UNIT ( * ) SI_UNIT ( $, .STERADIAN. ) SOLID_ANGLE_UNIT ( ) );
#2640 = ORIENTED_EDGE ( 'NONE', *, *, #2496, .T. ) ;
#2641 = SURFACE_STYLE_FILL_AREA ( #1839 ) ;
#2642 = ORIENTED_EDGE ( 'NONE', *, *, #1587, .T. ) ;
#2643 = PRESENTATION_LAYER_ASSIGNMENT (  '', '', ( #1024 ) ) ;
#2644 = CONICAL_SURFACE ( 'NONE', #144, 0.7500000000000000000, 1.204277183876089952 ) ;
#2645 = DIRECTION ( 'NONE',  ( 0.000000000000000000, -1.000000000000000000, 0.000000000000000000 ) ) ;
#2646 = FILL_AREA_STYLE ('',( #457 ) ) ;
#2647 = SURFACE_SIDE_STYLE ('',( #4755 ) ) ;
#2648 = PRESENTATION_LAYER_ASSIGNMENT (  '', '', ( #1826 ) ) ;
#2649 = ORIENTED_EDGE ( 'NONE', *, *, #1891, .F. ) ;
#2650 = VERTEX_POINT ( 'NONE', #4419 ) ;
#2651 = CARTESIAN_POINT ( 'NONE',  ( 6.620461584096033469, 4.000000000000001776, -0.2817240382346914429 ) ) ;
#2652 = CARTESIAN_POINT ( 'NONE',  ( 6.635689227024712977, 4.000000000000000000, 0.04440391425230461736 ) ) ;
#2653 =( LENGTH_UNIT ( ) NAMED_UNIT ( * ) SI_UNIT ( .MILLI., .METRE. ) );
#2654 = DIRECTION ( 'NONE',  ( 1.835596038252498950E-31, -1.000000000000000000, -2.300720062539084537E-17 ) ) ;
#2655 =( NAMED_UNIT ( * ) SI_UNIT ( $, .STERADIAN. ) SOLID_ANGLE_UNIT ( ) );
#2656 = CARTESIAN_POINT ( 'NONE',  ( 6.885749180271222514, 3.999999999999995559, 0.6077330309875936809 ) ) ;
#2657 = CARTESIAN_POINT ( 'NONE',  ( 0.8378679656440429779, -0.4121320343559629062, 1.999999999999998224 ) ) ;
#2658 = EDGE_CURVE ( 'NONE', #1118, #1118, #3544, .T. ) ;
#2659 = ORIENTED_EDGE ( 'NONE', *, *, #3215, .T. ) ;
#2660 = FACE_OUTER_BOUND ( 'NONE', #3243, .T. ) ;
#2661 =( NAMED_UNIT ( * ) SI_UNIT ( $, .STERADIAN. ) SOLID_ANGLE_UNIT ( ) );
#2662 =( NAMED_UNIT ( * ) SI_UNIT ( $, .STERADIAN. ) SOLID_ANGLE_UNIT ( ) );
#2663 = CARTESIAN_POINT ( 'NONE',  ( 3.750000000000003109, -0.1000000000000000056, 3.699813945649998057E-16 ) ) ;
#2664 = LINE ( 'NONE', #3489, #5004 ) ;
#2665 = EDGE_CURVE ( 'NONE', #1985, #1985, #5531, .T. ) ;
#2666 = CARTESIAN_POINT ( 'NONE',  ( 7.000000000000002665, 3.899999999999999911, -1.409800936512354016E-15 ) ) ;
#2667 = CARTESIAN_POINT ( 'NONE',  ( 6.923472374583843347, 3.999999999999994227, 0.7881048511914116039 ) ) ;
#2668 = VERTEX_POINT ( 'NONE', #2137 ) ;
#2669 =( GEOMETRIC_REPRESENTATION_CONTEXT ( 3 ) GLOBAL_UNCERTAINTY_ASSIGNED_CONTEXT ( ( #341 ) ) GLOBAL_UNIT_ASSIGNED_CONTEXT ( ( #1384, #1706, #2703 ) ) REPRESENTATION_CONTEXT ( 'NONE', 'WORKASPACE' ) );
#2670 = FACE_OUTER_BOUND ( 'NONE', #5466, .T. ) ;
#2671 = SURFACE_SIDE_STYLE ('',( #3467 ) ) ;
#2672 = CARTESIAN_POINT ( 'NONE',  ( 6.968530258399552757, 4.000000000000005329, -0.7484207751661534624 ) ) ;
#2673 = CARTESIAN_POINT ( 'NONE',  ( 7.257486966580382948, 3.998999999999998334, 0.2604588708326004975 ) ) ;
#2674 = UNCERTAINTY_MEASURE_WITH_UNIT (LENGTH_MEASURE( 1.000000000000000082E-05 ), #1765, 'distance_accuracy_value', 'NONE');
#2675 = COLOUR_RGB ( '',0.8980392156862745390, 0.8980392156862745390, 0.8980392156862745390 ) ;
#2676 = CARTESIAN_POINT ( 'NONE',  ( 3.750000000000003109, -1.649999999999999911, 3.343199495307397169E-16 ) ) ;
#2677 = ORIENTED_EDGE ( 'NONE', *, *, #1969, .F. ) ;
#2678 = VERTEX_POINT ( 'NONE', #3963 ) ;
#2679 = PRESENTATION_LAYER_ASSIGNMENT (  '', '', ( #1671 ) ) ;
#2680 = AXIS2_PLACEMENT_3D ( 'NONE', #3907, #136, #2712 ) ;
#2681 = CARTESIAN_POINT ( 'NONE',  ( 7.298830698422623442, 3.998999999999997446, 0.3194317071092104832 ) ) ;
#2682 = SURFACE_SIDE_STYLE ('',( #2711 ) ) ;
#2683 = FILL_AREA_STYLE_COLOUR ( '', #1960 ) ;
#2684 =( NAMED_UNIT ( * ) SI_UNIT ( $, .STERADIAN. ) SOLID_ANGLE_UNIT ( ) );
#2685 = CARTESIAN_POINT ( 'NONE',  ( -6.999999999999996447, 0.2000000000000000944, 2.198731280726776271E-15 ) ) ;
#2686 = COLOUR_RGB ( '',0.1019607843137254888, 0.1019607843137254888, 0.1019607843137254888 ) ;
#2687 = COLOUR_RGB ( '',0.5490196078431373028, 0.1803921568627450955, 0.1803921568627450955 ) ;
#2688 = FACE_OUTER_BOUND ( 'NONE', #2699, .T. ) ;
#2689 = COLOUR_RGB ( '',0.8980392156862745390, 0.8980392156862745390, 0.8980392156862745390 ) ;
#2690 = CARTESIAN_POINT ( 'NONE',  ( 7.287175656788943634, 3.999000000000003219, -0.4424754637768885113 ) ) ;
#2691 = ORIENTED_EDGE ( 'NONE', *, *, #1769, .F. ) ;
#2692 = DIRECTION ( 'NONE',  ( 0.000000000000000000, 1.000000000000000000, 7.205007282611301174E-15 ) ) ;
#2693 = SURFACE_SIDE_STYLE ('',( #2267 ) ) ;
#2694 = MECHANICAL_DESIGN_GEOMETRIC_PRESENTATION_REPRESENTATION (  '', ( #5419 ), #4083 ) ;
#2695 = CARTESIAN_POINT ( 'NONE',  ( 7.006995346872563424, 3.998999999999995669, 0.6167285841657266232 ) ) ;
#2696 = CARTESIAN_POINT ( 'NONE',  ( 7.356877878932213122, 3.998999999999994781, 0.6947231145693505416 ) ) ;
#2697 = MECHANICAL_DESIGN_GEOMETRIC_PRESENTATION_REPRESENTATION (  '', ( #4425 ), #4609 ) ;
#2698 =( NAMED_UNIT ( * ) SI_UNIT ( $, .STERADIAN. ) SOLID_ANGLE_UNIT ( ) );
#2699 = EDGE_LOOP ( 'NONE', ( #684, #1030, #2114, #3801 ) ) ;
#2700 =( LENGTH_UNIT ( ) NAMED_UNIT ( * ) SI_UNIT ( .MILLI., .METRE. ) );
#2701 = EDGE_CURVE ( 'NONE', #871, #3329, #5299, .T. ) ;
#2702 = CARTESIAN_POINT ( 'NONE',  ( 7.176530127878013587, 3.999000000000004995, -0.7244077675645994585 ) ) ;
#2703 =( NAMED_UNIT ( * ) SI_UNIT ( $, .STERADIAN. ) SOLID_ANGLE_UNIT ( ) );
#2704 = CARTESIAN_POINT ( 'NONE',  ( 6.840788455851997796, 3.999000000000000998, -0.08929528547727251520 ) ) ;
#2705 = SURFACE_STYLE_USAGE ( .BOTH. , #986 ) ;
#2706 = EDGE_LOOP ( 'NONE', ( #2797 ) ) ;
#2707 = CARTESIAN_POINT ( 'NONE',  ( -1.249999999999997335, 3.904499097132790197, 0.7500000000000004441 ) ) ;
#2708 = EDGE_CURVE ( 'NONE', #3804, #1348, #3933, .T. ) ;
#2709 = CARTESIAN_POINT ( 'NONE',  ( 7.257486966580382948, 3.998999999999998334, 0.2604588708326004975 ) ) ;
#2710 = CARTESIAN_POINT ( 'NONE',  ( 6.840788455851997796, 4.000000000000000888, -0.08929528547727259846 ) ) ;
#2711 = SURFACE_STYLE_FILL_AREA ( #3967 ) ;
#2712 = DIRECTION ( 'NONE',  ( 0.000000000000000000, -2.300720062539084537E-17, 1.000000000000000000 ) ) ;
#2713 = FILL_AREA_STYLE ('',( #3086 ) ) ;
#2714 = FILL_AREA_STYLE_COLOUR ( '', #3186 ) ;
#2715 = PRESENTATION_STYLE_ASSIGNMENT (( #2319 ) ) ;
#2716 = ORIENTED_EDGE ( 'NONE', *, *, #2214, .T. ) ;
#2717 =( LENGTH_UNIT ( ) NAMED_UNIT ( * ) SI_UNIT ( .MILLI., .METRE. ) );
#2718 = CARTESIAN_POINT ( 'NONE',  ( 6.512498334798467958, 3.998999999999995669, 0.5726245306513846334 ) ) ;
#2719 = PRESENTATION_LAYER_ASSIGNMENT (  '', '', ( #5527 ) ) ;
#2720 = CARTESIAN_POINT ( 'NONE',  ( 6.961513408888073684, 3.999000000000004107, -0.5754786291674005572 ) ) ;
#2721 = CARTESIAN_POINT ( 'NONE',  ( 7.263508055524003026, 3.999999999999994671, 0.7442601245378565045 ) ) ;
#2722 = ORIENTED_EDGE ( 'NONE', *, *, #5377, .T. ) ;
#2723 =( NAMED_UNIT ( * ) PLANE_ANGLE_UNIT ( ) SI_UNIT ( $, .RADIAN. ) );
#2724 = CLOSED_SHELL ( 'NONE', ( #4413, #5504, #4839, #366, #628, #5410, #499, #2393, #1624, #2317, #2796, #171, #2527, #374, #2598, #306, #3815, #4086, #3118, #4969, #3852, #2033, #1911, #4025, #3113, #5475, #5162, #707, #396, #4482, #3385, #869, #1198, #4444, #4584, #5130, #4402, #981, #4302, #2362, #559, #5468, #1646 ) ) ;
#2725 = MECHANICAL_DESIGN_GEOMETRIC_PRESENTATION_REPRESENTATION (  '', ( #397 ), #2456 ) ;
#2726 = CARTESIAN_POINT ( 'NONE',  ( 7.000000000000003553, 3.000000000000000000, 2.499999999999998224 ) ) ;
#2727 = UNCERTAINTY_MEASURE_WITH_UNIT (LENGTH_MEASURE( 1.000000000000000082E-05 ), #1543, 'distance_accuracy_value', 'NONE');
#2728 = DIRECTION ( 'NONE',  ( -0.6401843996644827062, 0.000000000000000000, -0.7682212795973734076 ) ) ;
#2729 = EDGE_CURVE ( 'NONE', #4636, #1811, #4762, .T. ) ;
#2730 =( NAMED_UNIT ( * ) SI_UNIT ( $, .STERADIAN. ) SOLID_ANGLE_UNIT ( ) );
#2731 = ORIENTED_EDGE ( 'NONE', *, *, #768, .F. ) ;
#2732 = VERTEX_POINT ( 'NONE', #4477 ) ;
#2733 = MECHANICAL_DESIGN_GEOMETRIC_PRESENTATION_REPRESENTATION (  '', ( #4556 ), #3365 ) ;
#2734 = STYLED_ITEM ( 'NONE', ( #4988 ), #3815 ) ;
#2735 =( LENGTH_UNIT ( ) NAMED_UNIT ( * ) SI_UNIT ( .MILLI., .METRE. ) );
#2736 = LINE ( 'NONE', #2624, #4136 ) ;
#2737 = EDGE_CURVE ( 'NONE', #3299, #3475, #4898, .T. ) ;
#2738 = CARTESIAN_POINT ( 'NONE',  ( -6.607051711467516242, 4.000000000000000000, 0.3970846277694362048 ) ) ;
#2739 = COLOUR_RGB ( '',0.8980392156862745390, 0.8980392156862745390, 0.8980392156862745390 ) ;
#2740 = FACE_OUTER_BOUND ( 'NONE', #5089, .T. ) ;
#2741 = SURFACE_STYLE_FILL_AREA ( #1829 ) ;
#2742 = VECTOR ( 'NONE', #3422, 1000.000000000000000 ) ;
#2743 = EDGE_LOOP ( 'NONE', ( #405, #1776, #5349, #103 ) ) ;
#2744 = SURFACE_STYLE_FILL_AREA ( #4432 ) ;
#2745 = CARTESIAN_POINT ( 'NONE',  ( 6.980676049509452419, 4.000000000000004441, -0.5748979082165865950 ) ) ;
#2746 = CARTESIAN_POINT ( 'NONE',  ( 7.287446635729753375, 4.000000000000005329, -0.6863569869199255269 ) ) ;
#2747 = DIRECTION ( 'NONE',  ( 2.278763838549589087E-31, -1.000000000000000000, -2.891205793294683750E-16 ) ) ;
#2748 = ORIENTED_EDGE ( 'NONE', *, *, #4030, .F. ) ;
#2749 = CARTESIAN_POINT ( 'NONE',  ( 7.032799908030923142, 3.999999999999995559, 0.6165340815825374188 ) ) ;
#2750 = CARTESIAN_POINT ( 'NONE',  ( 7.468863530848253163, 3.999999999999998224, 0.1924057346492779874 ) ) ;
#2751 = EDGE_CURVE ( 'NONE', #2181, #1636, #5501, .T. ) ;
#2752 = SURFACE_STYLE_FILL_AREA ( #4471 ) ;
#2753 = CARTESIAN_POINT ( 'NONE',  ( 6.722923894247752941, 3.999999999999999112, 0.08067639649383358258 ) ) ;
#2754 = DIRECTION ( 'NONE',  ( 0.000000000000000000, -1.000000000000000000, 0.000000000000000000 ) ) ;
#2755 = EDGE_LOOP ( 'NONE', ( #987 ) ) ;
#2756 = VERTEX_POINT ( 'NONE', #5432 ) ;
#2757 = VECTOR ( 'NONE', #2215, 1000.000000000000000 ) ;
#2758 = LINE ( 'NONE', #2814, #1318 ) ;
#2759 = DIRECTION ( 'NONE',  ( -0.000000000000000000, 1.000000000000000000, -0.000000000000000000 ) ) ;
#2760 = CYLINDRICAL_SURFACE ( 'NONE', #3721, 0.3999999999999999667 ) ;
#2761 = CARTESIAN_POINT ( 'NONE',  ( -7.337820942236751520, 4.000000000000000000, -0.3414971029997947438 ) ) ;
#2762 = ADVANCED_FACE ( 'NONE', ( #1014 ), #1152, .T. ) ;
#2763 =( LENGTH_UNIT ( ) NAMED_UNIT ( * ) SI_UNIT ( .MILLI., .METRE. ) );
#2764 = PRESENTATION_LAYER_ASSIGNMENT (  '', '', ( #2 ) ) ;
#2765 = SURFACE_STYLE_USAGE ( .BOTH. , #2263 ) ;
#2766 = FILL_AREA_STYLE ('',( #1452 ) ) ;
#2767 = PRESENTATION_LAYER_ASSIGNMENT (  '', '', ( #3316 ) ) ;
#2768 = CARTESIAN_POINT ( 'NONE',  ( 6.450295694736603025, 3.999999999999997335, 0.4106266371609600396 ) ) ;
#2769 = EDGE_LOOP ( 'NONE', ( #4925, #3671, #5314, #2353, #2691, #3350, #1739, #4915 ) ) ;
#2770 =( LENGTH_UNIT ( ) NAMED_UNIT ( * ) SI_UNIT ( .MILLI., .METRE. ) );
#2771 = STYLED_ITEM ( 'NONE', ( #4204 ), #3113 ) ;
#2772 = EDGE_CURVE ( 'NONE', #5480, #3370, #2758, .T. ) ;
#2773 = COLOUR_RGB ( '',0.9529411764705881804, 0.7960784313725489669, 0.4862745098039215619 ) ;
#2774 = VECTOR ( 'NONE', #1478, 1000.000000000000000 ) ;
#2775 = CARTESIAN_POINT ( 'NONE',  ( 7.287175656788943634, 3.999000000000003219, -0.4424754637768885113 ) ) ;
#2776 = CARTESIAN_POINT ( 'NONE',  ( 7.442818440252432666, 3.998999999999995669, 0.6140597449458113921 ) ) ;
#2777 = LINE ( 'NONE', #3288, #2314 ) ;
#2778 = EDGE_LOOP ( 'NONE', ( #476, #953, #3114, #4476 ) ) ;
#2779 = VECTOR ( 'NONE', #3580, 1000.000000000000114 ) ;
#2780 =( NAMED_UNIT ( * ) SI_UNIT ( $, .STERADIAN. ) SOLID_ANGLE_UNIT ( ) );
#2781 =( NAMED_UNIT ( * ) PLANE_ANGLE_UNIT ( ) SI_UNIT ( $, .RADIAN. ) );
#2782 = PRESENTATION_LAYER_ASSIGNMENT (  '', '', ( #5244 ) ) ;
#2783 = PLANE ( 'NONE',  #4170 ) ;
#2784 = CARTESIAN_POINT ( 'NONE',  ( 7.250832484951763135, 3.999000000000000110, 0.03219433334040093520 ) ) ;
#2785 = FACE_OUTER_BOUND ( 'NONE', #3493, .T. ) ;
#2786 = FACE_BOUND ( 'NONE', #1424, .T. ) ;
#2787 = VERTEX_POINT ( 'NONE', #619 ) ;
#2788 = VERTEX_POINT ( 'NONE', #4182 ) ;
#2789 = CARTESIAN_POINT ( 'NONE',  ( 6.705172714700597503, 4.000000000000000888, -0.1488064611815310967 ) ) ;
#2790 = DIRECTION ( 'NONE',  ( 5.102127870520021968E-16, 0.000000000000000000, 1.000000000000000000 ) ) ;
#2791 =( LENGTH_UNIT ( ) NAMED_UNIT ( * ) SI_UNIT ( .MILLI., .METRE. ) );
#2792 = PRESENTATION_STYLE_ASSIGNMENT (( #681 ) ) ;
#2793 = FACE_OUTER_BOUND ( 'NONE', #1909, .T. ) ;
#2794 = AXIS2_PLACEMENT_3D ( 'NONE', #721, #1584, #5558 ) ;
#2795 = CARTESIAN_POINT ( 'NONE',  ( 1.250000000000002887, 3.997857139782515112, 4.642612225927707832E-16 ) ) ;
#2796 = ADVANCED_FACE ( 'NONE', ( #1988 ), #4983, .F. ) ;
#2797 = ORIENTED_EDGE ( 'NONE', *, *, #973, .T. ) ;
#2798 = CARTESIAN_POINT ( 'NONE',  ( -7.337820942236751520, 4.000000000000000000, 0.7777937623848212301 ) ) ;
#2799 =( NAMED_UNIT ( * ) PLANE_ANGLE_UNIT ( ) SI_UNIT ( $, .RADIAN. ) );
#2800 = CARTESIAN_POINT ( 'NONE',  ( 7.215444903480842775, 4.000000000000005329, -0.7135550079886034958 ) ) ;
#2801 = EDGE_CURVE ( 'NONE', #3888, #2668, #3301, .T. ) ;
#2802 = VERTEX_POINT ( 'NONE', #2394 ) ;
#2803 = CARTESIAN_POINT ( 'NONE',  ( 7.032799908030923142, 3.998999999999995669, 0.6165340815825374188 ) ) ;
#2804 =( NAMED_UNIT ( * ) PLANE_ANGLE_UNIT ( ) SI_UNIT ( $, .RADIAN. ) );
#2805 = SURFACE_STYLE_FILL_AREA ( #1083 ) ;
#2806 = MECHANICAL_DESIGN_GEOMETRIC_PRESENTATION_REPRESENTATION (  '', ( #5268 ), #556 ) ;
#2807 = PRESENTATION_LAYER_ASSIGNMENT (  '', '', ( #1987 ) ) ;
#2808 = CARTESIAN_POINT ( 'NONE',  ( 7.522811485811152998, 3.999999999999997335, 0.3791487746787539637 ) ) ;
#2809 = FILL_AREA_STYLE_COLOUR ( '', #5284 ) ;
#2810 = CARTESIAN_POINT ( 'NONE',  ( 7.070103327514512870, 3.999999999999995559, 0.6129885425261715204 ) ) ;
#2811 = ORIENTED_EDGE ( 'NONE', *, *, #406, .T. ) ;
#2812 = CARTESIAN_POINT ( 'NONE',  ( -3.449999999999997069, -1.750000000000000000, 3.153652153679527885E-16 ) ) ;
#2813 = VECTOR ( 'NONE', #4271, 1000.000000000000000 ) ;
#2814 = CARTESIAN_POINT ( 'NONE',  ( -1.500000000000000000, 3.000000000000000000, 2.500000000000002220 ) ) ;
#2815 = DIRECTION ( 'NONE',  ( 5.782411586589354681E-16, 0.000000000000000000, 1.000000000000000000 ) ) ;
#2816 = DIRECTION ( 'NONE',  ( -1.000000000000000000, 0.000000000000000000, 2.478176394252581141E-16 ) ) ;
#2817 = FILL_AREA_STYLE_COLOUR ( '', #1105 ) ;
#2818 = CARTESIAN_POINT ( 'NONE',  ( -1.249999999999997113, -1.750000000000000000, 3.320185607373301268E-16 ) ) ;
#2819 = LINE ( 'NONE', #1935, #408 ) ;
#2820 = COLOUR_RGB ( '',0.8980392156862745390, 0.8980392156862745390, 0.8980392156862745390 ) ;
#2821 = CARTESIAN_POINT ( 'NONE',  ( 1.250000000000002887, 2.494438317560252532E-31, 3.722819561778043863E-16 ) ) ;
#2822 = FILL_AREA_STYLE_COLOUR ( '', #5463 ) ;
#2823 = AXIS2_PLACEMENT_3D ( 'NONE', #1736, #102, #3930 ) ;
#2824 = EDGE_LOOP ( 'NONE', ( #1250, #290, #1301, #4164 ) ) ;
#2825 =( GEOMETRIC_REPRESENTATION_CONTEXT ( 3 ) GLOBAL_UNCERTAINTY_ASSIGNED_CONTEXT ( ( #1684 ) ) GLOBAL_UNIT_ASSIGNED_CONTEXT ( ( #2572, #4647, #3476 ) ) REPRESENTATION_CONTEXT ( 'NONE', 'WORKASPACE' ) );
#2826 = FACE_OUTER_BOUND ( 'NONE', #3123, .T. ) ;
#2827 =( GEOMETRIC_REPRESENTATION_CONTEXT ( 3 ) GLOBAL_UNCERTAINTY_ASSIGNED_CONTEXT ( ( #204 ) ) GLOBAL_UNIT_ASSIGNED_CONTEXT ( ( #3026, #3453, #3800 ) ) REPRESENTATION_CONTEXT ( 'NONE', 'WORKASPACE' ) );
#2828 = EDGE_CURVE ( 'NONE', #4853, #431, #1533, .T. ) ;
#2829 = FILL_AREA_STYLE_COLOUR ( '', #5281 ) ;
#2830 = CARTESIAN_POINT ( 'NONE',  ( 6.733384272317003649, 3.998999999999996557, 0.5308168012077404407 ) ) ;
#2831 = VERTEX_POINT ( 'NONE', #2448 ) ;
#2832 = CARTESIAN_POINT ( 'NONE',  ( 7.268638015066023250, 3.999999999999996447, 0.5168596593023686570 ) ) ;
#2833 = SURFACE_SIDE_STYLE ('',( #5397 ) ) ;
#2834 = CARTESIAN_POINT ( 'NONE',  ( 7.567818619811232494, 3.999000000000002331, -0.3250619201482585208 ) ) ;
#2835 = EDGE_CURVE ( 'NONE', #3329, #5222, #4127, .T. ) ;
#2836 =( LENGTH_UNIT ( ) NAMED_UNIT ( * ) SI_UNIT ( .MILLI., .METRE. ) );
#2837 = CARTESIAN_POINT ( 'NONE',  ( 7.301357158888083454, 3.999000000000000110, 0.05493002467875417183 ) ) ;
#2838 = LINE ( 'NONE', #4153, #4738 ) ;
#2839 = CARTESIAN_POINT ( 'NONE',  ( 7.136466865091333212, 3.999999999999995559, 0.6009482306273384866 ) ) ;
#2840 = ORIENTED_EDGE ( 'NONE', *, *, #907, .T. ) ;
#2841 = CARTESIAN_POINT ( 'NONE',  ( -1.249999999999996891, 0.000000000000000000, 0.7500000000000026645 ) ) ;
#2842 = DIRECTION ( 'NONE',  ( 0.000000000000000000, 0.000000000000000000, 1.000000000000000000 ) ) ;
#2843 =( LENGTH_UNIT ( ) NAMED_UNIT ( * ) SI_UNIT ( .MILLI., .METRE. ) );
#2844 = CARTESIAN_POINT ( 'NONE',  ( 7.508081592940232696, 3.998999999999996557, 0.4890095883740344651 ) ) ;
#2845 = CARTESIAN_POINT ( 'NONE',  ( 6.619439067263397369, 4.000000000000002665, -0.3247139092336729371 ) ) ;
#2846 = MECHANICAL_DESIGN_GEOMETRIC_PRESENTATION_REPRESENTATION (  '', ( #4578 ), #2669 ) ;
#2847 = DIRECTION ( 'NONE',  ( 0.000000000000000000, 0.000000000000000000, -1.000000000000000000 ) ) ;
#2848 = VECTOR ( 'NONE', #2034, 1000.000000000000000 ) ;
#2849 = DIRECTION ( 'NONE',  ( -0.000000000000000000, 1.000000000000000000, -0.000000000000000000 ) ) ;
#2850 = CARTESIAN_POINT ( 'NONE',  ( 7.002078312734233201, 3.998999999999993893, 0.7899059862172155277 ) ) ;
#2851 = VECTOR ( 'NONE', #2962, 1000.000000000000000 ) ;
#2852 = EDGE_LOOP ( 'NONE', ( #2202, #1039, #3283, #1308 ) ) ;
#2853 = SURFACE_STYLE_USAGE ( .BOTH. , #4652 ) ;
#2854 = STYLED_ITEM ( 'NONE', ( #1518 ), #1552 ) ;
#2855 = SURFACE_SIDE_STYLE ('',( #4624 ) ) ;
#2856 = CARTESIAN_POINT ( 'NONE',  ( 7.265750513782212927, 3.998999999999998334, 0.2693432276409449266 ) ) ;
#2857 = CARTESIAN_POINT ( 'NONE',  ( 7.252277714530713126, 3.998999999999998334, 0.2560188944116174592 ) ) ;
#2858 = ORIENTED_EDGE ( 'NONE', *, *, #3846, .F. ) ;
#2859 = DIRECTION ( 'NONE',  ( -0.7682212795973735187, 0.000000000000000000, -0.6401843996644828172 ) ) ;
#2860 =( LENGTH_UNIT ( ) NAMED_UNIT ( * ) SI_UNIT ( .MILLI., .METRE. ) );
#2861 = TOROIDAL_SURFACE ( 'NONE', #4958, 0.6500000000000000222, 0.1000000000000000056 ) ;
#2862 = COLOUR_RGB ( '',0.9529411764705881804, 0.7960784313725489669, 0.4862745098039215619 ) ;
#2863 = DIRECTION ( 'NONE',  ( -0.7071067811865429098, -0.7071067811865521247, 0.000000000000000000 ) ) ;
#2864 = CARTESIAN_POINT ( 'NONE',  ( 7.493363640753073263, 3.999999999999998224, 0.2353699738916769646 ) ) ;
#2865 = PRESENTATION_LAYER_ASSIGNMENT (  '', '', ( #5323 ) ) ;
#2866 = CARTESIAN_POINT ( 'NONE',  ( -7.549359403775211419, 4.000000000000000000, -0.7222062376151787699 ) ) ;
#2867 = UNCERTAINTY_MEASURE_WITH_UNIT (LENGTH_MEASURE( 1.000000000000000082E-05 ), #1643, 'distance_accuracy_value', 'NONE');
#2868 = ORIENTED_EDGE ( 'NONE', *, *, #1965, .T. ) ;
#2869 =( LENGTH_UNIT ( ) NAMED_UNIT ( * ) SI_UNIT ( .MILLI., .METRE. ) );
#2870 = ORIENTED_EDGE ( 'NONE', *, *, #2835, .T. ) ;
#2871 = CARTESIAN_POINT ( 'NONE',  ( 3.750000000000003109, -1.150360031269517309E-17, 0.5000000000000003331 ) ) ;
#2872 = ADVANCED_FACE ( 'NONE', ( #1928, #3674 ), #5407, .T. ) ;
#2873 =( GEOMETRIC_REPRESENTATION_CONTEXT ( 3 ) GLOBAL_UNCERTAINTY_ASSIGNED_CONTEXT ( ( #5294 ) ) GLOBAL_UNIT_ASSIGNED_CONTEXT ( ( #4606, #798, #469 ) ) REPRESENTATION_CONTEXT ( 'NONE', 'WORKASPACE' ) );
#2874 = DIRECTION ( 'NONE',  ( -1.665334536937733825E-16, -2.300720062539084537E-17, 1.000000000000000000 ) ) ;
#2875 = DIRECTION ( 'NONE',  ( 0.000000000000000000, 7.205007282611301174E-15, -1.000000000000000000 ) ) ;
#2876 = UNCERTAINTY_MEASURE_WITH_UNIT (LENGTH_MEASURE( 1.000000000000000082E-05 ), #2976, 'distance_accuracy_value', 'NONE');
#2877 = CARTESIAN_POINT ( 'NONE',  ( 7.522097567008822594, 3.998999999999997446, 0.3977449328451380106 ) ) ;
#2878 = AXIS2_PLACEMENT_3D ( 'NONE', #2095, #2563, #4666 ) ;
#2879 = PRESENTATION_STYLE_ASSIGNMENT (( #5438 ) ) ;
#2880 = EDGE_CURVE ( 'NONE', #5011, #5011, #4594, .T. ) ;
#2881 = FILL_AREA_STYLE_COLOUR ( '', #1192 ) ;
#2882 = CARTESIAN_POINT ( 'NONE',  ( 7.000000000000000888, 3.000000000000000000, -3.500000000000000888 ) ) ;
#2883 =( LENGTH_UNIT ( ) NAMED_UNIT ( * ) SI_UNIT ( .MILLI., .METRE. ) );
#2884 = ORIENTED_EDGE ( 'NONE', *, *, #4646, .T. ) ;
#2885 =( LENGTH_UNIT ( ) NAMED_UNIT ( * ) SI_UNIT ( .MILLI., .METRE. ) );
#2886 = DIRECTION ( 'NONE',  ( -1.835596038252509459E-31, 1.000000000000000000, 2.300720062539715626E-17 ) ) ;
#2887 = DIRECTION ( 'NONE',  ( 0.000000000000000000, -6.974286919792930852E-15, 1.000000000000000000 ) ) ;
#2888 = ORIENTED_EDGE ( 'NONE', *, *, #1371, .T. ) ;
#2889 = CARTESIAN_POINT ( 'NONE',  ( -6.999999999999999112, 1.000000000000000000, -1.749999999999998224 ) ) ;
#2890 = CARTESIAN_POINT ( 'NONE',  ( -6.999999999999996447, 0.000000000000000000, 2.198731280726776271E-15 ) ) ;
#2891 =( NAMED_UNIT ( * ) PLANE_ANGLE_UNIT ( ) SI_UNIT ( $, .RADIAN. ) );
#2892 =( LENGTH_UNIT ( ) NAMED_UNIT ( * ) SI_UNIT ( .MILLI., .METRE. ) );
#2893 = DIRECTION ( 'NONE',  ( 0.000000000000000000, -0.000000000000000000, -1.000000000000000000 ) ) ;
#2894 = EDGE_LOOP ( 'NONE', ( #3446 ) ) ;
#2895 = ORIENTED_EDGE ( 'NONE', *, *, #3985, .T. ) ;
#2896 = ORIENTED_EDGE ( 'NONE', *, *, #4551, .F. ) ;
#2897 = PRESENTATION_LAYER_ASSIGNMENT (  '', '', ( #5355 ) ) ;
#2898 = VECTOR ( 'NONE', #4920, 1000.000000000000000 ) ;
#2899 =( NAMED_UNIT ( * ) SI_UNIT ( $, .STERADIAN. ) SOLID_ANGLE_UNIT ( ) );
#2900 = DIRECTION ( 'NONE',  ( 0.000000000000000000, 1.000000000000000000, -0.000000000000000000 ) ) ;
#2901 = CARTESIAN_POINT ( 'NONE',  ( 6.407871320485583055, 4.000000000000001776, -0.2743276653845554414 ) ) ;
#2902 =( NAMED_UNIT ( * ) PLANE_ANGLE_UNIT ( ) SI_UNIT ( $, .RADIAN. ) );
#2903 =( NAMED_UNIT ( * ) PLANE_ANGLE_UNIT ( ) SI_UNIT ( $, .RADIAN. ) );
#2904 = PRESENTATION_STYLE_ASSIGNMENT (( #3358 ) ) ;
#2905 = LINE ( 'NONE', #816, #2813 ) ;
#2906 = COLOUR_RGB ( '',0.9529411764705881804, 0.7960784313725489669, 0.4862745098039215619 ) ;
#2907 = SURFACE_STYLE_FILL_AREA ( #4521 ) ;
#2908 = ADVANCED_FACE ( 'NONE', ( #5512 ), #2505, .T. ) ;
#2909 = PRESENTATION_STYLE_ASSIGNMENT (( #3340 ) ) ;
#2910 = DIRECTION ( 'NONE',  ( 0.000000000000000000, 1.000000000000000000, 0.000000000000000000 ) ) ;
#2911 = AXIS2_PLACEMENT_3D ( 'NONE', #4727, #3338, #4670 ) ;
#2912 = AXIS2_PLACEMENT_3D ( 'NONE', #3425, #3455, #5191 ) ;
#2913 = CARTESIAN_POINT ( 'NONE',  ( -6.999999999999997335, 3.000000000000000000, 3.500000000000001776 ) ) ;
#2914 = LINE ( 'NONE', #794, #5537 ) ;
#2915 = AXIS2_PLACEMENT_3D ( 'NONE', #1728, #3040, #5288 ) ;
#2916 = AXIS2_PLACEMENT_3D ( 'NONE', #1968, #625, #4565 ) ;
#2917 = CARTESIAN_POINT ( 'NONE',  ( 6.667643216580383836, 3.999000000000000110, 0.05913675544798490530 ) ) ;
#2918 = EDGE_LOOP ( 'NONE', ( #3705, #1181, #5193, #5396 ) ) ;
#2919 = FILL_AREA_STYLE ('',( #2064 ) ) ;
#2920 = PRESENTATION_LAYER_ASSIGNMENT (  '', '', ( #5552 ) ) ;
#2921 = CYLINDRICAL_SURFACE ( 'NONE', #4315, 0.7500000000000003331 ) ;
#2922 = CARTESIAN_POINT ( 'NONE',  ( 6.678776834994687661, 4.000000000000005329, -0.6958795463181784990 ) ) ;
#2923 = SURFACE_STYLE_USAGE ( .BOTH. , #2015 ) ;
#2924 = CARTESIAN_POINT ( 'NONE',  ( 7.301357158888083454, 4.000000000000000000, 0.05493002467875417183 ) ) ;
#2925 = VERTEX_POINT ( 'NONE', #4243 ) ;
#2926 = SURFACE_SIDE_STYLE ('',( #1245 ) ) ;
#2927 = VERTEX_POINT ( 'NONE', #3379 ) ;
#2928 =( NAMED_UNIT ( * ) SI_UNIT ( $, .STERADIAN. ) SOLID_ANGLE_UNIT ( ) );
#2929 = SURFACE_SIDE_STYLE ('',( #2588 ) ) ;
#2930 = DIRECTION ( 'NONE',  ( 0.000000000000000000, 6.938893903907229955E-15, -1.000000000000000000 ) ) ;
#2931 = CARTESIAN_POINT ( 'NONE',  ( 7.215444903480842775, 3.999000000000004995, -0.7135550079886036068 ) ) ;
#2932 = FILL_AREA_STYLE_COLOUR ( '', #385 ) ;
#2933 = CARTESIAN_POINT ( 'NONE',  ( 7.144161768580693739, 3.999999999999994671, 0.7785488036771606168 ) ) ;
#2934 = DIRECTION ( 'NONE',  ( 0.000000000000000000, -2.300720062539084537E-17, 1.000000000000000000 ) ) ;
#2935 = DIRECTION ( 'NONE',  ( 0.000000000000000000, -1.000000000000000000, -6.938893903907229955E-15 ) ) ;
#2936 = CARTESIAN_POINT ( 'NONE',  ( -6.999999999999998224, 2.299999999999999822, 1.750000000000003553 ) ) ;
#2937 = CIRCLE ( 'NONE', #3034, 2.500000000000000888 ) ;
#2938 = SURFACE_STYLE_USAGE ( .BOTH. , #4250 ) ;
#2939 = EDGE_CURVE ( 'NONE', #38, #4010, #637, .T. ) ;
#2940 = AXIS2_PLACEMENT_3D ( 'NONE', #4725, #346, #2874 ) ;
#2941 = FILL_AREA_STYLE_COLOUR ( '', #1448 ) ;
#2942 = CIRCLE ( 'NONE', #880, 0.7500000000000000000 ) ;
#2943 = CARTESIAN_POINT ( 'NONE',  ( 6.667643216580383836, 4.000000000000000000, 0.05913675544798491224 ) ) ;
#2944 = ORIENTED_EDGE ( 'NONE', *, *, #372, .F. ) ;
#2945 = SURFACE_STYLE_FILL_AREA ( #4658 ) ;
#2946 = EDGE_CURVE ( 'NONE', #2044, #1711, #3843, .T. ) ;
#2947 = DIRECTION ( 'NONE',  ( 5.102127870520021968E-16, 0.000000000000000000, 1.000000000000000000 ) ) ;
#2948 = EDGE_CURVE ( 'NONE', #2831, #4154, #345, .T. ) ;
#2949 =( GEOMETRIC_REPRESENTATION_CONTEXT ( 3 ) GLOBAL_UNCERTAINTY_ASSIGNED_CONTEXT ( ( #3047 ) ) GLOBAL_UNIT_ASSIGNED_CONTEXT ( ( #1420, #2197, #4813 ) ) REPRESENTATION_CONTEXT ( 'NONE', 'WORKASPACE' ) );
#2950 = CARTESIAN_POINT ( 'NONE',  ( -1.249999999999997335, 4.000000000000000000, 2.276824562219559311E-15 ) ) ;
#2951 = LINE ( 'NONE', #4689, #5276 ) ;
#2952 = CARTESIAN_POINT ( 'NONE',  ( 7.250832484951763135, 4.000000000000000000, 0.03219433334040094213 ) ) ;
#2953 = ORIENTED_EDGE ( 'NONE', *, *, #4183, .F. ) ;
#2954 =( GEOMETRIC_REPRESENTATION_CONTEXT ( 3 ) GLOBAL_UNCERTAINTY_ASSIGNED_CONTEXT ( ( #2674 ) ) GLOBAL_UNIT_ASSIGNED_CONTEXT ( ( #1765, #1385, #2730 ) ) REPRESENTATION_CONTEXT ( 'NONE', 'WORKASPACE' ) );
#2955 = DIRECTION ( 'NONE',  ( 1.835596038252498950E-31, -1.000000000000000000, -2.300720062539084537E-17 ) ) ;
#2956 = ORIENTED_EDGE ( 'NONE', *, *, #134, .F. ) ;
#2957 =( LENGTH_UNIT ( ) NAMED_UNIT ( * ) SI_UNIT ( .MILLI., .METRE. ) );
#2958 = DIRECTION ( 'NONE',  ( -1.000000000000000000, -2.069479451259501429E-31, 5.551115123125782702E-17 ) ) ;
#2959 =( NAMED_UNIT ( * ) PLANE_ANGLE_UNIT ( ) SI_UNIT ( $, .RADIAN. ) );
#2960 = STYLED_ITEM ( 'NONE', ( #4348 ), #5000 ) ;
#2961 = COLOUR_RGB ( '',0.1019607843137254888, 0.1019607843137254888, 0.1019607843137254888 ) ;
#2962 = DIRECTION ( 'NONE',  ( -1.835596038252509459E-31, 1.000000000000000000, 2.300720062539715626E-17 ) ) ;
#2963 = DIRECTION ( 'NONE',  ( 1.000000000000000000, 0.000000000000000000, 0.000000000000000000 ) ) ;
#2964 =( NAMED_UNIT ( * ) SI_UNIT ( $, .STERADIAN. ) SOLID_ANGLE_UNIT ( ) );
#2965 = STYLED_ITEM ( 'NONE', ( #4909 ), #5410 ) ;
#2966 = AXIS2_PLACEMENT_3D ( 'NONE', #212, #1471, #2790 ) ;
#2967 = CARTESIAN_POINT ( 'NONE',  ( -6.999999999999996447, 1.000000000000000000, 2.198731280726776271E-15 ) ) ;
#2968 = DIRECTION ( 'NONE',  ( 1.000000000000000000, 0.000000000000000000, -5.551115123125782702E-17 ) ) ;
#2969 = B_SPLINE_SURFACE_WITH_KNOTS ( 'NONE', 3, 1, ( 
 ( #2837, #3666 ),
 ( #3266, #2473 ),
 ( #5474, #4175 ),
 ( #4528, #5401 ),
 ( #4120, #5005 ),
 ( #1113, #1527 ),
 ( #639, #2864 ),
 ( #4577, #4151 ),
 ( #3240, #257 ),
 ( #4550, #287 ),
 ( #2112, #2808 ) ),
 .UNSPECIFIED., .F., .F., .F.,
 ( 4, 1, 1, 1, 1, 1, 1, 1, 4 ),
 ( 2, 2 ),
 ( 0.000000000000000000, 0.1448052410584844130, 0.2795118010254865060, 0.4063939211311610178, 0.5275015404829180854, 0.6453932904726510378, 0.7618854106740869936, 0.8789420729184869163, 1.000000000000000000 ),
 ( 0.000000000000000000, 1.000000000000000000 ),
 .UNSPECIFIED. ) ;
#2970 = SURFACE_STYLE_USAGE ( .BOTH. , #3393 ) ;
#2971 = SURFACE_STYLE_FILL_AREA ( #2549 ) ;
#2972 = ADVANCED_FACE ( 'NONE', ( #22, #3440 ), #2135, .T. ) ;
#2973 = CARTESIAN_POINT ( 'NONE',  ( 7.219323152397882914, 3.998999999999998334, 0.2332062162312439624 ) ) ;
#2974 = VERTEX_POINT ( 'NONE', #2213 ) ;
#2975 = DIRECTION ( 'NONE',  ( -0.6401843996644827062, 0.000000000000000000, 0.7682212795973734076 ) ) ;
#2976 =( LENGTH_UNIT ( ) NAMED_UNIT ( * ) SI_UNIT ( .MILLI., .METRE. ) );
#2977 = SURFACE_STYLE_FILL_AREA ( #753 ) ;
#2978 = UNCERTAINTY_MEASURE_WITH_UNIT (LENGTH_MEASURE( 1.000000000000000082E-05 ), #3337, 'distance_accuracy_value', 'NONE');
#2979 = ADVANCED_FACE ( 'NONE', ( #1360 ), #800, .T. ) ;
#2980 = DIRECTION ( 'NONE',  ( 0.000000000000000000, 1.000000000000000000, 0.000000000000000000 ) ) ;
#2981 = ORIENTED_EDGE ( 'NONE', *, *, #3846, .T. ) ;
#2982 = STYLED_ITEM ( 'NONE', ( #4091 ), #99 ) ;
#2983 = ORIENTED_EDGE ( 'NONE', *, *, #5550, .F. ) ;
#2984 = CARTESIAN_POINT ( 'NONE',  ( 7.000000000000003553, 1.000000000000000000, 1.749999999999997335 ) ) ;
#2985 = LINE ( 'NONE', #1622, #3121 ) ;
#2986 = CARTESIAN_POINT ( 'NONE',  ( 7.547634779938952931, 3.999000000000002331, -0.3967412624534310539 ) ) ;
#2987 = ORIENTED_EDGE ( 'NONE', *, *, #804, .F. ) ;
#2988 = COLOUR_RGB ( '',0.1019607843137254888, 0.1019607843137254888, 0.1019607843137254888 ) ;
#2989 = STYLED_ITEM ( 'NONE', ( #1392 ), #739 ) ;
#2990 = DIRECTION ( 'NONE',  ( 5.782411586589354681E-16, 0.000000000000000000, 1.000000000000000000 ) ) ;
#2991 = CARTESIAN_POINT ( 'NONE',  ( -7.337820942236751520, 3.999000000000000110, -0.3414971029997947438 ) ) ;
#2992 = UNCERTAINTY_MEASURE_WITH_UNIT (LENGTH_MEASURE( 1.000000000000000082E-05 ), #4660, 'distance_accuracy_value', 'NONE');
#2993 = UNCERTAINTY_MEASURE_WITH_UNIT (LENGTH_MEASURE( 1.000000000000000082E-05 ), #773, 'distance_accuracy_value', 'NONE');
#2994 = PRESENTATION_LAYER_ASSIGNMENT (  '', '', ( #3264 ) ) ;
#2995 =( NAMED_UNIT ( * ) PLANE_ANGLE_UNIT ( ) SI_UNIT ( $, .RADIAN. ) );
#2996 = FILL_AREA_STYLE ('',( #1714 ) ) ;
#2997 = CLOSED_SHELL ( 'NONE', ( #3505, #1869, #1012, #4724, #5305, #635, #1106, #715, #3574, #840, #2291, #1717, #2351, #5417, #4519, #3323 ) ) ;
#2998 =( GEOMETRIC_REPRESENTATION_CONTEXT ( 3 ) GLOBAL_UNCERTAINTY_ASSIGNED_CONTEXT ( ( #1165 ) ) GLOBAL_UNIT_ASSIGNED_CONTEXT ( ( #2304, #2781, #1463 ) ) REPRESENTATION_CONTEXT ( 'NONE', 'WORKASPACE' ) );
#2999 =( LENGTH_UNIT ( ) NAMED_UNIT ( * ) SI_UNIT ( .MILLI., .METRE. ) );
#3000 = SURFACE_STYLE_USAGE ( .BOTH. , #966 ) ;
#3001 = CARTESIAN_POINT ( 'NONE',  ( 6.848010113053358161, 3.999999999999994671, 0.7782042745968344999 ) ) ;
#3002 = VERTEX_POINT ( 'NONE', #4493 ) ;
#3003 = COLOUR_RGB ( '',0.8980392156862745390, 0.8980392156862745390, 0.8980392156862745390 ) ;
#3004 = CARTESIAN_POINT ( 'NONE',  ( -6.395513249929057231, 3.999000000000000110, 0.7777937623848212301 ) ) ;
#3005 = UNCERTAINTY_MEASURE_WITH_UNIT (LENGTH_MEASURE( 1.000000000000000082E-05 ), #4965, 'distance_accuracy_value', 'NONE');
#3006 = CARTESIAN_POINT ( 'NONE',  ( 7.000000000000003553, 2.299999999999999822, 1.749999999999997335 ) ) ;
#3007 = CIRCLE ( 'NONE', #4275, 0.4000000000000000222 ) ;
#3008 = CARTESIAN_POINT ( 'NONE',  ( 7.319011615191643116, 3.998999999999999222, 0.06446747053238036096 ) ) ;
#3009 = FACE_OUTER_BOUND ( 'NONE', #5208, .T. ) ;
#3010 = CARTESIAN_POINT ( 'NONE',  ( -6.999999999999998224, 1.000000000000000000, 1.750000000000003553 ) ) ;
#3011 = ORIENTED_EDGE ( 'NONE', *, *, #2708, .F. ) ;
#3012 = FILL_AREA_STYLE_COLOUR ( '', #189 ) ;
#3013 = ORIENTED_EDGE ( 'NONE', *, *, #1235, .T. ) ;
#3014 = ORIENTED_EDGE ( 'NONE', *, *, #5202, .F. ) ;
#3015 =( GEOMETRIC_REPRESENTATION_CONTEXT ( 3 ) GLOBAL_UNCERTAINTY_ASSIGNED_CONTEXT ( ( #1035 ) ) GLOBAL_UNIT_ASSIGNED_CONTEXT ( ( #3703, #5430, #4580 ) ) REPRESENTATION_CONTEXT ( 'NONE', 'WORKASPACE' ) );
#3016 = CARTESIAN_POINT ( 'NONE',  ( 3.750000000000003109, 3.904499097132790197, 0.7500000000000004441 ) ) ;
#3017 = ADVANCED_FACE ( 'NONE', ( #4575, #2415 ), #2861, .T. ) ;
#3018 = FILL_AREA_STYLE ('',( #5178 ) ) ;
#3019 = CARTESIAN_POINT ( 'NONE',  ( -1.249999999999997113, -1.699999999999999956, 3.331692034352651015E-16 ) ) ;
#3020 = LINE ( 'NONE', #785, #2851 ) ;
#3021 = PLANE ( 'NONE',  #1355 ) ;
#3022 = CARTESIAN_POINT ( 'NONE',  ( 7.311273024272693100, 3.999999999999997335, 0.3929708900633694935 ) ) ;
#3023 = ORIENTED_EDGE ( 'NONE', *, *, #2141, .T. ) ;
#3024 = DIRECTION ( 'NONE',  ( 0.000000000000000000, 1.000000000000000000, -0.000000000000000000 ) ) ;
#3025 = DIRECTION ( 'NONE',  ( -1.000000000000000000, 9.035018104045868969E-16, 0.000000000000000000 ) ) ;
#3026 =( LENGTH_UNIT ( ) NAMED_UNIT ( * ) SI_UNIT ( .MILLI., .METRE. ) );
#3027 = ORIENTED_EDGE ( 'NONE', *, *, #5040, .T. ) ;
#3028 = DIRECTION ( 'NONE',  ( -3.469446951953613203E-16, 0.000000000000000000, -1.000000000000000000 ) ) ;
#3029 = CARTESIAN_POINT ( 'NONE',  ( 7.216831435753913837, 3.999000000000003219, -0.5043999924660096390 ) ) ;
#3030 = CARTESIAN_POINT ( 'NONE',  ( 7.081332470051943773, 3.999999999999998224, 0.1803742254999685102 ) ) ;
#3031 = ORIENTED_EDGE ( 'NONE', *, *, #225, .F. ) ;
#3032 = SURFACE_STYLE_FILL_AREA ( #3942 ) ;
#3033 = CARTESIAN_POINT ( 'NONE',  ( 0.8594875162046676786, 2.500000000000000000, 3.099999999999997868 ) ) ;
#3034 = AXIS2_PLACEMENT_3D ( 'NONE', #867, #2645, #3926 ) ;
#3035 = CARTESIAN_POINT ( 'NONE',  ( 7.000000000000001776, 4.000000000000000000, -1.301042606982604138E-15 ) ) ;
#3036 = SURFACE_SIDE_STYLE ('',( #1296 ) ) ;
#3037 = CARTESIAN_POINT ( 'NONE',  ( 6.681617806910402635, 3.998999999999994781, 0.7229032307465684815 ) ) ;
#3038 = VECTOR ( 'NONE', #5395, 1000.000000000000000 ) ;
#3039 = SURFACE_STYLE_USAGE ( .BOTH. , #390 ) ;
#3040 = DIRECTION ( 'NONE',  ( 1.816089262065938475E-31, -1.000000000000000000, -1.129377263005786376E-17 ) ) ;
#3041 = ORIENTED_EDGE ( 'NONE', *, *, #2141, .F. ) ;
#3042 = SURFACE_SIDE_STYLE ('',( #3895 ) ) ;
#3043 =( GEOMETRIC_REPRESENTATION_CONTEXT ( 3 ) GLOBAL_UNCERTAINTY_ASSIGNED_CONTEXT ( ( #4352 ) ) GLOBAL_UNIT_ASSIGNED_CONTEXT ( ( #3934, #3189, #4875 ) ) REPRESENTATION_CONTEXT ( 'NONE', 'WORKASPACE' ) );
#3044 = CARTESIAN_POINT ( 'NONE',  ( 7.368965331965003251, 4.000000000000001776, -0.2100940137827840282 ) ) ;
#3045 = CARTESIAN_POINT ( 'NONE',  ( 6.952198505041923049, 4.000000000000005329, -0.7485555522443234633 ) ) ;
#3046 = CARTESIAN_POINT ( 'NONE',  ( 6.739769375195788115, 3.999000000000003219, -0.5218468791949624208 ) ) ;
#3047 = UNCERTAINTY_MEASURE_WITH_UNIT (LENGTH_MEASURE( 1.000000000000000082E-05 ), #1420, 'distance_accuracy_value', 'NONE');
#3048 =( GEOMETRIC_REPRESENTATION_CONTEXT ( 3 ) GLOBAL_UNCERTAINTY_ASSIGNED_CONTEXT ( ( #4299 ) ) GLOBAL_UNIT_ASSIGNED_CONTEXT ( ( #1383, #1732, #1412 ) ) REPRESENTATION_CONTEXT ( 'NONE', 'WORKASPACE' ) );
#3049 = SURFACE_SIDE_STYLE ('',( #3080 ) ) ;
#3050 = SURFACE_STYLE_FILL_AREA ( #458 ) ;
#3051 = EDGE_CURVE ( 'NONE', #2083, #3437, #4566, .T. ) ;
#3052 = CARTESIAN_POINT ( 'NONE',  ( 6.876190622786803708, 3.999000000000004995, -0.7467048809775475027 ) ) ;
#3053 = ORIENTED_EDGE ( 'NONE', *, *, #3723, .F. ) ;
#3054 = SURFACE_STYLE_FILL_AREA ( #5209 ) ;
#3055 = COLOUR_RGB ( '',0.9529411764705881804, 0.7960784313725489669, 0.4862745098039215619 ) ;
#3056 = PRESENTATION_LAYER_ASSIGNMENT (  '', '', ( #3406 ) ) ;
#3057 = MECHANICAL_DESIGN_GEOMETRIC_PRESENTATION_REPRESENTATION (  '', ( #4510 ), #444 ) ;
#3058 = FILL_AREA_STYLE_COLOUR ( '', #2591 ) ;
#3059 = SURFACE_STYLE_FILL_AREA ( #852 ) ;
#3060 = CARTESIAN_POINT ( 'NONE',  ( 7.000000000000003553, 0.000000000000000000, 2.499999999999999556 ) ) ;
#3061 = EDGE_CURVE ( 'NONE', #431, #383, #3433, .T. ) ;
#3062 = PRESENTATION_LAYER_ASSIGNMENT (  '', '', ( #2960 ) ) ;
#3063 =( GEOMETRIC_REPRESENTATION_CONTEXT ( 3 ) GLOBAL_UNCERTAINTY_ASSIGNED_CONTEXT ( ( #2086 ) ) GLOBAL_UNIT_ASSIGNED_CONTEXT ( ( #2653, #2995, #5213 ) ) REPRESENTATION_CONTEXT ( 'NONE', 'WORKASPACE' ) );
#3064 = VECTOR ( 'NONE', #1612, 1000.000000000000000 ) ;
#3065 =( LENGTH_UNIT ( ) NAMED_UNIT ( * ) SI_UNIT ( .MILLI., .METRE. ) );
#3066 = CARTESIAN_POINT ( 'NONE',  ( 6.652626775817152449, 3.998999999999994781, 0.7078692047672036081 ) ) ;
#3067 = EDGE_LOOP ( 'NONE', ( #1454 ) ) ;
#3068 =( GEOMETRIC_REPRESENTATION_CONTEXT ( 3 ) GLOBAL_UNCERTAINTY_ASSIGNED_CONTEXT ( ( #1996 ) ) GLOBAL_UNIT_ASSIGNED_CONTEXT ( ( #128, #561, #188 ) ) REPRESENTATION_CONTEXT ( 'NONE', 'WORKASPACE' ) );
#3069 = CARTESIAN_POINT ( 'NONE',  ( 6.455904479295923259, 3.999000000000000998, -0.1154055520029410864 ) ) ;
#3070 = FILL_AREA_STYLE_COLOUR ( '', #2368 ) ;
#3071 = CARTESIAN_POINT ( 'NONE',  ( 7.032799908030923142, 3.998999999999995669, 0.6165340815825374188 ) ) ;
#3072 = CARTESIAN_POINT ( 'NONE',  ( 6.577183827406138050, 3.998999999999995669, 0.6514474293315325459 ) ) ;
#3073 = CARTESIAN_POINT ( 'NONE',  ( 6.705172714700597503, 4.000000000000000888, -0.1488064611815310967 ) ) ;
#3074 = CARTESIAN_POINT ( 'NONE',  ( 6.652626775817152449, 3.999999999999994671, 0.7078692047672036081 ) ) ;
#3075 = ORIENTED_EDGE ( 'NONE', *, *, #2729, .T. ) ;
#3076 =( NAMED_UNIT ( * ) PLANE_ANGLE_UNIT ( ) SI_UNIT ( $, .RADIAN. ) );
#3077 = CARTESIAN_POINT ( 'NONE',  ( 6.619471763798618014, 3.999000000000002331, -0.3029168071151744912 ) ) ;
#3078 = CARTESIAN_POINT ( 'NONE',  ( 7.092578537431453611, 3.999000000000004995, -0.7403345789362684171 ) ) ;
#3079 = CARTESIAN_POINT ( 'NONE',  ( 6.627873436521498185, 4.000000000000002665, -0.3795162313837874279 ) ) ;
#3080 = SURFACE_STYLE_FILL_AREA ( #2131 ) ;
#3081 = CARTESIAN_POINT ( 'NONE',  ( -6.999999999999996447, 0.1000000000000000056, 2.999756890367033535E-15 ) ) ;
#3082 = ORIENTED_EDGE ( 'NONE', *, *, #235, .T. ) ;
#3083 = CARTESIAN_POINT ( 'NONE',  ( 6.620461584096033469, 3.999000000000001886, -0.2817240382346914429 ) ) ;
#3084 = DIRECTION ( 'NONE',  ( 1.000000000000000000, 0.000000000000000000, -5.551115123125782702E-17 ) ) ;
#3085 = DIRECTION ( 'NONE',  ( -1.000000000000000000, 0.000000000000000000, 0.000000000000000000 ) ) ;
#3086 = FILL_AREA_STYLE_COLOUR ( '', #1457 ) ;
#3087 = EDGE_CURVE ( 'NONE', #3299, #1177, #3753, .T. ) ;
#3088 = VECTOR ( 'NONE', #1536, 1000.000000000000000 ) ;
#3089 = SURFACE_STYLE_FILL_AREA ( #2167 ) ;
#3090 = CARTESIAN_POINT ( 'NONE',  ( 6.961513408888073684, 3.999000000000004107, -0.5754786291674005572 ) ) ;
#3091 = EDGE_LOOP ( 'NONE', ( #169 ) ) ;
#3092 = AXIS2_PLACEMENT_3D ( 'NONE', #1173, #1251, #2990 ) ;
#3093 = FACE_BOUND ( 'NONE', #919, .T. ) ;
#3094 = CARTESIAN_POINT ( 'NONE',  ( 7.215028999209282645, 3.998999999999995669, 0.5669627069140633635 ) ) ;
#3095 = DIRECTION ( 'NONE',  ( 5.782411586589354681E-16, 0.000000000000000000, 1.000000000000000000 ) ) ;
#3096 = FACE_OUTER_BOUND ( 'NONE', #4208, .T. ) ;
#3097 = CARTESIAN_POINT ( 'NONE',  ( 6.447372347789262825, 3.999999999999997335, 0.3688200193983155462 ) ) ;
#3098 = ORIENTED_EDGE ( 'NONE', *, *, #3538, .F. ) ;
#3099 = DIRECTION ( 'NONE',  ( -1.000000000000000000, 0.000000000000000000, 0.000000000000000000 ) ) ;
#3100 = PRESENTATION_LAYER_ASSIGNMENT (  '', '', ( #488 ) ) ;
#3101 =( GEOMETRIC_REPRESENTATION_CONTEXT ( 3 ) GLOBAL_UNCERTAINTY_ASSIGNED_CONTEXT ( ( #5436 ) ) GLOBAL_UNIT_ASSIGNED_CONTEXT ( ( #2377, #1879, #1512 ) ) REPRESENTATION_CONTEXT ( 'NONE', 'WORKASPACE' ) );
#3102 = FILL_AREA_STYLE_COLOUR ( '', #4723 ) ;
#3103 = COLOUR_RGB ( '',0.1019607843137254888, 0.1019607843137254888, 0.1019607843137254888 ) ;
#3104 = PRESENTATION_LAYER_ASSIGNMENT (  '', '', ( #149 ) ) ;
#3105 = ORIENTED_EDGE ( 'NONE', *, *, #4817, .F. ) ;
#3106 = CARTESIAN_POINT ( 'NONE',  ( 6.618965331964997922, 3.999000000000002331, -0.3137598791673994469 ) ) ;
#3107 = SURFACE_STYLE_FILL_AREA ( #3991 ) ;
#3108 = FACE_OUTER_BOUND ( 'NONE', #1498, .T. ) ;
#3109 = CARTESIAN_POINT ( 'NONE',  ( 0.6257359312880771407, -0.5000000000000000000, 1.999999999999998224 ) ) ;
#3110 =( LENGTH_UNIT ( ) NAMED_UNIT ( * ) SI_UNIT ( .MILLI., .METRE. ) );
#3111 = FACE_OUTER_BOUND ( 'NONE', #2561, .T. ) ;
#3112 = CARTESIAN_POINT ( 'NONE',  ( 7.018204502025013447, 3.999000000000004107, -0.5737606140900605167 ) ) ;
#3113 = ADVANCED_FACE ( 'NONE', ( #5110, #2012 ), #2921, .F. ) ;
#3114 = ORIENTED_EDGE ( 'NONE', *, *, #2772, .T. ) ;
#3115 = SURFACE_STYLE_FILL_AREA ( #4060 ) ;
#3116 = CARTESIAN_POINT ( 'NONE',  ( 6.581811607778227824, 3.999000000000004107, -0.6404393423912564387 ) ) ;
#3117 = CARTESIAN_POINT ( 'NONE',  ( -7.549359403775211419, 4.000000000000000000, 0.7777937623848212301 ) ) ;
#3118 = ADVANCED_FACE ( 'NONE', ( #4713 ), #4608, .F. ) ;
#3119 = EDGE_CURVE ( 'NONE', #2802, #38, #338, .T. ) ;
#3120 = EDGE_LOOP ( 'NONE', ( #2811 ) ) ;
#3121 = VECTOR ( 'NONE', #2900, 1000.000000000000000 ) ;
#3122 = SURFACE_STYLE_USAGE ( .BOTH. , #477 ) ;
#3123 = EDGE_LOOP ( 'NONE', ( #3839, #5375, #2146, #111 ) ) ;
#3124 = CARTESIAN_POINT ( 'NONE',  ( 7.000521830187342864, 3.999000000000004995, -0.7481567661233284872 ) ) ;
#3125 = CARTESIAN_POINT ( 'NONE',  ( 1.250000000000002887, -0.1000000000000000056, 3.699813945649998057E-16 ) ) ;
#3126 = MECHANICAL_DESIGN_GEOMETRIC_PRESENTATION_REPRESENTATION (  '', ( #1395 ), #2121 ) ;
#3127 = UNCERTAINTY_MEASURE_WITH_UNIT (LENGTH_MEASURE( 1.000000000000000082E-05 ), #3517, 'distance_accuracy_value', 'NONE');
#3128 = COLOUR_RGB ( '',0.8980392156862745390, 0.8980392156862745390, 0.8980392156862745390 ) ;
#3129 = CARTESIAN_POINT ( 'NONE',  ( 7.293683714041263144, 3.999000000000000110, 0.05113898818267297031 ) ) ;
#3130 = DIRECTION ( 'NONE',  ( -1.835596038252509459E-31, 1.000000000000000000, 2.300720062539715626E-17 ) ) ;
#3131 = ORIENTED_EDGE ( 'NONE', *, *, #1042, .F. ) ;
#3132 = VERTEX_POINT ( 'NONE', #2707 ) ;
#3133 =( GEOMETRIC_REPRESENTATION_CONTEXT ( 3 ) GLOBAL_UNCERTAINTY_ASSIGNED_CONTEXT ( ( #2476 ) ) GLOBAL_UNIT_ASSIGNED_CONTEXT ( ( #332, #2031, #1103 ) ) REPRESENTATION_CONTEXT ( 'NONE', 'WORKASPACE' ) );
#3134 = CARTESIAN_POINT ( 'NONE',  ( 6.980829551598193738, 4.000000000000000000, -0.05018232420238989688 ) ) ;
#3135 = FACE_OUTER_BOUND ( 'NONE', #3760, .T. ) ;
#3136 = MECHANICAL_DESIGN_GEOMETRIC_PRESENTATION_REPRESENTATION (  '', ( #1671 ), #2408 ) ;
#3137 = LINE ( 'NONE', #5272, #220 ) ;
#3138 =( NAMED_UNIT ( * ) PLANE_ANGLE_UNIT ( ) SI_UNIT ( $, .RADIAN. ) );
#3139 = VECTOR ( 'NONE', #3639, 1000.000000000000000 ) ;
#3140 =( NAMED_UNIT ( * ) PLANE_ANGLE_UNIT ( ) SI_UNIT ( $, .RADIAN. ) );
#3141 = STYLED_ITEM ( 'NONE', ( #4147 ), #5065 ) ;
#3142 = AXIS2_PLACEMENT_3D ( 'NONE', #3281, #2079, #2968 ) ;
#3143 = ORIENTED_EDGE ( 'NONE', *, *, #5094, .F. ) ;
#3144 = SURFACE_STYLE_FILL_AREA ( #1049 ) ;
#3145 = PRESENTATION_STYLE_ASSIGNMENT (( #3573 ) ) ;
#3146 = DIRECTION ( 'NONE',  ( 0.000000000000000000, 0.000000000000000000, -1.000000000000000000 ) ) ;
#3147 = CARTESIAN_POINT ( 'NONE',  ( 7.366638531611883423, 4.000000000000001776, -0.2290872587537869931 ) ) ;
#3148 = EDGE_CURVE ( 'NONE', #2788, #2788, #3946, .T. ) ;
#3149 = CARTESIAN_POINT ( 'NONE',  ( 6.968530258399552757, 4.000000000000005329, -0.7484207751661534624 ) ) ;
#3150 = AXIS2_PLACEMENT_3D ( 'NONE', #1387, #2283, #4870 ) ;
#3151 = COLOUR_RGB ( '',0.8980392156862745390, 0.8980392156862745390, 0.8980392156862745390 ) ;
#3152 = CARTESIAN_POINT ( 'NONE',  ( 6.693784159426337865, 3.998999999999999222, 0.07006726159425800959 ) ) ;
#3153 = EDGE_LOOP ( 'NONE', ( #1139 ) ) ;
#3154 = CARTESIAN_POINT ( 'NONE',  ( 6.952198505041923049, 3.999000000000004995, -0.7485555522443234633 ) ) ;
#3155 =( NAMED_UNIT ( * ) PLANE_ANGLE_UNIT ( ) SI_UNIT ( $, .RADIAN. ) );
#3156 = SURFACE_STYLE_FILL_AREA ( #2278 ) ;
#3157 = EDGE_CURVE ( 'NONE', #4554, #3345, #2218, .T. ) ;
#3158 = FACE_OUTER_BOUND ( 'NONE', #3198, .T. ) ;
#3159 = CARTESIAN_POINT ( 'NONE',  ( 7.192747398978433182, 3.999999999999998224, 0.2200774913655854925 ) ) ;
#3160 = EDGE_LOOP ( 'NONE', ( #3202, #3689, #2570, #1703, #2981, #1293, #2642, #5150, #3719, #4665, #1758, #4663, #4604, #2411, #4834, #336 ) ) ;
#3161 = CARTESIAN_POINT ( 'NONE',  ( 1.650000000000002798, -1.649999999999999911, 3.121154890382365663E-16 ) ) ;
#3162 = CARTESIAN_POINT ( 'NONE',  ( 6.626911968838003375, 3.999000000000001886, -0.2508700140854904781 ) ) ;
#3163 =( NAMED_UNIT ( * ) PLANE_ANGLE_UNIT ( ) SI_UNIT ( $, .RADIAN. ) );
#3164 = DIRECTION ( 'NONE',  ( 1.807003620809174583E-15, 0.000000000000000000, -1.000000000000000000 ) ) ;
#3165 = DIRECTION ( 'NONE',  ( 0.000000000000000000, -7.205007282611301174E-15, 1.000000000000000000 ) ) ;
#3166 = PRESENTATION_STYLE_ASSIGNMENT (( #4792 ) ) ;
#3167 = FILL_AREA_STYLE_COLOUR ( '', #3003 ) ;
#3168 = ORIENTED_EDGE ( 'NONE', *, *, #2453, .T. ) ;
#3169 = VERTEX_POINT ( 'NONE', #1698 ) ;
#3170 = FILL_AREA_STYLE_COLOUR ( '', #4059 ) ;
#3171 = COLOUR_RGB ( '',0.9529411764705881804, 0.7960784313725489669, 0.4862745098039215619 ) ;
#3172 =( LENGTH_UNIT ( ) NAMED_UNIT ( * ) SI_UNIT ( .MILLI., .METRE. ) );
#3173 = CARTESIAN_POINT ( 'NONE',  ( 7.018204502025013447, 3.999000000000004107, -0.5737606140900605167 ) ) ;
#3174 = CARTESIAN_POINT ( 'NONE',  ( 7.144161768580693739, 3.999999999999994671, 0.7785488036771606168 ) ) ;
#3175 = AXIS2_PLACEMENT_3D ( 'NONE', #125, #2305, #2728 ) ;
#3176 = FILL_AREA_STYLE_COLOUR ( '', #3673 ) ;
#3177 = VERTEX_POINT ( 'NONE', #1240 ) ;
#3178 = SURFACE_SIDE_STYLE ('',( #253 ) ) ;
#3179 = UNCERTAINTY_MEASURE_WITH_UNIT (LENGTH_MEASURE( 1.000000000000000082E-05 ), #3720, 'distance_accuracy_value', 'NONE');
#3180 =( NAMED_UNIT ( * ) SI_UNIT ( $, .STERADIAN. ) SOLID_ANGLE_UNIT ( ) );
#3181 = CARTESIAN_POINT ( 'NONE',  ( 6.834705463551087767, 3.999999999999999112, 0.1158028218502980961 ) ) ;
#3182 = CARTESIAN_POINT ( 'NONE',  ( 6.777306006305872543, 3.999000000000004107, -0.5410006440304364617 ) ) ;
#3183 = ORIENTED_EDGE ( 'NONE', *, *, #1077, .F. ) ;
#3184 = AXIS2_PLACEMENT_3D ( 'NONE', #2592, #2252, #1337 ) ;
#3185 = EDGE_CURVE ( 'NONE', #1926, #1926, #4686, .T. ) ;
#3186 = COLOUR_RGB ( '',0.9529411764705881804, 0.7960784313725489669, 0.4862745098039215619 ) ;
#3187 = SURFACE_SIDE_STYLE ('',( #3245 ) ) ;
#3188 = FILL_AREA_STYLE_COLOUR ( '', #968 ) ;
#3189 =( NAMED_UNIT ( * ) PLANE_ANGLE_UNIT ( ) SI_UNIT ( $, .RADIAN. ) );
#3190 = CIRCLE ( 'NONE', #758, 0.2999999999999999889 ) ;
#3191 =( GEOMETRIC_REPRESENTATION_CONTEXT ( 3 ) GLOBAL_UNCERTAINTY_ASSIGNED_CONTEXT ( ( #4131 ) ) GLOBAL_UNIT_ASSIGNED_CONTEXT ( ( #1328, #2148, #2662 ) ) REPRESENTATION_CONTEXT ( 'NONE', 'WORKASPACE' ) );
#3192 = DIRECTION ( 'NONE',  ( 0.000000000000000000, 1.000000000000000000, 7.205007282611301174E-15 ) ) ;
#3193 = SURFACE_SIDE_STYLE ('',( #1447 ) ) ;
#3194 = SURFACE_STYLE_USAGE ( .BOTH. , #1477 ) ;
#3195 = DIRECTION ( 'NONE',  ( 0.000000000000000000, -1.000000000000000000, 0.000000000000000000 ) ) ;
#3196 =( GEOMETRIC_REPRESENTATION_CONTEXT ( 3 ) GLOBAL_UNCERTAINTY_ASSIGNED_CONTEXT ( ( #3528 ) ) GLOBAL_UNIT_ASSIGNED_CONTEXT ( ( #3595, #4878, #5330 ) ) REPRESENTATION_CONTEXT ( 'NONE', 'WORKASPACE' ) );
#3197 = CARTESIAN_POINT ( 'NONE',  ( 6.777624481542583013, 3.999999999999994671, 0.7612023793286796236 ) ) ;
#3198 = EDGE_LOOP ( 'NONE', ( #1785 ) ) ;
#3199 =( NAMED_UNIT ( * ) SI_UNIT ( $, .STERADIAN. ) SOLID_ANGLE_UNIT ( ) );
#3200 =( NAMED_UNIT ( * ) SI_UNIT ( $, .STERADIAN. ) SOLID_ANGLE_UNIT ( ) );
#3201 = CARTESIAN_POINT ( 'NONE',  ( 7.074160184841323584, 3.998999999999993893, 0.7879508147551644859 ) ) ;
#3202 = ORIENTED_EDGE ( 'NONE', *, *, #1932, .T. ) ;
#3203 = SURFACE_STYLE_FILL_AREA ( #667 ) ;
#3204 = SURFACE_STYLE_FILL_AREA ( #1034 ) ;
#3205 = CYLINDRICAL_SURFACE ( 'NONE', #563, 1.500000000000000000 ) ;
#3206 = CARTESIAN_POINT ( 'NONE',  ( 6.693784159426337865, 3.999999999999999112, 0.07006726159425791245 ) ) ;
#3207 =( GEOMETRIC_REPRESENTATION_CONTEXT ( 3 ) GLOBAL_UNCERTAINTY_ASSIGNED_CONTEXT ( ( #5212 ) ) GLOBAL_UNIT_ASSIGNED_CONTEXT ( ( #3722, #3291, #4467 ) ) REPRESENTATION_CONTEXT ( 'NONE', 'WORKASPACE' ) );
#3208 = SURFACE_STYLE_FILL_AREA ( #4924 ) ;
#3209 = EDGE_LOOP ( 'NONE', ( #4808 ) ) ;
#3210 = VERTEX_POINT ( 'NONE', #2871 ) ;
#3211 = MECHANICAL_DESIGN_GEOMETRIC_PRESENTATION_REPRESENTATION (  '', ( #1847 ), #3667 ) ;
#3212 = DIRECTION ( 'NONE',  ( 0.000000000000000000, 1.000000000000000000, 0.000000000000000000 ) ) ;
#3213 = PRESENTATION_LAYER_ASSIGNMENT (  '', '', ( #2771 ) ) ;
#3214 = DIRECTION ( 'NONE',  ( 0.000000000000000000, 1.000000000000000000, -0.000000000000000000 ) ) ;
#3215 = EDGE_CURVE ( 'NONE', #2787, #5556, #4257, .T. ) ;
#3216 = FILL_AREA_STYLE ('',( #2683 ) ) ;
#3217 = PRESENTATION_STYLE_ASSIGNMENT (( #2371 ) ) ;
#3218 = VECTOR ( 'NONE', #2980, 1000.000000000000000 ) ;
#3219 = FACE_OUTER_BOUND ( 'NONE', #2338, .T. ) ;
#3220 =( GEOMETRIC_REPRESENTATION_CONTEXT ( 3 ) GLOBAL_UNCERTAINTY_ASSIGNED_CONTEXT ( ( #2187 ) ) GLOBAL_UNIT_ASSIGNED_CONTEXT ( ( #3927, #900, #2684 ) ) REPRESENTATION_CONTEXT ( 'NONE', 'WORKASPACE' ) );
#3221 = DIRECTION ( 'NONE',  ( 0.000000000000000000, 0.000000000000000000, -1.000000000000000000 ) ) ;
#3222 = MECHANICAL_DESIGN_GEOMETRIC_PRESENTATION_REPRESENTATION (  '', ( #4952 ), #4221 ) ;
#3223 = EDGE_CURVE ( 'NONE', #2583, #4981, #1748, .T. ) ;
#3224 = CARTESIAN_POINT ( 'NONE',  ( -0.8594875162046679007, 2.500000000000000000, 3.099999999999997868 ) ) ;
#3225 = FILL_AREA_STYLE ('',( #3492 ) ) ;
#3226 = EDGE_LOOP ( 'NONE', ( #3131, #2177, #1025, #2888 ) ) ;
#3227 = AXIS2_PLACEMENT_3D ( 'NONE', #2479, #1617, #4289 ) ;
#3228 =( GEOMETRIC_REPRESENTATION_CONTEXT ( 3 ) GLOBAL_UNCERTAINTY_ASSIGNED_CONTEXT ( ( #1238 ) ) GLOBAL_UNIT_ASSIGNED_CONTEXT ( ( #5464, #4649, #2488 ) ) REPRESENTATION_CONTEXT ( 'NONE', 'WORKASPACE' ) );
#3229 = CARTESIAN_POINT ( 'NONE',  ( 6.487198837404847040, 3.998999999999996557, 0.5283975585740906533 ) ) ;
#3230 = CARTESIAN_POINT ( 'NONE',  ( 7.255409592261152341, 4.000000000000003553, -0.4756622473984135069 ) ) ;
#3231 = CARTESIAN_POINT ( 'NONE',  ( 7.500084906291133002, 4.000000000000003553, -0.4963220137700385948 ) ) ;
#3232 = ORIENTED_EDGE ( 'NONE', *, *, #2460, .T. ) ;
#3233 =( GEOMETRIC_REPRESENTATION_CONTEXT ( 3 ) GLOBAL_UNCERTAINTY_ASSIGNED_CONTEXT ( ( #3127 ) ) GLOBAL_UNIT_ASSIGNED_CONTEXT ( ( #3517, #4824, #3430 ) ) REPRESENTATION_CONTEXT ( 'NONE', 'WORKASPACE' ) );
#3234 =( NAMED_UNIT ( * ) PLANE_ANGLE_UNIT ( ) SI_UNIT ( $, .RADIAN. ) );
#3235 = AXIS2_PLACEMENT_3D ( 'NONE', #1713, #1315, #3968 ) ;
#3236 = FACE_OUTER_BOUND ( 'NONE', #5266, .T. ) ;
#3237 = CARTESIAN_POINT ( 'NONE',  ( 7.578957058612083131, 3.999000000000001886, -0.2492670465476815311 ) ) ;
#3238 = CYLINDRICAL_SURFACE ( 'NONE', #4910, 1.499999999999999556 ) ;
#3239 = AXIS2_PLACEMENT_3D ( 'NONE', #4389, #4809, #509 ) ;
#3240 = CARTESIAN_POINT ( 'NONE',  ( 7.521215523381973966, 3.998999999999997446, 0.3293228228354079801 ) ) ;
#3241 = FILL_AREA_STYLE_COLOUR ( '', #1721 ) ;
#3242 = CARTESIAN_POINT ( 'NONE',  ( 6.981966863032343262, 3.999999999999999112, 0.1540050825380150090 ) ) ;
#3243 = EDGE_LOOP ( 'NONE', ( #4869 ) ) ;
#3244 = VERTEX_POINT ( 'NONE', #5483 ) ;
#3245 = SURFACE_STYLE_FILL_AREA ( #1503 ) ;
#3246 =( LENGTH_UNIT ( ) NAMED_UNIT ( * ) SI_UNIT ( .MILLI., .METRE. ) );
#3247 = CARTESIAN_POINT ( 'NONE',  ( 6.422855507363277816, 4.000000000000001776, -0.1909016467316269616 ) ) ;
#3248 = FACE_OUTER_BOUND ( 'NONE', #1487, .T. ) ;
#3249 = CARTESIAN_POINT ( 'NONE',  ( 6.944556122270243215, 4.000000000000004441, -0.5751647678530125152 ) ) ;
#3250 = FILL_AREA_STYLE_COLOUR ( '', #2773 ) ;
#3251 = EDGE_CURVE ( 'NONE', #3300, #3300, #3596, .T. ) ;
#3252 =( NAMED_UNIT ( * ) PLANE_ANGLE_UNIT ( ) SI_UNIT ( $, .RADIAN. ) );
#3253 = LINE ( 'NONE', #3652, #2774 ) ;
#3254 = CARTESIAN_POINT ( 'NONE',  ( 3.750000000000003109, -1.750000000000000000, 3.320185607373301268E-16 ) ) ;
#3255 = EDGE_LOOP ( 'NONE', ( #4290 ) ) ;
#3256 = DIRECTION ( 'NONE',  ( -4.956352788505163268E-16, 0.000000000000000000, -1.000000000000000000 ) ) ;
#3257 = EDGE_CURVE ( 'NONE', #1701, #4636, #2498, .T. ) ;
#3258 = CARTESIAN_POINT ( 'NONE',  ( 7.487990740332862494, 3.999999999999995559, 0.5412385301994674380 ) ) ;
#3259 =( NAMED_UNIT ( * ) SI_UNIT ( $, .STERADIAN. ) SOLID_ANGLE_UNIT ( ) );
#3260 = ORIENTED_EDGE ( 'NONE', *, *, #1620, .T. ) ;
#3261 = CARTESIAN_POINT ( 'NONE',  ( 7.253344578584612456, 3.999999999999996447, 0.5347110662617915455 ) ) ;
#3262 = PRESENTATION_LAYER_ASSIGNMENT (  '', '', ( #124 ) ) ;
#3263 = CARTESIAN_POINT ( 'NONE',  ( 7.408261679827032431, 4.000000000000004441, -0.6069556463452655537 ) ) ;
#3264 = STYLED_ITEM ( 'NONE', ( #5057 ), #138 ) ;
#3265 = MECHANICAL_DESIGN_GEOMETRIC_PRESENTATION_REPRESENTATION (  '', ( #1987 ), #2268 ) ;
#3266 = CARTESIAN_POINT ( 'NONE',  ( 7.319011615191643116, 3.998999999999999222, 0.06446747053238036096 ) ) ;
#3267 = SURFACE_STYLE_FILL_AREA ( #4069 ) ;
#3268 = EDGE_LOOP ( 'NONE', ( #1127 ) ) ;
#3269 = CARTESIAN_POINT ( 'NONE',  ( 1.250000000000002887, 3.997857139782515112, -0.6141632050454696179 ) ) ;
#3270 = AXIS2_PLACEMENT_3D ( 'NONE', #2357, #4094, #228 ) ;
#3271 = CARTESIAN_POINT ( 'NONE',  ( 6.778821101195773302, 3.999000000000000998, -0.1112358407058611082 ) ) ;
#3272 = SURFACE_SIDE_STYLE ('',( #3708 ) ) ;
#3273 = UNCERTAINTY_MEASURE_WITH_UNIT (LENGTH_MEASURE( 1.000000000000000082E-05 ), #5277, 'distance_accuracy_value', 'NONE');
#3274 = CARTESIAN_POINT ( 'NONE',  ( 6.667643216580383836, 3.999000000000000110, 0.05913675544798490530 ) ) ;
#3275 = MECHANICAL_DESIGN_GEOMETRIC_PRESENTATION_REPRESENTATION (  '', ( #1269 ), #4731 ) ;
#3276 = DIRECTION ( 'NONE',  ( 1.000000000000000000, 0.000000000000000000, 0.000000000000000000 ) ) ;
#3277 = AXIS2_PLACEMENT_3D ( 'NONE', #4355, #2190, #5296 ) ;
#3278 = CARTESIAN_POINT ( 'NONE',  ( 7.000000000000003553, 0.000000000000000000, 2.499999999999999556 ) ) ;
#3279 = CIRCLE ( 'NONE', #5363, 3.499999999999999556 ) ;
#3280 = B_SPLINE_CURVE_WITH_KNOTS ( 'NONE', 3,
 ( #859, #3889, #4769, #886, #1720, #2607, #4340, #5224, #1324, #1777, #3069, #2632, #5335, #4518, #4936, #1941, #2405, #145, #1076 ),
 .UNSPECIFIED., .F., .F.,
 ( 4, 1, 1, 1, 1, 1, 1, 1, 1, 1, 1, 1, 1, 1, 1, 1, 4 ),
 ( 0.000000000000000000, 0.07493130598184519209, 0.1470775964339470221, 0.2163644561730685145, 0.2825027309006234999, 0.3466877108244159622, 0.4088355551310380309, 0.4692619872876919729, 0.5284320432534620471, 0.5870013379727410108, 0.6444163938320669471, 0.7021887902662969916, 0.7597671795443350362, 0.8184897928274490475, 0.8776328274167840560, 0.9380195662701680259, 1.000000000000000000 ),
 .UNSPECIFIED. ) ;
#3281 = CARTESIAN_POINT ( 'NONE',  ( -1.249999999999997113, -1.750000000000000000, 3.320185607373301268E-16 ) ) ;
#3282 = VECTOR ( 'NONE', #1047, 1000.000000000000000 ) ;
#3283 = ORIENTED_EDGE ( 'NONE', *, *, #1378, .T. ) ;
#3284 = CIRCLE ( 'NONE', #4089, 0.5000000000000000000 ) ;
#3285 = CARTESIAN_POINT ( 'NONE',  ( 0.8594875162046676786, 2.500000000000000000, 2.799999999999997602 ) ) ;
#3286 = FILL_AREA_STYLE ('',( #3716 ) ) ;
#3287 = ADVANCED_FACE ( 'NONE', ( #446 ), #4284, .T. ) ;
#3288 = CARTESIAN_POINT ( 'NONE',  ( -6.395513249929057231, 3.999000000000000110, -0.7222062376151787699 ) ) ;
#3289 = ORIENTED_EDGE ( 'NONE', *, *, #4679, .F. ) ;
#3290 = CARTESIAN_POINT ( 'NONE',  ( 7.301230406111643312, 3.999999999999996447, 0.4587405735503424786 ) ) ;
#3291 =( NAMED_UNIT ( * ) PLANE_ANGLE_UNIT ( ) SI_UNIT ( $, .RADIAN. ) );
#3292 =( LENGTH_UNIT ( ) NAMED_UNIT ( * ) SI_UNIT ( .MILLI., .METRE. ) );
#3293 = EDGE_CURVE ( 'NONE', #4502, #4502, #2942, .T. ) ;
#3294 = CARTESIAN_POINT ( 'NONE',  ( 7.349670311448263327, 3.999000000000002331, -0.3172892006577935353 ) ) ;
#3295 = ADVANCED_FACE ( 'NONE', ( #1603 ), #5153, .T. ) ;
#3296 = DIRECTION ( 'NONE',  ( 0.000000000000000000, 0.000000000000000000, 1.000000000000000000 ) ) ;
#3297 = ORIENTED_EDGE ( 'NONE', *, *, #1070, .F. ) ;
#3298 = PRESENTATION_STYLE_ASSIGNMENT (( #616 ) ) ;
#3299 = VERTEX_POINT ( 'NONE', #5185 ) ;
#3300 = VERTEX_POINT ( 'NONE', #2445 ) ;
#3301 = LINE ( 'NONE', #5351, #350 ) ;
#3302 = SURFACE_SIDE_STYLE ('',( #2127 ) ) ;
#3303 = CARTESIAN_POINT ( 'NONE',  ( -6.999999999999996447, 4.000000000000000000, 3.109928588862167903E-14 ) ) ;
#3304 = CARTESIAN_POINT ( 'NONE',  ( 7.074160184841323584, 3.998999999999993893, 0.7879508147551644859 ) ) ;
#3305 = CARTESIAN_POINT ( 'NONE',  ( 6.911492696973202676, 4.000000000000004441, -0.5745527990660395101 ) ) ;
#3306 =( NAMED_UNIT ( * ) SI_UNIT ( $, .STERADIAN. ) SOLID_ANGLE_UNIT ( ) );
#3307 =( GEOMETRIC_REPRESENTATION_CONTEXT ( 3 ) GLOBAL_UNCERTAINTY_ASSIGNED_CONTEXT ( ( #5035 ) ) GLOBAL_UNIT_ASSIGNED_CONTEXT ( ( #3707, #4128, #210 ) ) REPRESENTATION_CONTEXT ( 'NONE', 'WORKASPACE' ) );
#3308 = DIRECTION ( 'NONE',  ( -2.074867795289532742E-31, 1.000000000000000000, 1.666850934030272702E-16 ) ) ;
#3309 = SURFACE_SIDE_STYLE ('',( #1572 ) ) ;
#3310 = DIRECTION ( 'NONE',  ( 0.000000000000000000, 1.000000000000000000, -0.000000000000000000 ) ) ;
#3311 = AXIS2_PLACEMENT_3D ( 'NONE', #2508, #5514, #2074 ) ;
#3312 = ORIENTED_EDGE ( 'NONE', *, *, #4030, .T. ) ;
#3313 = SURFACE_STYLE_USAGE ( .BOTH. , #5467 ) ;
#3314 = CONICAL_SURFACE ( 'NONE', #607, 0.7500000000000000000, 1.204277183876089952 ) ;
#3315 = SURFACE_STYLE_FILL_AREA ( #3286 ) ;
#3316 = STYLED_ITEM ( 'NONE', ( #1219 ), #2908 ) ;
#3317 = CARTESIAN_POINT ( 'NONE',  ( 7.580503793503464038, 4.000000000000001776, -0.2100940137827840559 ) ) ;
#3318 = CARTESIAN_POINT ( 'NONE',  ( -0.8594875162046679007, 2.500000000000000000, 2.799999999999997602 ) ) ;
#3319 = ORIENTED_EDGE ( 'NONE', *, *, #4295, .T. ) ;
#3320 = CARTESIAN_POINT ( 'NONE',  ( 1.000000000000000000, 2.500000000000000000, 3.099999999999997868 ) ) ;
#3321 = CARTESIAN_POINT ( 'NONE',  ( 1.500000000000000444, 3.000000000000000000, 2.500000000000000888 ) ) ;
#3322 = MECHANICAL_DESIGN_GEOMETRIC_PRESENTATION_REPRESENTATION (  '', ( #2594 ), #440 ) ;
#3323 = ADVANCED_FACE ( 'NONE', ( #849 ), #380, .F. ) ;
#3324 = DIRECTION ( 'NONE',  ( 1.000000000000000000, 0.000000000000000000, -3.407492542097298945E-16 ) ) ;
#3325 = CARTESIAN_POINT ( 'NONE',  ( 6.556723606930353832, 4.000000000000004441, -0.6207250572088444107 ) ) ;
#3326 = COLOUR_RGB ( '',0.9529411764705881804, 0.7960784313725489669, 0.4862745098039215619 ) ;
#3327 = CARTESIAN_POINT ( 'NONE',  ( 6.939530406975622512, 3.999000000000000998, -0.06117992540323531625 ) ) ;
#3328 = UNCERTAINTY_MEASURE_WITH_UNIT (LENGTH_MEASURE( 1.000000000000000082E-05 ), #1973, 'distance_accuracy_value', 'NONE');
#3329 = VERTEX_POINT ( 'NONE', #2991 ) ;
#3330 =( NAMED_UNIT ( * ) SI_UNIT ( $, .STERADIAN. ) SOLID_ANGLE_UNIT ( ) );
#3331 = ORIENTED_EDGE ( 'NONE', *, *, #3333, .T. ) ;
#3332 = VERTEX_POINT ( 'NONE', #1958 ) ;
#3333 = EDGE_CURVE ( 'NONE', #282, #3842, #5573, .T. ) ;
#3334 = AXIS2_PLACEMENT_3D ( 'NONE', #4058, #3656, #3256 ) ;
#3335 =( NAMED_UNIT ( * ) SI_UNIT ( $, .STERADIAN. ) SOLID_ANGLE_UNIT ( ) );
#3336 = B_SPLINE_SURFACE_WITH_KNOTS ( 'NONE', 3, 1, ( 
 ( #1975, #1551 ),
 ( #2857, #718 ),
 ( #4167, #2007 ),
 ( #2973, #2605 ),
 ( #3427, #4308 ),
 ( #4682, #4338 ),
 ( #467, #4708 ),
 ( #5136, #3030 ),
 ( #1206, #2169 ),
 ( #822, #2523 ),
 ( #5107, #5077 ),
 ( #1234, #2113 ),
 ( #2082, #3396 ),
 ( #5555, #4226 ),
 ( #3457, #1180 ),
 ( #5192, #3911 ),
 ( #1292, #3832 ),
 ( #2495, #62 ),
 ( #2917, #2943 ) ),
 .UNSPECIFIED., .F., .F., .F.,
 ( 4, 1, 1, 1, 1, 1, 1, 1, 1, 1, 1, 1, 1, 1, 1, 1, 4 ),
 ( 2, 2 ),
 ( 0.000000000000000000, 0.03274321823113744701, 0.07240960549385719314, 0.1196114857927609992, 0.1746729151985134953, 0.2373450901947015135, 0.3083524168429155332, 0.3876300477623594865, 0.4747836155862519836, 0.5633323159904150002, 0.6451362168299870081, 0.7202025267224649863, 0.7891341563324459907, 0.8514970735699649573, 0.9073306044315619934, 0.9569686823424189415, 1.000000000000000000 ),
 ( 0.000000000000000000, 1.000000000000000000 ),
 .UNSPECIFIED. ) ;
#3337 =( LENGTH_UNIT ( ) NAMED_UNIT ( * ) SI_UNIT ( .MILLI., .METRE. ) );
#3338 = DIRECTION ( 'NONE',  ( 0.000000000000000000, -1.000000000000000000, 0.000000000000000000 ) ) ;
#3339 = CARTESIAN_POINT ( 'NONE',  ( -6.999999999999996447, 2.299999999999999822, 2.198731280726776271E-15 ) ) ;
#3340 = SURFACE_STYLE_USAGE ( .BOTH. , #4621 ) ;
#3341 = FACE_OUTER_BOUND ( 'NONE', #417, .T. ) ;
#3342 = ORIENTED_EDGE ( 'NONE', *, *, #2772, .F. ) ;
#3343 = CARTESIAN_POINT ( 'NONE',  ( -3.749999999999996891, -1.750000000000000000, 3.320185607373301268E-16 ) ) ;
#3344 = CARTESIAN_POINT ( 'NONE',  ( 6.919580657161323423, 3.998999999999995669, 0.6132039374150236588 ) ) ;
#3345 = VERTEX_POINT ( 'NONE', #1771 ) ;
#3346 =( LENGTH_UNIT ( ) NAMED_UNIT ( * ) SI_UNIT ( .MILLI., .METRE. ) );
#3347 =( NAMED_UNIT ( * ) SI_UNIT ( $, .STERADIAN. ) SOLID_ANGLE_UNIT ( ) );
#3348 = DIRECTION ( 'NONE',  ( 0.000000000000000000, -1.000000000000000000, 0.000000000000000000 ) ) ;
#3349 = CARTESIAN_POINT ( 'NONE',  ( 6.902404331937742832, 3.999000000000000998, -0.07152140848015950403 ) ) ;
#3350 = ORIENTED_EDGE ( 'NONE', *, *, #2214, .F. ) ;
#3351 = EDGE_LOOP ( 'NONE', ( #2502 ) ) ;
#3352 = CIRCLE ( 'NONE', #3448, 0.3999999999999997446 ) ;
#3353 = CARTESIAN_POINT ( 'NONE',  ( -6.999999999999996447, 0.2000000000000000944, 2.198731280726776271E-15 ) ) ;
#3354 = LINE ( 'NONE', #5205, #3495 ) ;
#3355 = CARTESIAN_POINT ( 'NONE',  ( 1.250000000000002887, 0.1250000000000000000, 3.751576840432039091E-16 ) ) ;
#3356 = CARTESIAN_POINT ( 'NONE',  ( 7.520677587691593224, 3.999999999999996447, 0.4347325564932900122 ) ) ;
#3357 = EDGE_CURVE ( 'NONE', #2668, #4554, #5271, .T. ) ;
#3358 = SURFACE_STYLE_USAGE ( .BOTH. , #1196 ) ;
#3359 =( GEOMETRIC_REPRESENTATION_CONTEXT ( 3 ) GLOBAL_UNCERTAINTY_ASSIGNED_CONTEXT ( ( #3373 ) ) GLOBAL_UNIT_ASSIGNED_CONTEXT ( ( #5034, #1955, #5061 ) ) REPRESENTATION_CONTEXT ( 'NONE', 'WORKASPACE' ) );
#3360 =( NAMED_UNIT ( * ) SI_UNIT ( $, .STERADIAN. ) SOLID_ANGLE_UNIT ( ) );
#3361 = CARTESIAN_POINT ( 'NONE',  ( -0.6257359312880754754, -0.2000000000000000389, 0.000000000000000000 ) ) ;
#3362 = EDGE_CURVE ( 'NONE', #4569, #1467, #3773, .T. ) ;
#3363 = SURFACE_STYLE_FILL_AREA ( #2996 ) ;
#3364 = MECHANICAL_DESIGN_GEOMETRIC_PRESENTATION_REPRESENTATION (  '', ( #1024 ), #1550 ) ;
#3365 =( GEOMETRIC_REPRESENTATION_CONTEXT ( 3 ) GLOBAL_UNCERTAINTY_ASSIGNED_CONTEXT ( ( #5043 ) ) GLOBAL_UNIT_ASSIGNED_CONTEXT ( ( #2999, #416, #4794 ) ) REPRESENTATION_CONTEXT ( 'NONE', 'WORKASPACE' ) );
#3366 = FILL_AREA_STYLE_COLOUR ( '', #1486 ) ;
#3367 = PRESENTATION_STYLE_ASSIGNMENT (( #2462 ) ) ;
#3368 = TOROIDAL_SURFACE ( 'NONE', #5286, 0.6500000000000000222, 0.1000000000000000056 ) ;
#3369 = CARTESIAN_POINT ( 'NONE',  ( 6.848010113053358161, 3.998999999999994781, 0.7782042745968344999 ) ) ;
#3370 = VERTEX_POINT ( 'NONE', #958 ) ;
#3371 = AXIS2_PLACEMENT_3D ( 'NONE', #1999, #3742, #330 ) ;
#3372 = CARTESIAN_POINT ( 'NONE',  ( 7.301357158888083454, 3.999000000000000110, 0.05493002467875417183 ) ) ;
#3373 = UNCERTAINTY_MEASURE_WITH_UNIT (LENGTH_MEASURE( 1.000000000000000082E-05 ), #5034, 'distance_accuracy_value', 'NONE');
#3374 = CARTESIAN_POINT ( 'NONE',  ( 6.778821101195773302, 4.000000000000000888, -0.1112358407058613025 ) ) ;
#3375 = CARTESIAN_POINT ( 'NONE',  ( 7.188136736077813893, 3.999000000000000110, 0.009079984842807482803 ) ) ;
#3376 = ORIENTED_EDGE ( 'NONE', *, *, #5550, .T. ) ;
#3377 = CARTESIAN_POINT ( 'NONE',  ( -7.337820942236751520, 3.999000000000000110, 0.7777937623848212301 ) ) ;
#3378 = EDGE_LOOP ( 'NONE', ( #4288, #1669, #119, #4572 ) ) ;
#3379 = CARTESIAN_POINT ( 'NONE',  ( 7.000000000000001776, 1.000000000000000000, -2.500000000000002220 ) ) ;
#3380 = FACE_OUTER_BOUND ( 'NONE', #5525, .T. ) ;
#3381 = PLANE ( 'NONE',  #3311 ) ;
#3382 = CARTESIAN_POINT ( 'NONE',  ( 6.784105673392168079, 3.999000000000000998, -0.1090672266708607036 ) ) ;
#3383 = SURFACE_STYLE_FILL_AREA ( #347 ) ;
#3384 = CARTESIAN_POINT ( 'NONE',  ( 6.407426870426538024, 3.999000000000002331, -0.3035435330135534682 ) ) ;
#3385 = ADVANCED_FACE ( 'NONE', ( #3618, #3135 ), #4306, .T. ) ;
#3386 = CARTESIAN_POINT ( 'NONE',  ( 6.687784751493708768, 3.999999999999996447, 0.4643917464268955131 ) ) ;
#3387 = UNCERTAINTY_MEASURE_WITH_UNIT (LENGTH_MEASURE( 1.000000000000000082E-05 ), #4538, 'distance_accuracy_value', 'NONE');
#3388 = FACE_OUTER_BOUND ( 'NONE', #5334, .T. ) ;
#3389 = COLOUR_RGB ( '',0.9529411764705881804, 0.7960784313725489669, 0.4862745098039215619 ) ;
#3390 = ORIENTED_EDGE ( 'NONE', *, *, #3715, .T. ) ;
#3391 = EDGE_CURVE ( 'NONE', #3332, #3332, #1220, .T. ) ;
#3392 = VECTOR ( 'NONE', #2887, 1000.000000000000000 ) ;
#3393 = SURFACE_SIDE_STYLE ('',( #2258 ) ) ;
#3394 = CARTESIAN_POINT ( 'NONE',  ( 6.667925546575818707, 3.999999999999997335, 0.4097810780446600742 ) ) ;
#3395 = PRESENTATION_LAYER_ASSIGNMENT (  '', '', ( #4219 ) ) ;
#3396 = CARTESIAN_POINT ( 'NONE',  ( 6.834705463551087767, 3.999999999999999112, 0.1158028218502980961 ) ) ;
#3397 = EDGE_LOOP ( 'NONE', ( #5259, #3607, #4967, #1940 ) ) ;
#3398 = AXIS2_PLACEMENT_3D ( 'NONE', #2461, #280, #1204 ) ;
#3399 = FILL_AREA_STYLE_COLOUR ( '', #2142 ) ;
#3400 = AXIS2_PLACEMENT_3D ( 'NONE', #3969, #57, #1316 ) ;
#3401 = UNCERTAINTY_MEASURE_WITH_UNIT (LENGTH_MEASURE( 1.000000000000000082E-05 ), #2518, 'distance_accuracy_value', 'NONE');
#3402 = DIRECTION ( 'NONE',  ( 0.000000000000000000, -1.000000000000000000, 0.000000000000000000 ) ) ;
#3403 =( LENGTH_UNIT ( ) NAMED_UNIT ( * ) SI_UNIT ( .MILLI., .METRE. ) );
#3404 = STYLED_ITEM ( 'NONE', ( #47 ), #2979 ) ;
#3405 = EDGE_LOOP ( 'NONE', ( #771, #5176, #3143, #1616 ) ) ;
#3406 = STYLED_ITEM ( 'NONE', ( #2618 ), #4751 ) ;
#3407 = FILL_AREA_STYLE_COLOUR ( '', #3326 ) ;
#3408 = EDGE_LOOP ( 'NONE', ( #5174 ) ) ;
#3409 = ORIENTED_EDGE ( 'NONE', *, *, #1927, .F. ) ;
#3410 = PRESENTATION_LAYER_ASSIGNMENT (  '', '', ( #272 ) ) ;
#3411 = SURFACE_STYLE_USAGE ( .BOTH. , #3302 ) ;
#3412 =( GEOMETRIC_REPRESENTATION_CONTEXT ( 3 ) GLOBAL_UNCERTAINTY_ASSIGNED_CONTEXT ( ( #1868 ) ) GLOBAL_UNIT_ASSIGNED_CONTEXT ( ( #2211, #2723, #4117 ) ) REPRESENTATION_CONTEXT ( 'NONE', 'WORKASPACE' ) );
#3413 = CARTESIAN_POINT ( 'NONE',  ( 7.135623617799073948, 3.999000000000004995, -0.7334456578982103681 ) ) ;
#3414 = APPLICATION_CONTEXT ( 'automotive_design' ) ;
#3415 = VERTEX_POINT ( 'NONE', #4900 ) ;
#3416 = AXIS2_PLACEMENT_3D ( 'NONE', #64, #4429, #1294 ) ;
#3417 = SURFACE_STYLE_FILL_AREA ( #1650 ) ;
#3418 =( NAMED_UNIT ( * ) PLANE_ANGLE_UNIT ( ) SI_UNIT ( $, .RADIAN. ) );
#3419 =( GEOMETRIC_REPRESENTATION_CONTEXT ( 3 ) GLOBAL_UNCERTAINTY_ASSIGNED_CONTEXT ( ( #1149 ) ) GLOBAL_UNIT_ASSIGNED_CONTEXT ( ( #2885, #4197, #4165 ) ) REPRESENTATION_CONTEXT ( 'NONE', 'WORKASPACE' ) );
#3420 = MECHANICAL_DESIGN_GEOMETRIC_PRESENTATION_REPRESENTATION (  '', ( #3687 ), #882 ) ;
#3421 = CARTESIAN_POINT ( 'NONE',  ( 6.667643216580383836, 3.999000000000000110, 0.05913675544798490530 ) ) ;
#3422 = DIRECTION ( 'NONE',  ( -1.000000000000000000, 0.000000000000000000, 4.336808689942016750E-16 ) ) ;
#3423 = ORIENTED_EDGE ( 'NONE', *, *, #1235, .F. ) ;
#3424 = CARTESIAN_POINT ( 'NONE',  ( 6.939530406975622512, 4.000000000000000888, -0.06117992540323530237 ) ) ;
#3425 = CARTESIAN_POINT ( 'NONE',  ( 7.000000000000002665, 3.899999999999999911, -1.409800936512354016E-15 ) ) ;
#3426 = SURFACE_STYLE_FILL_AREA ( #2629 ) ;
#3427 = CARTESIAN_POINT ( 'NONE',  ( 7.192747398978433182, 3.998999999999998334, 0.2200774913655854925 ) ) ;
#3428 = ADVANCED_FACE ( 'NONE', ( #1016 ), #2098, .T. ) ;
#3429 = ORIENTED_EDGE ( 'NONE', *, *, #569, .T. ) ;
#3430 =( NAMED_UNIT ( * ) SI_UNIT ( $, .STERADIAN. ) SOLID_ANGLE_UNIT ( ) );
#3431 = SURFACE_STYLE_USAGE ( .BOTH. , #3943 ) ;
#3432 = SURFACE_STYLE_USAGE ( .BOTH. , #420 ) ;
#3433 = LINE ( 'NONE', #3807, #4508 ) ;
#3434 = LINE ( 'NONE', #3920, #4361 ) ;
#3435 = DIRECTION ( 'NONE',  ( 0.000000000000000000, 1.000000000000000000, -0.000000000000000000 ) ) ;
#3436 = ORIENTED_EDGE ( 'NONE', *, *, #3994, .T. ) ;
#3437 = VERTEX_POINT ( 'NONE', #1505 ) ;
#3438 = ORIENTED_EDGE ( 'NONE', *, *, #225, .T. ) ;
#3439 = B_SPLINE_CURVE_WITH_KNOTS ( 'NONE', 3,
 ( #1507, #3249, #3305, #239, #5353, #5017, #1123, #1472, #5045, #1992, #1570, #4507, #4076, #2845, #3679 ),
 .UNSPECIFIED., .F., .F.,
 ( 4, 1, 1, 1, 1, 1, 1, 1, 1, 1, 1, 1, 4 ),
 ( 0.000000000000000000, 0.1055838864195037946, 0.2058681332620120041, 0.3009467177422124884, 0.3930019285950104857, 0.4809485116065860266, 0.5628738662802259540, 0.6414613436333610474, 0.7177416181792259930, 0.7917717603087840450, 0.8627163930302560457, 0.9317768462002760099, 1.000000000000000000 ),
 .UNSPECIFIED. ) ;
#3440 = FACE_OUTER_BOUND ( 'NONE', #2105, .T. ) ;
#3441 = FACE_BOUND ( 'NONE', #3351, .T. ) ;
#3442 = UNCERTAINTY_MEASURE_WITH_UNIT (LENGTH_MEASURE( 1.000000000000000082E-05 ), #3876, 'distance_accuracy_value', 'NONE');
#3443 = FILL_AREA_STYLE_COLOUR ( '', #4588 ) ;
#3444 = CARTESIAN_POINT ( 'NONE',  ( 7.487990740332862494, 3.999999999999995559, 0.5412385301994674380 ) ) ;
#3445 = CARTESIAN_POINT ( 'NONE',  ( 6.492127030697363743, 3.999000000000004107, -0.5528386827022575556 ) ) ;
#3446 = ORIENTED_EDGE ( 'NONE', *, *, #4125, .T. ) ;
#3447 = AXIS2_PLACEMENT_3D ( 'NONE', #1350, #3460, #522 ) ;
#3448 = AXIS2_PLACEMENT_3D ( 'NONE', #2676, #4947, #589 ) ;
#3449 = CARTESIAN_POINT ( 'NONE',  ( 6.919580657161323423, 3.999999999999995559, 0.6132039374150236588 ) ) ;
#3450 = UNCERTAINTY_MEASURE_WITH_UNIT (LENGTH_MEASURE( 1.000000000000000082E-05 ), #3346, 'distance_accuracy_value', 'NONE');
#3451 =( GEOMETRIC_REPRESENTATION_CONTEXT ( 3 ) GLOBAL_UNCERTAINTY_ASSIGNED_CONTEXT ( ( #3837 ) ) GLOBAL_UNIT_ASSIGNED_CONTEXT ( ( #4633, #4662, #2474 ) ) REPRESENTATION_CONTEXT ( 'NONE', 'WORKASPACE' ) );
#3452 = CARTESIAN_POINT ( 'NONE',  ( 6.993664851195772414, 3.999999999999995559, 0.6168290631402925106 ) ) ;
#3453 =( NAMED_UNIT ( * ) PLANE_ANGLE_UNIT ( ) SI_UNIT ( $, .RADIAN. ) );
#3454 =( NAMED_UNIT ( * ) PLANE_ANGLE_UNIT ( ) SI_UNIT ( $, .RADIAN. ) );
#3455 = DIRECTION ( 'NONE',  ( 1.797281352452778372E-31, -1.000000000000000000, 1.577721810442023611E-30 ) ) ;
#3456 = LINE ( 'NONE', #4364, #1321 ) ;
#3457 = CARTESIAN_POINT ( 'NONE',  ( 6.756011783798418158, 3.998999999999999222, 0.09221124517686239697 ) ) ;
#3458 = ORIENTED_EDGE ( 'NONE', *, *, #1345, .F. ) ;
#3459 = DIRECTION ( 'NONE',  ( 0.000000000000000000, -0.000000000000000000, 1.000000000000000000 ) ) ;
#3460 = DIRECTION ( 'NONE',  ( -2.278763838549589087E-31, 1.000000000000000000, 2.891205793294683750E-16 ) ) ;
#3461 = CARTESIAN_POINT ( 'NONE',  ( 6.993664851195772414, 3.998999999999995669, 0.6168290631402925106 ) ) ;
#3462 = EDGE_CURVE ( 'NONE', #4981, #4016, #5380, .T. ) ;
#3463 =( NAMED_UNIT ( * ) SI_UNIT ( $, .STERADIAN. ) SOLID_ANGLE_UNIT ( ) );
#3464 = FACE_OUTER_BOUND ( 'NONE', #5421, .T. ) ;
#3465 = LINE ( 'NONE', #4516, #847 ) ;
#3466 = ORIENTED_EDGE ( 'NONE', *, *, #4198, .F. ) ;
#3467 = SURFACE_STYLE_FILL_AREA ( #948 ) ;
#3468 = COLOUR_RGB ( '',0.9529411764705881804, 0.7960784313725489669, 0.4862745098039215619 ) ;
#3469 =( LENGTH_UNIT ( ) NAMED_UNIT ( * ) SI_UNIT ( .MILLI., .METRE. ) );
#3470 = EDGE_CURVE ( 'NONE', #2756, #2756, #519, .T. ) ;
#3471 = CARTESIAN_POINT ( 'NONE',  ( 6.777306006305872543, 3.999000000000004107, -0.5410006440304364617 ) ) ;
#3472 = CARTESIAN_POINT ( 'NONE',  ( 7.578957058612083131, 3.999000000000001886, -0.2492670465476815311 ) ) ;
#3473 = CIRCLE ( 'NONE', #1289, 3.499999999999999556 ) ;
#3474 = FILL_AREA_STYLE_COLOUR ( '', #3151 ) ;
#3475 = VERTEX_POINT ( 'NONE', #3737 ) ;
#3476 =( NAMED_UNIT ( * ) SI_UNIT ( $, .STERADIAN. ) SOLID_ANGLE_UNIT ( ) );
#3477 = DIRECTION ( 'NONE',  ( -0.7071067811865439090, 0.7071067811865512365, -0.000000000000000000 ) ) ;
#3478 = CARTESIAN_POINT ( 'NONE',  ( -1.249999999999999778, 0.000000000000000000, 2.500000000000002220 ) ) ;
#3479 = SURFACE_STYLE_FILL_AREA ( #2163 ) ;
#3480 = CARTESIAN_POINT ( 'NONE',  ( 6.661400929086088496, 3.999999999999997335, 0.3793560576937685669 ) ) ;
#3481 = FILL_AREA_STYLE_COLOUR ( '', #2988 ) ;
#3482 = CARTESIAN_POINT ( 'NONE',  ( 6.625717366120718488, 3.998999999999994781, 0.6904871320421255287 ) ) ;
#3483 = ORIENTED_EDGE ( 'NONE', *, *, #3710, .T. ) ;
#3484 = DIRECTION ( 'NONE',  ( 0.000000000000000000, -7.205007282611301174E-15, 1.000000000000000000 ) ) ;
#3485 = FILL_AREA_STYLE ('',( #2174 ) ) ;
#3486 = VECTOR ( 'NONE', #594, 1000.000000000000000 ) ;
#3487 = FILL_AREA_STYLE_COLOUR ( '', #55 ) ;
#3488 = CARTESIAN_POINT ( 'NONE',  ( 6.492127030697363743, 3.999000000000004107, -0.5528386827022575556 ) ) ;
#3489 = CARTESIAN_POINT ( 'NONE',  ( -1.000000000000000000, 3.000000000000000000, 3.099999999999997868 ) ) ;
#3490 = AXIS2_PLACEMENT_3D ( 'NONE', #3318, #4999, #1580 ) ;
#3491 = DIRECTION ( 'NONE',  ( -1.000000000000000000, 0.000000000000000000, 5.551115123125782702E-17 ) ) ;
#3492 = FILL_AREA_STYLE_COLOUR ( '', #3103 ) ;
#3493 = EDGE_LOOP ( 'NONE', ( #4454, #1521, #576, #2868 ) ) ;
#3494 =( NAMED_UNIT ( * ) PLANE_ANGLE_UNIT ( ) SI_UNIT ( $, .RADIAN. ) );
#3495 = VECTOR ( 'NONE', #5540, 1000.000000000000000 ) ;
#3496 = CARTESIAN_POINT ( 'NONE',  ( 6.778821101195773302, 3.999000000000000998, -0.1112358407058611082 ) ) ;
#3497 = CARTESIAN_POINT ( 'NONE',  ( 7.287446635729753375, 3.999000000000004995, -0.6863569869199256379 ) ) ;
#3498 = CARTESIAN_POINT ( 'NONE',  ( 6.818654643749748168, 4.000000000000004441, -0.5567739711306933792 ) ) ;
#3499 = SURFACE_SIDE_STYLE ('',( #2616 ) ) ;
#3500 = CARTESIAN_POINT ( 'NONE',  ( -1.249999999999999778, -0.5000000000000000000, 1.999999999999998224 ) ) ;
#3501 = LINE ( 'NONE', #481, #4735 ) ;
#3502 = CARTESIAN_POINT ( 'NONE',  ( 6.637674252345668435, 4.000000000000005329, -0.6754051543945794878 ) ) ;
#3503 = EDGE_LOOP ( 'NONE', ( #529 ) ) ;
#3504 = VERTEX_POINT ( 'NONE', #5243 ) ;
#3505 = ADVANCED_FACE ( 'NONE', ( #2396, #5461 ), #4104, .T. ) ;
#3506 = STYLED_ITEM ( 'NONE', ( #4036 ), #3017 ) ;
#3507 = MECHANICAL_DESIGN_GEOMETRIC_PRESENTATION_REPRESENTATION (  '', ( #2414 ), #3872 ) ;
#3508 = STYLED_ITEM ( 'NONE', ( #4194 ), #499 ) ;
#3509 = CARTESIAN_POINT ( 'NONE',  ( 7.309665332390823167, 3.998999999999997446, 0.3550174730524979783 ) ) ;
#3510 =( NAMED_UNIT ( * ) SI_UNIT ( $, .STERADIAN. ) SOLID_ANGLE_UNIT ( ) );
#3511 = LINE ( 'NONE', #5249, #3954 ) ;
#3512 = AXIS2_PLACEMENT_3D ( 'NONE', #4835, #3551, #895 ) ;
#3513 = FACE_OUTER_BOUND ( 'NONE', #1386, .T. ) ;
#3514 = VECTOR ( 'NONE', #2172, 1000.000000000000000 ) ;
#3515 = EDGE_LOOP ( 'NONE', ( #4524 ) ) ;
#3516 = AXIS2_PLACEMENT_3D ( 'NONE', #5498, #3903, #356 ) ;
#3517 =( LENGTH_UNIT ( ) NAMED_UNIT ( * ) SI_UNIT ( .MILLI., .METRE. ) );
#3518 =( NAMED_UNIT ( * ) SI_UNIT ( $, .STERADIAN. ) SOLID_ANGLE_UNIT ( ) );
#3519 = SURFACE_STYLE_USAGE ( .BOTH. , #1264 ) ;
#3520 = DIRECTION ( 'NONE',  ( 1.835596038252509459E-31, -1.000000000000000000, -2.300720062539715626E-17 ) ) ;
#3521 = CARTESIAN_POINT ( 'NONE',  ( 7.522811485811152998, 3.998999999999997446, 0.3791487746787539637 ) ) ;
#3522 = CARTESIAN_POINT ( 'NONE',  ( 7.257486966580382948, 3.998999999999998334, 0.2604588708326004975 ) ) ;
#3523 = DIRECTION ( 'NONE',  ( 3.407492542097298945E-16, 0.000000000000000000, 1.000000000000000000 ) ) ;
#3524 = EDGE_LOOP ( 'NONE', ( #2480, #394, #86, #1872, #2559, #3870, #4859, #1410, #303, #46 ) ) ;
#3525 = CARTESIAN_POINT ( 'NONE',  ( -7.337820942236751520, 4.000000000000000000, 0.7777937623848212301 ) ) ;
#3526 =( NAMED_UNIT ( * ) SI_UNIT ( $, .STERADIAN. ) SOLID_ANGLE_UNIT ( ) );
#3527 = CARTESIAN_POINT ( 'NONE',  ( 6.944556122270243215, 3.999000000000004107, -0.5751647678530125152 ) ) ;
#3528 = UNCERTAINTY_MEASURE_WITH_UNIT (LENGTH_MEASURE( 1.000000000000000082E-05 ), #3595, 'distance_accuracy_value', 'NONE');
#3529 = MECHANICAL_DESIGN_GEOMETRIC_PRESENTATION_REPRESENTATION (  '', ( #1799 ), #815 ) ;
#3530 = LINE ( 'NONE', #4039, #2898 ) ;
#3531 = FILL_AREA_STYLE_COLOUR ( '', #3468 ) ;
#3532 = CARTESIAN_POINT ( 'NONE',  ( -1.249999999999997113, 4.049999999999999822, 4.654606468570293109E-16 ) ) ;
#3533 = ORIENTED_EDGE ( 'NONE', *, *, #828, .F. ) ;
#3534 = CARTESIAN_POINT ( 'NONE',  ( 6.656858269928777716, 4.000000000000000000, 0.05416420245752910645 ) ) ;
#3535 = EDGE_CURVE ( 'NONE', #902, #4112, #4616, .T. ) ;
#3536 = FILL_AREA_STYLE_COLOUR ( '', #318 ) ;
#3537 = STYLED_ITEM ( 'NONE', ( #3765 ), #840 ) ;
#3538 = EDGE_CURVE ( 'NONE', #143, #1467, #4213, .T. ) ;
#3539 = EDGE_CURVE ( 'NONE', #3415, #977, #3354, .T. ) ;
#3540 = FILL_AREA_STYLE ('',( #2714 ) ) ;
#3541 = FILL_AREA_STYLE_COLOUR ( '', #4781 ) ;
#3542 = EDGE_LOOP ( 'NONE', ( #1260 ) ) ;
#3543 = DIRECTION ( 'NONE',  ( -1.835596038252509459E-31, 1.000000000000000000, 2.300720062539715626E-17 ) ) ;
#3544 = CIRCLE ( 'NONE', #1097, 1.500000000000000444 ) ;
#3545 =( NAMED_UNIT ( * ) PLANE_ANGLE_UNIT ( ) SI_UNIT ( $, .RADIAN. ) );
#3546 = CARTESIAN_POINT ( 'NONE',  ( 7.311065400115773549, 3.998999999999997446, 0.4006013130633634955 ) ) ;
#3547 = SURFACE_STYLE_USAGE ( .BOTH. , #5228 ) ;
#3548 = DIRECTION ( 'NONE',  ( -1.835596038252509459E-31, 1.000000000000000000, 2.300720062539715626E-17 ) ) ;
#3549 = DIRECTION ( 'NONE',  ( -1.000000000000000000, -0.000000000000000000, -1.734723475976807094E-16 ) ) ;
#3550 = ORIENTED_EDGE ( 'NONE', *, *, #4543, .T. ) ;
#3551 = DIRECTION ( 'NONE',  ( 1.835596038252509459E-31, -1.000000000000000000, -2.300720062539715626E-17 ) ) ;
#3552 = SURFACE_STYLE_USAGE ( .BOTH. , #2671 ) ;
#3553 = CIRCLE ( 'NONE', #3184, 0.3999999999999999667 ) ;
#3554 = AXIS2_PLACEMENT_3D ( 'NONE', #2231, #60, #4278 ) ;
#3555 = CARTESIAN_POINT ( 'NONE',  ( 7.320312930522453243, 4.000000000000005329, -0.6692785510159484641 ) ) ;
#3556 = CARTESIAN_POINT ( 'NONE',  ( 6.863662756611013549, 3.999000000000004107, -0.5672015377793864221 ) ) ;
#3557 = CARTESIAN_POINT ( 'NONE',  ( 7.282166955574973066, 3.999999999999998224, 0.2869929757270880399 ) ) ;
#3558 = MECHANICAL_DESIGN_GEOMETRIC_PRESENTATION_REPRESENTATION (  '', ( #4105 ), #2290 ) ;
#3559 = AXIS2_PLACEMENT_3D ( 'NONE', #3767, #1476, #1997 ) ;
#3560 = CARTESIAN_POINT ( 'NONE',  ( 6.678776834994687661, 3.999000000000004995, -0.6958795463181784990 ) ) ;
#3561 = EDGE_LOOP ( 'NONE', ( #2123, #4709, #1679, #1283 ) ) ;
#3562 = CARTESIAN_POINT ( 'NONE',  ( 1.250000000000003109, 0.000000000000000000, 0.7500000000000015543 ) ) ;
#3563 = AXIS2_PLACEMENT_3D ( 'NONE', #2795, #5021, #2378 ) ;
#3564 = PRESENTATION_STYLE_ASSIGNMENT (( #4020 ) ) ;
#3565 =( LENGTH_UNIT ( ) NAMED_UNIT ( * ) SI_UNIT ( .MILLI., .METRE. ) );
#3566 = FILL_AREA_STYLE ('',( #1823 ) ) ;
#3567 =( LENGTH_UNIT ( ) NAMED_UNIT ( * ) SI_UNIT ( .MILLI., .METRE. ) );
#3568 = FILL_AREA_STYLE ('',( #1825 ) ) ;
#3569 = EDGE_CURVE ( 'NONE', #5556, #3437, #3020, .T. ) ;
#3570 = DIRECTION ( 'NONE',  ( 0.000000000000000000, 1.000000000000000000, -0.000000000000000000 ) ) ;
#3571 = EDGE_LOOP ( 'NONE', ( #3962 ) ) ;
#3572 = FACE_OUTER_BOUND ( 'NONE', #5425, .T. ) ;
#3573 = SURFACE_STYLE_USAGE ( .BOTH. , #4029 ) ;
#3574 = ADVANCED_FACE ( 'NONE', ( #1707 ), #3381, .T. ) ;
#3575 = CARTESIAN_POINT ( 'NONE',  ( 6.608890424281042897, 3.999000000000004107, -0.6586030140548304601 ) ) ;
#3576 = CARTESIAN_POINT ( 'NONE',  ( -6.999999999999997335, 4.000000000000000000, -3.499999999999997335 ) ) ;
#3577 = DIRECTION ( 'NONE',  ( 0.000000000000000000, 0.000000000000000000, -1.000000000000000000 ) ) ;
#3578 = VERTEX_POINT ( 'NONE', #376 ) ;
#3579 = MECHANICAL_DESIGN_GEOMETRIC_PRESENTATION_REPRESENTATION (  '', ( #4121 ), #5033 ) ;
#3580 = DIRECTION ( 'NONE',  ( -0.5403350958123748216, 5.868513238538530046E-15, -0.8414499297245389142 ) ) ;
#3581 = SURFACE_STYLE_FILL_AREA ( #3018 ) ;
#3582 = CIRCLE ( 'NONE', #960, 2.500000000000000888 ) ;
#3583 = UNCERTAINTY_MEASURE_WITH_UNIT (LENGTH_MEASURE( 1.000000000000000082E-05 ), #1172, 'distance_accuracy_value', 'NONE');
#3584 =( GEOMETRIC_REPRESENTATION_CONTEXT ( 3 ) GLOBAL_UNCERTAINTY_ASSIGNED_CONTEXT ( ( #4753 ) ) GLOBAL_UNIT_ASSIGNED_CONTEXT ( ( #3905, #3418, #1625 ) ) REPRESENTATION_CONTEXT ( 'NONE', 'WORKASPACE' ) );
#3585 = SURFACE_STYLE_FILL_AREA ( #4867 ) ;
#3586 = FACE_OUTER_BOUND ( 'NONE', #3153, .T. ) ;
#3587 = LINE ( 'NONE', #2420, #1223 ) ;
#3588 = ORIENTED_EDGE ( 'NONE', *, *, #4135, .T. ) ;
#3589 = CARTESIAN_POINT ( 'NONE',  ( -3.749999999999996447, 0.000000000000000000, 0.7500000000000036637 ) ) ;
#3590 = PRESENTATION_LAYER_ASSIGNMENT (  '', '', ( #1053 ) ) ;
#3591 = MECHANICAL_DESIGN_GEOMETRIC_PRESENTATION_REPRESENTATION (  '', ( #1854 ), #612 ) ;
#3592 = CARTESIAN_POINT ( 'NONE',  ( -7.000000000000000000, 1.000000000000000000, -2.499999999999999112 ) ) ;
#3593 = CARTESIAN_POINT ( 'NONE',  ( -6.999999999999996447, 0.1000000000000000056, 2.999756890367033535E-15 ) ) ;
#3594 = EDGE_CURVE ( 'NONE', #4981, #1440, #943, .T. ) ;
#3595 =( LENGTH_UNIT ( ) NAMED_UNIT ( * ) SI_UNIT ( .MILLI., .METRE. ) );
#3596 = CIRCLE ( 'NONE', #2324, 0.4000000000000000222 ) ;
#3597 = AXIS2_PLACEMENT_3D ( 'NONE', #2182, #4437, #3923 ) ;
#3598 = DIRECTION ( 'NONE',  ( -1.835596037908135107E-31, 1.000000000000000000, 2.300720041860673629E-17 ) ) ;
#3599 = VERTEX_POINT ( 'NONE', #4640 ) ;
#3600 = VECTOR ( 'NONE', #3861, 1000.000000000000000 ) ;
#3601 =( NAMED_UNIT ( * ) PLANE_ANGLE_UNIT ( ) SI_UNIT ( $, .RADIAN. ) );
#3602 = CARTESIAN_POINT ( 'NONE',  ( 7.047529871898612797, 4.000000000000005329, -0.7449595333182724710 ) ) ;
#3603 = EDGE_LOOP ( 'NONE', ( #2091, #3913, #1323, #2158 ) ) ;
#3604 = ADVANCED_FACE ( 'NONE', ( #24 ), #568, .T. ) ;
#3605 = PRODUCT_DEFINITION_FORMATION_WITH_SPECIFIED_SOURCE ( 'ANY', '', #2567, .NOT_KNOWN. ) ;
#3606 = CARTESIAN_POINT ( 'NONE',  ( -1.249999999999997113, 3.904499097132790197, 4.621129109509723120E-16 ) ) ;
#3607 = ORIENTED_EDGE ( 'NONE', *, *, #3539, .F. ) ;
#3608 = CARTESIAN_POINT ( 'NONE',  ( 7.000000000000003553, 1.000000000000000000, 2.499999999999999556 ) ) ;
#3609 = CARTESIAN_POINT ( 'NONE',  ( 7.000000000000002665, 5.820403407052320672E-31, -1.499529456856608035E-15 ) ) ;
#3610 = CARTESIAN_POINT ( 'NONE',  ( 7.517981352529812256, 3.999000000000003219, -0.4642103424512264986 ) ) ;
#3611 =( NAMED_UNIT ( * ) PLANE_ANGLE_UNIT ( ) SI_UNIT ( $, .RADIAN. ) );
#3612 = SURFACE_STYLE_USAGE ( .BOTH. , #185 ) ;
#3613 = CARTESIAN_POINT ( 'NONE',  ( 6.880224449475322857, 3.999999999999999112, 0.1280693333435959091 ) ) ;
#3614 = DIRECTION ( 'NONE',  ( 4.336808689942016750E-16, 0.000000000000000000, 1.000000000000000000 ) ) ;
#3615 = ORIENTED_EDGE ( 'NONE', *, *, #1400, .T. ) ;
#3616 = VERTEX_POINT ( 'NONE', #1441 ) ;
#3617 = PRESENTATION_STYLE_ASSIGNMENT (( #645 ) ) ;
#3618 = FACE_OUTER_BOUND ( 'NONE', #2019, .T. ) ;
#3619 = SURFACE_STYLE_FILL_AREA ( #3566 ) ;
#3620 = FILL_AREA_STYLE ('',( #1877 ) ) ;
#3621 = DIRECTION ( 'NONE',  ( 0.000000000000000000, -1.000000000000000000, 0.000000000000000000 ) ) ;
#3622 = CARTESIAN_POINT ( 'NONE',  ( -6.999999999999996447, 3.900000000000000355, 2.198731280726776271E-15 ) ) ;
#3623 = ORIENTED_EDGE ( 'NONE', *, *, #3910, .T. ) ;
#3624 = SURFACE_STYLE_FILL_AREA ( #5358 ) ;
#3625 = AXIS2_PLACEMENT_3D ( 'NONE', #4048, #191, #1876 ) ;
#3626 = FILL_AREA_STYLE_COLOUR ( '', #517 ) ;
#3627 = CARTESIAN_POINT ( 'NONE',  ( 7.520677587691593224, 3.998999999999996557, 0.4347325564932900122 ) ) ;
#3628 = CARTESIAN_POINT ( 'NONE',  ( 7.219323152397882914, 3.998999999999998334, 0.2332062162312439624 ) ) ;
#3629 = ORIENTED_EDGE ( 'NONE', *, *, #5101, .F. ) ;
#3630 = CARTESIAN_POINT ( 'NONE',  ( 7.580503793503464038, 3.999000000000001886, -0.2100940137827840559 ) ) ;
#3631 = FILL_AREA_STYLE ('',( #1889 ) ) ;
#3632 = EDGE_CURVE ( 'NONE', #1440, #63, #3511, .T. ) ;
#3633 = STYLED_ITEM ( 'NONE', ( #1334 ), #75 ) ;
#3634 = CARTESIAN_POINT ( 'NONE',  ( 7.579985169858792560, 3.999000000000001886, -0.2232288186795685359 ) ) ;
#3635 = PRESENTATION_LAYER_ASSIGNMENT (  '', '', ( #397 ) ) ;
#3636 = PRESENTATION_STYLE_ASSIGNMENT (( #1950 ) ) ;
#3637 = CARTESIAN_POINT ( 'NONE',  ( -7.000000000000000000, 1.000000000000000000, -2.499999999999999112 ) ) ;
#3638 = CARTESIAN_POINT ( 'NONE',  ( 6.929800260216112839, 3.999999999999999112, 0.1410124485771499236 ) ) ;
#3639 = DIRECTION ( 'NONE',  ( 1.000000000000000000, 0.000000000000000000, -2.168404344971008375E-16 ) ) ;
#3640 = ORIENTED_EDGE ( 'NONE', *, *, #3462, .F. ) ;
#3641 = MECHANICAL_DESIGN_GEOMETRIC_PRESENTATION_REPRESENTATION (  '', ( #488 ), #1367 ) ;
#3642 = VERTEX_POINT ( 'NONE', #1063 ) ;
#3643 = EDGE_CURVE ( 'NONE', #1545, #1217, #1344, .T. ) ;
#3644 = DIRECTION ( 'NONE',  ( -0.6401843996644827062, -0.000000000000000000, -0.7682212795973734076 ) ) ;
#3645 = FACE_OUTER_BOUND ( 'NONE', #2852, .T. ) ;
#3646 = CARTESIAN_POINT ( 'NONE',  ( 6.487691613459672269, 3.999000000000000998, -0.06929566999559828855 ) ) ;
#3647 = STYLED_ITEM ( 'NONE', ( #2909 ), #4302 ) ;
#3648 = AXIS2_PLACEMENT_3D ( 'NONE', #4077, #299, #1906 ) ;
#3649 = SURFACE_STYLE_FILL_AREA ( #2398 ) ;
#3650 = SURFACE_SIDE_STYLE ('',( #3709 ) ) ;
#3651 = VECTOR ( 'NONE', #165, 1000.000000000000000 ) ;
#3652 = CARTESIAN_POINT ( 'NONE',  ( -7.549359403775211419, 3.999000000000000110, 0.7777937623848212301 ) ) ;
#3653 = STYLED_ITEM ( 'NONE', ( #2879 ), #4603 ) ;
#3654 = DIRECTION ( 'NONE',  ( 0.000000000000000000, 1.000000000000000000, 0.000000000000000000 ) ) ;
#3655 = ORIENTED_EDGE ( 'NONE', *, *, #2625, .F. ) ;
#3656 = DIRECTION ( 'NONE',  ( 0.000000000000000000, 1.000000000000000000, -0.000000000000000000 ) ) ;
#3657 = CARTESIAN_POINT ( 'NONE',  ( 1.500000000000000000, 2.500000000000000000, 2.500000000000002220 ) ) ;
#3658 = CARTESIAN_POINT ( 'NONE',  ( 7.124787461752032591, 3.999000000000004107, -0.5500548952347914522 ) ) ;
#3659 = CARTESIAN_POINT ( 'NONE',  ( 7.074160184841323584, 3.999999999999994227, 0.7879508147551644859 ) ) ;
#3660 = SURFACE_STYLE_FILL_AREA ( #1080 ) ;
#3661 = EDGE_LOOP ( 'NONE', ( #4748, #4557, #4027, #1976 ) ) ;
#3662 = CARTESIAN_POINT ( 'NONE',  ( 7.165363462551454177, 3.999999999999995559, 0.5915552066621044824 ) ) ;
#3663 = DIRECTION ( 'NONE',  ( 1.835596038252509459E-31, -1.000000000000000000, -2.300720062539715626E-17 ) ) ;
#3664 = CARTESIAN_POINT ( 'NONE',  ( 7.353089310456433658, 3.999999999999999112, 0.08287722316456165583 ) ) ;
#3665 = LINE ( 'NONE', #4890, #485 ) ;
#3666 = CARTESIAN_POINT ( 'NONE',  ( 7.301357158888083454, 4.000000000000000000, 0.05493002467875417183 ) ) ;
#3667 =( GEOMETRIC_REPRESENTATION_CONTEXT ( 3 ) GLOBAL_UNCERTAINTY_ASSIGNED_CONTEXT ( ( #2867 ) ) GLOBAL_UNIT_ASSIGNED_CONTEXT ( ( #1643, #2959, #761 ) ) REPRESENTATION_CONTEXT ( 'NONE', 'WORKASPACE' ) );
#3668 = SURFACE_SIDE_STYLE ('',( #1085 ) ) ;
#3669 = EDGE_CURVE ( 'NONE', #2367, #2367, #965, .T. ) ;
#3670 = CARTESIAN_POINT ( 'NONE',  ( 7.191797434842913006, 3.999999999999995559, 0.5807084193647205073 ) ) ;
#3671 = ORIENTED_EDGE ( 'NONE', *, *, #5071, .F. ) ;
#3672 = CARTESIAN_POINT ( 'NONE',  ( -3.749999999999996447, 4.000000000000000000, 0.7500000000000036637 ) ) ;
#3673 = COLOUR_RGB ( '',0.8980392156862745390, 0.8980392156862745390, 0.8980392156862745390 ) ;
#3674 = FACE_OUTER_BOUND ( 'NONE', #3120, .T. ) ;
#3675 = LINE ( 'NONE', #4927, #3486 ) ;
#3676 = AXIS2_PLACEMENT_3D ( 'NONE', #4846, #2759, #3164 ) ;
#3677 = CARTESIAN_POINT ( 'NONE',  ( 6.416170952994842303, 4.000000000000001776, -0.2179195993673169740 ) ) ;
#3678 = LINE ( 'NONE', #596, #1716 ) ;
#3679 = CARTESIAN_POINT ( 'NONE',  ( 6.618965331964997922, 4.000000000000002665, -0.3137598791673994469 ) ) ;
#3680 = EDGE_CURVE ( 'NONE', #344, #414, #2736, .T. ) ;
#3681 = VECTOR ( 'NONE', #42, 1000.000000000000000 ) ;
#3682 = AXIS2_PLACEMENT_3D ( 'NONE', #3764, #1091, #2815 ) ;
#3683 = MECHANICAL_DESIGN_GEOMETRIC_PRESENTATION_REPRESENTATION (  '', ( #2 ), #3133 ) ;
#3684 = DIRECTION ( 'NONE',  ( 0.000000000000000000, 7.205007282611301174E-15, -1.000000000000000000 ) ) ;
#3685 = SURFACE_SIDE_STYLE ('',( #1099 ) ) ;
#3686 = MECHANICAL_DESIGN_GEOMETRIC_PRESENTATION_REPRESENTATION (  '', ( #88 ), #1404 ) ;
#3687 = STYLED_ITEM ( 'NONE', ( #2904 ), #4714 ) ;
#3688 = DIRECTION ( 'NONE',  ( -1.835596038252509459E-31, 1.000000000000000000, 2.300720062539715626E-17 ) ) ;
#3689 = ORIENTED_EDGE ( 'NONE', *, *, #2072, .T. ) ;
#3690 = PRESENTATION_LAYER_ASSIGNMENT (  '', '', ( #3506 ) ) ;
#3691 = MECHANICAL_DESIGN_GEOMETRIC_PRESENTATION_REPRESENTATION (  '', ( #2960 ), #3412 ) ;
#3692 = PRESENTATION_LAYER_ASSIGNMENT (  '', '', ( #5414 ) ) ;
#3693 = CARTESIAN_POINT ( 'NONE',  ( 7.403589991592332886, 3.998999999999995669, 0.6575156526172324378 ) ) ;
#3694 = CARTESIAN_POINT ( 'NONE',  ( 6.993664851195772414, 3.998999999999995669, 0.6168290631402925106 ) ) ;
#3695 = ORIENTED_EDGE ( 'NONE', *, *, #5140, .F. ) ;
#3696 =( GEOMETRIC_REPRESENTATION_CONTEXT ( 3 ) GLOBAL_UNCERTAINTY_ASSIGNED_CONTEXT ( ( #983 ) ) GLOBAL_UNIT_ASSIGNED_CONTEXT ( ( #2717, #193, #4570 ) ) REPRESENTATION_CONTEXT ( 'NONE', 'WORKASPACE' ) );
#3697 = FILL_AREA_STYLE_COLOUR ( '', #2418 ) ;
#3698 = PRESENTATION_LAYER_ASSIGNMENT (  '', '', ( #2513 ) ) ;
#3699 = DIRECTION ( 'NONE',  ( -7.522003992719214249E-49, -2.300720062539715934E-17, 1.000000000000000000 ) ) ;
#3700 = CARTESIAN_POINT ( 'NONE',  ( 7.457951938127663993, 3.999000000000004107, -0.5555220248330196009 ) ) ;
#3701 = COLOUR_RGB ( '',0.7921568627450980005, 0.8196078431372548767, 0.9333333333333333481 ) ;
#3702 = FILL_AREA_STYLE ('',( #3241 ) ) ;
#3703 =( LENGTH_UNIT ( ) NAMED_UNIT ( * ) SI_UNIT ( .MILLI., .METRE. ) );
#3704 = FACE_BOUND ( 'NONE', #5037, .T. ) ;
#3705 = ORIENTED_EDGE ( 'NONE', *, *, #4574, .F. ) ;
#3706 = CARTESIAN_POINT ( 'NONE',  ( -6.999999999999996447, 0.1000000000000108025, -1.499999999999996891 ) ) ;
#3707 =( LENGTH_UNIT ( ) NAMED_UNIT ( * ) SI_UNIT ( .MILLI., .METRE. ) );
#3708 = SURFACE_STYLE_FILL_AREA ( #621 ) ;
#3709 = SURFACE_STYLE_FILL_AREA ( #737 ) ;
#3710 = EDGE_CURVE ( 'NONE', #1190, #2831, #1673, .T. ) ;
#3711 = DIRECTION ( 'NONE',  ( -1.000000000000000000, 0.000000000000000000, 2.478176394252580155E-16 ) ) ;
#3712 =( NAMED_UNIT ( * ) SI_UNIT ( $, .STERADIAN. ) SOLID_ANGLE_UNIT ( ) );
#3713 = ORIENTED_EDGE ( 'NONE', *, *, #4046, .F. ) ;
#3714 = PLANE ( 'NONE',  #3239 ) ;
#3715 = EDGE_CURVE ( 'NONE', #1499, #1499, #4861, .T. ) ;
#3716 = FILL_AREA_STYLE_COLOUR ( '', #2318 ) ;
#3717 = CARTESIAN_POINT ( 'NONE',  ( 7.311273024272693100, 3.998999999999997446, 0.3929708900633694935 ) ) ;
#3718 = CARTESIAN_POINT ( 'NONE',  ( -6.619070942236746191, 3.999000000000000110, 0.7777937623848212301 ) ) ;
#3719 = ORIENTED_EDGE ( 'NONE', *, *, #3890, .T. ) ;
#3720 =( LENGTH_UNIT ( ) NAMED_UNIT ( * ) SI_UNIT ( .MILLI., .METRE. ) );
#3721 = AXIS2_PLACEMENT_3D ( 'NONE', #3355, #786, #735 ) ;
#3722 =( LENGTH_UNIT ( ) NAMED_UNIT ( * ) SI_UNIT ( .MILLI., .METRE. ) );
#3723 = EDGE_CURVE ( 'NONE', #2927, #1348, #4409, .T. ) ;
#3724 = SURFACE_STYLE_USAGE ( .BOTH. , #4068 ) ;
#3725 = DIRECTION ( 'NONE',  ( 0.5403350958123748216, -5.868513238538530046E-15, 0.8414499297245389142 ) ) ;
#3726 = PRESENTATION_LAYER_ASSIGNMENT (  '', '', ( #1799 ) ) ;
#3727 = PRESENTATION_LAYER_ASSIGNMENT (  '', '', ( #743 ) ) ;
#3728 = CARTESIAN_POINT ( 'NONE',  ( 7.368965331965003251, 3.999000000000001886, -0.2100940137827840282 ) ) ;
#3729 = FACE_OUTER_BOUND ( 'NONE', #1812, .T. ) ;
#3730 = UNCERTAINTY_MEASURE_WITH_UNIT (LENGTH_MEASURE( 1.000000000000000082E-05 ), #3565, 'distance_accuracy_value', 'NONE');
#3731 = CARTESIAN_POINT ( 'NONE',  ( 7.165363462551454177, 3.999999999999995559, 0.5915552066621044824 ) ) ;
#3732 = EDGE_LOOP ( 'NONE', ( #495 ) ) ;
#3733 = CARTESIAN_POINT ( 'NONE',  ( -1.249999999999997335, -1.725540046904288443E-17, 0.7500000000000003331 ) ) ;
#3734 = CIRCLE ( 'NONE', #4639, 0.3999999999999999667 ) ;
#3735 =( NAMED_UNIT ( * ) PLANE_ANGLE_UNIT ( ) SI_UNIT ( $, .RADIAN. ) );
#3736 = PRESENTATION_STYLE_ASSIGNMENT (( #4899 ) ) ;
#3737 = CARTESIAN_POINT ( 'NONE',  ( -7.549359403775211419, 4.000000000000000000, -0.7222062376151787699 ) ) ;
#3738 = UNCERTAINTY_MEASURE_WITH_UNIT (LENGTH_MEASURE( 1.000000000000000082E-05 ), #3918, 'distance_accuracy_value', 'NONE');
#3739 = PRESENTATION_LAYER_ASSIGNMENT (  '', '', ( #4101 ) ) ;
#3740 = PRESENTATION_LAYER_ASSIGNMENT (  '', '', ( #5362 ) ) ;
#3741 = SURFACE_STYLE_USAGE ( .BOTH. , #4676 ) ;
#3742 = DIRECTION ( 'NONE',  ( 0.000000000000000000, 0.000000000000000000, -1.000000000000000000 ) ) ;
#3743 = AXIS2_PLACEMENT_3D ( 'NONE', #5372, #1982, #590 ) ;
#3744 = ORIENTED_EDGE ( 'NONE', *, *, #2801, .F. ) ;
#3745 = FILL_AREA_STYLE_COLOUR ( '', #21 ) ;
#3746 = FILL_AREA_STYLE_COLOUR ( '', #4403 ) ;
#3747 = VECTOR ( 'NONE', #515, 1000.000000000000000 ) ;
#3748 = CARTESIAN_POINT ( 'NONE',  ( 7.257486966580382948, 3.999999999999998224, 0.2604588708326004975 ) ) ;
#3749 = CARTESIAN_POINT ( 'NONE',  ( 6.700771155347953645, 3.998999999999996557, 0.4885668106481245165 ) ) ;
#3750 = EDGE_CURVE ( 'NONE', #676, #676, #258, .T. ) ;
#3751 = VERTEX_POINT ( 'NONE', #3478 ) ;
#3752 = CARTESIAN_POINT ( 'NONE',  ( 7.310658641823142290, 3.998999999999997446, 0.4155501411646220222 ) ) ;
#3753 = LINE ( 'NONE', #2471, #1595 ) ;
#3754 = CARTESIAN_POINT ( 'NONE',  ( -6.999999999999999112, 2.299999999999999822, -1.749999999999998224 ) ) ;
#3755 = SURFACE_STYLE_USAGE ( .BOTH. , #4095 ) ;
#3756 = SURFACE_STYLE_FILL_AREA ( #3702 ) ;
#3757 = CARTESIAN_POINT ( 'NONE',  ( 6.869472071929282997, 3.999000000000000998, -0.08065821795759692270 ) ) ;
#3758 = EDGE_LOOP ( 'NONE', ( #894, #245, #1062, #5564 ) ) ;
#3759 = CARTESIAN_POINT ( 'NONE',  ( -6.395513249929057231, 4.000000000000000000, -0.7222062376151787699 ) ) ;
#3760 = EDGE_LOOP ( 'NONE', ( #4428 ) ) ;
#3761 = CARTESIAN_POINT ( 'NONE',  ( -3.349999999999996536, -1.649999999999999911, 3.121154890382365663E-16 ) ) ;
#3762 = CARTESIAN_POINT ( 'NONE',  ( 7.313541299770183635, 4.000000000000002665, -0.4056823978151425369 ) ) ;
#3763 = CARTESIAN_POINT ( 'NONE',  ( 6.961513408888073684, 4.000000000000004441, -0.5754786291674005572 ) ) ;
#3764 = CARTESIAN_POINT ( 'NONE',  ( -1.249999999999997335, 4.000000000000000000, 2.276824562219559311E-15 ) ) ;
#3765 = PRESENTATION_STYLE_ASSIGNMENT (( #377 ) ) ;
#3766 = DIRECTION ( 'NONE',  ( 1.797281352452778372E-31, -1.000000000000000000, 1.577721810442023611E-30 ) ) ;
#3767 = CARTESIAN_POINT ( 'NONE',  ( 7.000000000000001776, 1.000000000000000000, -1.301042606982604138E-15 ) ) ;
#3768 = CARTESIAN_POINT ( 'NONE',  ( 7.216831435753913837, 4.000000000000003553, -0.5043999924660095280 ) ) ;
#3769 = EDGE_CURVE ( 'NONE', #4555, #4555, #3, .T. ) ;
#3770 = COLOUR_RGB ( '',0.8980392156862745390, 0.8980392156862745390, 0.8980392156862745390 ) ;
#3771 = SURFACE_SIDE_STYLE ('',( #2028 ) ) ;
#3772 = DIRECTION ( 'NONE',  ( 0.000000000000000000, -1.000000000000000000, 0.000000000000000000 ) ) ;
#3773 = CIRCLE ( 'NONE', #3676, 0.2999999999999999334 ) ;
#3774 = FILL_AREA_STYLE ('',( #5075 ) ) ;
#3775 = PRESENTATION_LAYER_ASSIGNMENT (  '', '', ( #5223 ) ) ;
#3776 = PRESENTATION_LAYER_ASSIGNMENT (  '', '', ( #3404 ) ) ;
#3777 = CARTESIAN_POINT ( 'NONE',  ( 7.574237604706492988, 4.000000000000001776, -0.2876727150003285383 ) ) ;
#3778 = CARTESIAN_POINT ( 'NONE',  ( 6.667925546575818707, 3.998999999999997446, 0.4097810780446600742 ) ) ;
#3779 = VERTEX_POINT ( 'NONE', #4815 ) ;
#3780 =( NAMED_UNIT ( * ) SI_UNIT ( $, .STERADIAN. ) SOLID_ANGLE_UNIT ( ) );
#3781 = STYLED_ITEM ( 'NONE', ( #4031 ), #3295 ) ;
#3782 = CONICAL_SURFACE ( 'NONE', #5233, 0.3500000000000000333, 0.7853981633974476129 ) ;
#3783 = EDGE_CURVE ( 'NONE', #902, #1515, #3137, .T. ) ;
#3784 = SURFACE_STYLE_USAGE ( .BOTH. , #5455 ) ;
#3785 = COLOUR_RGB ( '',0.1019607843137254888, 0.1019607843137254888, 0.1019607843137254888 ) ;
#3786 = DIRECTION ( 'NONE',  ( 1.797281352452778372E-31, -1.000000000000000000, 1.577721810442023611E-30 ) ) ;
#3787 = CARTESIAN_POINT ( 'NONE',  ( 7.301357158888083454, 3.999000000000000110, 0.05493002467875417183 ) ) ;
#3788 = VERTEX_POINT ( 'NONE', #3936 ) ;
#3789 = ORIENTED_EDGE ( 'NONE', *, *, #3148, .T. ) ;
#3790 = FILL_AREA_STYLE_COLOUR ( '', #3701 ) ;
#3791 = CIRCLE ( 'NONE', #623, 0.4000000000000000222 ) ;
#3792 = CARTESIAN_POINT ( 'NONE',  ( 7.287175656788943634, 4.000000000000003553, -0.4424754637768885113 ) ) ;
#3793 = B_SPLINE_SURFACE_WITH_KNOTS ( 'NONE', 3, 1, ( 
 ( #4530, #725 ),
 ( #1615, #4719 ),
 ( #314, #2532 ),
 ( #2501, #1213 ),
 ( #5507, #4238 ),
 ( #3757, #1164 ),
 ( #3349, #778 ),
 ( #3327, #806 ),
 ( #4287, #2016 ),
 ( #4260, #5086 ),
 ( #1188, #4634 ),
 ( #5147, #391 ),
 ( #424, #755 ),
 ( #3375, #340 ),
 ( #5113, #5456 ),
 ( #4177, #2952 ),
 ( #5478, #5533 ),
 ( #1591, #2042 ),
 ( #3787, #2924 ) ),
 .UNSPECIFIED., .F., .F., .F.,
 ( 4, 1, 1, 1, 1, 1, 1, 1, 1, 1, 1, 1, 1, 1, 1, 1, 4 ),
 ( 2, 2 ),
 ( 0.000000000000000000, 0.03120011115393675136, 0.07048671901620030822, 0.1172148300204120114, 0.1715755269954915008, 0.2341219784876090171, 0.3039626396728059565, 0.3821556401561975180, 0.4676462220680259740, 0.5543353814021599879, 0.6350744656665049392, 0.7100366878785240310, 0.7790924037748320208, 0.8429656453505109948, 0.9010012068505279803, 0.9532462564590260534, 1.000000000000000000 ),
 ( 0.000000000000000000, 1.000000000000000000 ),
 .UNSPECIFIED. ) ;
#3794 = FILL_AREA_STYLE_COLOUR ( '', #4854 ) ;
#3795 = CARTESIAN_POINT ( 'NONE',  ( 7.263508055524003026, 3.998999999999994781, 0.7442601245378563934 ) ) ;
#3796 = DIRECTION ( 'NONE',  ( -1.000000000000000000, 0.000000000000000000, 2.168404344971008375E-16 ) ) ;
#3797 = AXIS2_PLACEMENT_3D ( 'NONE', #3932, #4358, #104 ) ;
#3798 = SURFACE_STYLE_FILL_AREA ( #4700 ) ;
#3799 = CARTESIAN_POINT ( 'NONE',  ( 6.658770954638502104, 3.998999999999997446, 0.3583392297050070341 ) ) ;
#3800 =( NAMED_UNIT ( * ) SI_UNIT ( $, .STERADIAN. ) SOLID_ANGLE_UNIT ( ) );
#3801 = ORIENTED_EDGE ( 'NONE', *, *, #1342, .T. ) ;
#3802 =( NAMED_UNIT ( * ) SI_UNIT ( $, .STERADIAN. ) SOLID_ANGLE_UNIT ( ) );
#3803 = FACE_OUTER_BOUND ( 'NONE', #4347, .T. ) ;
#3804 = VERTEX_POINT ( 'NONE', #3060 ) ;
#3805 =( NAMED_UNIT ( * ) PLANE_ANGLE_UNIT ( ) SI_UNIT ( $, .RADIAN. ) );
#3806 = SURFACE_STYLE_USAGE ( .BOTH. , #1161 ) ;
#3807 = CARTESIAN_POINT ( 'NONE',  ( -0.2499999999999833189, -1.500000000000003553, 1.999999999999998224 ) ) ;
#3808 = CARTESIAN_POINT ( 'NONE',  ( 6.444167976967122513, 4.000000000000003553, -0.4750273629506954753 ) ) ;
#3809 = MANIFOLD_SOLID_BREP ( 'NONE', #4728 ) ;
#3810 = CARTESIAN_POINT ( 'NONE',  ( 6.626911968838003375, 4.000000000000001776, -0.2508700140854904781 ) ) ;
#3811 = SURFACE_SIDE_STYLE ('',( #4691 ) ) ;
#3812 = VERTEX_POINT ( 'NONE', #3109 ) ;
#3813 = ORIENTED_EDGE ( 'NONE', *, *, #2206, .T. ) ;
#3814 =( NAMED_UNIT ( * ) SI_UNIT ( $, .STERADIAN. ) SOLID_ANGLE_UNIT ( ) );
#3815 = ADVANCED_FACE ( 'NONE', ( #4848, #3993 ), #931, .F. ) ;
#3816 = CIRCLE ( 'NONE', #4716, 1.750000000000000888 ) ;
#3817 = FILL_AREA_STYLE_COLOUR ( '', #879 ) ;
#3818 = DIRECTION ( 'NONE',  ( 0.000000000000000000, 0.000000000000000000, 1.000000000000000000 ) ) ;
#3819 = SURFACE_STYLE_USAGE ( .BOTH. , #4698 ) ;
#3820 = SURFACE_STYLE_FILL_AREA ( #5381 ) ;
#3821 = PRESENTATION_STYLE_ASSIGNMENT (( #401 ) ) ;
#3822 = CIRCLE ( 'NONE', #389, 0.7500000000000000000 ) ;
#3823 = EDGE_CURVE ( 'NONE', #4100, #4100, #3007, .T. ) ;
#3824 = MANIFOLD_SOLID_BREP ( 'NONE', #745 ) ;
#3825 =( LENGTH_UNIT ( ) NAMED_UNIT ( * ) SI_UNIT ( .MILLI., .METRE. ) );
#3826 = VECTOR ( 'NONE', #1730, 1000.000000000000000 ) ;
#3827 = CARTESIAN_POINT ( 'NONE',  ( 6.677071747364042409, 3.998999999999996557, 0.4380384678591070502 ) ) ;
#3828 = PRESENTATION_LAYER_ASSIGNMENT (  '', '', ( #1182 ) ) ;
#3829 = CARTESIAN_POINT ( 'NONE',  ( 6.407426870426538024, 4.000000000000002665, -0.3035435330135534682 ) ) ;
#3830 =( NAMED_UNIT ( * ) PLANE_ANGLE_UNIT ( ) SI_UNIT ( $, .RADIAN. ) );
#3831 =( GEOMETRIC_REPRESENTATION_CONTEXT ( 3 ) GLOBAL_UNCERTAINTY_ASSIGNED_CONTEXT ( ( #2876 ) ) GLOBAL_UNIT_ASSIGNED_CONTEXT ( ( #2976, #5167, #3863 ) ) REPRESENTATION_CONTEXT ( 'NONE', 'WORKASPACE' ) );
#3832 = CARTESIAN_POINT ( 'NONE',  ( 6.693784159426337865, 3.999999999999999112, 0.07006726159425791245 ) ) ;
#3833 = ORIENTED_EDGE ( 'NONE', *, *, #5574, .T. ) ;
#3834 = FACE_OUTER_BOUND ( 'NONE', #178, .T. ) ;
#3835 = VECTOR ( 'NONE', #5551, 1000.000000000000000 ) ;
#3836 = CARTESIAN_POINT ( 'NONE',  ( 7.000000000000003553, 0.000000000000000000, 2.499999999999999556 ) ) ;
#3837 = UNCERTAINTY_MEASURE_WITH_UNIT (LENGTH_MEASURE( 1.000000000000000082E-05 ), #4633, 'distance_accuracy_value', 'NONE');
#3838 = PRESENTATION_STYLE_ASSIGNMENT (( #1243 ) ) ;
#3839 = ORIENTED_EDGE ( 'NONE', *, *, #4376, .T. ) ;
#3840 = ORIENTED_EDGE ( 'NONE', *, *, #105, .F. ) ;
#3841 = APPLICATION_PROTOCOL_DEFINITION ( 'draft international standard', 'automotive_design', 1998, #3414 ) ;
#3842 = VERTEX_POINT ( 'NONE', #1146 ) ;
#3843 = LINE ( 'NONE', #5567, #3958 ) ;
#3844 = SURFACE_STYLE_FILL_AREA ( #1597 ) ;
#3845 = CARTESIAN_POINT ( 'NONE',  ( 7.287446635729753375, 3.999000000000004995, -0.6863569869199256379 ) ) ;
#3846 = EDGE_CURVE ( 'NONE', #4010, #4139, #3439, .T. ) ;
#3847 = LINE ( 'NONE', #4294, #301 ) ;
#3848 = CARTESIAN_POINT ( 'NONE',  ( 6.556723606930353832, 4.000000000000004441, -0.6207250572088444107 ) ) ;
#3849 = ORIENTED_EDGE ( 'NONE', *, *, #3470, .T. ) ;
#3850 = CARTESIAN_POINT ( 'NONE',  ( 6.993664851195772414, 3.998999999999995669, 0.6168290631402925106 ) ) ;
#3851 = UNCERTAINTY_MEASURE_WITH_UNIT (LENGTH_MEASURE( 1.000000000000000082E-05 ), #1556, 'distance_accuracy_value', 'NONE');
#3852 = ADVANCED_FACE ( 'NONE', ( #1537 ), #597, .F. ) ;
#3853 =( LENGTH_UNIT ( ) NAMED_UNIT ( * ) SI_UNIT ( .MILLI., .METRE. ) );
#3854 = VECTOR ( 'NONE', #661, 1000.000000000000000 ) ;
#3855 = DIRECTION ( 'NONE',  ( 1.835596038252509459E-31, -1.000000000000000000, -2.300720062539715626E-17 ) ) ;
#3856 = CARTESIAN_POINT ( 'NONE',  ( 6.825389358743928270, 3.999999999999995559, 0.5907040345448836272 ) ) ;
#3857 = VECTOR ( 'NONE', #3214, 1000.000000000000000 ) ;
#3858 = FILL_AREA_STYLE ('',( #1952 ) ) ;
#3859 = EDGE_LOOP ( 'NONE', ( #4256, #3013, #5510, #2550, #3955, #2466, #503, #3902 ) ) ;
#3860 = COLOUR_RGB ( '',0.1019607843137254888, 0.1019607843137254888, 0.1019607843137254888 ) ;
#3861 = DIRECTION ( 'NONE',  ( 0.000000000000000000, 1.000000000000000000, -0.000000000000000000 ) ) ;
#3862 = UNCERTAINTY_MEASURE_WITH_UNIT (LENGTH_MEASURE( 1.000000000000000082E-05 ), #4876, 'distance_accuracy_value', 'NONE');
#3863 =( NAMED_UNIT ( * ) SI_UNIT ( $, .STERADIAN. ) SOLID_ANGLE_UNIT ( ) );
#3864 = FILL_AREA_STYLE_COLOUR ( '', #4184 ) ;
#3865 = SURFACE_SIDE_STYLE ('',( #4718 ) ) ;
#3866 = CARTESIAN_POINT ( 'NONE',  ( 6.975406850558804273, 3.999999999999994227, 0.7892948503940965255 ) ) ;
#3867 = ORIENTED_EDGE ( 'NONE', *, *, #1394, .F. ) ;
#3868 = CIRCLE ( 'NONE', #1598, 0.3000000000000000444 ) ;
#3869 = DIRECTION ( 'NONE',  ( 1.797281352452778372E-31, -1.000000000000000000, 1.577721810442023611E-30 ) ) ;
#3870 = ORIENTED_EDGE ( 'NONE', *, *, #4574, .T. ) ;
#3871 = ORIENTED_EDGE ( 'NONE', *, *, #5169, .T. ) ;
#3872 =( GEOMETRIC_REPRESENTATION_CONTEXT ( 3 ) GLOBAL_UNCERTAINTY_ASSIGNED_CONTEXT ( ( #4038 ) ) GLOBAL_UNIT_ASSIGNED_CONTEXT ( ( #2869, #1529, #5008 ) ) REPRESENTATION_CONTEXT ( 'NONE', 'WORKASPACE' ) );
#3873 = AXIS2_PLACEMENT_3D ( 'NONE', #1347, #4820, #1691 ) ;
#3874 = FILL_AREA_STYLE ('',( #3443 ) ) ;
#3875 = CARTESIAN_POINT ( 'NONE',  ( -6.619070942236746191, 3.999000000000000110, 0.7777937623848212301 ) ) ;
#3876 =( LENGTH_UNIT ( ) NAMED_UNIT ( * ) SI_UNIT ( .MILLI., .METRE. ) );
#3877 = ADVANCED_FACE ( 'NONE', ( #1648, #2132 ), #324, .T. ) ;
#3878 = CARTESIAN_POINT ( 'NONE',  ( 6.407426870426538024, 4.000000000000002665, -0.3035435330135534682 ) ) ;
#3879 = ORIENTED_EDGE ( 'NONE', *, *, #4135, .F. ) ;
#3880 = AXIS2_PLACEMENT_3D ( 'NONE', #3320, #2859, #2975 ) ;
#3881 = FILL_AREA_STYLE_COLOUR ( '', #1628 ) ;
#3882 = AXIS2_PLACEMENT_3D ( 'NONE', #3081, #2192, #1009 ) ;
#3883 =( NAMED_UNIT ( * ) PLANE_ANGLE_UNIT ( ) SI_UNIT ( $, .RADIAN. ) );
#3884 = EDGE_CURVE ( 'NONE', #1711, #4112, #402, .T. ) ;
#3885 = LINE ( 'NONE', #3592, #1852 ) ;
#3886 = CARTESIAN_POINT ( 'NONE',  ( 0.8594875162046676786, 2.500000000000000000, 2.799999999999997602 ) ) ;
#3887 = CARTESIAN_POINT ( 'NONE',  ( 6.681617806910402635, 3.998999999999994781, 0.7229032307465684815 ) ) ;
#3888 = VERTEX_POINT ( 'NONE', #430 ) ;
#3889 = CARTESIAN_POINT ( 'NONE',  ( 6.656858269928777716, 3.999000000000000110, 0.05416420245752909951 ) ) ;
#3890 = EDGE_CURVE ( 'NONE', #3437, #4786, #5317, .T. ) ;
#3891 = CARTESIAN_POINT ( 'NONE',  ( 6.423145740132413017, 3.999000000000002331, -0.4194365657428404393 ) ) ;
#3892 = CARTESIAN_POINT ( 'NONE',  ( 6.450295694736603025, 3.998999999999997446, 0.4106266371609600396 ) ) ;
#3893 =( NAMED_UNIT ( * ) PLANE_ANGLE_UNIT ( ) SI_UNIT ( $, .RADIAN. ) );
#3894 = ORIENTED_EDGE ( 'NONE', *, *, #3251, .F. ) ;
#3895 = SURFACE_STYLE_FILL_AREA ( #3979 ) ;
#3896 = VERTEX_POINT ( 'NONE', #1764 ) ;
#3897 = CARTESIAN_POINT ( 'NONE',  ( 6.679343979098362638, 3.999000000000003219, -0.4725540209085434817 ) ) ;
#3898 = UNCERTAINTY_MEASURE_WITH_UNIT (LENGTH_MEASURE( 1.000000000000000082E-05 ), #1170, 'distance_accuracy_value', 'NONE');
#3899 = CARTESIAN_POINT ( 'NONE',  ( 7.092578537431453611, 3.999000000000004995, -0.7403345789362684171 ) ) ;
#3900 =( NAMED_UNIT ( * ) PLANE_ANGLE_UNIT ( ) SI_UNIT ( $, .RADIAN. ) );
#3901 = FACE_OUTER_BOUND ( 'NONE', #617, .T. ) ;
#3902 = ORIENTED_EDGE ( 'NONE', *, *, #1229, .T. ) ;
#3903 = DIRECTION ( 'NONE',  ( 0.000000000000000000, -1.000000000000000000, 0.000000000000000000 ) ) ;
#3904 = MECHANICAL_DESIGN_GEOMETRIC_PRESENTATION_REPRESENTATION (  '', ( #3997 ), #5442 ) ;
#3905 =( LENGTH_UNIT ( ) NAMED_UNIT ( * ) SI_UNIT ( .MILLI., .METRE. ) );
#3906 =( NAMED_UNIT ( * ) PLANE_ANGLE_UNIT ( ) SI_UNIT ( $, .RADIAN. ) );
#3907 = CARTESIAN_POINT ( 'NONE',  ( -3.749999999999996891, 2.494438317560252532E-31, 3.722819561778043863E-16 ) ) ;
#3908 = FILL_AREA_STYLE_COLOUR ( '', #2820 ) ;
#3909 = DIRECTION ( 'NONE',  ( 0.000000000000000000, 1.000000000000000000, -0.000000000000000000 ) ) ;
#3910 = EDGE_CURVE ( 'NONE', #3244, #3244, #3553, .T. ) ;
#3911 = CARTESIAN_POINT ( 'NONE',  ( 6.722923894247752941, 3.999999999999999112, 0.08067639649383358258 ) ) ;
#3912 =( GEOMETRIC_REPRESENTATION_CONTEXT ( 3 ) GLOBAL_UNCERTAINTY_ASSIGNED_CONTEXT ( ( #2590 ) ) GLOBAL_UNIT_ASSIGNED_CONTEXT ( ( #4133, #2344, #4049 ) ) REPRESENTATION_CONTEXT ( 'NONE', 'WORKASPACE' ) );
#3913 = ORIENTED_EDGE ( 'NONE', *, *, #2170, .F. ) ;
#3914 = CARTESIAN_POINT ( 'NONE',  ( -6.999999999999996447, 3.899999999999999911, 3.037878489851322447E-14 ) ) ;
#3915 = DIRECTION ( 'NONE',  ( 0.000000000000000000, -1.000000000000000000, 0.000000000000000000 ) ) ;
#3916 = CARTESIAN_POINT ( 'NONE',  ( 6.407426870426538024, 3.999000000000002331, -0.3035435330135534682 ) ) ;
#3917 = MECHANICAL_DESIGN_GEOMETRIC_PRESENTATION_REPRESENTATION (  '', ( #4279 ), #1455 ) ;
#3918 =( LENGTH_UNIT ( ) NAMED_UNIT ( * ) SI_UNIT ( .MILLI., .METRE. ) );
#3919 = ADVANCED_FACE ( 'NONE', ( #4868, #3960 ), #142, .F. ) ;
#3920 = CARTESIAN_POINT ( 'NONE',  ( -7.337820942236751520, 3.999000000000000110, 0.7777937623848212301 ) ) ;
#3921 = PLANE ( 'NONE',  #2381 ) ;
#3922 = ORIENTED_EDGE ( 'NONE', *, *, #3569, .F. ) ;
#3923 = DIRECTION ( 'NONE',  ( -3.469446951953611724E-16, 0.000000000000000000, -1.000000000000000000 ) ) ;
#3924 = ORIENTED_EDGE ( 'NONE', *, *, #3362, .T. ) ;
#3925 = PRESENTATION_LAYER_ASSIGNMENT (  '', '', ( #4651 ) ) ;
#3926 = DIRECTION ( 'NONE',  ( 3.469446951953613203E-16, 0.000000000000000000, 1.000000000000000000 ) ) ;
#3927 =( LENGTH_UNIT ( ) NAMED_UNIT ( * ) SI_UNIT ( .MILLI., .METRE. ) );
#3928 = AXIS2_PLACEMENT_3D ( 'NONE', #5490, #4191, #1904 ) ;
#3929 = FILL_AREA_STYLE_COLOUR ( '', #5171 ) ;
#3930 = DIRECTION ( 'NONE',  ( 5.782411586589358625E-16, 0.000000000000000000, 1.000000000000000000 ) ) ;
#3931 = CARTESIAN_POINT ( 'NONE',  ( 6.952198505041923049, 4.000000000000005329, -0.7485555522443234633 ) ) ;
#3932 = CARTESIAN_POINT ( 'NONE',  ( 7.000000000000001776, 2.299999999999999822, -1.301042606982604138E-15 ) ) ;
#3933 = LINE ( 'NONE', #5270, #2130 ) ;
#3934 =( LENGTH_UNIT ( ) NAMED_UNIT ( * ) SI_UNIT ( .MILLI., .METRE. ) );
#3935 = FILL_AREA_STYLE_COLOUR ( '', #3785 ) ;
#3936 = CARTESIAN_POINT ( 'NONE',  ( -6.999999999999998224, 3.000000000000000000, 2.500000000000004441 ) ) ;
#3937 = CARTESIAN_POINT ( 'NONE',  ( -1.249999999999999778, -0.5000000000000000000, 1.999999999999998224 ) ) ;
#3938 = PRESENTATION_STYLE_ASSIGNMENT (( #2628 ) ) ;
#3939 =( NAMED_UNIT ( * ) PLANE_ANGLE_UNIT ( ) SI_UNIT ( $, .RADIAN. ) );
#3940 = CARTESIAN_POINT ( 'NONE',  ( 6.577183827406138050, 3.999999999999995559, 0.6514474293315325459 ) ) ;
#3941 = ORIENTED_EDGE ( 'NONE', *, *, #5040, .F. ) ;
#3942 = FILL_AREA_STYLE ('',( #39 ) ) ;
#3943 = SURFACE_SIDE_STYLE ('',( #913 ) ) ;
#3944 = AXIS2_PLACEMENT_3D ( 'NONE', #4535, #4157, #1066 ) ;
#3945 = DIRECTION ( 'NONE',  ( 0.000000000000000000, -0.000000000000000000, 1.000000000000000000 ) ) ;
#3946 = CIRCLE ( 'NONE', #4943, 0.6141632050454699510 ) ;
#3947 = CARTESIAN_POINT ( 'NONE',  ( 7.136466865091333212, 3.998999999999995669, 0.6009482306273384866 ) ) ;
#3948 = SURFACE_STYLE_FILL_AREA ( #1330 ) ;
#3949 = CIRCLE ( 'NONE', #5039, 0.7500000000000000000 ) ;
#3950 = FILL_AREA_STYLE ('',( #3176 ) ) ;
#3951 = CARTESIAN_POINT ( 'NONE',  ( 6.681617806910402635, 3.999999999999994671, 0.7229032307465684815 ) ) ;
#3952 = EDGE_LOOP ( 'NONE', ( #3550 ) ) ;
#3953 = LINE ( 'NONE', #4860, #4230 ) ;
#3954 = VECTOR ( 'NONE', #4024, 1000.000000000000000 ) ;
#3955 = ORIENTED_EDGE ( 'NONE', *, *, #2828, .F. ) ;
#3956 = EDGE_CURVE ( 'NONE', #2583, #1636, #1307, .T. ) ;
#3957 = FACE_OUTER_BOUND ( 'NONE', #3542, .T. ) ;
#3958 = VECTOR ( 'NONE', #4211, 1000.000000000000000 ) ;
#3959 = DIRECTION ( 'NONE',  ( 1.835596038252498950E-31, -1.000000000000000000, -2.300720062539084537E-17 ) ) ;
#3960 = FACE_OUTER_BOUND ( 'NONE', #4796, .T. ) ;
#3961 = CARTESIAN_POINT ( 'NONE',  ( 6.926512408403043608, 3.999000000000004995, -0.7479301365690693704 ) ) ;
#3962 = ORIENTED_EDGE ( 'NONE', *, *, #3293, .F. ) ;
#3963 = CARTESIAN_POINT ( 'NONE',  ( 7.000000000000002665, 3.900000000000000355, 1.499999999999998224 ) ) ;
#3964 = EDGE_CURVE ( 'NONE', #5116, #911, #4445, .T. ) ;
#3965 = STYLED_ITEM ( 'NONE', ( #4240 ), #4923 ) ;
#3966 = CARTESIAN_POINT ( 'NONE',  ( 6.470943008335428459, 4.000000000000000888, -0.09206719505059417219 ) ) ;
#3967 = FILL_AREA_STYLE ('',( #595 ) ) ;
#3968 = DIRECTION ( 'NONE',  ( 1.000000000000000000, 0.000000000000000000, -2.478176394252581141E-16 ) ) ;
#3969 = CARTESIAN_POINT ( 'NONE',  ( -3.749999999999996891, 4.000000000000000000, 3.361026734705063351E-15 ) ) ;
#3970 = TOROIDAL_SURFACE ( 'NONE', #1501, 1.399999999999999911, 0.1000000000000000056 ) ;
#3971 = STYLED_ITEM ( 'NONE', ( #4791 ), #635 ) ;
#3972 = CARTESIAN_POINT ( 'NONE',  ( 6.955857221398762391, 3.999999999999995559, 0.6160058335457885281 ) ) ;
#3973 = CARTESIAN_POINT ( 'NONE',  ( 6.980676049509452419, 3.999000000000004107, -0.5748979082165865950 ) ) ;
#3974 = EDGE_LOOP ( 'NONE', ( #4995, #2731, #2497, #4692 ) ) ;
#3975 = CARTESIAN_POINT ( 'NONE',  ( 7.282163878410643498, 3.998999999999996557, 0.4986220373217513657 ) ) ;
#3976 = CARTESIAN_POINT ( 'NONE',  ( 6.445888408888078125, 3.998999999999997446, 0.3475982939095235147 ) ) ;
#3977 = DIRECTION ( 'NONE',  ( -4.223192631925967987E-48, 2.300720062539715934E-17, -1.000000000000000000 ) ) ;
#3978 = EDGE_LOOP ( 'NONE', ( #4442 ) ) ;
#3979 = FILL_AREA_STYLE ('',( #530 ) ) ;
#3980 = CARTESIAN_POINT ( 'NONE',  ( 6.618965331964997922, 3.999000000000002331, -0.3137598791673994469 ) ) ;
#3981 = CARTESIAN_POINT ( 'NONE',  ( 7.351650037208602662, 4.000000000000004441, -0.6508552398107455561 ) ) ;
#3982 = UNCERTAINTY_MEASURE_WITH_UNIT (LENGTH_MEASURE( 1.000000000000000082E-05 ), #3853, 'distance_accuracy_value', 'NONE');
#3983 = PRESENTATION_STYLE_ASSIGNMENT (( #3612 ) ) ;
#3984 = CARTESIAN_POINT ( 'NONE',  ( 7.310726359095543359, 3.999999999999997335, 0.3800655493897429626 ) ) ;
#3985 = EDGE_CURVE ( 'NONE', #431, #4545, #3501, .T. ) ;
#3986 =( NAMED_UNIT ( * ) SI_UNIT ( $, .STERADIAN. ) SOLID_ANGLE_UNIT ( ) );
#3987 = ORIENTED_EDGE ( 'NONE', *, *, #140, .T. ) ;
#3988 = CARTESIAN_POINT ( 'NONE',  ( 7.000000000000002665, 4.000000000000000000, -1.400000000000001243 ) ) ;
#3989 = CARTESIAN_POINT ( 'NONE',  ( -7.549359403775211419, 3.999000000000000110, -0.7222062376151787699 ) ) ;
#3990 = FACE_OUTER_BOUND ( 'NONE', #1500, .T. ) ;
#3991 = FILL_AREA_STYLE ('',( #2312 ) ) ;
#3992 = PLANE ( 'NONE',  #3625 ) ;
#3993 = FACE_BOUND ( 'NONE', #4145, .T. ) ;
#3994 = EDGE_CURVE ( 'NONE', #3642, #3642, #665, .T. ) ;
#3995 = LINE ( 'NONE', #3937, #3747 ) ;
#3996 =( GEOMETRIC_REPRESENTATION_CONTEXT ( 3 ) GLOBAL_UNCERTAINTY_ASSIGNED_CONTEXT ( ( #801 ) ) GLOBAL_UNIT_ASSIGNED_CONTEXT ( ( #2892, #5429, #1059 ) ) REPRESENTATION_CONTEXT ( 'NONE', 'WORKASPACE' ) );
#3997 = STYLED_ITEM ( 'NONE', ( #4699 ), #869 ) ;
#3998 = SURFACE_SIDE_STYLE ('',( #3426 ) ) ;
#3999 = VERTEX_POINT ( 'NONE', #4014 ) ;
#4000 = DIRECTION ( 'NONE',  ( 0.000000000000000000, -2.300720062539084537E-17, 1.000000000000000000 ) ) ;
#4001 = CLOSED_SHELL ( 'NONE', ( #2908, #4714, #3428, #1415, #2109, #5065, #3295, #5000, #1432, #2040, #298, #4065, #2762, #1797, #3287, #1552, #2979, #96, #1203, #3877, #1792, #739 ) ) ;
#4002 = FACE_OUTER_BOUND ( 'NONE', #262, .T. ) ;
#4003 = PRESENTATION_STYLE_ASSIGNMENT (( #550 ) ) ;
#4004 = DIRECTION ( 'NONE',  ( 1.000000000000000000, 0.000000000000000000, -5.551115123125782702E-17 ) ) ;
#4005 = CARTESIAN_POINT ( 'NONE',  ( 7.508081592940232696, 3.998999999999996557, 0.4890095883740344651 ) ) ;
#4006 = AXIS2_PLACEMENT_3D ( 'NONE', #4483, #5386, #4053 ) ;
#4007 = CARTESIAN_POINT ( 'NONE',  ( 6.929800260216112839, 3.998999999999999222, 0.1410124485771499236 ) ) ;
#4008 = ORIENTED_EDGE ( 'NONE', *, *, #3215, .F. ) ;
#4009 = SURFACE_STYLE_USAGE ( .BOTH. , #2612 ) ;
#4010 = VERTEX_POINT ( 'NONE', #77 ) ;
#4011 =( GEOMETRIC_REPRESENTATION_CONTEXT ( 3 ) GLOBAL_UNCERTAINTY_ASSIGNED_CONTEXT ( ( #3898 ) ) GLOBAL_UNIT_ASSIGNED_CONTEXT ( ( #1170, #2903, #2964 ) ) REPRESENTATION_CONTEXT ( 'NONE', 'WORKASPACE' ) );
#4012 = DIRECTION ( 'NONE',  ( 7.703177259439332516E-50, -2.300720062539715626E-17, 1.000000000000000000 ) ) ;
#4013 = CARTESIAN_POINT ( 'NONE',  ( 6.869472071929282997, 3.999000000000000998, -0.08065821795759692270 ) ) ;
#4014 = CARTESIAN_POINT ( 'NONE',  ( -6.395513249929057231, 3.999000000000000110, 0.7777937623848212301 ) ) ;
#4015 = CIRCLE ( 'NONE', #4645, 0.7500000000000003331 ) ;
#4016 = VERTEX_POINT ( 'NONE', #4806 ) ;
#4017 = CARTESIAN_POINT ( 'NONE',  ( -6.999999999999996447, 1.008701019565576327E-14, -1.399999999999997691 ) ) ;
#4018 = AXIS2_PLACEMENT_3D ( 'NONE', #571, #2199, #2289 ) ;
#4019 = ADVANCED_FACE ( 'NONE', ( #126, #924 ), #4474, .F. ) ;
#4020 = SURFACE_STYLE_USAGE ( .BOTH. , #564 ) ;
#4021 = CARTESIAN_POINT ( 'NONE',  ( 7.112595538457993527, 4.000000000000000000, -0.01465952635617721184 ) ) ;
#4022 = DIRECTION ( 'NONE',  ( 0.000000000000000000, -1.000000000000000000, 0.000000000000000000 ) ) ;
#4023 =( NAMED_UNIT ( * ) SI_UNIT ( $, .STERADIAN. ) SOLID_ANGLE_UNIT ( ) );
#4024 = DIRECTION ( 'NONE',  ( -1.835596038252509459E-31, 1.000000000000000000, 2.300720062539715626E-17 ) ) ;
#4025 = ADVANCED_FACE ( 'NONE', ( #3586, #3729 ), #4499, .F. ) ;
#4026 = CARTESIAN_POINT ( 'NONE',  ( 1.250000000000000222, 0.000000000000000000, 1.999999999999998224 ) ) ;
#4027 = ORIENTED_EDGE ( 'NONE', *, *, #331, .T. ) ;
#4028 = DIRECTION ( 'NONE',  ( 4.956352788505163268E-16, 0.000000000000000000, 1.000000000000000000 ) ) ;
#4029 = SURFACE_SIDE_STYLE ('',( #4457 ) ) ;
#4030 = EDGE_CURVE ( 'NONE', #1088, #1088, #4015, .T. ) ;
#4031 = PRESENTATION_STYLE_ASSIGNMENT (( #5392 ) ) ;
#4032 = CARTESIAN_POINT ( 'NONE',  ( 7.303002756588493405, 3.999999999999994671, 0.7259115800448735500 ) ) ;
#4033 = LINE ( 'NONE', #177, #2223 ) ;
#4034 = ORIENTED_EDGE ( 'NONE', *, *, #331, .F. ) ;
#4035 = CARTESIAN_POINT ( 'NONE',  ( 7.165363462551454177, 3.998999999999995669, 0.5915552066621044824 ) ) ;
#4036 = PRESENTATION_STYLE_ASSIGNMENT (( #3724 ) ) ;
#4037 = PRESENTATION_LAYER_ASSIGNMENT (  '', '', ( #1395 ) ) ;
#4038 = UNCERTAINTY_MEASURE_WITH_UNIT (LENGTH_MEASURE( 1.000000000000000082E-05 ), #2869, 'distance_accuracy_value', 'NONE');
#4039 = CARTESIAN_POINT ( 'NONE',  ( 6.445888408888078125, 3.998999999999997446, 0.3475982939095235147 ) ) ;
#4040 = CARTESIAN_POINT ( 'NONE',  ( 7.160852940158582314, 3.999999999999998224, 0.2070265229046824862 ) ) ;
#4041 = CARTESIAN_POINT ( 'NONE',  ( 6.863662756611013549, 3.999000000000004107, -0.5672015377793864221 ) ) ;
#4042 = ORIENTED_EDGE ( 'NONE', *, *, #3223, .F. ) ;
#4043 = VERTEX_POINT ( 'NONE', #5350 ) ;
#4044 = MECHANICAL_DESIGN_GEOMETRIC_PRESENTATION_REPRESENTATION (  '', ( #5223 ), #1589 ) ;
#4045 = MECHANICAL_DESIGN_GEOMETRIC_PRESENTATION_REPRESENTATION (  '', ( #3316 ), #1772 ) ;
#4046 = EDGE_CURVE ( 'NONE', #3751, #2282, #2838, .T. ) ;
#4047 = CARTESIAN_POINT ( 'NONE',  ( 6.639171836528532822, 3.999000000000001886, -0.2226296199827419997 ) ) ;
#4048 = CARTESIAN_POINT ( 'NONE',  ( 7.000000000000002665, 4.000000000000000000, -1.407500478297136654E-15 ) ) ;
#4049 =( NAMED_UNIT ( * ) SI_UNIT ( $, .STERADIAN. ) SOLID_ANGLE_UNIT ( ) );
#4050 =( NAMED_UNIT ( * ) SI_UNIT ( $, .STERADIAN. ) SOLID_ANGLE_UNIT ( ) );
#4051 =( GEOMETRIC_REPRESENTATION_CONTEXT ( 3 ) GLOBAL_UNCERTAINTY_ASSIGNED_CONTEXT ( ( #3851 ) ) GLOBAL_UNIT_ASSIGNED_CONTEXT ( ( #1556, #1433, #203 ) ) REPRESENTATION_CONTEXT ( 'NONE', 'WORKASPACE' ) );
#4052 =( GEOMETRIC_REPRESENTATION_CONTEXT ( 3 ) GLOBAL_UNCERTAINTY_ASSIGNED_CONTEXT ( ( #1361 ) ) GLOBAL_UNIT_ASSIGNED_CONTEXT ( ( #240, #213, #1069 ) ) REPRESENTATION_CONTEXT ( 'NONE', 'WORKASPACE' ) );
#4053 = DIRECTION ( 'NONE',  ( -2.891205793294678326E-16, -2.300720062539715934E-17, 1.000000000000000000 ) ) ;
#4054 = MECHANICAL_DESIGN_GEOMETRIC_PRESENTATION_REPRESENTATION (  '', ( #3965 ), #1148 ) ;
#4055 = SURFACE_STYLE_USAGE ( .BOTH. , #1399 ) ;
#4056 = EDGE_CURVE ( 'NONE', #911, #2181, #1513, .T. ) ;
#4057 = ORIENTED_EDGE ( 'NONE', *, *, #3890, .F. ) ;
#4058 = CARTESIAN_POINT ( 'NONE',  ( -6.999999999999996447, 3.000000000000000000, 2.198731280726776271E-15 ) ) ;
#4059 = COLOUR_RGB ( '',0.1019607843137254888, 0.1019607843137254888, 0.1019607843137254888 ) ;
#4060 = FILL_AREA_STYLE ('',( #4911 ) ) ;
#4061 = CARTESIAN_POINT ( 'NONE',  ( 7.018204502025013447, 4.000000000000004441, -0.5737606140900605167 ) ) ;
#4062 = CARTESIAN_POINT ( 'NONE',  ( 7.520677587691593224, 3.999999999999996447, 0.4347325564932900122 ) ) ;
#4063 =( GEOMETRIC_REPRESENTATION_CONTEXT ( 3 ) GLOBAL_UNCERTAINTY_ASSIGNED_CONTEXT ( ( #5415 ) ) GLOBAL_UNIT_ASSIGNED_CONTEXT ( ( #2770, #4968, #578 ) ) REPRESENTATION_CONTEXT ( 'NONE', 'WORKASPACE' ) );
#4064 = SURFACE_STYLE_USAGE ( .BOTH. , #2329 ) ;
#4065 = ADVANCED_FACE ( 'NONE', ( #2785 ), #3793, .T. ) ;
#4066 = ORIENTED_EDGE ( 'NONE', *, *, #2490, .T. ) ;
#4067 =( NAMED_UNIT ( * ) SI_UNIT ( $, .STERADIAN. ) SOLID_ANGLE_UNIT ( ) );
#4068 = SURFACE_SIDE_STYLE ('',( #3203 ) ) ;
#4069 = FILL_AREA_STYLE ('',( #2809 ) ) ;
#4070 = CARTESIAN_POINT ( 'NONE',  ( 7.253344578584612456, 3.999999999999996447, 0.5347110662617915455 ) ) ;
#4071 = EDGE_LOOP ( 'NONE', ( #2000 ) ) ;
#4072 = CARTESIAN_POINT ( 'NONE',  ( -3.749999999999996891, -1.725540046904288443E-17, 0.7500000000000003331 ) ) ;
#4073 = FILL_AREA_STYLE_COLOUR ( '', #2686 ) ;
#4074 = PLANE ( 'NONE',  #1128 ) ;
#4075 = PRESENTATION_STYLE_ASSIGNMENT (( #4130 ) ) ;
#4076 = CARTESIAN_POINT ( 'NONE',  ( 6.620392351989923263, 4.000000000000002665, -0.3467564076319089583 ) ) ;
#4077 = CARTESIAN_POINT ( 'NONE',  ( -6.999999999999996447, 3.899999999999999911, 3.037878489851322447E-14 ) ) ;
#4078 = PRESENTATION_STYLE_ASSIGNMENT (( #2765 ) ) ;
#4079 =( NAMED_UNIT ( * ) PLANE_ANGLE_UNIT ( ) SI_UNIT ( $, .RADIAN. ) );
#4080 = FILL_AREA_STYLE ('',( #2822 ) ) ;
#4081 = EDGE_LOOP ( 'NONE', ( #3987 ) ) ;
#4082 = SURFACE_STYLE_USAGE ( .BOTH. , #1857 ) ;
#4083 =( GEOMETRIC_REPRESENTATION_CONTEXT ( 3 ) GLOBAL_UNCERTAINTY_ASSIGNED_CONTEXT ( ( #4258 ) ) GLOBAL_UNIT_ASSIGNED_CONTEXT ( ( #2735, #2260, #135 ) ) REPRESENTATION_CONTEXT ( 'NONE', 'WORKASPACE' ) );
#4084 = CARTESIAN_POINT ( 'NONE',  ( 7.580503793503464038, 3.999000000000001886, -0.2100940137827840559 ) ) ;
#4085 = CARTESIAN_POINT ( 'NONE',  ( 7.313541299770183635, 4.000000000000002665, -0.4056823978151425369 ) ) ;
#4086 = ADVANCED_FACE ( 'NONE', ( #1559 ), #2090, .T. ) ;
#4087 = CARTESIAN_POINT ( 'NONE',  ( 7.381239383569413448, 3.998999999999994781, 0.6769730344216483564 ) ) ;
#4088 = LINE ( 'NONE', #2409, #3392 ) ;
#4089 = AXIS2_PLACEMENT_3D ( 'NONE', #2543, #848, #2934 ) ;
#4090 = ORIENTED_EDGE ( 'NONE', *, *, #3643, .T. ) ;
#4091 = PRESENTATION_STYLE_ASSIGNMENT (( #664 ) ) ;
#4092 = CARTESIAN_POINT ( 'NONE',  ( 7.521215523381973966, 3.999999999999997335, 0.3293228228354079801 ) ) ;
#4093 = EDGE_CURVE ( 'NONE', #4636, #5116, #5199, .T. ) ;
#4094 = DIRECTION ( 'NONE',  ( 0.000000000000000000, -1.000000000000000000, -7.205007282611301174E-15 ) ) ;
#4095 = SURFACE_SIDE_STYLE ('',( #5060 ) ) ;
#4096 = CARTESIAN_POINT ( 'NONE',  ( 7.301357158888083454, 3.999000000000000110, 0.05493002467875417183 ) ) ;
#4097 = SURFACE_STYLE_USAGE ( .BOTH. , #3668 ) ;
#4098 = CARTESIAN_POINT ( 'NONE',  ( 7.282163878410643498, 3.999999999999996447, 0.4986220373217514767 ) ) ;
#4099 = ORIENTED_EDGE ( 'NONE', *, *, #2072, .F. ) ;
#4100 = VERTEX_POINT ( 'NONE', #1531 ) ;
#4101 = STYLED_ITEM ( 'NONE', ( #4078 ), #2323 ) ;
#4102 = DIRECTION ( 'NONE',  ( 1.000000000000000000, 0.000000000000000000, -4.336808689942016750E-16 ) ) ;
#4103 = FILL_AREA_STYLE_COLOUR ( '', #1388 ) ;
#4104 = PLANE ( 'NONE',  #2316 ) ;
#4105 = STYLED_ITEM ( 'NONE', ( #5403 ), #4065 ) ;
#4106 =( NAMED_UNIT ( * ) SI_UNIT ( $, .STERADIAN. ) SOLID_ANGLE_UNIT ( ) );
#4107 = LINE ( 'NONE', #1509, #1405 ) ;
#4108 = COLOUR_RGB ( '',0.1019607843137254888, 0.1019607843137254888, 0.1019607843137254888 ) ;
#4109 = UNCERTAINTY_MEASURE_WITH_UNIT (LENGTH_MEASURE( 1.000000000000000082E-05 ), #2125, 'distance_accuracy_value', 'NONE');
#4110 = FACE_OUTER_BOUND ( 'NONE', #5022, .T. ) ;
#4111 = DIRECTION ( 'NONE',  ( 4.956352788505163268E-16, 0.000000000000000000, 1.000000000000000000 ) ) ;
#4112 = VERTEX_POINT ( 'NONE', #2209 ) ;
#4113 = FILL_AREA_STYLE ('',( #3746 ) ) ;
#4114 = CARTESIAN_POINT ( 'NONE',  ( 7.547634779938952931, 4.000000000000002665, -0.3967412624534310539 ) ) ;
#4115 = CARTESIAN_POINT ( 'NONE',  ( 6.687784751493708768, 3.998999999999996557, 0.4643917464268955131 ) ) ;
#4116 = ORIENTED_EDGE ( 'NONE', *, *, #2634, .F. ) ;
#4117 =( NAMED_UNIT ( * ) SI_UNIT ( $, .STERADIAN. ) SOLID_ANGLE_UNIT ( ) );
#4118 = CARTESIAN_POINT ( 'NONE',  ( 7.578957058612083131, 4.000000000000001776, -0.2492670465476815311 ) ) ;
#4119 = PRESENTATION_STYLE_ASSIGNMENT (( #2387 ) ) ;
#4120 = CARTESIAN_POINT ( 'NONE',  ( 7.437599867103043216, 3.998999999999999222, 0.1523210715158944961 ) ) ;
#4121 = STYLED_ITEM ( 'NONE', ( #1041 ), #1717 ) ;
#4122 = SURFACE_STYLE_USAGE ( .BOTH. , #259 ) ;
#4123 = ORIENTED_EDGE ( 'NONE', *, *, #2729, .F. ) ;
#4124 = CARTESIAN_POINT ( 'NONE',  ( 1.250000000000003109, 4.000000000000000000, 0.7500000000000015543 ) ) ;
#4125 = EDGE_CURVE ( 'NONE', #2392, #2392, #1639, .T. ) ;
#4126 = CIRCLE ( 'NONE', #4763, 0.2999999999999999334 ) ;
#4127 = LINE ( 'NONE', #320, #1057 ) ;
#4128 =( NAMED_UNIT ( * ) PLANE_ANGLE_UNIT ( ) SI_UNIT ( $, .RADIAN. ) );
#4129 = MECHANICAL_DESIGN_GEOMETRIC_PRESENTATION_REPRESENTATION (  '', ( #1216 ), #1051 ) ;
#4130 = SURFACE_STYLE_USAGE ( .BOTH. , #3272 ) ;
#4131 = UNCERTAINTY_MEASURE_WITH_UNIT (LENGTH_MEASURE( 1.000000000000000082E-05 ), #1328, 'distance_accuracy_value', 'NONE');
#4132 =( LENGTH_UNIT ( ) NAMED_UNIT ( * ) SI_UNIT ( .MILLI., .METRE. ) );
#4133 =( LENGTH_UNIT ( ) NAMED_UNIT ( * ) SI_UNIT ( .MILLI., .METRE. ) );
#4134 = PRESENTATION_LAYER_ASSIGNMENT (  '', '', ( #2854 ) ) ;
#4135 = EDGE_CURVE ( 'NONE', #2183, #3842, #5173, .T. ) ;
#4136 = VECTOR ( 'NONE', #959, 1000.000000000000000 ) ;
#4137 = SURFACE_STYLE_FILL_AREA ( #2457 ) ;
#4138 = STYLED_ITEM ( 'NONE', ( #4350 ), #2972 ) ;
#4139 = VERTEX_POINT ( 'NONE', #4833 ) ;
#4140 = LINE ( 'NONE', #304, #2243 ) ;
#4141 = VECTOR ( 'NONE', #1488, 1000.000000000000000 ) ;
#4142 = AXIS2_PLACEMENT_3D ( 'NONE', #1225, #2849, #1970 ) ;
#4143 = FILL_AREA_STYLE ('',( #2941 ) ) ;
#4144 = CARTESIAN_POINT ( 'NONE',  ( 6.980840326083352920, 3.998999999999995669, 0.6165498198059524704 ) ) ;
#4145 = EDGE_LOOP ( 'NONE', ( #2432, #3483, #2444, #3082 ) ) ;
#4146 = COLOUR_RGB ( '',0.8980392156862745390, 0.8980392156862745390, 0.8980392156862745390 ) ;
#4147 = PRESENTATION_STYLE_ASSIGNMENT (( #1431 ) ) ;
#4148 = FILL_AREA_STYLE_COLOUR ( '', #3055 ) ;
#4149 = MECHANICAL_DESIGN_GEOMETRIC_PRESENTATION_REPRESENTATION (  '', ( #1781 ), #3419 ) ;
#4150 = MECHANICAL_DESIGN_GEOMETRIC_PRESENTATION_REPRESENTATION (  '', ( #4880 ), #2050 ) ;
#4151 = CARTESIAN_POINT ( 'NONE',  ( 7.509893757778953294, 3.999999999999998224, 0.2812868288535455008 ) ) ;
#4152 = CARTESIAN_POINT ( 'NONE',  ( 6.618965331964997922, 4.000000000000002665, -0.3137598791673994469 ) ) ;
#4153 = CARTESIAN_POINT ( 'NONE',  ( 7.000000000000003553, 0.000000000000000000, 2.499999999999999556 ) ) ;
#4154 = VERTEX_POINT ( 'NONE', #3010 ) ;
#4155 = CARTESIAN_POINT ( 'NONE',  ( 3.750000000000003109, -1.725540046904288443E-17, 0.7500000000000003331 ) ) ;
#4156 = CARTESIAN_POINT ( 'NONE',  ( 6.655080423761058128, 4.000000000000001776, -0.1958502146771229913 ) ) ;
#4157 = DIRECTION ( 'NONE',  ( 0.000000000000000000, -1.000000000000000000, 0.000000000000000000 ) ) ;
#4158 = CARTESIAN_POINT ( 'NONE',  ( 6.487691613459672269, 4.000000000000000888, -0.06929566999559828855 ) ) ;
#4159 = EDGE_CURVE ( 'NONE', #234, #234, #322, .T. ) ;
#4160 = CARTESIAN_POINT ( 'NONE',  ( 7.356877878932213122, 3.998999999999994781, 0.6947231145693505416 ) ) ;
#4161 = SURFACE_STYLE_FILL_AREA ( #1902 ) ;
#4162 = EDGE_CURVE ( 'NONE', #3999, #1299, #2582, .T. ) ;
#4163 = PLANE ( 'NONE',  #3235 ) ;
#4164 = ORIENTED_EDGE ( 'NONE', *, *, #1769, .T. ) ;
#4165 =( NAMED_UNIT ( * ) SI_UNIT ( $, .STERADIAN. ) SOLID_ANGLE_UNIT ( ) );
#4166 = PLANE ( 'NONE',  #4503 ) ;
#4167 = CARTESIAN_POINT ( 'NONE',  ( 7.240757775251313255, 3.998999999999998334, 0.2462001606886234650 ) ) ;
#4168 = EDGE_LOOP ( 'NONE', ( #1460 ) ) ;
#4169 = CARTESIAN_POINT ( 'NONE',  ( 7.311065400115773549, 3.999999999999997335, 0.4006013130633634955 ) ) ;
#4170 = AXIS2_PLACEMENT_3D ( 'NONE', #5032, #1135, #4978 ) ;
#4171 = STYLED_ITEM ( 'NONE', ( #4529 ), #981 ) ;
#4172 = SURFACE_SIDE_STYLE ('',( #830 ) ) ;
#4173 = CARTESIAN_POINT ( 'NONE',  ( 6.423145740132413017, 4.000000000000002665, -0.4194365657428404393 ) ) ;
#4174 = PRESENTATION_LAYER_ASSIGNMENT (  '', '', ( #2273 ) ) ;
#4175 = CARTESIAN_POINT ( 'NONE',  ( 7.353089310456433658, 3.999999999999999112, 0.08287722316456165583 ) ) ;
#4176 = UNCERTAINTY_MEASURE_WITH_UNIT (LENGTH_MEASURE( 1.000000000000000082E-05 ), #694, 'distance_accuracy_value', 'NONE');
#4177 = CARTESIAN_POINT ( 'NONE',  ( 7.250832484951763135, 3.999000000000000110, 0.03219433334040093520 ) ) ;
#4178 = UNCERTAINTY_MEASURE_WITH_UNIT (LENGTH_MEASURE( 1.000000000000000082E-05 ), #686, 'distance_accuracy_value', 'NONE');
#4179 = EDGE_LOOP ( 'NONE', ( #2212 ) ) ;
#4180 = CARTESIAN_POINT ( 'NONE',  ( 6.739769375195788115, 3.999000000000003219, -0.5218468791949624208 ) ) ;
#4181 = ORIENTED_EDGE ( 'NONE', *, *, #5169, .F. ) ;
#4182 = CARTESIAN_POINT ( 'NONE',  ( -3.749999999999996891, 3.997857139782515112, -0.6141632050454696179 ) ) ;
#4183 = EDGE_CURVE ( 'NONE', #3779, #4554, #945, .T. ) ;
#4184 = COLOUR_RGB ( '',0.1019607843137254888, 0.1019607843137254888, 0.1019607843137254888 ) ;
#4185 = FILL_AREA_STYLE ('',( #4073 ) ) ;
#4186 = PRESENTATION_STYLE_ASSIGNMENT (( #2483 ) ) ;
#4187 = CARTESIAN_POINT ( 'NONE',  ( 6.432148815750462489, 3.999000000000000998, -0.1649038122522699656 ) ) ;
#4188 = CARTESIAN_POINT ( 'NONE',  ( 6.618965331964997922, 3.999000000000002331, -0.3137598791673994469 ) ) ;
#4189 = CARTESIAN_POINT ( 'NONE',  ( -7.000000000000000000, 0.000000000000000000, -2.499999999999999112 ) ) ;
#4190 = VECTOR ( 'NONE', #382, 1000.000000000000000 ) ;
#4191 = DIRECTION ( 'NONE',  ( 0.7071067811865512365, 0.7071067811865439090, 0.000000000000000000 ) ) ;
#4192 = SURFACE_SIDE_STYLE ('',( #327 ) ) ;
#4193 = AXIS2_PLACEMENT_3D ( 'NONE', #5545, #2106, #5157 ) ;
#4194 = PRESENTATION_STYLE_ASSIGNMENT (( #3741 ) ) ;
#4195 = B_SPLINE_SURFACE_WITH_KNOTS ( 'NONE', 3, 1, ( 
 ( #9, #5524 ),
 ( #1692, #5163 ),
 ( #884, #1259 ),
 ( #3369, #3001 ),
 ( #36, #857 ),
 ( #2576, #2145 ),
 ( #3887, #2201 ),
 ( #3066, #1322 ),
 ( #3482, #5221 ),
 ( #910, #4795 ),
 ( #2630, #3940 ),
 ( #494, #4365 ),
 ( #85, #532 ),
 ( #2718, #631 ),
 ( #3229, #4459 ),
 ( #173, #1027 ),
 ( #114, #5283 ),
 ( #1050, #1913 ),
 ( #1426, #998 ) ),
 .UNSPECIFIED., .F., .F., .F.,
 ( 4, 1, 1, 1, 1, 1, 1, 1, 1, 1, 1, 1, 1, 1, 1, 1, 4 ),
 ( 2, 2 ),
 ( 0.000000000000000000, 0.1004750608070151957, 0.1956443031597840110, 0.2860833790699320311, 0.3729828804699535372, 0.4150256681909620382, 0.4560516735090279772, 0.4959387495188999906, 0.5355660888033511036, 0.5740871099085040896, 0.6125192874870970527, 0.6510809601344450526, 0.6895131377130390149, 0.7662374603277349872, 0.8423504388672229393, 0.9199744947371040205, 1.000000000000000000 ),
 ( 0.000000000000000000, 1.000000000000000000 ),
 .UNSPECIFIED. ) ;
#4196 = CIRCLE ( 'NONE', #4922, 1.750000000000000888 ) ;
#4197 =( NAMED_UNIT ( * ) PLANE_ANGLE_UNIT ( ) SI_UNIT ( $, .RADIAN. ) );
#4198 = EDGE_CURVE ( 'NONE', #4720, #344, #893, .T. ) ;
#4199 = SURFACE_SIDE_STYLE ('',( #3315 ) ) ;
#4200 = CARTESIAN_POINT ( 'NONE',  ( 7.257486966580382948, 3.998999999999998334, 0.2604588708326004975 ) ) ;
#4201 = CARTESIAN_POINT ( 'NONE',  ( 6.661400929086088496, 3.998999999999997446, 0.3793560576937685669 ) ) ;
#4202 = EDGE_LOOP ( 'NONE', ( #1801, #3409, #779, #4316 ) ) ;
#4203 = PRESENTATION_STYLE_ASSIGNMENT (( #2467 ) ) ;
#4204 = PRESENTATION_STYLE_ASSIGNMENT (( #2526 ) ) ;
#4205 = CARTESIAN_POINT ( 'NONE',  ( 6.876190622786803708, 4.000000000000005329, -0.7467048809775475027 ) ) ;
#4206 = DIRECTION ( 'NONE',  ( 0.000000000000000000, -1.000000000000000000, -7.228014483236699908E-15 ) ) ;
#4207 =( NAMED_UNIT ( * ) SI_UNIT ( $, .STERADIAN. ) SOLID_ANGLE_UNIT ( ) );
#4208 = EDGE_LOOP ( 'NONE', ( #5298 ) ) ;
#4209 = CARTESIAN_POINT ( 'NONE',  ( 6.707173016356643203, 3.999000000000003219, -0.4986799514670345324 ) ) ;
#4210 = ORIENTED_EDGE ( 'NONE', *, *, #795, .T. ) ;
#4211 = DIRECTION ( 'NONE',  ( 1.000000000000000000, 0.000000000000000000, -2.478176394252580648E-16 ) ) ;
#4212 =( GEOMETRIC_REPRESENTATION_CONTEXT ( 3 ) GLOBAL_UNCERTAINTY_ASSIGNED_CONTEXT ( ( #2139 ) ) GLOBAL_UNIT_ASSIGNED_CONTEXT ( ( #5453, #2804, #4067 ) ) REPRESENTATION_CONTEXT ( 'NONE', 'WORKASPACE' ) );
#4213 = LINE ( 'NONE', #1644, #962 ) ;
#4214 = PLANE ( 'NONE',  #826 ) ;
#4215 = CARTESIAN_POINT ( 'NONE',  ( 7.210673661873652662, 3.999999999999994671, 0.7625828620581135420 ) ) ;
#4216 =( NAMED_UNIT ( * ) SI_UNIT ( $, .STERADIAN. ) SOLID_ANGLE_UNIT ( ) );
#4217 = PRESENTATION_LAYER_ASSIGNMENT (  '', '', ( #4121 ) ) ;
#4218 = FILL_AREA_STYLE_COLOUR ( '', #4830 ) ;
#4219 = STYLED_ITEM ( 'NONE', ( #107 ), #3385 ) ;
#4220 =( NAMED_UNIT ( * ) SI_UNIT ( $, .STERADIAN. ) SOLID_ANGLE_UNIT ( ) );
#4221 =( GEOMETRIC_REPRESENTATION_CONTEXT ( 3 ) GLOBAL_UNCERTAINTY_ASSIGNED_CONTEXT ( ( #4635 ) ) GLOBAL_UNIT_ASSIGNED_CONTEXT ( ( #1406, #3545, #195 ) ) REPRESENTATION_CONTEXT ( 'NONE', 'WORKASPACE' ) );
#4222 = AXIS2_PLACEMENT_3D ( 'NONE', #3353, #810, #1596 ) ;
#4223 = CARTESIAN_POINT ( 'NONE',  ( 7.579985169858792560, 4.000000000000001776, -0.2232288186795685359 ) ) ;
#4224 = EDGE_CURVE ( 'NONE', #4786, #2307, #1789, .T. ) ;
#4225 = B_SPLINE_CURVE_WITH_KNOTS ( 'NONE', 3,
 ( #1407, #3149, #175, #3602, #1028, #4938, #1885, #2800, #1000, #2746, #219, #4461, #2299, #1485, #1052, #4488, #606, #3231, #1079, #4542, #4114, #5423, #1945, #3777, #4571, #4223, #3317 ),
 .UNSPECIFIED., .F., .F.,
 ( 4, 1, 1, 1, 1, 1, 1, 1, 1, 1, 1, 1, 1, 1, 1, 1, 1, 1, 1, 1, 1, 1, 1, 1, 4 ),
 ( 0.000000000000000000, 0.05249258492129640213, 0.1028254751380331955, 0.1513973394924580107, 0.1980330772483334945, 0.2428758954632249945, 0.2859991683849085198, 0.3278486614843789670, 0.3683945968796915049, 0.4078519911389200114, 0.4468375528599380364, 0.4851660451611080060, 0.5233414044713740054, 0.5616022144094739987, 0.5999198855663570029, 0.6384964264110080112, 0.6777905770472509861, 0.7172899891758329760, 0.7566052415928190555, 0.7960678905323560484, 0.8358862309537679058, 0.8757136832726160058, 0.9162634539474130424, 0.9577596754778290311, 1.000000000000000000 ),
 .UNSPECIFIED. ) ;
#4226 = CARTESIAN_POINT ( 'NONE',  ( 6.793315521618623620, 3.999999999999999112, 0.1038388491982419060 ) ) ;
#4227 = ORIENTED_EDGE ( 'NONE', *, *, #569, .F. ) ;
#4228 = PRESENTATION_STYLE_ASSIGNMENT (( #2115 ) ) ;
#4229 =( NAMED_UNIT ( * ) PLANE_ANGLE_UNIT ( ) SI_UNIT ( $, .RADIAN. ) );
#4230 = VECTOR ( 'NONE', #5260, 1000.000000000000000 ) ;
#4231 = CIRCLE ( 'NONE', #4323, 2.500000000000000888 ) ;
#4232 = CARTESIAN_POINT ( 'NONE',  ( 6.492127030697363743, 4.000000000000004441, -0.5528386827022575556 ) ) ;
#4233 = UNCERTAINTY_MEASURE_WITH_UNIT (LENGTH_MEASURE( 1.000000000000000082E-05 ), #3403, 'distance_accuracy_value', 'NONE');
#4234 = EDGE_CURVE ( 'NONE', #200, #1711, #3465, .T. ) ;
#4235 = MECHANICAL_DESIGN_GEOMETRIC_PRESENTATION_REPRESENTATION (  '', ( #3141 ), #4605 ) ;
#4236 = PRESENTATION_LAYER_ASSIGNMENT (  '', '', ( #2054 ) ) ;
#4237 = CARTESIAN_POINT ( 'NONE',  ( 7.000000000000002665, 1.000000000000000000, -1.750000000000003997 ) ) ;
#4238 = CARTESIAN_POINT ( 'NONE',  ( 6.840788455851997796, 4.000000000000000888, -0.08929528547727259846 ) ) ;
#4239 = EDGE_LOOP ( 'NONE', ( #2677, #1055, #5444, #4090 ) ) ;
#4240 = PRESENTATION_STYLE_ASSIGNMENT (( #2443 ) ) ;
#4241 = EDGE_LOOP ( 'NONE', ( #1137 ) ) ;
#4242 = PRESENTATION_LAYER_ASSIGNMENT (  '', '', ( #4423 ) ) ;
#4243 = CARTESIAN_POINT ( 'NONE',  ( -6.999999999999998224, 1.000000000000000000, 2.500000000000003997 ) ) ;
#4244 = DIRECTION ( 'NONE',  ( -1.000000000000000000, 0.000000000000000000, 0.000000000000000000 ) ) ;
#4245 = CARTESIAN_POINT ( 'NONE',  ( 7.303002756588493405, 3.998999999999994781, 0.7259115800448734390 ) ) ;
#4246 = CARTESIAN_POINT ( 'NONE',  ( 7.026445460874152893, 3.999999999999994227, 0.7892450439960705388 ) ) ;
#4247 = SURFACE_SIDE_STYLE ('',( #3798 ) ) ;
#4248 = CARTESIAN_POINT ( 'NONE',  ( 6.919580657161323423, 3.998999999999995669, 0.6132039374150236588 ) ) ;
#4249 = PRESENTATION_STYLE_ASSIGNMENT (( #1200 ) ) ;
#4250 = SURFACE_SIDE_STYLE ('',( #4705 ) ) ;
#4251 = ORIENTED_EDGE ( 'NONE', *, *, #1932, .F. ) ;
#4252 = CARTESIAN_POINT ( 'NONE',  ( 6.778821101195773302, 4.000000000000000888, -0.1112358407058613025 ) ) ;
#4253 = DIRECTION ( 'NONE',  ( -0.7071067811865439090, 0.7071067811865512365, -0.000000000000000000 ) ) ;
#4254 = AXIS2_PLACEMENT_3D ( 'NONE', #2890, #5138, #2468 ) ;
#4255 = PRESENTATION_STYLE_ASSIGNMENT (( #4739 ) ) ;
#4256 = ORIENTED_EDGE ( 'NONE', *, *, #4817, .T. ) ;
#4257 = B_SPLINE_CURVE_WITH_KNOTS ( 'NONE', 3,
 ( #551, #3008, #148, #4744, #2175, #67, #1835, #2270, #890, #2636, #5255 ),
 .UNSPECIFIED., .F., .F.,
 ( 4, 1, 1, 1, 1, 1, 1, 1, 4 ),
 ( 0.000000000000000000, 0.1448052410584844130, 0.2795118010254865060, 0.4063939211311610178, 0.5275015404829180854, 0.6453932904726510378, 0.7618854106740869936, 0.8789420729184869163, 1.000000000000000000 ),
 .UNSPECIFIED. ) ;
#4258 = UNCERTAINTY_MEASURE_WITH_UNIT (LENGTH_MEASURE( 1.000000000000000082E-05 ), #2735, 'distance_accuracy_value', 'NONE');
#4259 = SURFACE_STYLE_FILL_AREA ( #2179 ) ;
#4260 = CARTESIAN_POINT ( 'NONE',  ( 7.025130450747493427, 3.999000000000000110, -0.03847657563784321472 ) ) ;
#4261 = VERTEX_POINT ( 'NONE', #449 ) ;
#4262 =( NAMED_UNIT ( * ) PLANE_ANGLE_UNIT ( ) SI_UNIT ( $, .RADIAN. ) );
#4263 = EDGE_LOOP ( 'NONE', ( #3623 ) ) ;
#4264 = EDGE_CURVE ( 'NONE', #560, #2069, #4196, .T. ) ;
#4265 = ORIENTED_EDGE ( 'NONE', *, *, #134, .T. ) ;
#4266 = CARTESIAN_POINT ( 'NONE',  ( 7.073011489940603802, 4.000000000000004441, -0.5649406724681824699 ) ) ;
#4267 =( NAMED_UNIT ( * ) SI_UNIT ( $, .STERADIAN. ) SOLID_ANGLE_UNIT ( ) );
#4268 = CARTESIAN_POINT ( 'NONE',  ( 7.356877878932213122, 3.999999999999994671, 0.6947231145693505416 ) ) ;
#4269 = CARTESIAN_POINT ( 'NONE',  ( 6.511704559953939153, 4.000000000000004441, -0.5770585174630024072 ) ) ;
#4270 = ORIENTED_EDGE ( 'NONE', *, *, #3594, .T. ) ;
#4271 = DIRECTION ( 'NONE',  ( -0.000000000000000000, -0.000000000000000000, -1.000000000000000000 ) ) ;
#4272 = PRESENTATION_STYLE_ASSIGNMENT (( #2161 ) ) ;
#4273 = COLOUR_RGB ( '',0.1019607843137254888, 0.1019607843137254888, 0.1019607843137254888 ) ;
#4274 = DIRECTION ( 'NONE',  ( 4.336808689942016750E-16, 0.000000000000000000, 1.000000000000000000 ) ) ;
#4275 = AXIS2_PLACEMENT_3D ( 'NONE', #5382, #2427, #648 ) ;
#4276 = MECHANICAL_DESIGN_GEOMETRIC_PRESENTATION_REPRESENTATION (  '', ( #4644 ), #2557 ) ;
#4277 = B_SPLINE_CURVE_WITH_KNOTS ( 'NONE', 3,
 ( #3980, #3077, #4319, #1359, #5291, #2154, #154, #896, #1759, #4862, #3496 ),
 .UNSPECIFIED., .F., .F.,
 ( 4, 1, 1, 1, 1, 1, 1, 1, 4 ),
 ( 0.000000000000000000, 0.1177675192120364034, 0.2301764485440569996, 0.3398429589695389774, 0.4506252599208619980, 0.5669428888721620430, 0.6960213064547929873, 0.8394383602270610867, 1.000000000000000000 ),
 .UNSPECIFIED. ) ;
#4278 = DIRECTION ( 'NONE',  ( 0.000000000000000000, -1.000000000000000000, -7.205007282611301174E-15 ) ) ;
#4279 = STYLED_ITEM ( 'NONE', ( #5416 ), #2410 ) ;
#4280 = FILL_AREA_STYLE_COLOUR ( '', #3770 ) ;
#4281 = ORIENTED_EDGE ( 'NONE', *, *, #3333, .F. ) ;
#4282 = CARTESIAN_POINT ( 'NONE',  ( -6.999999999999998224, 0.000000000000000000, 2.500000000000003997 ) ) ;
#4283 = CARTESIAN_POINT ( 'NONE',  ( 7.000000000000001776, 0.000000000000000000, -1.301042606982604138E-15 ) ) ;
#4284 = B_SPLINE_SURFACE_WITH_KNOTS ( 'NONE', 3, 1, ( 
 ( #972, #1078 ),
 ( #658, #3147 ),
 ( #632, #605 ),
 ( #2455, #1915 ),
 ( #5073, #999 ),
 ( #2327, #4085 ),
 ( #2775, #1174 ),
 ( #5337, #3230 ),
 ( #2027, #3768 ),
 ( #4487, #5493 ),
 ( #3658, #4885 ),
 ( #1427, #4648 ),
 ( #3173, #4061 ),
 ( #580, #2745 ),
 ( #2720, #352 ) ),
 .UNSPECIFIED., .F., .F., .F.,
 ( 4, 1, 1, 1, 1, 1, 1, 1, 1, 1, 1, 1, 4 ),
 ( 2, 2 ),
 ( 0.000000000000000000, 0.09379647069693200501, 0.1801880710186110068, 0.2603631916661889867, 0.3348466760639745021, 0.4070930058327160150, 0.4814483792884680091, 0.5592709137563659505, 0.6422698113109350793, 0.7285859445716479366, 0.8159775452756129477, 0.9060351298875350956, 1.000000000000000000 ),
 ( 0.000000000000000000, 1.000000000000000000 ),
 .UNSPECIFIED. ) ;
#4285 = DIRECTION ( 'NONE',  ( -2.074867795289532742E-31, 1.000000000000000000, 1.666850934030272702E-16 ) ) ;
#4286 = CARTESIAN_POINT ( 'NONE',  ( 6.722425654344167611, 3.998999999999994781, 0.7421704633741564860 ) ) ;
#4287 = CARTESIAN_POINT ( 'NONE',  ( 6.980829551598193738, 3.999000000000000110, -0.05018232420238990382 ) ) ;
#4288 = ORIENTED_EDGE ( 'NONE', *, *, #2751, .F. ) ;
#4289 = DIRECTION ( 'NONE',  ( 0.000000000000000000, -2.300720062539084537E-17, 1.000000000000000000 ) ) ;
#4290 = ORIENTED_EDGE ( 'NONE', *, *, #3470, .F. ) ;
#4291 = DIRECTION ( 'NONE',  ( -1.000000000000000000, 0.000000000000000000, 4.336808689942016750E-16 ) ) ;
#4292 = CARTESIAN_POINT ( 'NONE',  ( 7.002078312734233201, 3.998999999999993893, 0.7899059862172155277 ) ) ;
#4293 = CARTESIAN_POINT ( 'NONE',  ( 7.579985169858792560, 3.999000000000001886, -0.2232288186795685359 ) ) ;
#4294 = CARTESIAN_POINT ( 'NONE',  ( 1.000000000000000000, 2.500000000000000000, 3.099999999999997868 ) ) ;
#4295 = EDGE_CURVE ( 'NONE', #2183, #3599, #3190, .T. ) ;
#4296 = FILL_AREA_STYLE_COLOUR ( '', #5135 ) ;
#4297 = ORIENTED_EDGE ( 'NONE', *, *, #3884, .T. ) ;
#4298 = CARTESIAN_POINT ( 'NONE',  ( -0.6257359312880754754, -0.2000000000000000389, 2.500000000000002220 ) ) ;
#4299 = UNCERTAINTY_MEASURE_WITH_UNIT (LENGTH_MEASURE( 1.000000000000000082E-05 ), #1383, 'distance_accuracy_value', 'NONE');
#4300 = UNCERTAINTY_MEASURE_WITH_UNIT (LENGTH_MEASURE( 1.000000000000000082E-05 ), #2700, 'distance_accuracy_value', 'NONE');
#4301 = LINE ( 'NONE', #3421, #358 ) ;
#4302 = ADVANCED_FACE ( 'NONE', ( #2180 ), #3921, .F. ) ;
#4303 =( NAMED_UNIT ( * ) PLANE_ANGLE_UNIT ( ) SI_UNIT ( $, .RADIAN. ) );
#4304 = STYLED_ITEM ( 'NONE', ( #1429 ), #1203 ) ;
#4305 = CARTESIAN_POINT ( 'NONE',  ( 7.301357158888083454, 4.000000000000000000, 0.05493002467875417183 ) ) ;
#4306 = TOROIDAL_SURFACE ( 'NONE', #1397, 1.699999999999999734, 0.2000000000000000111 ) ;
#4307 =( NAMED_UNIT ( * ) PLANE_ANGLE_UNIT ( ) SI_UNIT ( $, .RADIAN. ) );
#4308 = CARTESIAN_POINT ( 'NONE',  ( 7.192747398978433182, 3.999999999999998224, 0.2200774913655854925 ) ) ;
#4309 = ORIENTED_EDGE ( 'NONE', *, *, #946, .T. ) ;
#4310 = DIRECTION ( 'NONE',  ( 1.000000000000000000, 0.000000000000000000, 0.000000000000000000 ) ) ;
#4311 =( NAMED_UNIT ( * ) PLANE_ANGLE_UNIT ( ) SI_UNIT ( $, .RADIAN. ) );
#4312 = CARTESIAN_POINT ( 'NONE',  ( 7.311273024272693100, 3.998999999999997446, 0.3929708900633694935 ) ) ;
#4313 =( NAMED_UNIT ( * ) PLANE_ANGLE_UNIT ( ) SI_UNIT ( $, .RADIAN. ) );
#4314 = CARTESIAN_POINT ( 'NONE',  ( 6.445888408888078125, 3.999999999999997335, 0.3475982939095235147 ) ) ;
#4315 = AXIS2_PLACEMENT_3D ( 'NONE', #2950, #5083, #4630 ) ;
#4316 = ORIENTED_EDGE ( 'NONE', *, *, #4480, .F. ) ;
#4317 = AXIS2_PLACEMENT_3D ( 'NONE', #1924, #2754, #4980 ) ;
#4318 = FILL_AREA_STYLE_COLOUR ( '', #1953 ) ;
#4319 = CARTESIAN_POINT ( 'NONE',  ( 6.620461584096033469, 3.999000000000001886, -0.2817240382346914429 ) ) ;
#4320 =( NAMED_UNIT ( * ) PLANE_ANGLE_UNIT ( ) SI_UNIT ( $, .RADIAN. ) );
#4321 = FILL_AREA_STYLE_COLOUR ( '', #3389 ) ;
#4322 = STYLED_ITEM ( 'NONE', ( #2584 ), #4994 ) ;
#4323 = AXIS2_PLACEMENT_3D ( 'NONE', #3339, #4620, #5074 ) ;
#4324 = CARTESIAN_POINT ( 'NONE',  ( 7.000521830187342864, 3.999000000000004995, -0.7481567661233284872 ) ) ;
#4325 = PRESENTATION_STYLE_ASSIGNMENT (( #4754 ) ) ;
#4326 = PRESENTATION_STYLE_ASSIGNMENT (( #4386 ) ) ;
#4327 = FILL_AREA_STYLE_COLOUR ( '', #2862 ) ;
#4328 = EDGE_LOOP ( 'NONE', ( #4265 ) ) ;
#4329 = VECTOR ( 'NONE', #4310, 1000.000000000000000 ) ;
#4330 = EDGE_CURVE ( 'NONE', #2339, #2339, #1374, .T. ) ;
#4331 = DIRECTION ( 'NONE',  ( -2.891205793294678326E-16, -2.300720062539084537E-17, 1.000000000000000000 ) ) ;
#4332 = CARTESIAN_POINT ( 'NONE',  ( 6.715909544467237424, 3.999999999999996447, 0.5107957940261265151 ) ) ;
#4333 = PRESENTATION_LAYER_ASSIGNMENT (  '', '', ( #5331 ) ) ;
#4334 = SURFACE_STYLE_USAGE ( .BOTH. , #2574 ) ;
#4335 = CARTESIAN_POINT ( 'NONE',  ( 7.580503793503464038, 4.000000000000001776, -0.2100940137827840559 ) ) ;
#4336 = EDGE_CURVE ( 'NONE', #3002, #5480, #1514, .T. ) ;
#4337 = DIRECTION ( 'NONE',  ( -0.000000000000000000, -1.000000000000000000, -0.000000000000000000 ) ) ;
#4338 = CARTESIAN_POINT ( 'NONE',  ( 7.160852940158582314, 3.999999999999998224, 0.2070265229046824862 ) ) ;
#4339 = EDGE_LOOP ( 'NONE', ( #371 ) ) ;
#4340 = CARTESIAN_POINT ( 'NONE',  ( 6.528531572587998433, 3.999000000000000110, -0.02753348122152594196 ) ) ;
#4341 = CARTESIAN_POINT ( 'NONE',  ( -6.999999999999996447, 1.000000000000000000, 2.198731280726776271E-15 ) ) ;
#4342 = FACE_BOUND ( 'NONE', #4328, .T. ) ;
#4343 = CARTESIAN_POINT ( 'NONE',  ( 6.468821756967638947, 3.999000000000003219, -0.5191417227827485048 ) ) ;
#4344 = CYLINDRICAL_SURFACE ( 'NONE', #1019, 0.7500000000000003331 ) ;
#4345 =( NAMED_UNIT ( * ) PLANE_ANGLE_UNIT ( ) SI_UNIT ( $, .RADIAN. ) );
#4346 = DIRECTION ( 'NONE',  ( 0.000000000000000000, 1.000000000000000000, -0.000000000000000000 ) ) ;
#4347 = EDGE_LOOP ( 'NONE', ( #4541, #1117, #3075, #5364 ) ) ;
#4348 = PRESENTATION_STYLE_ASSIGNMENT (( #45 ) ) ;
#4349 = ORIENTED_EDGE ( 'NONE', *, *, #4336, .F. ) ;
#4350 = PRESENTATION_STYLE_ASSIGNMENT (( #921 ) ) ;
#4351 = SURFACE_SIDE_STYLE ('',( #5263 ) ) ;
#4352 = UNCERTAINTY_MEASURE_WITH_UNIT (LENGTH_MEASURE( 1.000000000000000082E-05 ), #3934, 'distance_accuracy_value', 'NONE');
#4353 = PRESENTATION_STYLE_ASSIGNMENT (( #1763 ) ) ;
#4354 = CARTESIAN_POINT ( 'NONE',  ( 6.778821101195773302, 3.999000000000000998, -0.1112358407058611082 ) ) ;
#4355 = CARTESIAN_POINT ( 'NONE',  ( -3.749999999999996891, -0.1000000000000000056, 3.699813945649998057E-16 ) ) ;
#4356 = CARTESIAN_POINT ( 'NONE',  ( 6.733367893141737781, 3.999000000000004995, -0.7172977044709364369 ) ) ;
#4357 = ORIENTED_EDGE ( 'NONE', *, *, #1345, .T. ) ;
#4358 = DIRECTION ( 'NONE',  ( 0.000000000000000000, -1.000000000000000000, 0.000000000000000000 ) ) ;
#4359 =( GEOMETRIC_REPRESENTATION_CONTEXT ( 3 ) GLOBAL_UNCERTAINTY_ASSIGNED_CONTEXT ( ( #2554 ) ) GLOBAL_UNIT_ASSIGNED_CONTEXT ( ( #466, #3939, #856 ) ) REPRESENTATION_CONTEXT ( 'NONE', 'WORKASPACE' ) );
#4360 = CARTESIAN_POINT ( 'NONE',  ( 6.993664851195772414, 3.999999999999995559, 0.6168290631402925106 ) ) ;
#4361 = VECTOR ( 'NONE', #1635, 1000.000000000000000 ) ;
#4362 =( LENGTH_UNIT ( ) NAMED_UNIT ( * ) SI_UNIT ( .MILLI., .METRE. ) );
#4363 = CARTESIAN_POINT ( 'NONE',  ( 6.774582979370163294, 3.999999999999995559, 0.5651296805041164939 ) ) ;
#4364 = CARTESIAN_POINT ( 'NONE',  ( 1.089953900083879823, 2.500000000000000000, 2.992055319899342702 ) ) ;
#4365 = CARTESIAN_POINT ( 'NONE',  ( 6.555929896693292847, 3.999999999999995559, 0.6293171949763775030 ) ) ;
#4366 = EDGE_CURVE ( 'NONE', #5306, #2927, #1126, .T. ) ;
#4367 = EDGE_LOOP ( 'NONE', ( #742 ) ) ;
#4368 = AXIS2_PLACEMENT_3D ( 'NONE', #1372, #3570, #4932 ) ;
#4369 = LINE ( 'NONE', #443, #4329 ) ;
#4370 =( LENGTH_UNIT ( ) NAMED_UNIT ( * ) SI_UNIT ( .MILLI., .METRE. ) );
#4371 = FACE_BOUND ( 'NONE', #10, .T. ) ;
#4372 = MECHANICAL_DESIGN_GEOMETRIC_PRESENTATION_REPRESENTATION (  '', ( #3647 ), #2294 ) ;
#4373 = CARTESIAN_POINT ( 'NONE',  ( 6.952198505041923049, 3.999000000000004995, -0.7485555522443234633 ) ) ;
#4374 = CIRCLE ( 'NONE', #2916, 0.7500000000000000000 ) ;
#4375 = SURFACE_STYLE_FILL_AREA ( #2207 ) ;
#4376 = EDGE_CURVE ( 'NONE', #781, #2044, #3473, .T. ) ;
#4377 = DIRECTION ( 'NONE',  ( -1.835596038252509459E-31, 1.000000000000000000, 2.300720062539715626E-17 ) ) ;
#4378 = EDGE_CURVE ( 'NONE', #618, #618, #1032, .T. ) ;
#4379 = VERTEX_POINT ( 'NONE', #5388 ) ;
#4380 = VERTEX_POINT ( 'NONE', #2850 ) ;
#4381 = PRESENTATION_LAYER_ASSIGNMENT (  '', '', ( #5373 ) ) ;
#4382 = FILL_AREA_STYLE_COLOUR ( '', #4414 ) ;
#4383 = CARTESIAN_POINT ( 'NONE',  ( -1.000000000000000000, 2.500000000000000000, 3.099999999999997868 ) ) ;
#4384 = PRESENTATION_LAYER_ASSIGNMENT (  '', '', ( #3653 ) ) ;
#4385 = SURFACE_STYLE_FILL_AREA ( #2646 ) ;
#4386 = SURFACE_STYLE_USAGE ( .BOTH. , #2647 ) ;
#4387 = CARTESIAN_POINT ( 'NONE',  ( 6.802905941979982885, 3.999000000000004995, -0.7351340212489955173 ) ) ;
#4388 = ORIENTED_EDGE ( 'NONE', *, *, #2287, .T. ) ;
#4389 = CARTESIAN_POINT ( 'NONE',  ( 7.000000000000003553, 2.299999999999999822, 2.499999999999998224 ) ) ;
#4390 = CARTESIAN_POINT ( 'NONE',  ( 6.639171836528532822, 4.000000000000001776, -0.2226296199827419997 ) ) ;
#4391 = SURFACE_STYLE_FILL_AREA ( #5248 ) ;
#4392 = FILL_AREA_STYLE ('',( #3536 ) ) ;
#4393 = SURFACE_STYLE_FILL_AREA ( #2713 ) ;
#4394 = CARTESIAN_POINT ( 'NONE',  ( 6.919580657161323423, 3.999999999999995559, 0.6132039374150236588 ) ) ;
#4395 = CARTESIAN_POINT ( 'NONE',  ( -0.8594875162046679007, 2.500000000000000000, 3.099999999999997868 ) ) ;
#4396 = ORIENTED_EDGE ( 'NONE', *, *, #4826, .F. ) ;
#4397 = LINE ( 'NONE', #2578, #1230 ) ;
#4398 = DIRECTION ( 'NONE',  ( 4.336808689942016750E-16, 0.000000000000000000, 1.000000000000000000 ) ) ;
#4399 =( GEOMETRIC_REPRESENTATION_CONTEXT ( 3 ) GLOBAL_UNCERTAINTY_ASSIGNED_CONTEXT ( ( #2067 ) ) GLOBAL_UNIT_ASSIGNED_CONTEXT ( ( #917, #3893, #448 ) ) REPRESENTATION_CONTEXT ( 'NONE', 'WORKASPACE' ) );
#4400 = PRESENTATION_LAYER_ASSIGNMENT (  '', '', ( #1216 ) ) ;
#4401 = CARTESIAN_POINT ( 'NONE',  ( 7.268638015066023250, 3.998999999999996557, 0.5168596593023685459 ) ) ;
#4402 = ADVANCED_FACE ( 'NONE', ( #1153 ), #1606, .F. ) ;
#4403 = COLOUR_RGB ( '',0.9529411764705881804, 0.7960784313725489669, 0.4862745098039215619 ) ;
#4404 = CARTESIAN_POINT ( 'NONE',  ( 6.880224449475322857, 3.998999999999999222, 0.1280693333435959091 ) ) ;
#4405 = CARTESIAN_POINT ( 'NONE',  ( 6.722425654344167611, 3.999999999999994671, 0.7421704633741564860 ) ) ;
#4406 = EDGE_LOOP ( 'NONE', ( #4501 ) ) ;
#4407 = FILL_AREA_STYLE_COLOUR ( '', #4959 ) ;
#4408 = ORIENTED_EDGE ( 'NONE', *, *, #2001, .F. ) ;
#4409 = CIRCLE ( 'NONE', #2406, 2.500000000000000888 ) ;
#4410 = FILL_AREA_STYLE_COLOUR ( '', #2906 ) ;
#4411 = MECHANICAL_DESIGN_GEOMETRIC_PRESENTATION_REPRESENTATION (  '', ( #1053 ), #2227 ) ;
#4412 = CARTESIAN_POINT ( 'NONE',  ( 7.047529871898612797, 3.999000000000004995, -0.7449595333182724710 ) ) ;
#4413 = ADVANCED_FACE ( 'NONE', ( #5465, #1573 ), #2029, .T. ) ;
#4414 = COLOUR_RGB ( '',0.8980392156862745390, 0.8980392156862745390, 0.8980392156862745390 ) ;
#4415 = AXIS2_PLACEMENT_3D ( 'NONE', #3532, #159, #1844 ) ;
#4416 =( LENGTH_UNIT ( ) NAMED_UNIT ( * ) SI_UNIT ( .MILLI., .METRE. ) );
#4417 = CARTESIAN_POINT ( 'NONE',  ( 6.876190622786803708, 4.000000000000005329, -0.7467048809775475027 ) ) ;
#4418 = ORIENTED_EDGE ( 'NONE', *, *, #37, .F. ) ;
#4419 = CARTESIAN_POINT ( 'NONE',  ( 1.250000000000002665, 3.904499097132790197, 0.7500000000000004441 ) ) ;
#4420 = COLOUR_RGB ( '',0.9529411764705881804, 0.7960784313725489669, 0.4862745098039215619 ) ;
#4421 = CARTESIAN_POINT ( 'NONE',  ( 6.487691613459672269, 4.000000000000000888, -0.06929566999559828855 ) ) ;
#4422 = FILL_AREA_STYLE ('',( #957 ) ) ;
#4423 = STYLED_ITEM ( 'NONE', ( #1752 ), #5305 ) ;
#4424 = TOROIDAL_SURFACE ( 'NONE', #2966, 1.599999999999999645, 0.1000000000000000056 ) ;
#4425 = STYLED_ITEM ( 'NONE', ( #5117 ), #1912 ) ;
#4426 = SURFACE_SIDE_STYLE ('',( #993 ) ) ;
#4427 = PRESENTATION_STYLE_ASSIGNMENT (( #4851 ) ) ;
#4428 = ORIENTED_EDGE ( 'NONE', *, *, #3994, .F. ) ;
#4429 = DIRECTION ( 'NONE',  ( 0.000000000000000000, -1.000000000000000000, 0.000000000000000000 ) ) ;
#4430 = CARTESIAN_POINT ( 'NONE',  ( 7.000000000000000888, 3.000000000000000000, -3.500000000000000888 ) ) ;
#4431 = EDGE_CURVE ( 'NONE', #63, #38, #2080, .T. ) ;
#4432 = FILL_AREA_STYLE ('',( #3626 ) ) ;
#4433 = DIRECTION ( 'NONE',  ( 0.000000000000000000, 0.000000000000000000, 1.000000000000000000 ) ) ;
#4434 = CARTESIAN_POINT ( 'NONE',  ( 7.424329242767362835, 3.998999999999995669, 0.6366416849614164875 ) ) ;
#4435 = CARTESIAN_POINT ( 'NONE',  ( 7.252277714530713126, 3.998999999999998334, 0.2560188944116174592 ) ) ;
#4436 = ORIENTED_EDGE ( 'NONE', *, *, #533, .T. ) ;
#4437 = DIRECTION ( 'NONE',  ( 0.000000000000000000, 1.000000000000000000, -0.000000000000000000 ) ) ;
#4438 = CARTESIAN_POINT ( 'NONE',  ( 7.215444903480842775, 3.999000000000004995, -0.7135550079886036068 ) ) ;
#4439 = DIRECTION ( 'NONE',  ( 1.835596038252509459E-31, -1.000000000000000000, -2.300720062539715626E-17 ) ) ;
#4440 = UNCERTAINTY_MEASURE_WITH_UNIT (LENGTH_MEASURE( 1.000000000000000082E-05 ), #3110, 'distance_accuracy_value', 'NONE');
#4441 = CARTESIAN_POINT ( 'NONE',  ( 7.025130450747493427, 3.999000000000000110, -0.03847657563784321472 ) ) ;
#4442 = ORIENTED_EDGE ( 'NONE', *, *, #2360, .T. ) ;
#4443 = VERTEX_POINT ( 'NONE', #161 ) ;
#4444 = ADVANCED_FACE ( 'NONE', ( #819 ), #58, .F. ) ;
#4445 = B_SPLINE_CURVE_WITH_KNOTS ( 'NONE', 3,
 ( #3022, #3984, #558, #2281, #3557, #5264, #506 ),
 .UNSPECIFIED., .F., .F.,
 ( 4, 1, 1, 1, 4 ),
 ( 0.000000000000000000, 0.2627412305282674776, 0.5099565029432320262, 0.7533267184204509581, 1.000000000000000000 ),
 .UNSPECIFIED. ) ;
#4446 =( NAMED_UNIT ( * ) SI_UNIT ( $, .STERADIAN. ) SOLID_ANGLE_UNIT ( ) );
#4447 = PRESENTATION_STYLE_ASSIGNMENT (( #34 ) ) ;
#4448 =( NAMED_UNIT ( * ) PLANE_ANGLE_UNIT ( ) SI_UNIT ( $, .RADIAN. ) );
#4449 = DIRECTION ( 'NONE',  ( 0.000000000000000000, 7.200909428924559142E-15, -1.000000000000000000 ) ) ;
#4450 =( GEOMETRIC_REPRESENTATION_CONTEXT ( 3 ) GLOBAL_UNCERTAINTY_ASSIGNED_CONTEXT ( ( #851 ) ) GLOBAL_UNIT_ASSIGNED_CONTEXT ( ( #2860, #2553, #2011 ) ) REPRESENTATION_CONTEXT ( 'NONE', 'WORKASPACE' ) );
#4451 = COLOUR_RGB ( '',0.8980392156862745390, 0.8980392156862745390, 0.8980392156862745390 ) ;
#4452 = COLOUR_RGB ( '',0.7921568627450980005, 0.8196078431372548767, 0.9333333333333333481 ) ;
#4453 = CIRCLE ( 'NONE', #1013, 0.2999999999999999889 ) ;
#4454 = ORIENTED_EDGE ( 'NONE', *, *, #1587, .F. ) ;
#4455 = PRESENTATION_STYLE_ASSIGNMENT (( #5390 ) ) ;
#4456 = PRESENTATION_LAYER_ASSIGNMENT (  '', '', ( #4548 ) ) ;
#4457 = SURFACE_STYLE_FILL_AREA ( #1833 ) ;
#4458 = VECTOR ( 'NONE', #770, 1000.000000000000000 ) ;
#4459 = CARTESIAN_POINT ( 'NONE',  ( 6.487198837404847040, 3.999999999999996447, 0.5283975585740906533 ) ) ;
#4460 = CARTESIAN_POINT ( 'NONE',  ( -3.749999999999996891, 2.494438317560252532E-31, 3.722819561778043863E-16 ) ) ;
#4461 = CARTESIAN_POINT ( 'NONE',  ( 7.351650037208602662, 4.000000000000004441, -0.6508552398107455561 ) ) ;
#4462 = EDGE_LOOP ( 'NONE', ( #3458, #2446, #2321, #4349 ) ) ;
#4463 = PRESENTATION_LAYER_ASSIGNMENT (  '', '', ( #5098 ) ) ;
#4464 = CARTESIAN_POINT ( 'NONE',  ( -7.549359403775211419, 3.999000000000000110, 0.7777937623848212301 ) ) ;
#4465 = EDGE_LOOP ( 'NONE', ( #2956 ) ) ;
#4466 = DIRECTION ( 'NONE',  ( 1.000000000000000000, 2.069479451259501429E-31, -5.551115123125782702E-17 ) ) ;
#4467 =( NAMED_UNIT ( * ) SI_UNIT ( $, .STERADIAN. ) SOLID_ANGLE_UNIT ( ) );
#4468 = MECHANICAL_DESIGN_GEOMETRIC_PRESENTATION_REPRESENTATION (  '', ( #2734 ), #3912 ) ;
#4469 = VECTOR ( 'NONE', #4511, 1000.000000000000000 ) ;
#4470 = CARTESIAN_POINT ( 'NONE',  ( 7.457951938127663993, 4.000000000000004441, -0.5555220248330196009 ) ) ;
#4471 = FILL_AREA_STYLE ('',( #4321 ) ) ;
#4472 = CARTESIAN_POINT ( 'NONE',  ( 7.112595538457993527, 3.999000000000000110, -0.01465952635617721878 ) ) ;
#4473 = CARTESIAN_POINT ( 'NONE',  ( 7.257486966580382948, 3.999999999999998224, 0.2604588708326004975 ) ) ;
#4474 = TOROIDAL_SURFACE ( 'NONE', #3743, 0.5000000000000000000, 0.1000000000000000056 ) ;
#4475 = CARTESIAN_POINT ( 'NONE',  ( 6.802905941979982885, 4.000000000000005329, -0.7351340212489955173 ) ) ;
#4476 = ORIENTED_EDGE ( 'NONE', *, *, #68, .F. ) ;
#4477 = CARTESIAN_POINT ( 'NONE',  ( 3.750000000000003109, 3.997857139782515112, -0.6141632050454696179 ) ) ;
#4478 = CARTESIAN_POINT ( 'NONE',  ( 6.551966942490953905, 4.000000000000000000, -0.007976690110706183626 ) ) ;
#4479 = CARTESIAN_POINT ( 'NONE',  ( 3.750000000000003109, 3.904499097132790197, 4.621129109509723120E-16 ) ) ;
#4480 = EDGE_CURVE ( 'NONE', #2404, #560, #5216, .T. ) ;
#4481 = DIRECTION ( 'NONE',  ( 4.956352788505161296E-16, 0.000000000000000000, 1.000000000000000000 ) ) ;
#4482 = ADVANCED_FACE ( 'NONE', ( #1201, #354 ), #586, .T. ) ;
#4483 = CARTESIAN_POINT ( 'NONE',  ( -1.249999999999997113, 3.904499097132790197, 4.621129109509723120E-16 ) ) ;
#4484 = EDGE_LOOP ( 'NONE', ( #2171 ) ) ;
#4485 = CARTESIAN_POINT ( 'NONE',  ( 7.000000000000003553, 3.000000000000000000, 2.499999999999998224 ) ) ;
#4486 = PRESENTATION_STYLE_ASSIGNMENT (( #1859 ) ) ;
#4487 = CARTESIAN_POINT ( 'NONE',  ( 7.173285491209483666, 3.999000000000003219, -0.5299747027306064284 ) ) ;
#4488 = CARTESIAN_POINT ( 'NONE',  ( 7.457951938127663993, 4.000000000000004441, -0.5555220248330196009 ) ) ;
#4489 = DIRECTION ( 'NONE',  ( -2.891205793294678326E-16, 0.000000000000000000, 1.000000000000000000 ) ) ;
#4490 = ORIENTED_EDGE ( 'NONE', *, *, #167, .T. ) ;
#4491 = STYLED_ITEM ( 'NONE', ( #3636 ), #1863 ) ;
#4492 = FACE_OUTER_BOUND ( 'NONE', #609, .T. ) ;
#4493 = CARTESIAN_POINT ( 'NONE',  ( -1.089953900083879823, 2.500000000000000000, 2.992055319899342702 ) ) ;
#4494 = DIRECTION ( 'NONE',  ( 1.000000000000000000, 0.000000000000000000, -5.551115123125776539E-17 ) ) ;
#4495 = COLOUR_RGB ( '',0.9529411764705881804, 0.7960784313725489669, 0.4862745098039215619 ) ;
#4496 = UNCERTAINTY_MEASURE_WITH_UNIT (LENGTH_MEASURE( 1.000000000000000082E-05 ), #2883, 'distance_accuracy_value', 'NONE');
#4497 = MECHANICAL_DESIGN_GEOMETRIC_PRESENTATION_REPRESENTATION (  '', ( #874 ), #3220 ) ;
#4498 = SURFACE_SIDE_STYLE ('',( #3585 ) ) ;
#4499 = CYLINDRICAL_SURFACE ( 'NONE', #2094, 0.7500000000000003331 ) ;
#4500 = CARTESIAN_POINT ( 'NONE',  ( 7.215028999209282645, 3.999999999999995559, 0.5669627069140634745 ) ) ;
#4501 = ORIENTED_EDGE ( 'NONE', *, *, #4159, .F. ) ;
#4502 = VERTEX_POINT ( 'NONE', #4072 ) ;
#4503 = AXIS2_PLACEMENT_3D ( 'NONE', #2521, #565, #3855 ) ;
#4504 = AXIS2_PLACEMENT_3D ( 'NONE', #373, #841, #1621 ) ;
#4505 = SURFACE_SIDE_STYLE ('',( #3107 ) ) ;
#4506 = FILL_AREA_STYLE_COLOUR ( '', #1436 ) ;
#4507 = CARTESIAN_POINT ( 'NONE',  ( 6.627873436521498185, 4.000000000000002665, -0.3795162313837874279 ) ) ;
#4508 = VECTOR ( 'NONE', #2863, 1000.000000000000114 ) ;
#4509 = VECTOR ( 'NONE', #680, 1000.000000000000000 ) ;
#4510 = STYLED_ITEM ( 'NONE', ( #4933 ), #396 ) ;
#4511 = DIRECTION ( 'NONE',  ( 0.000000000000000000, 1.000000000000000000, 7.205007282611301174E-15 ) ) ;
#4512 = CARTESIAN_POINT ( 'NONE',  ( 6.993664851195772414, 3.999999999999995559, 0.6168290631402925106 ) ) ;
#4513 = MECHANICAL_DESIGN_GEOMETRIC_PRESENTATION_REPRESENTATION (  '', ( #2053 ), #791 ) ;
#4514 = VECTOR ( 'NONE', #3477, 999.9999999999998863 ) ;
#4515 =( LENGTH_UNIT ( ) NAMED_UNIT ( * ) SI_UNIT ( .MILLI., .METRE. ) );
#4516 = CARTESIAN_POINT ( 'NONE',  ( 7.000000000000000888, 3.000000000000000000, -3.500000000000000888 ) ) ;
#4517 = ORIENTED_EDGE ( 'NONE', *, *, #3061, .T. ) ;
#4518 = CARTESIAN_POINT ( 'NONE',  ( 6.422855507363277816, 3.999000000000001886, -0.1909016467316269616 ) ) ;
#4519 = ADVANCED_FACE ( 'NONE', ( #2058 ), #5274, .T. ) ;
#4520 = CARTESIAN_POINT ( 'NONE',  ( 1.250000000000002887, 1.500000000000000000, 4.067926551165603762E-16 ) ) ;
#4521 = FILL_AREA_STYLE ('',( #1883 ) ) ;
#4522 = CARTESIAN_POINT ( 'NONE',  ( -6.999999999999999112, 2.299999999999999822, -1.749999999999998668 ) ) ;
#4523 = CARTESIAN_POINT ( 'NONE',  ( 6.798783916378543069, 3.998999999999995669, 0.5789928395723874521 ) ) ;
#4524 = ORIENTED_EDGE ( 'NONE', *, *, #2428, .T. ) ;
#4525 = CARTESIAN_POINT ( 'NONE',  ( 7.136466865091333212, 3.998999999999995669, 0.6009482306273384866 ) ) ;
#4526 = FILL_AREA_STYLE ('',( #2413 ) ) ;
#4527 = CARTESIAN_POINT ( 'NONE',  ( 7.398954114026692785, 3.999999999999999112, 0.1157939123824912597 ) ) ;
#4528 = CARTESIAN_POINT ( 'NONE',  ( 7.398954114026692785, 3.998999999999999222, 0.1157939123824912458 ) ) ;
#4529 = PRESENTATION_STYLE_ASSIGNMENT (( #5371 ) ) ;
#4530 = CARTESIAN_POINT ( 'NONE',  ( 6.778821101195773302, 3.999000000000000998, -0.1112358407058611082 ) ) ;
#4531 = FACE_BOUND ( 'NONE', #5470, .T. ) ;
#4532 = ORIENTED_EDGE ( 'NONE', *, *, #3157, .F. ) ;
#4533 = CARTESIAN_POINT ( 'NONE',  ( 7.000000000000002665, 0.09999999999999996392, 1.499999999999998446 ) ) ;
#4534 = CARTESIAN_POINT ( 'NONE',  ( 6.739578658345802609, 4.000000000000000888, -0.1283535378558725015 ) ) ;
#4535 = CARTESIAN_POINT ( 'NONE',  ( -3.749999999999996891, 0.000000000000000000, 3.361026734705063351E-15 ) ) ;
#4536 = CARTESIAN_POINT ( 'NONE',  ( 6.442744764986163553, 4.000000000000000888, -0.1396369243841342755 ) ) ;
#4537 = CARTESIAN_POINT ( 'NONE',  ( 7.000000000000001776, 1.000000000000000000, -1.301042606982604138E-15 ) ) ;
#4538 =( LENGTH_UNIT ( ) NAMED_UNIT ( * ) SI_UNIT ( .MILLI., .METRE. ) );
#4539 = LINE ( 'NONE', #4993, #2051 ) ;
#4540 = CARTESIAN_POINT ( 'NONE',  ( 7.000000000000001776, 0.000000000000000000, -2.500000000000002220 ) ) ;
#4541 = ORIENTED_EDGE ( 'NONE', *, *, #3964, .F. ) ;
#4542 = CARTESIAN_POINT ( 'NONE',  ( 7.534075356448923344, 4.000000000000003553, -0.4310968295708265119 ) ) ;
#4543 = EDGE_CURVE ( 'NONE', #1896, #1896, #1561, .T. ) ;
#4544 = AXIS2_PLACEMENT_3D ( 'NONE', #2967, #4701, #4732 ) ;
#4545 = VERTEX_POINT ( 'NONE', #906 ) ;
#4546 = CARTESIAN_POINT ( 'NONE',  ( 7.070103327514512870, 3.998999999999995669, 0.6129885425261715204 ) ) ;
#4547 = SURFACE_STYLE_FILL_AREA ( #3631 ) ;
#4548 = STYLED_ITEM ( 'NONE', ( #1977 ), #87 ) ;
#4549 = CARTESIAN_POINT ( 'NONE',  ( 7.301357158888083454, 4.000000000000000000, 0.05493002467875417183 ) ) ;
#4550 = CARTESIAN_POINT ( 'NONE',  ( 7.522273571871333608, 3.998999999999997446, 0.3623550998582215077 ) ) ;
#4551 = EDGE_CURVE ( 'NONE', #292, #3812, #3995, .T. ) ;
#4552 = DIRECTION ( 'NONE',  ( 5.782411586589354681E-16, 0.000000000000000000, 1.000000000000000000 ) ) ;
#4553 = CARTESIAN_POINT ( 'NONE',  ( 7.292673772583843750, 3.999999999999996447, 0.4790013199497084595 ) ) ;
#4554 = VERTEX_POINT ( 'NONE', #5354 ) ;
#4555 = VERTEX_POINT ( 'NONE', #3706 ) ;
#4556 = STYLED_ITEM ( 'NONE', ( #881 ), #2256 ) ;
#4557 = ORIENTED_EDGE ( 'NONE', *, *, #3119, .F. ) ;
#4558 = SURFACE_STYLE_FILL_AREA ( #4185 ) ;
#4559 = FILL_AREA_STYLE ('',( #3188 ) ) ;
#4560 = FILL_AREA_STYLE_COLOUR ( '', #3128 ) ;
#4561 = VECTOR ( 'NONE', #3549, 1000.000000000000000 ) ;
#4562 = SURFACE_SIDE_STYLE ('',( #3820 ) ) ;
#4563 = DIRECTION ( 'NONE',  ( 1.835596038252498950E-31, -1.000000000000000000, -2.300720062539084537E-17 ) ) ;
#4564 = STYLED_ITEM ( 'NONE', ( #1878 ), #4519 ) ;
#4565 = DIRECTION ( 'NONE',  ( 0.000000000000000000, 0.000000000000000000, 1.000000000000000000 ) ) ;
#4566 = B_SPLINE_CURVE_WITH_KNOTS ( 'NONE', 3,
 ( #4549, #1490, #3664, #4527, #4918, #2750, #1890, #691, #4092, #181, #1033 ),
 .UNSPECIFIED., .F., .F.,
 ( 4, 1, 1, 1, 1, 1, 1, 1, 4 ),
 ( 0.000000000000000000, 0.1448052410584844130, 0.2795118010254865060, 0.4063939211311610178, 0.5275015404829180854, 0.6453932904726510378, 0.7618854106740869936, 0.8789420729184869163, 1.000000000000000000 ),
 .UNSPECIFIED. ) ;
#4567 = CARTESIAN_POINT ( 'NONE',  ( -6.395513249929057231, 3.999000000000000110, 0.7777937623848212301 ) ) ;
#4568 = SURFACE_STYLE_USAGE ( .BOTH. , #5049 ) ;
#4569 = VERTEX_POINT ( 'NONE', #1798 ) ;
#4570 =( NAMED_UNIT ( * ) SI_UNIT ( $, .STERADIAN. ) SOLID_ANGLE_UNIT ( ) );
#4571 = CARTESIAN_POINT ( 'NONE',  ( 7.578957058612083131, 4.000000000000001776, -0.2492670465476815311 ) ) ;
#4572 = ORIENTED_EDGE ( 'NONE', *, *, #3956, .T. ) ;
#4573 = DIRECTION ( 'NONE',  ( 1.835596038252509459E-31, -1.000000000000000000, -2.300720062539715626E-17 ) ) ;
#4574 = EDGE_CURVE ( 'NONE', #1217, #4627, #1370, .T. ) ;
#4575 = FACE_OUTER_BOUND ( 'NONE', #757, .T. ) ;
#4576 = LINE ( 'NONE', #2726, #748 ) ;
#4577 = CARTESIAN_POINT ( 'NONE',  ( 7.509893757778953294, 3.998999999999998334, 0.2812868288535455008 ) ) ;
#4578 = STYLED_ITEM ( 'NONE', ( #5293 ), #1855 ) ;
#4579 = DIRECTION ( 'NONE',  ( 1.000000000000000000, 0.000000000000000000, 0.000000000000000000 ) ) ;
#4580 =( NAMED_UNIT ( * ) SI_UNIT ( $, .STERADIAN. ) SOLID_ANGLE_UNIT ( ) );
#4581 = FILL_AREA_STYLE_COLOUR ( '', #4866 ) ;
#4582 = VERTEX_POINT ( 'NONE', #932 ) ;
#4583 = VERTEX_POINT ( 'NONE', #5376 ) ;
#4584 = ADVANCED_FACE ( 'NONE', ( #3513 ), #137, .F. ) ;
#4585 = MECHANICAL_DESIGN_GEOMETRIC_PRESENTATION_REPRESENTATION (  '', ( #689 ), #4399 ) ;
#4586 = SURFACE_SIDE_STYLE ('',( #4558 ) ) ;
#4587 = B_SPLINE_CURVE_WITH_KNOTS ( 'NONE', 3,
 ( #2450, #2877, #2426, #2844, #5016, #4987, #2397, #323, #1092, #2509, #4160, #679, #4245, #3795, #268, #296, #3304, #1967, #1647 ),
 .UNSPECIFIED., .F., .F.,
 ( 4, 1, 1, 1, 1, 1, 1, 1, 1, 1, 1, 1, 1, 1, 1, 1, 4 ),
 ( 0.000000000000000000, 0.07499546738983189909, 0.1491654404266559986, 0.2236642943382250170, 0.3004120221906724786, 0.3395704846106349928, 0.3789205746932789998, 0.4180957375990935199, 0.4582296767501559676, 0.4984267212184589901, 0.5397075464534800693, 0.5822159516458430550, 0.6258238199943749747, 0.7154812648736980085, 0.8073840844133599592, 0.9016341255073709871, 1.000000000000000000 ),
 .UNSPECIFIED. ) ;
#4588 = COLOUR_RGB ( '',0.8980392156862745390, 0.8980392156862745390, 0.8980392156862745390 ) ;
#4589 =( NAMED_UNIT ( * ) PLANE_ANGLE_UNIT ( ) SI_UNIT ( $, .RADIAN. ) );
#4590 = UNCERTAINTY_MEASURE_WITH_UNIT (LENGTH_MEASURE( 1.000000000000000082E-05 ), #3292, 'distance_accuracy_value', 'NONE');
#4591 = FILL_AREA_STYLE ('',( #2932 ) ) ;
#4592 = DIRECTION ( 'NONE',  ( -1.665334536937733825E-16, -2.300720062539084537E-17, 1.000000000000000000 ) ) ;
#4593 = FACE_OUTER_BOUND ( 'NONE', #2619, .T. ) ;
#4594 = CIRCLE ( 'NONE', #4222, 1.500000000000000444 ) ;
#4595 = SURFACE_STYLE_FILL_AREA ( #4080 ) ;
#4596 = EDGE_LOOP ( 'NONE', ( #3312 ) ) ;
#4597 =( NAMED_UNIT ( * ) PLANE_ANGLE_UNIT ( ) SI_UNIT ( $, .RADIAN. ) );
#4598 = AXIS2_PLACEMENT_3D ( 'NONE', #780, #2955, #2092 ) ;
#4599 = PRESENTATION_LAYER_ASSIGNMENT (  '', '', ( #4510 ) ) ;
#4600 = PRESENTATION_STYLE_ASSIGNMENT (( #4654 ) ) ;
#4601 = LINE ( 'NONE', #716, #4190 ) ;
#4602 = CARTESIAN_POINT ( 'NONE',  ( 6.774582979370163294, 3.998999999999995669, 0.5651296805041164939 ) ) ;
#4603 = ADVANCED_FACE ( 'NONE', ( #1147, #2399 ), #649, .T. ) ;
#4604 = ORIENTED_EDGE ( 'NONE', *, *, #4826, .T. ) ;
#4605 =( GEOMETRIC_REPRESENTATION_CONTEXT ( 3 ) GLOBAL_UNCERTAINTY_ASSIGNED_CONTEXT ( ( #3179 ) ) GLOBAL_UNIT_ASSIGNED_CONTEXT ( ( #3720, #3234, #2780 ) ) REPRESENTATION_CONTEXT ( 'NONE', 'WORKASPACE' ) );
#4606 =( LENGTH_UNIT ( ) NAMED_UNIT ( * ) SI_UNIT ( .MILLI., .METRE. ) );
#4607 =( NAMED_UNIT ( * ) PLANE_ANGLE_UNIT ( ) SI_UNIT ( $, .RADIAN. ) );
#4608 = PLANE ( 'NONE',  #790 ) ;
#4609 =( GEOMETRIC_REPRESENTATION_CONTEXT ( 3 ) GLOBAL_UNCERTAINTY_ASSIGNED_CONTEXT ( ( #5019 ) ) GLOBAL_UNIT_ASSIGNED_CONTEXT ( ( #2957, #2587, #3814 ) ) REPRESENTATION_CONTEXT ( 'NONE', 'WORKASPACE' ) );
#4610 =( NAMED_UNIT ( * ) PLANE_ANGLE_UNIT ( ) SI_UNIT ( $, .RADIAN. ) );
#4611 = ORIENTED_EDGE ( 'NONE', *, *, #4093, .T. ) ;
#4612 = CARTESIAN_POINT ( 'NONE',  ( 6.944556122270243215, 3.999000000000004107, -0.5751647678530125152 ) ) ;
#4613 = EDGE_LOOP ( 'NONE', ( #3840 ) ) ;
#4614 = VERTEX_POINT ( 'NONE', #319 ) ;
#4615 = CARTESIAN_POINT ( 'NONE',  ( -6.607051711467516242, 3.999000000000000110, -0.7222062376151787699 ) ) ;
#4616 = LINE ( 'NONE', #5068, #3857 ) ;
#4617 = SURFACE_STYLE_USAGE ( .BOTH. , #4562 ) ;
#4618 = EDGE_CURVE ( 'NONE', #5222, #5321, #4619, .T. ) ;
#4619 = LINE ( 'NONE', #2761, #4509 ) ;
#4620 = DIRECTION ( 'NONE',  ( 0.000000000000000000, -1.000000000000000000, 0.000000000000000000 ) ) ;
#4621 = SURFACE_SIDE_STYLE ('',( #4650 ) ) ;
#4622 = ORIENTED_EDGE ( 'NONE', *, *, #4646, .F. ) ;
#4623 = DIRECTION ( 'NONE',  ( 0.8414499297245390252, 3.893118300378636621E-15, -0.5403350958123749326 ) ) ;
#4624 = SURFACE_STYLE_FILL_AREA ( #4113 ) ;
#4625 = CARTESIAN_POINT ( 'NONE',  ( 7.000000000000001776, 3.000000000000000000, -1.301042606982604138E-15 ) ) ;
#4626 = CARTESIAN_POINT ( 'NONE',  ( 6.657426870426537135, 3.998999999999997446, 0.3475982939095235147 ) ) ;
#4627 = VERTEX_POINT ( 'NONE', #5383 ) ;
#4628 = FILL_AREA_STYLE ('',( #3399 ) ) ;
#4629 = VECTOR ( 'NONE', #4946, 1000.000000000000000 ) ;
#4630 = DIRECTION ( 'NONE',  ( 5.782411586589354681E-16, 0.000000000000000000, 1.000000000000000000 ) ) ;
#4631 = AXIS2_PLACEMENT_3D ( 'NONE', #5477, #2441, #1981 ) ;
#4632 = UNCERTAINTY_MEASURE_WITH_UNIT (LENGTH_MEASURE( 1.000000000000000082E-05 ), #4370, 'distance_accuracy_value', 'NONE');
#4633 =( LENGTH_UNIT ( ) NAMED_UNIT ( * ) SI_UNIT ( .MILLI., .METRE. ) );
#4634 = CARTESIAN_POINT ( 'NONE',  ( 7.069860859017133237, 4.000000000000000000, -0.02657362443997101156 ) ) ;
#4635 = UNCERTAINTY_MEASURE_WITH_UNIT (LENGTH_MEASURE( 1.000000000000000082E-05 ), #1406, 'distance_accuracy_value', 'NONE');
#4636 = VERTEX_POINT ( 'NONE', #2373 ) ;
#4637 = FACE_OUTER_BOUND ( 'NONE', #1207, .T. ) ;
#4638 = ORIENTED_EDGE ( 'NONE', *, *, #1408, .T. ) ;
#4639 = AXIS2_PLACEMENT_3D ( 'NONE', #581, #2328, #633 ) ;
#4640 = CARTESIAN_POINT ( 'NONE',  ( 0.8378679656440426449, -0.4121320343559629618, 2.500000000000002220 ) ) ;
#4641 =( NAMED_UNIT ( * ) SI_UNIT ( $, .STERADIAN. ) SOLID_ANGLE_UNIT ( ) );
#4642 = CARTESIAN_POINT ( 'NONE',  ( 7.303002756588493405, 3.999999999999994671, 0.7259115800448735500 ) ) ;
#4643 = STYLED_ITEM ( 'NONE', ( #2102 ), #3877 ) ;
#4644 = STYLED_ITEM ( 'NONE', ( #3938 ), #2291 ) ;
#4645 = AXIS2_PLACEMENT_3D ( 'NONE', #1438, #2337, #1116 ) ;
#4646 = EDGE_CURVE ( 'NONE', #383, #3812, #3868, .T. ) ;
#4647 =( NAMED_UNIT ( * ) PLANE_ANGLE_UNIT ( ) SI_UNIT ( $, .RADIAN. ) );
#4648 = CARTESIAN_POINT ( 'NONE',  ( 7.073011489940603802, 4.000000000000004441, -0.5649406724681824699 ) ) ;
#4649 =( NAMED_UNIT ( * ) PLANE_ANGLE_UNIT ( ) SI_UNIT ( $, .RADIAN. ) );
#4650 = SURFACE_STYLE_FILL_AREA ( #3225 ) ;
#4651 = STYLED_ITEM ( 'NONE', ( #463 ), #4444 ) ;
#4652 = SURFACE_SIDE_STYLE ('',( #1202 ) ) ;
#4653 = ADVANCED_FACE ( 'NONE', ( #3219 ), #1931, .T. ) ;
#4654 = SURFACE_STYLE_USAGE ( .BOTH. , #4199 ) ;
#4655 = CARTESIAN_POINT ( 'NONE',  ( 7.298830698422623442, 3.998999999999997446, 0.3194317071092104832 ) ) ;
#4656 =( LENGTH_UNIT ( ) NAMED_UNIT ( * ) SI_UNIT ( .MILLI., .METRE. ) );
#4657 = ORIENTED_EDGE ( 'NONE', *, *, #4376, .F. ) ;
#4658 = FILL_AREA_STYLE ('',( #1631 ) ) ;
#4659 = PRESENTATION_STYLE_ASSIGNMENT (( #1632 ) ) ;
#4660 =( LENGTH_UNIT ( ) NAMED_UNIT ( * ) SI_UNIT ( .MILLI., .METRE. ) );
#4661 = CARTESIAN_POINT ( 'NONE',  ( -6.395513249929057231, 3.999000000000000110, -0.7222062376151787699 ) ) ;
#4662 =( NAMED_UNIT ( * ) PLANE_ANGLE_UNIT ( ) SI_UNIT ( $, .RADIAN. ) );
#4663 = ORIENTED_EDGE ( 'NONE', *, *, #2292, .T. ) ;
#4664 =( NAMED_UNIT ( * ) PLANE_ANGLE_UNIT ( ) SI_UNIT ( $, .RADIAN. ) );
#4665 = ORIENTED_EDGE ( 'NONE', *, *, #4224, .T. ) ;
#4666 = DIRECTION ( 'NONE',  ( 1.000000000000000000, 0.000000000000000000, 0.000000000000000000 ) ) ;
#4667 = LINE ( 'NONE', #5513, #4941 ) ;
#4668 = CARTESIAN_POINT ( 'NONE',  ( 7.320312930522453243, 3.999000000000004995, -0.6692785510159485751 ) ) ;
#4669 = STYLED_ITEM ( 'NONE', ( #2302 ), #96 ) ;
#4670 = DIRECTION ( 'NONE',  ( 4.956352788505163268E-16, 0.000000000000000000, 1.000000000000000000 ) ) ;
#4671 = CARTESIAN_POINT ( 'NONE',  ( 6.409763853056003491, 4.000000000000002665, -0.3620669915125784843 ) ) ;
#4672 = STYLED_ITEM ( 'NONE', ( #4697 ), #1797 ) ;
#4673 = MECHANICAL_DESIGN_GEOMETRIC_PRESENTATION_REPRESENTATION (  '', ( #3506 ), #4051 ) ;
#4674 = CARTESIAN_POINT ( 'NONE',  ( 6.407426870426538024, 3.999000000000002331, -0.3035435330135534682 ) ) ;
#4675 = SURFACE_SIDE_STYLE ('',( #434 ) ) ;
#4676 = SURFACE_SIDE_STYLE ('',( #4137 ) ) ;
#4677 = PRESENTATION_STYLE_ASSIGNMENT (( #2938 ) ) ;
#4678 = COLOUR_RGB ( '',0.1019607843137254888, 0.1019607843137254888, 0.1019607843137254888 ) ;
#4679 = EDGE_CURVE ( 'NONE', #1794, #5183, #4107, .T. ) ;
#4680 = VECTOR ( 'NONE', #5041, 1000.000000000000000 ) ;
#4681 = CARTESIAN_POINT ( 'NONE',  ( 7.282166955574973066, 3.999999999999998224, 0.2869929757270880399 ) ) ;
#4682 = CARTESIAN_POINT ( 'NONE',  ( 7.160852940158582314, 3.998999999999998334, 0.2070265229046824862 ) ) ;
#4683 = ADVANCED_FACE ( 'NONE', ( #1094, #706 ), #4779, .F. ) ;
#4684 = ORIENTED_EDGE ( 'NONE', *, *, #2538, .F. ) ;
#4685 = FACE_OUTER_BOUND ( 'NONE', #2235, .T. ) ;
#4686 = CIRCLE ( 'NONE', #4777, 0.4000000000000001887 ) ;
#4687 =( GEOMETRIC_REPRESENTATION_CONTEXT ( 3 ) GLOBAL_UNCERTAINTY_ASSIGNED_CONTEXT ( ( #1696 ) ) GLOBAL_UNIT_ASSIGNED_CONTEXT ( ( #3065, #4307, #84 ) ) REPRESENTATION_CONTEXT ( 'NONE', 'WORKASPACE' ) );
#4688 =( NAMED_UNIT ( * ) PLANE_ANGLE_UNIT ( ) SI_UNIT ( $, .RADIAN. ) );
#4689 = CARTESIAN_POINT ( 'NONE',  ( -7.325801711467520683, 4.000000000000000000, -0.7222062376151787699 ) ) ;
#4690 = UNCERTAINTY_MEASURE_WITH_UNIT (LENGTH_MEASURE( 1.000000000000000082E-05 ), #1007, 'distance_accuracy_value', 'NONE');
#4691 = SURFACE_STYLE_FILL_AREA ( #2068 ) ;
#4692 = ORIENTED_EDGE ( 'NONE', *, *, #1942, .T. ) ;
#4693 = FILL_AREA_STYLE ('',( #3012 ) ) ;
#4694 = ORIENTED_EDGE ( 'NONE', *, *, #5313, .F. ) ;
#4695 = VECTOR ( 'NONE', #4926, 1000.000000000000000 ) ;
#4696 = CARTESIAN_POINT ( 'NONE',  ( 7.368965331965003251, 4.000000000000001776, -0.2100940137827840282 ) ) ;
#4697 = PRESENTATION_STYLE_ASSIGNMENT (( #3411 ) ) ;
#4698 = SURFACE_SIDE_STYLE ('',( #5180 ) ) ;
#4699 = PRESENTATION_STYLE_ASSIGNMENT (( #4805 ) ) ;
#4700 = FILL_AREA_STYLE ('',( #4327 ) ) ;
#4701 = DIRECTION ( 'NONE',  ( 0.000000000000000000, 1.000000000000000000, -0.000000000000000000 ) ) ;
#4702 = CARTESIAN_POINT ( 'NONE',  ( -11.64999999999999680, 3.999000000000000110, 6.200794545425863393E-07 ) ) ;
#4703 = UNCERTAINTY_MEASURE_WITH_UNIT (LENGTH_MEASURE( 1.000000000000000082E-05 ), #3825, 'distance_accuracy_value', 'NONE');
#4704 =( NAMED_UNIT ( * ) PLANE_ANGLE_UNIT ( ) SI_UNIT ( $, .RADIAN. ) );
#4705 = SURFACE_STYLE_FILL_AREA ( #5520 ) ;
#4706 = ORIENTED_EDGE ( 'NONE', *, *, #5030, .F. ) ;
#4707 = DIRECTION ( 'NONE',  ( 1.000000000000000000, 0.000000000000000000, -2.168404344971008375E-16 ) ) ;
#4708 = CARTESIAN_POINT ( 'NONE',  ( 7.123694651498372998, 3.999999999999998224, 0.1938948734512274952 ) ) ;
#4709 = ORIENTED_EDGE ( 'NONE', *, *, #3632, .F. ) ;
#4710 = FACE_OUTER_BOUND ( 'NONE', #4950, .T. ) ;
#4711 = UNCERTAINTY_MEASURE_WITH_UNIT (LENGTH_MEASURE( 1.000000000000000082E-05 ), #4362, 'distance_accuracy_value', 'NONE');
#4712 = CYLINDRICAL_SURFACE ( 'NONE', #577, 0.3000000000000000444 ) ;
#4713 = FACE_OUTER_BOUND ( 'NONE', #803, .T. ) ;
#4714 = ADVANCED_FACE ( 'NONE', ( #3901 ), #412, .T. ) ;
#4715 = CARTESIAN_POINT ( 'NONE',  ( 7.000000000000001776, 4.000000000000000000, -1.301042606982604138E-15 ) ) ;
#4716 = AXIS2_PLACEMENT_3D ( 'NONE', #4341, #4770, #548 ) ;
#4717 = COLOUR_RGB ( '',0.9529411764705881804, 0.7960784313725489669, 0.4862745098039215619 ) ;
#4718 = SURFACE_STYLE_FILL_AREA ( #69 ) ;
#4719 = CARTESIAN_POINT ( 'NONE',  ( 6.784105673392168079, 4.000000000000000888, -0.1090672266708607036 ) ) ;
#4720 = VERTEX_POINT ( 'NONE', #51 ) ;
#4721 = ORIENTED_EDGE ( 'NONE', *, *, #3783, .T. ) ;
#4722 = MECHANICAL_DESIGN_GEOMETRIC_PRESENTATION_REPRESENTATION (  '', ( #2982 ), #5433 ) ;
#4723 = COLOUR_RGB ( '',0.8980392156862745390, 0.8980392156862745390, 0.8980392156862745390 ) ;
#4724 = ADVANCED_FACE ( 'NONE', ( #4894, #5320 ), #5496, .T. ) ;
#4725 = CARTESIAN_POINT ( 'NONE',  ( 7.000000000000002665, 5.820403407052320672E-31, -1.499529456856608035E-15 ) ) ;
#4726 = CARTESIAN_POINT ( 'NONE',  ( 7.252460183627722934, 3.999000000000004995, -0.7010558178645965866 ) ) ;
#4727 = CARTESIAN_POINT ( 'NONE',  ( 7.000000000000001776, 4.000000000000000000, -1.301042606982604138E-15 ) ) ;
#4728 = CLOSED_SHELL ( 'NONE', ( #1510, #4923, #4653, #4994, #1863, #4751, #2323, #4019 ) ) ;
#4729 = CARTESIAN_POINT ( 'NONE',  ( 6.581811607778227824, 3.999000000000004107, -0.6404393423912564387 ) ) ;
#4730 = ORIENTED_EDGE ( 'NONE', *, *, #2385, .T. ) ;
#4731 =( GEOMETRIC_REPRESENTATION_CONTEXT ( 3 ) GLOBAL_UNCERTAINTY_ASSIGNED_CONTEXT ( ( #4590 ) ) GLOBAL_UNIT_ASSIGNED_CONTEXT ( ( #3292, #5473, #2528 ) ) REPRESENTATION_CONTEXT ( 'NONE', 'WORKASPACE' ) );
#4732 = DIRECTION ( 'NONE',  ( -4.956352788505160310E-16, 0.000000000000000000, -1.000000000000000000 ) ) ;
#4733 = CARTESIAN_POINT ( 'NONE',  ( 6.700771155347953645, 3.999999999999996447, 0.4885668106481245165 ) ) ;
#4734 = VECTOR ( 'NONE', #4253, 999.9999999999998863 ) ;
#4735 = VECTOR ( 'NONE', #5239, 1000.000000000000000 ) ;
#4736 = VECTOR ( 'NONE', #5440, 999.9999999999998863 ) ;
#4737 = EDGE_LOOP ( 'NONE', ( #2246 ) ) ;
#4738 = VECTOR ( 'NONE', #1414, 1000.000000000000000 ) ;
#4739 = SURFACE_STYLE_USAGE ( .BOTH. , #796 ) ;
#4740 = EDGE_LOOP ( 'NONE', ( #4057, #3922, #1925, #1887 ) ) ;
#4741 = CARTESIAN_POINT ( 'NONE',  ( 7.000000000000001776, 0.000000000000000000, -2.500000000000002220 ) ) ;
#4742 =( NAMED_UNIT ( * ) PLANE_ANGLE_UNIT ( ) SI_UNIT ( $, .RADIAN. ) );
#4743 = CARTESIAN_POINT ( 'NONE',  ( 7.000000000000003553, 2.299999999999999822, 2.499999999999998224 ) ) ;
#4744 = CARTESIAN_POINT ( 'NONE',  ( 7.398954114026692785, 3.998999999999999222, 0.1157939123824912458 ) ) ;
#4745 = CARTESIAN_POINT ( 'NONE',  ( 6.447372347789262825, 3.998999999999997446, 0.3688200193983155462 ) ) ;
#4746 = FACE_OUTER_BOUND ( 'NONE', #3732, .T. ) ;
#4747 = DIRECTION ( 'NONE',  ( 1.000000000000000000, 0.000000000000000000, -4.336808689942016750E-16 ) ) ;
#4748 = ORIENTED_EDGE ( 'NONE', *, *, #2939, .F. ) ;
#4749 = LINE ( 'NONE', #5232, #2779 ) ;
#4750 = ORIENTED_EDGE ( 'NONE', *, *, #1310, .T. ) ;
#4751 = ADVANCED_FACE ( 'NONE', ( #1338 ), #703, .F. ) ;
#4752 =( NAMED_UNIT ( * ) PLANE_ANGLE_UNIT ( ) SI_UNIT ( $, .RADIAN. ) );
#4753 = UNCERTAINTY_MEASURE_WITH_UNIT (LENGTH_MEASURE( 1.000000000000000082E-05 ), #3905, 'distance_accuracy_value', 'NONE');
#4754 = SURFACE_STYLE_USAGE ( .BOTH. , #1675 ) ;
#4755 = SURFACE_STYLE_FILL_AREA ( #1843 ) ;
#4756 = DIRECTION ( 'NONE',  ( 7.703177259439332516E-50, -2.300720062539715626E-17, 1.000000000000000000 ) ) ;
#4757 = ORIENTED_EDGE ( 'NONE', *, *, #3051, .F. ) ;
#4758 = EDGE_CURVE ( 'NONE', #2366, #3345, #3587, .T. ) ;
#4759 = PRESENTATION_STYLE_ASSIGNMENT (( #789 ) ) ;
#4760 = FILL_AREA_STYLE_COLOUR ( '', #2687 ) ;
#4761 =( GEOMETRIC_REPRESENTATION_CONTEXT ( 3 ) GLOBAL_UNCERTAINTY_ASSIGNED_CONTEXT ( ( #5479 ) ) GLOBAL_UNIT_ASSIGNED_CONTEXT ( ( #2836, #3611, #1434 ) ) REPRESENTATION_CONTEXT ( 'NONE', 'WORKASPACE' ) );
#4762 = B_SPLINE_CURVE_WITH_KNOTS ( 'NONE', 3,
 ( #956, #4873, #3509, #2681, #989, #2257, #2709 ),
 .UNSPECIFIED., .F., .F.,
 ( 4, 1, 1, 1, 4 ),
 ( 0.000000000000000000, 0.2627412305282674776, 0.5099565029432320262, 0.7533267184204509581, 1.000000000000000000 ),
 .UNSPECIFIED. ) ;
#4763 = AXIS2_PLACEMENT_3D ( 'NONE', #944, #5312, #3577 ) ;
#4764 = CYLINDRICAL_SURFACE ( 'NONE', #1677, 0.2999999999999999334 ) ;
#4765 = CYLINDRICAL_SURFACE ( 'NONE', #274, 3.499999999999999556 ) ;
#4766 = FACE_OUTER_BOUND ( 'NONE', #2124, .T. ) ;
#4767 = ORIENTED_EDGE ( 'NONE', *, *, #540, .T. ) ;
#4768 = PRESENTATION_LAYER_ASSIGNMENT (  '', '', ( #176 ) ) ;
#4769 = CARTESIAN_POINT ( 'NONE',  ( 6.635689227024712977, 3.999000000000000110, 0.04440391425230461042 ) ) ;
#4770 = DIRECTION ( 'NONE',  ( 0.000000000000000000, -1.000000000000000000, 0.000000000000000000 ) ) ;
#4771 = AXIS2_PLACEMENT_3D ( 'NONE', #2126, #782, #2958 ) ;
#4772 = SURFACE_STYLE_USAGE ( .BOTH. , #3036 ) ;
#4773 =( NAMED_UNIT ( * ) SI_UNIT ( $, .STERADIAN. ) SOLID_ANGLE_UNIT ( ) );
#4774 = B_SPLINE_CURVE_WITH_KNOTS ( 'NONE', 3,
 ( #5031, #1133, #722, #312, #2120, #4286, #3037, #942, #4801, #2150, #3072, #5287, #1755, #422, #891, #1353, #3892, #4745, #3976 ),
 .UNSPECIFIED., .F., .F.,
 ( 4, 1, 1, 1, 1, 1, 1, 1, 1, 1, 1, 1, 1, 1, 1, 1, 4 ),
 ( 0.000000000000000000, 0.1004750608070151957, 0.1956443031597840110, 0.2860833790699320311, 0.3729828804699535372, 0.4150256681909620382, 0.4560516735090279772, 0.4959387495188999906, 0.5355660888033511036, 0.5740871099085040896, 0.6125192874870970527, 0.6510809601344450526, 0.6895131377130390149, 0.7662374603277349872, 0.8423504388672229393, 0.9199744947371040205, 1.000000000000000000 ),
 .UNSPECIFIED. ) ;
#4775 = PRESENTATION_STYLE_ASSIGNMENT (( #3039 ) ) ;
#4776 = DIRECTION ( 'NONE',  ( 0.000000000000000000, 1.000000000000000000, 7.205007282611301174E-15 ) ) ;
#4777 = AXIS2_PLACEMENT_3D ( 'NONE', #4829, #3520, #4004 ) ;
#4778 = EDGE_LOOP ( 'NONE', ( #3429 ) ) ;
#4779 = TOROIDAL_SURFACE ( 'NONE', #184, 0.5000000000000000000, 0.1000000000000000056 ) ;
#4780 = CYLINDRICAL_SURFACE ( 'NONE', #3597, 2.500000000000001776 ) ;
#4781 = COLOUR_RGB ( '',0.1019607843137254888, 0.1019607843137254888, 0.1019607843137254888 ) ;
#4782 = ORIENTED_EDGE ( 'NONE', *, *, #5071, .T. ) ;
#4783 = CARTESIAN_POINT ( 'NONE',  ( 6.707173016356643203, 4.000000000000003553, -0.4986799514670345324 ) ) ;
#4784 = CIRCLE ( 'NONE', #5052, 0.7500000000000000000 ) ;
#4785 = DIRECTION ( 'NONE',  ( -1.665334536937733825E-16, -2.300720062539084537E-17, 1.000000000000000000 ) ) ;
#4786 = VERTEX_POINT ( 'NONE', #1061 ) ;
#4787 = PRESENTATION_LAYER_ASSIGNMENT (  '', '', ( #892 ) ) ;
#4788 = B_SPLINE_CURVE_WITH_KNOTS ( 'NONE', 3,
 ( #3522, #4435, #5257, #3628, #4858, #1356, #2638, #1029, #4832, #976, #4007, #4404, #527, #151, #2244, #1837, #3152, #4887, #1001 ),
 .UNSPECIFIED., .F., .F.,
 ( 4, 1, 1, 1, 1, 1, 1, 1, 1, 1, 1, 1, 1, 1, 1, 1, 4 ),
 ( 0.000000000000000000, 0.03274321823113744701, 0.07240960549385719314, 0.1196114857927609992, 0.1746729151985134953, 0.2373450901947015135, 0.3083524168429155332, 0.3876300477623594865, 0.4747836155862519836, 0.5633323159904150002, 0.6451362168299870081, 0.7202025267224649863, 0.7891341563324459907, 0.8514970735699649573, 0.9073306044315619934, 0.9569686823424189415, 1.000000000000000000 ),
 .UNSPECIFIED. ) ;
#4789 = DIRECTION ( 'NONE',  ( 0.000000000000000000, 1.000000000000000000, -0.000000000000000000 ) ) ;
#4790 = EDGE_CURVE ( 'NONE', #4583, #4583, #1681, .T. ) ;
#4791 = PRESENTATION_STYLE_ASSIGNMENT (( #4334 ) ) ;
#4792 = SURFACE_STYLE_USAGE ( .BOTH. , #4902 ) ;
#4793 = PRESENTATION_STYLE_ASSIGNMENT (( #82 ) ) ;
#4794 =( NAMED_UNIT ( * ) SI_UNIT ( $, .STERADIAN. ) SOLID_ANGLE_UNIT ( ) );
#4795 = CARTESIAN_POINT ( 'NONE',  ( 6.600647338859063851, 3.999999999999994671, 0.6716770100640285790 ) ) ;
#4796 = EDGE_LOOP ( 'NONE', ( #3695 ) ) ;
#4797 = CARTESIAN_POINT ( 'NONE',  ( -6.999999999999997335, 3.000000000000000000, -3.499999999999997335 ) ) ;
#4798 = DIRECTION ( 'NONE',  ( 1.000000000000000000, 0.000000000000000000, -5.551115123125776539E-17 ) ) ;
#4799 = FILL_AREA_STYLE ('',( #3070 ) ) ;
#4800 = CARTESIAN_POINT ( 'NONE',  ( 7.070103327514512870, 3.998999999999995669, 0.6129885425261715204 ) ) ;
#4801 = CARTESIAN_POINT ( 'NONE',  ( 6.625717366120718488, 3.998999999999994781, 0.6904871320421255287 ) ) ;
#4802 = CARTESIAN_POINT ( 'NONE',  ( 6.765257519046333101, 4.000000000000000888, -0.1171523248653970894 ) ) ;
#4803 = ORIENTED_EDGE ( 'NONE', *, *, #4618, .F. ) ;
#4804 = CARTESIAN_POINT ( 'NONE',  ( 6.619439067263397369, 3.999000000000002331, -0.3247139092336729371 ) ) ;
#4805 = SURFACE_STYLE_USAGE ( .BOTH. , #3049 ) ;
#4806 = CARTESIAN_POINT ( 'NONE',  ( 6.952198505041923049, 4.000000000000005329, -0.7485555522443234633 ) ) ;
#4807 = FILL_AREA_STYLE ('',( #1793 ) ) ;
#4808 = ORIENTED_EDGE ( 'NONE', *, *, #4790, .F. ) ;
#4809 = DIRECTION ( 'NONE',  ( -4.336808689942016750E-16, 0.000000000000000000, -1.000000000000000000 ) ) ;
#4810 = COLOUR_RGB ( '',0.8980392156862745390, 0.8980392156862745390, 0.8980392156862745390 ) ;
#4811 = MECHANICAL_DESIGN_GEOMETRIC_PRESENTATION_REPRESENTATION (  '', ( #3537 ), #130 ) ;
#4812 = CARTESIAN_POINT ( 'NONE',  ( 6.432148815750462489, 4.000000000000000888, -0.1649038122522699656 ) ) ;
#4813 =( NAMED_UNIT ( * ) SI_UNIT ( $, .STERADIAN. ) SOLID_ANGLE_UNIT ( ) );
#4814 = CARTESIAN_POINT ( 'NONE',  ( -7.337820942236751520, 3.999000000000000110, 0.7777937623848212301 ) ) ;
#4815 = CARTESIAN_POINT ( 'NONE',  ( -6.999999999999999112, 3.000000000000000000, -2.499999999999998668 ) ) ;
#4816 = STYLED_ITEM ( 'NONE', ( #2514 ), #2598 ) ;
#4817 = EDGE_CURVE ( 'NONE', #3415, #5306, #2365, .T. ) ;
#4818 =( GEOMETRIC_REPRESENTATION_CONTEXT ( 3 ) GLOBAL_UNCERTAINTY_ASSIGNED_CONTEXT ( ( #1568 ) ) GLOBAL_UNIT_ASSIGNED_CONTEXT ( ( #5106, #3830, #1629 ) ) REPRESENTATION_CONTEXT ( 'NONE', 'WORKASPACE' ) );
#4819 = DIRECTION ( 'NONE',  ( 0.000000000000000000, 0.000000000000000000, -1.000000000000000000 ) ) ;
#4820 = DIRECTION ( 'NONE',  ( -4.336808689942016750E-16, 0.000000000000000000, -1.000000000000000000 ) ) ;
#4821 = COLOUR_RGB ( '',0.9529411764705881804, 0.7960784313725489669, 0.4862745098039215619 ) ;
#4822 = ORIENTED_EDGE ( 'NONE', *, *, #1694, .T. ) ;
#4823 = MECHANICAL_DESIGN_GEOMETRIC_PRESENTATION_REPRESENTATION (  '', ( #2088 ), #3101 ) ;
#4824 =( NAMED_UNIT ( * ) PLANE_ANGLE_UNIT ( ) SI_UNIT ( $, .RADIAN. ) );
#4825 = CARTESIAN_POINT ( 'NONE',  ( -6.999999999999996447, 1.000000000000000000, 2.198731280726776271E-15 ) ) ;
#4826 = EDGE_CURVE ( 'NONE', #655, #5116, #194, .T. ) ;
#4827 = FILL_AREA_STYLE ('',( #1239 ) ) ;
#4828 = VECTOR ( 'NONE', #4776, 1000.000000000000000 ) ;
#4829 = CARTESIAN_POINT ( 'NONE',  ( -3.749999999999996891, -1.649999999999999911, 3.343199495307397169E-16 ) ) ;
#4830 = COLOUR_RGB ( '',0.9529411764705881804, 0.7960784313725489669, 0.4862745098039215619 ) ;
#4831 = FACE_OUTER_BOUND ( 'NONE', #4740, .T. ) ;
#4832 = CARTESIAN_POINT ( 'NONE',  ( 7.033605043267143309, 3.998999999999999222, 0.1669456942453229897 ) ) ;
#4833 = CARTESIAN_POINT ( 'NONE',  ( 6.618965331964997922, 4.000000000000002665, -0.3137598791673994469 ) ) ;
#4834 = ORIENTED_EDGE ( 'NONE', *, *, #4056, .T. ) ;
#4835 = CARTESIAN_POINT ( 'NONE',  ( -1.249999999999997113, 0.1250000000000000000, 3.751576840432039091E-16 ) ) ;
#4836 = DIRECTION ( 'NONE',  ( 1.835596038252498950E-31, -1.000000000000000000, -2.300720062539084537E-17 ) ) ;
#4837 = MECHANICAL_DESIGN_GEOMETRIC_PRESENTATION_REPRESENTATION (  '', ( #4651 ), #493 ) ;
#4838 = FACE_OUTER_BOUND ( 'NONE', #4406, .T. ) ;
#4839 = ADVANCED_FACE ( 'NONE', ( #2786, #4531, #642, #5404, #1563, #3704, #1466 ), #206, .T. ) ;
#4840 = UNCERTAINTY_MEASURE_WITH_UNIT (LENGTH_MEASURE( 1.000000000000000082E-05 ), #349, 'distance_accuracy_value', 'NONE');
#4841 = CARTESIAN_POINT ( 'NONE',  ( 7.221078573847034221, 3.999000000000000110, 0.02077320458663717284 ) ) ;
#4842 =( NAMED_UNIT ( * ) PLANE_ANGLE_UNIT ( ) SI_UNIT ( $, .RADIAN. ) );
#4843 = ORIENTED_EDGE ( 'NONE', *, *, #1725, .F. ) ;
#4844 = DIRECTION ( 'NONE',  ( 0.000000000000000000, 0.000000000000000000, 1.000000000000000000 ) ) ;
#4845 = CARTESIAN_POINT ( 'NONE',  ( 6.619471763798618014, 3.999000000000002331, -0.3029168071151744912 ) ) ;
#4846 = CARTESIAN_POINT ( 'NONE',  ( 0.8594875162046676786, 3.000000000000000000, 2.799999999999997602 ) ) ;
#4847 =( LENGTH_UNIT ( ) NAMED_UNIT ( * ) SI_UNIT ( .MILLI., .METRE. ) );
#4848 = FACE_OUTER_BOUND ( 'NONE', #73, .T. ) ;
#4849 =( NAMED_UNIT ( * ) SI_UNIT ( $, .STERADIAN. ) SOLID_ANGLE_UNIT ( ) );
#4850 = MECHANICAL_DESIGN_GEOMETRIC_PRESENTATION_REPRESENTATION (  '', ( #4491 ), #4761 ) ;
#4851 = SURFACE_STYLE_USAGE ( .BOTH. , #3998 ) ;
#4852 = PRODUCT_RELATED_PRODUCT_CATEGORY ( 'part', '', ( #2567 ) ) ;
#4853 = VERTEX_POINT ( 'NONE', #2390 ) ;
#4854 = COLOUR_RGB ( '',0.9529411764705881804, 0.7960784313725489669, 0.4862745098039215619 ) ;
#4855 = CARTESIAN_POINT ( 'NONE',  ( 7.292673772583843750, 3.998999999999996557, 0.4790013199497084595 ) ) ;
#4856 = EDGE_CURVE ( 'NONE', #277, #1593, #2128, .T. ) ;
#4857 = MECHANICAL_DESIGN_GEOMETRIC_PRESENTATION_REPRESENTATION (  '', ( #2854 ), #693 ) ;
#4858 = CARTESIAN_POINT ( 'NONE',  ( 7.192747398978433182, 3.998999999999998334, 0.2200774913655854925 ) ) ;
#4859 = ORIENTED_EDGE ( 'NONE', *, *, #5240, .T. ) ;
#4860 = CARTESIAN_POINT ( 'NONE',  ( -0.8378679656440408685, -0.4121320343559632393, -3.500000000000001332 ) ) ;
#4861 = CIRCLE ( 'NONE', #2680, 0.5000000000000000000 ) ;
#4862 = CARTESIAN_POINT ( 'NONE',  ( 6.765257519046333101, 3.999000000000000998, -0.1171523248653970894 ) ) ;
#4863 = MECHANICAL_DESIGN_GEOMETRIC_PRESENTATION_REPRESENTATION (  '', ( #264 ), #3307 ) ;
#4864 = SURFACE_SIDE_STYLE ('',( #3156 ) ) ;
#4865 = CARTESIAN_POINT ( 'NONE',  ( 6.944556122270243215, 4.000000000000004441, -0.5751647678530125152 ) ) ;
#4866 = COLOUR_RGB ( '',0.1019607843137254888, 0.1019607843137254888, 0.1019607843137254888 ) ;
#4867 = FILL_AREA_STYLE ('',( #1790 ) ) ;
#4868 = FACE_OUTER_BOUND ( 'NONE', #5064, .T. ) ;
#4869 = ORIENTED_EDGE ( 'NONE', *, *, #2496, .F. ) ;
#4870 = DIRECTION ( 'NONE',  ( 0.000000000000000000, -2.300720062539084537E-17, 1.000000000000000000 ) ) ;
#4871 =( GEOMETRIC_REPRESENTATION_CONTEXT ( 3 ) GLOBAL_UNCERTAINTY_ASSIGNED_CONTEXT ( ( #4891 ) ) GLOBAL_UNIT_ASSIGNED_CONTEXT ( ( #2247, #3076, #5315 ) ) REPRESENTATION_CONTEXT ( 'NONE', 'WORKASPACE' ) );
#4872 = AXIS2_PLACEMENT_3D ( 'NONE', #3622, #3195, #2402 ) ;
#4873 = CARTESIAN_POINT ( 'NONE',  ( 7.310726359095543359, 3.998999999999997446, 0.3800655493897429626 ) ) ;
#4874 = CARTESIAN_POINT ( 'NONE',  ( 7.277435565302813991, 4.000000000000000000, 0.04311165155734517779 ) ) ;
#4875 =( NAMED_UNIT ( * ) SI_UNIT ( $, .STERADIAN. ) SOLID_ANGLE_UNIT ( ) );
#4876 =( LENGTH_UNIT ( ) NAMED_UNIT ( * ) SI_UNIT ( .MILLI., .METRE. ) );
#4877 = VECTOR ( 'NONE', #938, 1000.000000000000000 ) ;
#4878 =( NAMED_UNIT ( * ) PLANE_ANGLE_UNIT ( ) SI_UNIT ( $, .RADIAN. ) );
#4879 = STYLED_ITEM ( 'NONE', ( #2059 ), #5504 ) ;
#4880 = STYLED_ITEM ( 'NONE', ( #2253 ), #4724 ) ;
#4881 = FILL_AREA_STYLE ('',( #3167 ) ) ;
#4882 =( NAMED_UNIT ( * ) SI_UNIT ( $, .STERADIAN. ) SOLID_ANGLE_UNIT ( ) );
#4883 = ORIENTED_EDGE ( 'NONE', *, *, #4, .F. ) ;
#4884 = FACE_BOUND ( 'NONE', #4071, .T. ) ;
#4885 = CARTESIAN_POINT ( 'NONE',  ( 7.124787461752032591, 4.000000000000004441, -0.5500548952347914522 ) ) ;
#4886 = CARTESIAN_POINT ( 'NONE',  ( 7.465121248552753386, 3.999999999999995559, 0.5827038532333064236 ) ) ;
#4887 = CARTESIAN_POINT ( 'NONE',  ( 6.675932629279338393, 3.998999999999999222, 0.06260286900742510763 ) ) ;
#4888 = ORIENTED_EDGE ( 'NONE', *, *, #733, .F. ) ;
#4889 = EDGE_CURVE ( 'NONE', #699, #699, #2600, .T. ) ;
#4890 = CARTESIAN_POINT ( 'NONE',  ( -7.325801711467520683, 3.999000000000000110, -0.7222062376151787699 ) ) ;
#4891 = UNCERTAINTY_MEASURE_WITH_UNIT (LENGTH_MEASURE( 1.000000000000000082E-05 ), #2247, 'distance_accuracy_value', 'NONE');
#4892 =( NAMED_UNIT ( * ) PLANE_ANGLE_UNIT ( ) SI_UNIT ( $, .RADIAN. ) );
#4893 = CARTESIAN_POINT ( 'NONE',  ( 7.033605043267143309, 3.999999999999999112, 0.1669456942453230175 ) ) ;
#4894 = FACE_OUTER_BOUND ( 'NONE', #1481, .T. ) ;
#4895 = ORIENTED_EDGE ( 'NONE', *, *, #2880, .T. ) ;
#4896 = CARTESIAN_POINT ( 'NONE',  ( 7.000000000000002665, 3.899999999999999911, -1.500000000000001554 ) ) ;
#4897 = EDGE_CURVE ( 'NONE', #3169, #1299, #2503, .T. ) ;
#4898 = LINE ( 'NONE', #3989, #4954 ) ;
#4899 = SURFACE_STYLE_USAGE ( .BOTH. , #4955 ) ;
#4900 = CARTESIAN_POINT ( 'NONE',  ( -7.000000000000000000, 0.000000000000000000, -2.499999999999999112 ) ) ;
#4901 = PLANE ( 'NONE',  #474 ) ;
#4902 = SURFACE_SIDE_STYLE ('',( #1369 ) ) ;
#4903 = CONICAL_SURFACE ( 'NONE', #1804, 0.3500000000000000333, 0.7853981633974476129 ) ;
#4904 = AXIS2_PLACEMENT_3D ( 'NONE', #5206, #3959, #4785 ) ;
#4905 = ADVANCED_FACE ( 'NONE', ( #5115 ), #5063, .T. ) ;
#4906 = CARTESIAN_POINT ( 'NONE',  ( 6.445888408888078125, 3.999999999999997335, 0.3475982939095235147 ) ) ;
#4907 =( NAMED_UNIT ( * ) PLANE_ANGLE_UNIT ( ) SI_UNIT ( $, .RADIAN. ) );
#4908 = VERTEX_POINT ( 'NONE', #3377 ) ;
#4909 = PRESENTATION_STYLE_ASSIGNMENT (( #4082 ) ) ;
#4910 = AXIS2_PLACEMENT_3D ( 'NONE', #4715, #367, #2066 ) ;
#4911 = FILL_AREA_STYLE_COLOUR ( '', #1398 ) ;
#4912 = CARTESIAN_POINT ( 'NONE',  ( 7.487990740332862494, 3.998999999999995669, 0.5412385301994674380 ) ) ;
#4913 = COLOUR_RGB ( '',0.1019607843137254888, 0.1019607843137254888, 0.1019607843137254888 ) ;
#4914 = DIRECTION ( 'NONE',  ( 3.469446951953613203E-16, 0.000000000000000000, 1.000000000000000000 ) ) ;
#4915 = ORIENTED_EDGE ( 'NONE', *, *, #5338, .T. ) ;
#4916 = CARTESIAN_POINT ( 'NONE',  ( 7.215028999209282645, 3.998999999999995669, 0.5669627069140633635 ) ) ;
#4917 = CIRCLE ( 'NONE', #1109, 1.399999999999999911 ) ;
#4918 = CARTESIAN_POINT ( 'NONE',  ( 7.437599867103043216, 3.999999999999999112, 0.1523210715158944961 ) ) ;
#4919 = DIRECTION ( 'NONE',  ( -1.835596037908135107E-31, 1.000000000000000000, 2.300720041860673629E-17 ) ) ;
#4920 = DIRECTION ( 'NONE',  ( -1.835596038252509459E-31, 1.000000000000000000, 2.300720062539715626E-17 ) ) ;
#4921 = CARTESIAN_POINT ( 'NONE',  ( 6.793315521618623620, 3.999999999999999112, 0.1038388491982419060 ) ) ;
#4922 = AXIS2_PLACEMENT_3D ( 'NONE', #70, #2610, #2151 ) ;
#4923 = ADVANCED_FACE ( 'NONE', ( #5149, #4637 ), #2535, .T. ) ;
#4924 = FILL_AREA_STYLE ('',( #4581 ) ) ;
#4925 = ORIENTED_EDGE ( 'NONE', *, *, #1465, .F. ) ;
#4926 = DIRECTION ( 'NONE',  ( 0.000000000000000000, 1.000000000000000000, -0.000000000000000000 ) ) ;
#4927 = CARTESIAN_POINT ( 'NONE',  ( 6.445888408888078125, 3.999999999999997335, 0.3475982939095235147 ) ) ;
#4928 = FACE_OUTER_BOUND ( 'NONE', #2755, .T. ) ;
#4929 = FILL_AREA_STYLE_COLOUR ( '', #4913 ) ;
#4930 = EDGE_CURVE ( 'NONE', #4379, #5222, #4749, .T. ) ;
#4931 = SURFACE_SIDE_STYLE ('',( #1993 ) ) ;
#4932 = DIRECTION ( 'NONE',  ( -3.469446951953613203E-16, 0.000000000000000000, -1.000000000000000000 ) ) ;
#4933 = PRESENTATION_STYLE_ASSIGNMENT (( #4055 ) ) ;
#4934 = CARTESIAN_POINT ( 'NONE',  ( 6.535962641769427428, 3.999999999999995559, 0.6060413505477434404 ) ) ;
#4935 = EDGE_LOOP ( 'NONE', ( #3376 ) ) ;
#4936 = CARTESIAN_POINT ( 'NONE',  ( 6.416170952994842303, 3.999000000000001886, -0.2179195993673169740 ) ) ;
#4937 = DIRECTION ( 'NONE',  ( -2.278763838549589087E-31, 1.000000000000000000, 2.891205793294683750E-16 ) ) ;
#4938 = CARTESIAN_POINT ( 'NONE',  ( 7.135623617799073948, 4.000000000000005329, -0.7334456578982103681 ) ) ;
#4939 = DIRECTION ( 'NONE',  ( 0.000000000000000000, -1.000000000000000000, 0.000000000000000000 ) ) ;
#4940 = ORIENTED_EDGE ( 'NONE', *, *, #2385, .F. ) ;
#4941 = VECTOR ( 'NONE', #5152, 1000.000000000000000 ) ;
#4942 =( LENGTH_UNIT ( ) NAMED_UNIT ( * ) SI_UNIT ( .MILLI., .METRE. ) );
#4943 = AXIS2_PLACEMENT_3D ( 'NONE', #365, #4285, #387 ) ;
#4944 = CARTESIAN_POINT ( 'NONE',  ( 7.547634779938952931, 4.000000000000002665, -0.3967412624534310539 ) ) ;
#4945 = STYLED_ITEM ( 'NONE', ( #4775 ), #1198 ) ;
#4946 = DIRECTION ( 'NONE',  ( 1.000000000000000000, 0.000000000000000000, -2.478176394252580648E-16 ) ) ;
#4947 = DIRECTION ( 'NONE',  ( 1.835596038252509459E-31, -1.000000000000000000, -2.300720062539715626E-17 ) ) ;
#4948 = CARTESIAN_POINT ( 'NONE',  ( 6.675932629279338393, 3.999999999999999112, 0.06260286900742512151 ) ) ;
#4949 = CARTESIAN_POINT ( 'NONE',  ( 7.311273024272693100, 3.999999999999997335, 0.3929708900633694935 ) ) ;
#4950 = EDGE_LOOP ( 'NONE', ( #4895 ) ) ;
#4951 = CARTESIAN_POINT ( 'NONE',  ( 3.750000000000003553, 0.000000000000000000, 0.7500000000000004441 ) ) ;
#4952 = STYLED_ITEM ( 'NONE', ( #4003 ), #1473 ) ;
#4953 = ORIENTED_EDGE ( 'NONE', *, *, #4234, .F. ) ;
#4954 = VECTOR ( 'NONE', #2284, 1000.000000000000000 ) ;
#4955 = SURFACE_SIDE_STYLE ('',( #620 ) ) ;
#4956 = CARTESIAN_POINT ( 'NONE',  ( 6.470943008335428459, 4.000000000000000888, -0.09206719505059417219 ) ) ;
#4957 = SURFACE_SIDE_STYLE ('',( #3649 ) ) ;
#4958 = AXIS2_PLACEMENT_3D ( 'NONE', #1921, #2303, #638 ) ;
#4959 = COLOUR_RGB ( '',0.9529411764705881804, 0.7960784313725489669, 0.4862745098039215619 ) ;
#4960 = TOROIDAL_SURFACE ( 'NONE', #4872, 1.600000000000000533, 0.1000000000000000056 ) ;
#4961 = EDGE_CURVE ( 'NONE', #2974, #282, #3953, .T. ) ;
#4962 = LINE ( 'NONE', #738, #4736 ) ;
#4963 = PRESENTATION_LAYER_ASSIGNMENT (  '', '', ( #5502 ) ) ;
#4964 = PRESENTATION_LAYER_ASSIGNMENT (  '', '', ( #5419 ) ) ;
#4965 =( LENGTH_UNIT ( ) NAMED_UNIT ( * ) SI_UNIT ( .MILLI., .METRE. ) );
#4966 = DIRECTION ( 'NONE',  ( 0.000000000000000000, 0.000000000000000000, 1.000000000000000000 ) ) ;
#4967 = ORIENTED_EDGE ( 'NONE', *, *, #1229, .F. ) ;
#4968 =( NAMED_UNIT ( * ) PLANE_ANGLE_UNIT ( ) SI_UNIT ( $, .RADIAN. ) );
#4969 = ADVANCED_FACE ( 'NONE', ( #153 ), #4780, .T. ) ;
#4970 = CARTESIAN_POINT ( 'NONE',  ( 6.657426870426537135, 3.999999999999997335, 0.3475982939095235147 ) ) ;
#4971 = CARTESIAN_POINT ( 'NONE',  ( 7.026445460874152893, 3.999999999999994227, 0.7892450439960705388 ) ) ;
#4972 = COLOUR_RGB ( '',0.1019607843137254888, 0.1019607843137254888, 0.1019607843137254888 ) ;
#4973 = SURFACE_STYLE_USAGE ( .BOTH. , #1946 ) ;
#4974 = ORIENTED_EDGE ( 'NONE', *, *, #1342, .F. ) ;
#4975 = FILL_AREA_STYLE ('',( #223 ) ) ;
#4976 = CARTESIAN_POINT ( 'NONE',  ( 7.579985169858792560, 4.000000000000001776, -0.2232288186795685359 ) ) ;
#4977 = FILL_AREA_STYLE_COLOUR ( '', #4273 ) ;
#4978 = DIRECTION ( 'NONE',  ( -1.000000000000000000, 0.000000000000000000, 4.027036640660443984E-16 ) ) ;
#4979 = CYLINDRICAL_SURFACE ( 'NONE', #2452, 0.7500000000000000000 ) ;
#4980 = DIRECTION ( 'NONE',  ( 5.421010862427523156E-16, 0.000000000000000000, 1.000000000000000000 ) ) ;
#4981 = VERTEX_POINT ( 'NONE', #3154 ) ;
#4982 = VERTEX_POINT ( 'NONE', #644 ) ;
#4983 = PLANE ( 'NONE',  #701 ) ;
#4984 = COLOUR_RGB ( '',0.7921568627450980005, 0.8196078431372548767, 0.9333333333333333481 ) ;
#4985 =( NAMED_UNIT ( * ) PLANE_ANGLE_UNIT ( ) SI_UNIT ( $, .RADIAN. ) );
#4986 = CARTESIAN_POINT ( 'NONE',  ( 6.455904479295923259, 4.000000000000000888, -0.1154055520029410725 ) ) ;
#4987 = CARTESIAN_POINT ( 'NONE',  ( 7.465121248552753386, 3.998999999999995669, 0.5827038532333064236 ) ) ;
#4988 = PRESENTATION_STYLE_ASSIGNMENT (( #2313 ) ) ;
#4989 = DIRECTION ( 'NONE',  ( 1.000000000000000000, 0.000000000000000000, 0.000000000000000000 ) ) ;
#4990 = CARTESIAN_POINT ( 'NONE',  ( -1.249999999999997113, 3.997857139782515112, 4.642612225927707832E-16 ) ) ;
#4991 = DIRECTION ( 'NONE',  ( -1.000000000000000000, 0.000000000000000000, 0.000000000000000000 ) ) ;
#4992 = MECHANICAL_DESIGN_GEOMETRIC_PRESENTATION_REPRESENTATION (  '', ( #740 ), #2078 ) ;
#4993 = CARTESIAN_POINT ( 'NONE',  ( -1.500000000000000000, 2.500000000000000000, 2.500000000000002220 ) ) ;
#4994 = ADVANCED_FACE ( 'NONE', ( #120, #865 ), #2276, .T. ) ;
#4995 = ORIENTED_EDGE ( 'NONE', *, *, #5240, .F. ) ;
#4996 = PRESENTATION_LAYER_ASSIGNMENT (  '', '', ( #3537 ) ) ;
#4997 = DIRECTION ( 'NONE',  ( -1.665334536937733825E-16, -2.300720062539084537E-17, 1.000000000000000000 ) ) ;
#4998 = CARTESIAN_POINT ( 'NONE',  ( 3.750000000000003109, 4.049999999999999822, 4.654606468570293109E-16 ) ) ;
#4999 = DIRECTION ( 'NONE',  ( -0.000000000000000000, -1.000000000000000000, 0.000000000000000000 ) ) ;
#5000 = ADVANCED_FACE ( 'NONE', ( #2670 ), #920, .T. ) ;
#5001 = ORIENTED_EDGE ( 'NONE', *, *, #668, .F. ) ;
#5002 = CARTESIAN_POINT ( 'NONE',  ( 7.268638015066023250, 3.998999999999996557, 0.5168596593023685459 ) ) ;
#5003 = CARTESIAN_POINT ( 'NONE',  ( 7.517981352529812256, 4.000000000000003553, -0.4642103424512264986 ) ) ;
#5004 = VECTOR ( 'NONE', #472, 1000.000000000000000 ) ;
#5005 = CARTESIAN_POINT ( 'NONE',  ( 7.437599867103043216, 3.999999999999999112, 0.1523210715158944961 ) ) ;
#5006 = CARTESIAN_POINT ( 'NONE',  ( -7.549359403775211419, 3.999000000000000110, 0.7777937623848212301 ) ) ;
#5007 = DIRECTION ( 'NONE',  ( 0.000000000000000000, -1.000000000000000000, 0.000000000000000000 ) ) ;
#5008 =( NAMED_UNIT ( * ) SI_UNIT ( $, .STERADIAN. ) SOLID_ANGLE_UNIT ( ) );
#5009 = EDGE_LOOP ( 'NONE', ( #5253, #4042, #4694, #1611, #4123, #729, #2164, #3466, #4408, #2987, #4008, #71, #4883, #846, #4034, #4706 ) ) ;
#5010 = PRESENTATION_LAYER_ASSIGNMENT (  '', '', ( #4643 ) ) ;
#5011 = VERTEX_POINT ( 'NONE', #1565 ) ;
#5012 = CARTESIAN_POINT ( 'NONE',  ( -6.999999999999998224, 2.299999999999999822, -2.499999999999997335 ) ) ;
#5013 = CARTESIAN_POINT ( 'NONE',  ( 6.410928914104492726, 4.000000000000001776, -0.2456847707926879398 ) ) ;
#5014 = COLOUR_RGB ( '',0.1019607843137254888, 0.1019607843137254888, 0.1019607843137254888 ) ;
#5015 = STYLED_ITEM ( 'NONE', ( #4759 ), #2571 ) ;
#5016 = CARTESIAN_POINT ( 'NONE',  ( 7.487990740332862494, 3.998999999999995669, 0.5412385301994674380 ) ) ;
#5017 = CARTESIAN_POINT ( 'NONE',  ( 6.777306006305872543, 4.000000000000004441, -0.5410006440304364617 ) ) ;
#5018 = COLOUR_RGB ( '',0.1019607843137254888, 0.1019607843137254888, 0.1019607843137254888 ) ;
#5019 = UNCERTAINTY_MEASURE_WITH_UNIT (LENGTH_MEASURE( 1.000000000000000082E-05 ), #2957, 'distance_accuracy_value', 'NONE');
#5020 = FILL_AREA_STYLE ('',( #329 ) ) ;
#5021 = DIRECTION ( 'NONE',  ( -2.074867795289532742E-31, 1.000000000000000000, 1.666850934030272702E-16 ) ) ;
#5022 = EDGE_LOOP ( 'NONE', ( #1236 ) ) ;
#5023 = FACE_OUTER_BOUND ( 'NONE', #2769, .T. ) ;
#5024 = FACE_OUTER_BOUND ( 'NONE', #250, .T. ) ;
#5025 = CARTESIAN_POINT ( 'NONE',  ( -7.325801711467520683, 4.000000000000000000, -0.7222062376151787699 ) ) ;
#5026 = FILL_AREA_STYLE_COLOUR ( '', #172 ) ;
#5027 = ORIENTED_EDGE ( 'NONE', *, *, #1819, .F. ) ;
#5028 = CARTESIAN_POINT ( 'NONE',  ( 7.311273024272693100, 3.999999999999997335, 0.3929708900633694935 ) ) ;
#5029 = SURFACE_SIDE_STYLE ('',( #2525 ) ) ;
#5030 = EDGE_CURVE ( 'NONE', #1440, #2802, #584, .T. ) ;
#5031 = CARTESIAN_POINT ( 'NONE',  ( 7.002078312734233201, 3.998999999999993893, 0.7899059862172155277 ) ) ;
#5032 = CARTESIAN_POINT ( 'NONE',  ( -6.999999999999999112, 1.000000000000000000, -1.749999999999998224 ) ) ;
#5033 =( GEOMETRIC_REPRESENTATION_CONTEXT ( 3 ) GLOBAL_UNCERTAINTY_ASSIGNED_CONTEXT ( ( #2017 ) ) GLOBAL_UNIT_ASSIGNED_CONTEXT ( ( #3246, #4985, #375 ) ) REPRESENTATION_CONTEXT ( 'NONE', 'WORKASPACE' ) );
#5034 =( LENGTH_UNIT ( ) NAMED_UNIT ( * ) SI_UNIT ( .MILLI., .METRE. ) );
#5035 = UNCERTAINTY_MEASURE_WITH_UNIT (LENGTH_MEASURE( 1.000000000000000082E-05 ), #3707, 'distance_accuracy_value', 'NONE');
#5036 = ORIENTED_EDGE ( 'NONE', *, *, #1933, .T. ) ;
#5037 = EDGE_LOOP ( 'NONE', ( #995 ) ) ;
#5038 = CARTESIAN_POINT ( 'NONE',  ( 1.250000000000002887, -0.1000000000000000056, 0.4000000000000004108 ) ) ;
#5039 = AXIS2_PLACEMENT_3D ( 'NONE', #3606, #2747, #4489 ) ;
#5040 = EDGE_CURVE ( 'NONE', #1348, #2925, #5365, .T. ) ;
#5041 = DIRECTION ( 'NONE',  ( 1.000000000000000000, 0.000000000000000000, 0.000000000000000000 ) ) ;
#5042 = PLANE ( 'NONE',  #2940 ) ;
#5043 = UNCERTAINTY_MEASURE_WITH_UNIT (LENGTH_MEASURE( 1.000000000000000082E-05 ), #2999, 'distance_accuracy_value', 'NONE');
#5044 = SURFACE_SIDE_STYLE ('',( #1991 ) ) ;
#5045 = CARTESIAN_POINT ( 'NONE',  ( 6.679343979098362638, 4.000000000000003553, -0.4725540209085434817 ) ) ;
#5046 = MECHANICAL_DESIGN_GEOMETRIC_PRESENTATION_REPRESENTATION (  '', ( #2043 ), #970 ) ;
#5047 = SURFACE_STYLE_USAGE ( .BOTH. , #3309 ) ;
#5048 = VECTOR ( 'NONE', #2065, 1000.000000000000000 ) ;
#5049 = SURFACE_SIDE_STYLE ('',( #4595 ) ) ;
#5050 = EDGE_LOOP ( 'NONE', ( #5389, #1638, #4657, #3533 ) ) ;
#5051 = MECHANICAL_DESIGN_GEOMETRIC_PRESENTATION_REPRESENTATION (  '', ( #4322 ), #5413 ) ;
#5052 = AXIS2_PLACEMENT_3D ( 'NONE', #2821, #653, #994 ) ;
#5053 = CARTESIAN_POINT ( 'NONE',  ( 7.310726359095543359, 3.998999999999997446, 0.3800655493897429626 ) ) ;
#5054 = DIRECTION ( 'NONE',  ( 0.000000000000000000, -6.938893903907229955E-15, 1.000000000000000000 ) ) ;
#5055 = EDGE_LOOP ( 'NONE', ( #1416 ) ) ;
#5056 = CARTESIAN_POINT ( 'NONE',  ( 7.310658641823142290, 3.999999999999997335, 0.4155501411646220222 ) ) ;
#5057 = PRESENTATION_STYLE_ASSIGNMENT (( #3806 ) ) ;
#5058 = CARTESIAN_POINT ( 'NONE',  ( 7.368965331965003251, 3.999000000000001886, -0.2100940137827840282 ) ) ;
#5059 = LINE ( 'NONE', #3754, #5091 ) ;
#5060 = SURFACE_STYLE_FILL_AREA ( #3858 ) ;
#5061 =( NAMED_UNIT ( * ) SI_UNIT ( $, .STERADIAN. ) SOLID_ANGLE_UNIT ( ) );
#5062 = EDGE_LOOP ( 'NONE', ( #823 ) ) ;
#5063 = PLANE ( 'NONE',  #4598 ) ;
#5064 = EDGE_LOOP ( 'NONE', ( #1214 ) ) ;
#5065 = ADVANCED_FACE ( 'NONE', ( #4492 ), #364, .T. ) ;
#5066 = CARTESIAN_POINT ( 'NONE',  ( 7.255409592261152341, 4.000000000000003553, -0.4756622473984135069 ) ) ;
#5067 = LINE ( 'NONE', #5120, #600 ) ;
#5068 = CARTESIAN_POINT ( 'NONE',  ( 7.000000000000004441, 3.000000000000000000, 3.499999999999998224 ) ) ;
#5069 = CARTESIAN_POINT ( 'NONE',  ( 7.522097567008822594, 3.999999999999997335, 0.3977449328451380106 ) ) ;
#5070 = CARTESIAN_POINT ( 'NONE',  ( 3.750000000000003109, -0.1000000000000000056, 3.699813945649998057E-16 ) ) ;
#5071 = EDGE_CURVE ( 'NONE', #3896, #1364, #1583, .T. ) ;
#5072 = CYLINDRICAL_SURFACE ( 'NONE', #3559, 1.750000000000000666 ) ;
#5073 = CARTESIAN_POINT ( 'NONE',  ( 7.333584178259023645, 3.999000000000002331, -0.3637861991430215158 ) ) ;
#5074 = DIRECTION ( 'NONE',  ( 3.469446951953613203E-16, 0.000000000000000000, 1.000000000000000000 ) ) ;
#5075 = FILL_AREA_STYLE_COLOUR ( '', #2517 ) ;
#5076 = ORIENTED_EDGE ( 'NONE', *, *, #5377, .F. ) ;
#5077 = CARTESIAN_POINT ( 'NONE',  ( 6.929800260216112839, 3.999999999999999112, 0.1410124485771499236 ) ) ;
#5078 = ORIENTED_EDGE ( 'NONE', *, *, #2103, .T. ) ;
#5079 = CARTESIAN_POINT ( 'NONE',  ( -3.749999999999996891, -0.1000000000000000056, 3.699813945649998057E-16 ) ) ;
#5080 = PRESENTATION_LAYER_ASSIGNMENT (  '', '', ( #740 ) ) ;
#5081 = CIRCLE ( 'NONE', #1532, 0.7500000000000000000 ) ;
#5082 =( NAMED_UNIT ( * ) SI_UNIT ( $, .STERADIAN. ) SOLID_ANGLE_UNIT ( ) );
#5083 = DIRECTION ( 'NONE',  ( 0.000000000000000000, -1.000000000000000000, 0.000000000000000000 ) ) ;
#5084 = LINE ( 'NONE', #4661, #656 ) ;
#5085 =( GEOMETRIC_REPRESENTATION_CONTEXT ( 3 ) GLOBAL_UNCERTAINTY_ASSIGNED_CONTEXT ( ( #2530 ) ) GLOBAL_UNIT_ASSIGNED_CONTEXT ( ( #2336, #1437, #3180 ) ) REPRESENTATION_CONTEXT ( 'NONE', 'WORKASPACE' ) );
#5086 = CARTESIAN_POINT ( 'NONE',  ( 7.025130450747493427, 4.000000000000000000, -0.03847657563784320778 ) ) ;
#5087 = ORIENTED_EDGE ( 'NONE', *, *, #4961, .F. ) ;
#5088 = SURFACE_SIDE_STYLE ('',( #836 ) ) ;
#5089 = EDGE_LOOP ( 'NONE', ( #797 ) ) ;
#5090 = SURFACE_STYLE_USAGE ( .BOTH. , #1619 ) ;
#5091 = VECTOR ( 'NONE', #2089, 1000.000000000000000 ) ;
#5092 = FILL_AREA_STYLE ('',( #3817 ) ) ;
#5093 = CARTESIAN_POINT ( 'NONE',  ( 7.500084906291133002, 3.999000000000003219, -0.4963220137700385948 ) ) ;
#5094 = EDGE_CURVE ( 'NONE', #1861, #1190, #2063, .T. ) ;
#5095 = CARTESIAN_POINT ( 'NONE',  ( 7.000000000000004441, 4.000000000000000000, 3.499999999999998224 ) ) ;
#5096 = CARTESIAN_POINT ( 'NONE',  ( 7.508081592940232696, 3.999999999999996447, 0.4890095883740344651 ) ) ;
#5097 = AXIS2_PLACEMENT_3D ( 'NONE', #763, #3766, #5488 ) ;
#5098 = STYLED_ITEM ( 'NONE', ( #5332 ), #2317 ) ;
#5099 = SURFACE_STYLE_FILL_AREA ( #351 ) ;
#5100 = CARTESIAN_POINT ( 'NONE',  ( 6.677071747364042409, 3.999999999999996447, 0.4380384678591070502 ) ) ;
#5101 = EDGE_CURVE ( 'NONE', #2282, #2925, #2009, .T. ) ;
#5102 = DIRECTION ( 'NONE',  ( -1.000000000000000000, 0.000000000000000000, 0.000000000000000000 ) ) ;
#5103 = MECHANICAL_DESIGN_GEOMETRIC_PRESENTATION_REPRESENTATION (  '', ( #2100 ), #413 ) ;
#5104 = DIRECTION ( 'NONE',  ( 0.000000000000000000, -1.000000000000000000, -7.205007282611301174E-15 ) ) ;
#5105 = PLANE ( 'NONE',  #2039 ) ;
#5106 =( LENGTH_UNIT ( ) NAMED_UNIT ( * ) SI_UNIT ( .MILLI., .METRE. ) );
#5107 = CARTESIAN_POINT ( 'NONE',  ( 6.929800260216112839, 3.998999999999999222, 0.1410124485771499236 ) ) ;
#5108 = ORIENTED_EDGE ( 'NONE', *, *, #2538, .T. ) ;
#5109 = DIRECTION ( 'NONE',  ( -0.000000000000000000, 1.000000000000000000, -0.000000000000000000 ) ) ;
#5110 = FACE_OUTER_BOUND ( 'NONE', #3255, .T. ) ;
#5111 = DIRECTION ( 'NONE',  ( -1.835596038252509459E-31, 1.000000000000000000, 2.300720062539715626E-17 ) ) ;
#5112 = DIRECTION ( 'NONE',  ( 1.835596038252509459E-31, -1.000000000000000000, -2.300720062539715626E-17 ) ) ;
#5113 = CARTESIAN_POINT ( 'NONE',  ( 7.221078573847034221, 3.999000000000000110, 0.02077320458663717284 ) ) ;
#5114 = ORIENTED_EDGE ( 'NONE', *, *, #2658, .T. ) ;
#5115 = FACE_OUTER_BOUND ( 'NONE', #4484, .T. ) ;
#5116 = VERTEX_POINT ( 'NONE', #384 ) ;
#5117 = PRESENTATION_STYLE_ASSIGNMENT (( #5090 ) ) ;
#5118 = ORIENTED_EDGE ( 'NONE', *, *, #4543, .F. ) ;
#5119 = CARTESIAN_POINT ( 'NONE',  ( 7.173285491209483666, 4.000000000000003553, -0.5299747027306064284 ) ) ;
#5120 = CARTESIAN_POINT ( 'NONE',  ( -7.549359403775211419, 3.999000000000000110, 0.7777937623848212301 ) ) ;
#5121 = CARTESIAN_POINT ( 'NONE',  ( 7.351650037208602662, 3.999000000000004107, -0.6508552398107455561 ) ) ;
#5122 = DIRECTION ( 'NONE',  ( 2.278763838549589087E-31, -1.000000000000000000, -2.891205793294683750E-16 ) ) ;
#5123 = SURFACE_SIDE_STYLE ('',( #3383 ) ) ;
#5124 = CARTESIAN_POINT ( 'NONE',  ( 6.409763853056003491, 3.999000000000002331, -0.3620669915125784843 ) ) ;
#5125 = PRESENTATION_LAYER_ASSIGNMENT (  '', '', ( #4304 ) ) ;
#5126 =( NAMED_UNIT ( * ) PLANE_ANGLE_UNIT ( ) SI_UNIT ( $, .RADIAN. ) );
#5127 = CARTESIAN_POINT ( 'NONE',  ( 6.825389358743928270, 3.998999999999995669, 0.5907040345448836272 ) ) ;
#5128 = AXIS2_PLACEMENT_3D ( 'NONE', #2081, #5190, #3028 ) ;
#5129 = AXIS2_PLACEMENT_3D ( 'NONE', #992, #164, #4481 ) ;
#5130 = ADVANCED_FACE ( 'NONE', ( #3834 ), #418, .F. ) ;
#5131 = PRESENTATION_LAYER_ASSIGNMENT (  '', '', ( #264 ) ) ;
#5132 = CARTESIAN_POINT ( 'NONE',  ( 7.151913475151203237, 4.000000000000000000, -0.002565190661762555523 ) ) ;
#5133 = PRESENTATION_LAYER_ASSIGNMENT (  '', '', ( #1854 ) ) ;
#5134 = CARTESIAN_POINT ( 'NONE',  ( 6.798783916378543069, 3.999999999999995559, 0.5789928395723874521 ) ) ;
#5135 = COLOUR_RGB ( '',0.8980392156862745390, 0.8980392156862745390, 0.8980392156862745390 ) ;
#5136 = CARTESIAN_POINT ( 'NONE',  ( 7.081332470051943773, 3.998999999999998334, 0.1803742254999684824 ) ) ;
#5137 = ORIENTED_EDGE ( 'NONE', *, *, #1760, .F. ) ;
#5138 = DIRECTION ( 'NONE',  ( -0.000000000000000000, 1.000000000000000000, -0.000000000000000000 ) ) ;
#5139 =( GEOMETRIC_REPRESENTATION_CONTEXT ( 3 ) GLOBAL_UNCERTAINTY_ASSIGNED_CONTEXT ( ( #1278 ) ) GLOBAL_UNIT_ASSIGNED_CONTEXT ( ( #174, #3601, #3200 ) ) REPRESENTATION_CONTEXT ( 'NONE', 'WORKASPACE' ) );
#5140 = EDGE_CURVE ( 'NONE', #291, #291, #3791, .T. ) ;
#5141 = PRESENTATION_LAYER_ASSIGNMENT (  '', '', ( #2140 ) ) ;
#5142 = DIRECTION ( 'NONE',  ( 3.469446951953613203E-16, 0.000000000000000000, 1.000000000000000000 ) ) ;
#5143 = CARTESIAN_POINT ( 'NONE',  ( 6.926512408403043608, 4.000000000000005329, -0.7479301365690693704 ) ) ;
#5144 = ORIENTED_EDGE ( 'NONE', *, *, #3783, .F. ) ;
#5145 = UNCERTAINTY_MEASURE_WITH_UNIT (LENGTH_MEASURE( 1.000000000000000082E-05 ), #1054, 'distance_accuracy_value', 'NONE');
#5146 = AXIS2_PLACEMENT_3D ( 'NONE', #4814, #2599, #3085 ) ;
#5147 = CARTESIAN_POINT ( 'NONE',  ( 7.112595538457993527, 3.999000000000000110, -0.01465952635617721878 ) ) ;
#5148 = ORIENTED_EDGE ( 'NONE', *, *, #3823, .F. ) ;
#5149 = FACE_OUTER_BOUND ( 'NONE', #2062, .T. ) ;
#5150 = ORIENTED_EDGE ( 'NONE', *, *, #3051, .T. ) ;
#5151 = MECHANICAL_DESIGN_GEOMETRIC_PRESENTATION_REPRESENTATION (  '', ( #5318 ), #4052 ) ;
#5152 = DIRECTION ( 'NONE',  ( -1.835596038252509459E-31, 1.000000000000000000, 2.300720062539715626E-17 ) ) ;
#5153 = B_SPLINE_SURFACE_WITH_KNOTS ( 'NONE', 3, 1, ( 
 ( #1484, #4970 ),
 ( #3799, #5158 ),
 ( #409, #1314 ),
 ( #1683, #2515 ),
 ( #3827, #5100 ),
 ( #2076, #3386 ),
 ( #1, #4733 ),
 ( #2597, #4332 ),
 ( #904, #1743 ),
 ( #5547, #2138 ),
 ( #5518, #1252 ),
 ( #54, #462 ),
 ( #5127, #2107 ),
 ( #30, #1651 ),
 ( #1712, #487 ),
 ( #4248, #3449 ),
 ( #2544, #2622 ),
 ( #1199, #2573 ),
 ( #3850, #4360 ) ),
 .UNSPECIFIED., .F., .F., .F.,
 ( 4, 1, 1, 1, 1, 1, 1, 1, 1, 1, 1, 1, 1, 1, 1, 1, 4 ),
 ( 2, 2 ),
 ( 0.000000000000000000, 0.06715546744904560272, 0.1314033464826143971, 0.1927317719102094873, 0.2512526591565255041, 0.3077037298841914792, 0.3626989162982000026, 0.4177783327854309725, 0.4723043857981140126, 0.5278725997916960955, 0.5852299868117369908, 0.6450565760102919821, 0.7079523564294419868, 0.7744342720454280293, 0.8449404313752610918, 0.9204035944750280640, 1.000000000000000000 ),
 ( 0.000000000000000000, 1.000000000000000000 ),
 .UNSPECIFIED. ) ;
#5154 = CARTESIAN_POINT ( 'NONE',  ( 7.480051894462723894, 3.999000000000003219, -0.5268925625342055774 ) ) ;
#5155 =( LENGTH_UNIT ( ) NAMED_UNIT ( * ) SI_UNIT ( .MILLI., .METRE. ) );
#5156 = EDGE_LOOP ( 'NONE', ( #546 ) ) ;
#5157 = DIRECTION ( 'NONE',  ( -1.000000000000000000, 0.000000000000000000, 5.551115123125788865E-17 ) ) ;
#5158 = CARTESIAN_POINT ( 'NONE',  ( 6.658770954638502104, 3.999999999999997335, 0.3583392297050070341 ) ) ;
#5159 = UNCERTAINTY_MEASURE_WITH_UNIT (LENGTH_MEASURE( 1.000000000000000082E-05 ), #1119, 'distance_accuracy_value', 'NONE');
#5160 = CARTESIAN_POINT ( 'NONE',  ( 7.250832484951763135, 4.000000000000000000, 0.03219433334040094213 ) ) ;
#5161 = SURFACE_STYLE_FILL_AREA ( #1258 ) ;
#5162 = ADVANCED_FACE ( 'NONE', ( #4710, #720 ), #1183, .F. ) ;
#5163 = CARTESIAN_POINT ( 'NONE',  ( 6.975406850558804273, 3.999999999999994227, 0.7892948503940965255 ) ) ;
#5164 = ORIENTED_EDGE ( 'NONE', *, *, #2531, .F. ) ;
#5165 = DIRECTION ( 'NONE',  ( 3.469446951953611724E-16, 0.000000000000000000, 1.000000000000000000 ) ) ;
#5166 = UNCERTAINTY_MEASURE_WITH_UNIT (LENGTH_MEASURE( 1.000000000000000082E-05 ), #4515, 'distance_accuracy_value', 'NONE');
#5167 =( NAMED_UNIT ( * ) PLANE_ANGLE_UNIT ( ) SI_UNIT ( $, .RADIAN. ) );
#5168 = DIRECTION ( 'NONE',  ( 0.000000000000000000, -1.000000000000000000, 0.000000000000000000 ) ) ;
#5169 = EDGE_CURVE ( 'NONE', #3210, #3210, #1151, .T. ) ;
#5170 = CIRCLE ( 'NONE', #1626, 2.500000000000001776 ) ;
#5171 = COLOUR_RGB ( '',0.1019607843137254888, 0.1019607843137254888, 0.1019607843137254888 ) ;
#5172 = SURFACE_STYLE_USAGE ( .BOTH. , #3865 ) ;
#5173 = LINE ( 'NONE', #501, #4561 ) ;
#5174 = ORIENTED_EDGE ( 'NONE', *, *, #3293, .T. ) ;
#5175 = ORIENTED_EDGE ( 'NONE', *, *, #2055, .F. ) ;
#5176 = ORIENTED_EDGE ( 'NONE', *, *, #5445, .F. ) ;
#5177 = CIRCLE ( 'NONE', #2794, 0.7500000000000003331 ) ;
#5178 = FILL_AREA_STYLE_COLOUR ( '', #1489 ) ;
#5179 = CARTESIAN_POINT ( 'NONE',  ( 6.657551825761647279, 4.000000000000003553, -0.4427809449867749492 ) ) ;
#5180 = SURFACE_STYLE_FILL_AREA ( #3874 ) ;
#5181 = CARTESIAN_POINT ( 'NONE',  ( 7.381239383569413448, 3.999999999999994671, 0.6769730344216483564 ) ) ;
#5182 = CARTESIAN_POINT ( 'NONE',  ( 6.581811607778227824, 4.000000000000004441, -0.6404393423912564387 ) ) ;
#5183 = VERTEX_POINT ( 'NONE', #2266 ) ;
#5184 =( GEOMETRIC_REPRESENTATION_CONTEXT ( 3 ) GLOBAL_UNCERTAINTY_ASSIGNED_CONTEXT ( ( #1966 ) ) GLOBAL_UNIT_ASSIGNED_CONTEXT ( ( #5428, #2416, #286 ) ) REPRESENTATION_CONTEXT ( 'NONE', 'WORKASPACE' ) );
#5185 = CARTESIAN_POINT ( 'NONE',  ( -7.549359403775211419, 3.999000000000000110, -0.7222062376151787699 ) ) ;
#5186 = STYLED_ITEM ( 'NONE', ( #524 ), #2362 ) ;
#5187 = DIRECTION ( 'NONE',  ( 0.000000000000000000, -1.000000000000000000, 0.000000000000000000 ) ) ;
#5188 = AXIS2_PLACEMENT_3D ( 'NONE', #4189, #736, #3796 ) ;
#5189 = EDGE_CURVE ( 'NONE', #3578, #2044, #112, .T. ) ;
#5190 = DIRECTION ( 'NONE',  ( 0.000000000000000000, 1.000000000000000000, -0.000000000000000000 ) ) ;
#5191 = DIRECTION ( 'NONE',  ( 0.000000000000000000, 0.000000000000000000, -1.000000000000000000 ) ) ;
#5192 = CARTESIAN_POINT ( 'NONE',  ( 6.722923894247752941, 3.998999999999999222, 0.08067639649383369360 ) ) ;
#5193 = ORIENTED_EDGE ( 'NONE', *, *, #1302, .T. ) ;
#5194 = LINE ( 'NONE', #5282, #1689 ) ;
#5195 = CARTESIAN_POINT ( 'NONE',  ( -6.999999999999996447, -5.762094367022884873E-29, 2.279256934234357680E-15 ) ) ;
#5196 = MECHANICAL_DESIGN_GEOMETRIC_PRESENTATION_REPRESENTATION (  '', ( #4564 ), #854 ) ;
#5197 = FILL_AREA_STYLE_COLOUR ( '', #2230 ) ;
#5198 = PLANE ( 'NONE',  #873 ) ;
#5199 = LINE ( 'NONE', #1298, #5367 ) ;
#5200 = ORIENTED_EDGE ( 'NONE', *, *, #372, .T. ) ;
#5201 =( NAMED_UNIT ( * ) SI_UNIT ( $, .STERADIAN. ) SOLID_ANGLE_UNIT ( ) );
#5202 = EDGE_CURVE ( 'NONE', #3812, #2183, #4397, .T. ) ;
#5203 = CARTESIAN_POINT ( 'NONE',  ( 6.620392351989923263, 4.000000000000002665, -0.3467564076319089583 ) ) ;
#5204 = UNCERTAINTY_MEASURE_WITH_UNIT (LENGTH_MEASURE( 1.000000000000000082E-05 ), #812, 'distance_accuracy_value', 'NONE');
#5205 = CARTESIAN_POINT ( 'NONE',  ( -7.000000000000000000, 0.000000000000000000, -2.499999999999999112 ) ) ;
#5206 = CARTESIAN_POINT ( 'NONE',  ( -3.749999999999996891, 2.494438317560252532E-31, 3.722819561778043863E-16 ) ) ;
#5207 = CARTESIAN_POINT ( 'NONE',  ( 6.952198505041923049, 3.999000000000004995, -0.7485555522443234633 ) ) ;
#5208 = EDGE_LOOP ( 'NONE', ( #1166 ) ) ;
#5209 = FILL_AREA_STYLE ('',( #3745 ) ) ;
#5210 = MECHANICAL_DESIGN_GEOMETRIC_PRESENTATION_REPRESENTATION (  '', ( #4548 ), #3207 ) ;
#5211 = CARTESIAN_POINT ( 'NONE',  ( -6.619070942236746191, 3.999000000000000110, 0.7777937623848212301 ) ) ;
#5212 = UNCERTAINTY_MEASURE_WITH_UNIT (LENGTH_MEASURE( 1.000000000000000082E-05 ), #3722, 'distance_accuracy_value', 'NONE');
#5213 =( NAMED_UNIT ( * ) SI_UNIT ( $, .STERADIAN. ) SOLID_ANGLE_UNIT ( ) );
#5214 = DIRECTION ( 'NONE',  ( -1.000000000000000000, 0.000000000000000000, 2.478176394252581141E-16 ) ) ;
#5215 = AXIS2_PLACEMENT_3D ( 'NONE', #3019, #4919, #4494 ) ;
#5216 = LINE ( 'NONE', #2489, #2742 ) ;
#5217 = MECHANICAL_DESIGN_GEOMETRIC_PRESENTATION_REPRESENTATION (  '', ( #1311 ), #1768 ) ;
#5218 = CARTESIAN_POINT ( 'NONE',  ( 6.700771155347953645, 3.999999999999996447, 0.4885668106481245165 ) ) ;
#5219 = MECHANICAL_DESIGN_GEOMETRIC_PRESENTATION_REPRESENTATION (  '', ( #1585 ), #2949 ) ;
#5220 = FACE_OUTER_BOUND ( 'NONE', #5508, .T. ) ;
#5221 = CARTESIAN_POINT ( 'NONE',  ( 6.625717366120718488, 3.999999999999994671, 0.6904871320421255287 ) ) ;
#5222 = VERTEX_POINT ( 'NONE', #547 ) ;
#5223 = STYLED_ITEM ( 'NONE', ( #769 ), #1510 ) ;
#5224 = CARTESIAN_POINT ( 'NONE',  ( 6.507149509629688744, 3.999000000000000110, -0.04801150445969547959 ) ) ;
#5225 =( LENGTH_UNIT ( ) NAMED_UNIT ( * ) SI_UNIT ( .MILLI., .METRE. ) );
#5226 = DIRECTION ( 'NONE',  ( 0.000000000000000000, 1.000000000000000000, 7.434529182757750325E-15 ) ) ;
#5227 = CARTESIAN_POINT ( 'NONE',  ( 6.637674252345668435, 3.999000000000004995, -0.6754051543945794878 ) ) ;
#5228 = SURFACE_SIDE_STYLE ('',( #3948 ) ) ;
#5229 = CARTESIAN_POINT ( 'NONE',  ( 6.445888408888078125, 3.998999999999997446, 0.3475982939095235147 ) ) ;
#5230 = EDGE_LOOP ( 'NONE', ( #4730 ) ) ;
#5231 = PRESENTATION_LAYER_ASSIGNMENT (  '', '', ( #5318 ) ) ;
#5232 = CARTESIAN_POINT ( 'NONE',  ( -6.619070942236746191, 4.000000000000000000, 0.7777937623848212301 ) ) ;
#5233 = AXIS2_PLACEMENT_3D ( 'NONE', #1908, #3598, #5333 ) ;
#5234 = LINE ( 'NONE', #121, #3826 ) ;
#5235 = CARTESIAN_POINT ( 'NONE',  ( 7.287446635729753375, 4.000000000000005329, -0.6863569869199255269 ) ) ;
#5236 = CARTESIAN_POINT ( 'NONE',  ( 6.739769375195788115, 4.000000000000003553, -0.5218468791949624208 ) ) ;
#5237 = APPLICATION_CONTEXT ( 'automotive_design' ) ;
#5238 = DIRECTION ( 'NONE',  ( 1.000000000000000000, 0.000000000000000000, 0.000000000000000000 ) ) ;
#5239 = DIRECTION ( 'NONE',  ( 0.000000000000000000, 0.000000000000000000, 1.000000000000000000 ) ) ;
#5240 = EDGE_CURVE ( 'NONE', #4627, #3169, #4369, .T. ) ;
#5241 = CARTESIAN_POINT ( 'NONE',  ( 6.608890424281042897, 4.000000000000004441, -0.6586030140548304601 ) ) ;
#5242 = ORIENTED_EDGE ( 'NONE', *, *, #1302, .F. ) ;
#5243 = CARTESIAN_POINT ( 'NONE',  ( -0.9499999999999972911, -1.750000000000000000, 3.153652153679527885E-16 ) ) ;
#5244 = STYLED_ITEM ( 'NONE', ( #4228 ), #5162 ) ;
#5245 = CARTESIAN_POINT ( 'NONE',  ( 6.442744764986163553, 4.000000000000000888, -0.1396369243841342755 ) ) ;
#5246 = CARTESIAN_POINT ( 'NONE',  ( 6.656858269928777716, 4.000000000000000000, 0.05416420245752910645 ) ) ;
#5247 = CIRCLE ( 'NONE', #626, 0.7500000000000000000 ) ;
#5248 = FILL_AREA_STYLE ('',( #3935 ) ) ;
#5249 = CARTESIAN_POINT ( 'NONE',  ( 7.580503793503464038, 3.999000000000001886, -0.2100940137827840559 ) ) ;
#5250 = EDGE_CURVE ( 'NONE', #1299, #4379, #5194, .T. ) ;
#5251 = CARTESIAN_POINT ( 'NONE',  ( 6.677071747364042409, 3.999999999999996447, 0.4380384678591070502 ) ) ;
#5252 = PLANE ( 'NONE',  #3873 ) ;
#5253 = ORIENTED_EDGE ( 'NONE', *, *, #3594, .F. ) ;
#5254 = DIRECTION ( 'NONE',  ( -1.000000000000000000, 0.000000000000000000, 0.000000000000000000 ) ) ;
#5255 = CARTESIAN_POINT ( 'NONE',  ( 7.522811485811152998, 3.998999999999997446, 0.3791487746787539637 ) ) ;
#5256 = FACE_OUTER_BOUND ( 'NONE', #4596, .T. ) ;
#5257 = CARTESIAN_POINT ( 'NONE',  ( 7.240757775251313255, 3.998999999999998334, 0.2462001606886234650 ) ) ;
#5258 = CARTESIAN_POINT ( 'NONE',  ( 6.465323978180223641, 3.999999999999996447, 0.4710997595643415248 ) ) ;
#5259 = ORIENTED_EDGE ( 'NONE', *, *, #198, .T. ) ;
#5260 = DIRECTION ( 'NONE',  ( -0.000000000000000000, -0.000000000000000000, 1.000000000000000000 ) ) ;
#5261 = ORIENTED_EDGE ( 'NONE', *, *, #2136, .T. ) ;
#5262 = CARTESIAN_POINT ( 'NONE',  ( 7.351650037208602662, 3.999000000000004107, -0.6508552398107455561 ) ) ;
#5263 = SURFACE_STYLE_FILL_AREA ( #1788 ) ;
#5264 = CARTESIAN_POINT ( 'NONE',  ( 7.265750513782212927, 3.999999999999998224, 0.2693432276409449266 ) ) ;
#5265 = SURFACE_SIDE_STYLE ('',( #925 ) ) ;
#5266 = EDGE_LOOP ( 'NONE', ( #44 ) ) ;
#5267 = CARTESIAN_POINT ( 'NONE',  ( -6.999999999999995559, 0.000000000000000000, 1.700000000000002620 ) ) ;
#5268 = STYLED_ITEM ( 'NONE', ( #3145 ), #298 ) ;
#5269 =( GEOMETRIC_REPRESENTATION_CONTEXT ( 3 ) GLOBAL_UNCERTAINTY_ASSIGNED_CONTEXT ( ( #3862 ) ) GLOBAL_UNIT_ASSIGNED_CONTEXT ( ( #4876, #4448, #4023 ) ) REPRESENTATION_CONTEXT ( 'NONE', 'WORKASPACE' ) );
#5270 = CARTESIAN_POINT ( 'NONE',  ( 7.000000000000003553, 0.000000000000000000, 2.499999999999999556 ) ) ;
#5271 = LINE ( 'NONE', #1391, #2403 ) ;
#5272 = CARTESIAN_POINT ( 'NONE',  ( 7.000000000000004441, 3.000000000000000000, 3.499999999999998224 ) ) ;
#5273 =( GEOMETRIC_REPRESENTATION_CONTEXT ( 3 ) GLOBAL_UNCERTAINTY_ASSIGNED_CONTEXT ( ( #4703 ) ) GLOBAL_UNIT_ASSIGNED_CONTEXT ( ( #3825, #5126, #3360 ) ) REPRESENTATION_CONTEXT ( 'NONE', 'WORKASPACE' ) );
#5274 = PLANE ( 'NONE',  #4018 ) ;
#5275 = EDGE_CURVE ( 'NONE', #3999, #871, #1349, .T. ) ;
#5276 = VECTOR ( 'NONE', #3725, 1000.000000000000114 ) ;
#5277 =( LENGTH_UNIT ( ) NAMED_UNIT ( * ) SI_UNIT ( .MILLI., .METRE. ) );
#5278 = PRESENTATION_STYLE_ASSIGNMENT (( #3000 ) ) ;
#5279 = AXIS2_PLACEMENT_3D ( 'NONE', #4537, #1093, #269 ) ;
#5280 = ORIENTED_EDGE ( 'NONE', *, *, #140, .F. ) ;
#5281 = COLOUR_RGB ( '',0.9529411764705881804, 0.7960784313725489669, 0.4862745098039215619 ) ;
#5282 = CARTESIAN_POINT ( 'NONE',  ( -6.395513249929057231, 4.000000000000000000, 0.7777937623848212301 ) ) ;
#5283 = CARTESIAN_POINT ( 'NONE',  ( 6.450295694736603025, 3.999999999999997335, 0.4106266371609600396 ) ) ;
#5284 = COLOUR_RGB ( '',0.1019607843137254888, 0.1019607843137254888, 0.1019607843137254888 ) ;
#5285 = FILL_AREA_STYLE ('',( #5197 ) ) ;
#5286 = AXIS2_PLACEMENT_3D ( 'NONE', #1511, #214, #1071 ) ;
#5287 = CARTESIAN_POINT ( 'NONE',  ( 6.555929896693292847, 3.998999999999995669, 0.6293171949763775030 ) ) ;
#5288 = DIRECTION ( 'NONE',  ( 0.000000000000000000, 0.000000000000000000, 1.000000000000000000 ) ) ;
#5289 = ORIENTED_EDGE ( 'NONE', *, *, #3357, .F. ) ;
#5290 = SURFACE_STYLE_FILL_AREA ( #1300 ) ;
#5291 = CARTESIAN_POINT ( 'NONE',  ( 6.639171836528532822, 3.999000000000001886, -0.2226296199827419997 ) ) ;
#5292 = CARTESIAN_POINT ( 'NONE',  ( 7.380945729949022649, 4.000000000000004441, -0.6299715531586824735 ) ) ;
#5293 = PRESENTATION_STYLE_ASSIGNMENT (( #123 ) ) ;
#5294 = UNCERTAINTY_MEASURE_WITH_UNIT (LENGTH_MEASURE( 1.000000000000000082E-05 ), #4606, 'distance_accuracy_value', 'NONE');
#5295 = FILL_AREA_STYLE ('',( #3102 ) ) ;
#5296 = DIRECTION ( 'NONE',  ( 7.703177259439332516E-50, -2.300720062539715626E-17, 1.000000000000000000 ) ) ;
#5297 = CARTESIAN_POINT ( 'NONE',  ( 6.733367893141737781, 4.000000000000005329, -0.7172977044709364369 ) ) ;
#5298 = ORIENTED_EDGE ( 'NONE', *, *, #2287, .F. ) ;
#5299 = LINE ( 'NONE', #5211, #651 ) ;
#5300 = SURFACE_STYLE_USAGE ( .BOTH. , #1018 ) ;
#5301 =( NAMED_UNIT ( * ) SI_UNIT ( $, .STERADIAN. ) SOLID_ANGLE_UNIT ( ) );
#5302 = SURFACE_STYLE_FILL_AREA ( #3568 ) ;
#5303 = FACE_OUTER_BOUND ( 'NONE', #2824, .T. ) ;
#5304 = COLOUR_RGB ( '',0.8980392156862745390, 0.8980392156862745390, 0.8980392156862745390 ) ;
#5305 = ADVANCED_FACE ( 'NONE', ( #2236, #2660 ), #3970, .T. ) ;
#5306 = VERTEX_POINT ( 'NONE', #4741 ) ;
#5307 = CARTESIAN_POINT ( 'NONE',  ( -6.619070942236746191, 3.999000000000000110, 0.7777937623848212301 ) ) ;
#5308 = PRESENTATION_LAYER_ASSIGNMENT (  '', '', ( #4945 ) ) ;
#5309 = SURFACE_SIDE_STYLE ('',( #3115 ) ) ;
#5310 =( GEOMETRIC_REPRESENTATION_CONTEXT ( 3 ) GLOBAL_UNCERTAINTY_ASSIGNED_CONTEXT ( ( #899 ) ) GLOBAL_UNIT_ASSIGNED_CONTEXT ( ( #2843, #4589, #646 ) ) REPRESENTATION_CONTEXT ( 'NONE', 'WORKASPACE' ) );
#5311 = CARTESIAN_POINT ( 'NONE',  ( 7.210673661873652662, 3.999999999999994671, 0.7625828620581135420 ) ) ;
#5312 = DIRECTION ( 'NONE',  ( -0.000000000000000000, 1.000000000000000000, -0.000000000000000000 ) ) ;
#5313 = EDGE_CURVE ( 'NONE', #837, #2583, #3280, .T. ) ;
#5314 = ORIENTED_EDGE ( 'NONE', *, *, #68, .T. ) ;
#5315 =( NAMED_UNIT ( * ) SI_UNIT ( $, .STERADIAN. ) SOLID_ANGLE_UNIT ( ) );
#5316 =( GEOMETRIC_REPRESENTATION_CONTEXT ( 3 ) GLOBAL_UNCERTAINTY_ASSIGNED_CONTEXT ( ( #2545 ) ) GLOBAL_UNIT_ASSIGNED_CONTEXT ( ( #3469, #897, #3526 ) ) REPRESENTATION_CONTEXT ( 'NONE', 'WORKASPACE' ) );
#5317 = B_SPLINE_CURVE_WITH_KNOTS ( 'NONE', 3,
 ( #1709, #5069, #3356, #5096, #3444, #26, #813, #1195, #2540, #5181, #4268, #1280, #4642, #2486, #4215, #2933, #2510, #4246, #378 ),
 .UNSPECIFIED., .F., .F.,
 ( 4, 1, 1, 1, 1, 1, 1, 1, 1, 1, 1, 1, 1, 1, 1, 1, 4 ),
 ( 0.000000000000000000, 0.07499546738983189909, 0.1491654404266559986, 0.2236642943382250170, 0.3004120221906724786, 0.3395704846106349928, 0.3789205746932789998, 0.4180957375990935199, 0.4582296767501559676, 0.4984267212184589901, 0.5397075464534800693, 0.5822159516458430550, 0.6258238199943749747, 0.7154812648736980085, 0.8073840844133599592, 0.9016341255073709871, 1.000000000000000000 ),
 .UNSPECIFIED. ) ;
#5318 = STYLED_ITEM ( 'NONE', ( #1538 ), #4653 ) ;
#5319 =( NAMED_UNIT ( * ) SI_UNIT ( $, .STERADIAN. ) SOLID_ANGLE_UNIT ( ) );
#5320 = FACE_OUTER_BOUND ( 'NONE', #3503, .T. ) ;
#5321 = VERTEX_POINT ( 'NONE', #2798 ) ;
#5322 = VERTEX_POINT ( 'NONE', #4896 ) ;
#5323 = STYLED_ITEM ( 'NONE', ( #94 ), #4969 ) ;
#5324 = AXIS2_PLACEMENT_3D ( 'NONE', #2882, #5519, #3711 ) ;
#5325 = CARTESIAN_POINT ( 'NONE',  ( 6.422855507363277816, 4.000000000000001776, -0.1909016467316269616 ) ) ;
#5326 = DIRECTION ( 'NONE',  ( -1.835596038252509459E-31, 1.000000000000000000, 2.300720062539715626E-17 ) ) ;
#5327 = SURFACE_STYLE_FILL_AREA ( #3216 ) ;
#5328 = CARTESIAN_POINT ( 'NONE',  ( 3.750000000000003109, -1.750000000000000000, 3.320185607373301268E-16 ) ) ;
#5329 =( GEOMETRIC_REPRESENTATION_CONTEXT ( 3 ) GLOBAL_UNCERTAINTY_ASSIGNED_CONTEXT ( ( #536 ) ) GLOBAL_UNIT_ASSIGNED_CONTEXT ( ( #337, #3805, #5503 ) ) REPRESENTATION_CONTEXT ( 'NONE', 'WORKASPACE' ) );
#5330 =( NAMED_UNIT ( * ) SI_UNIT ( $, .STERADIAN. ) SOLID_ANGLE_UNIT ( ) );
#5331 = STYLED_ITEM ( 'NONE', ( #1740 ), #5475 ) ;
#5332 = PRESENTATION_STYLE_ASSIGNMENT (( #3194 ) ) ;
#5333 = DIRECTION ( 'NONE',  ( 1.000000000000000000, 0.000000000000000000, -5.551115123125776539E-17 ) ) ;
#5334 = EDGE_LOOP ( 'NONE', ( #4281, #5087, #3297, #1984 ) ) ;
#5335 = CARTESIAN_POINT ( 'NONE',  ( 6.432148815750462489, 3.999000000000000998, -0.1649038122522699656 ) ) ;
#5336 = DIRECTION ( 'NONE',  ( -2.891205793294678326E-16, 0.000000000000000000, 1.000000000000000000 ) ) ;
#5337 = CARTESIAN_POINT ( 'NONE',  ( 7.255409592261152341, 3.999000000000003219, -0.4756622473984135069 ) ) ;
#5338 = EDGE_CURVE ( 'NONE', #3345, #143, #170, .T. ) ;
#5339 = CARTESIAN_POINT ( 'NONE',  ( 7.442818440252432666, 3.999999999999995559, 0.6140597449458113921 ) ) ;
#5340 = EDGE_LOOP ( 'NONE', ( #3390 ) ) ;
#5341 = CARTESIAN_POINT ( 'NONE',  ( 7.104678775535403723, 3.998999999999995669, 0.6081239371761294477 ) ) ;
#5342 = DIRECTION ( 'NONE',  ( -1.665334536937733825E-16, -2.300720062539084537E-17, 1.000000000000000000 ) ) ;
#5343 = CARTESIAN_POINT ( 'NONE',  ( 7.500084906291133002, 4.000000000000003553, -0.4963220137700385948 ) ) ;
#5344 = EDGE_CURVE ( 'NONE', #2021, #3475, #1881, .T. ) ;
#5345 = FILL_AREA_STYLE_COLOUR ( '', #2309 ) ;
#5346 = UNCERTAINTY_MEASURE_WITH_UNIT (LENGTH_MEASURE( 1.000000000000000082E-05 ), #808, 'distance_accuracy_value', 'NONE');
#5347 = CARTESIAN_POINT ( 'NONE',  ( 7.081332470051943773, 3.999999999999998224, 0.1803742254999685102 ) ) ;
#5348 = CARTESIAN_POINT ( 'NONE',  ( 7.268638015066023250, 3.999999999999996447, 0.5168596593023686570 ) ) ;
#5349 = ORIENTED_EDGE ( 'NONE', *, *, #4, .T. ) ;
#5350 = CARTESIAN_POINT ( 'NONE',  ( 7.000000000000002665, 0.000000000000000000, 1.699999999999998401 ) ) ;
#5351 = CARTESIAN_POINT ( 'NONE',  ( -6.999999999999998224, 2.299999999999999822, -2.499999999999997335 ) ) ;
#5352 = LINE ( 'NONE', #1446, #1257 ) ;
#5353 = CARTESIAN_POINT ( 'NONE',  ( 6.818654643749748168, 4.000000000000004441, -0.5567739711306933792 ) ) ;
#5354 = CARTESIAN_POINT ( 'NONE',  ( 7.000000000000001776, 3.000000000000000000, -2.500000000000003553 ) ) ;
#5355 = STYLED_ITEM ( 'NONE', ( #4427 ), #366 ) ;
#5356 = FACE_BOUND ( 'NONE', #1947, .T. ) ;
#5357 = ORIENTED_EDGE ( 'NONE', *, *, #3061, .F. ) ;
#5358 = FILL_AREA_STYLE ('',( #1402 ) ) ;
#5359 = VECTOR ( 'NONE', #3099, 1000.000000000000000 ) ;
#5360 = PRESENTATION_LAYER_ASSIGNMENT (  '', '', ( #2178 ) ) ;
#5361 = CARTESIAN_POINT ( 'NONE',  ( 7.508081592940232696, 3.999999999999996447, 0.4890095883740344651 ) ) ;
#5362 = STYLED_ITEM ( 'NONE', ( #3821 ), #3852 ) ;
#5363 = AXIS2_PLACEMENT_3D ( 'NONE', #4625, #5448, #2522 ) ;
#5364 = ORIENTED_EDGE ( 'NONE', *, *, #2170, .T. ) ;
#5365 = LINE ( 'NONE', #3608, #4141 ) ;
#5366 = SURFACE_SIDE_STYLE ('',( #4547 ) ) ;
#5367 = VECTOR ( 'NONE', #118, 1000.000000000000000 ) ;
#5368 = VECTOR ( 'NONE', #2375, 1000.000000000000000 ) ;
#5369 = CARTESIAN_POINT ( 'NONE',  ( 7.480051894462723894, 4.000000000000003553, -0.5268925625342055774 ) ) ;
#5370 = PRESENTATION_STYLE_ASSIGNMENT (( #2334 ) ) ;
#5371 = SURFACE_STYLE_USAGE ( .BOTH. , #4498 ) ;
#5372 = CARTESIAN_POINT ( 'NONE',  ( -1.249999999999997113, -0.1000000000000000056, 3.699813945649998057E-16 ) ) ;
#5373 = STYLED_ITEM ( 'NONE', ( #32 ), #4413 ) ;
#5374 = CARTESIAN_POINT ( 'NONE',  ( 7.311065400115773549, 3.999999999999997335, 0.4006013130633634955 ) ) ;
#5375 = ORIENTED_EDGE ( 'NONE', *, *, #5189, .F. ) ;
#5376 = CARTESIAN_POINT ( 'NONE',  ( 7.000000000000002665, 4.000000000000000000, 1.599999999999998312 ) ) ;
#5377 = EDGE_CURVE ( 'NONE', #4154, #560, #996, .T. ) ;
#5378 = MECHANICAL_DESIGN_GEOMETRIC_PRESENTATION_REPRESENTATION (  '', ( #326 ), #3196 ) ;
#5379 =( NAMED_UNIT ( * ) SI_UNIT ( $, .STERADIAN. ) SOLID_ANGLE_UNIT ( ) );
#5380 = LINE ( 'NONE', #1964, #1312 ) ;
#5381 = FILL_AREA_STYLE ('',( #4506 ) ) ;
#5382 = CARTESIAN_POINT ( 'NONE',  ( -1.249999999999997113, -0.1000000000000000056, 3.699813945649998057E-16 ) ) ;
#5383 = CARTESIAN_POINT ( 'NONE',  ( -6.607051711467516242, 4.000000000000000000, -0.7222062376151787699 ) ) ;
#5384 = EDGE_CURVE ( 'NONE', #1515, #3578, #17, .T. ) ;
#5385 = DIRECTION ( 'NONE',  ( -1.000000000000000000, 0.000000000000000000, 3.407492542097298945E-16 ) ) ;
#5386 = DIRECTION ( 'NONE',  ( 1.835596038252509459E-31, -1.000000000000000000, -2.300720062539715626E-17 ) ) ;
#5387 = CARTESIAN_POINT ( 'NONE',  ( 6.657426870426537135, 3.999999999999997335, 0.3475982939095235147 ) ) ;
#5388 = CARTESIAN_POINT ( 'NONE',  ( -6.619070942236746191, 4.000000000000000000, 0.7777937623848212301 ) ) ;
#5389 = ORIENTED_EDGE ( 'NONE', *, *, #3884, .F. ) ;
#5390 = SURFACE_STYLE_USAGE ( .BOTH. , #1456 ) ;
#5391 = CARTESIAN_POINT ( 'NONE',  ( 1.089953900083879823, 3.000000000000000000, 2.992055319899342702 ) ) ;
#5392 = SURFACE_STYLE_USAGE ( .BOTH. , #196 ) ;
#5393 = MECHANICAL_DESIGN_GEOMETRIC_PRESENTATION_REPRESENTATION (  '', ( #4669 ), #4212 ) ;
#5394 = CARTESIAN_POINT ( 'NONE',  ( 7.303002756588493405, 3.998999999999994781, 0.7259115800448734390 ) ) ;
#5395 = DIRECTION ( 'NONE',  ( 0.000000000000000000, 1.000000000000000000, -0.000000000000000000 ) ) ;
#5396 = ORIENTED_EDGE ( 'NONE', *, *, #768, .T. ) ;
#5397 = SURFACE_STYLE_FILL_AREA ( #4526 ) ;
#5398 = CARTESIAN_POINT ( 'NONE',  ( 7.480051894462723894, 3.999000000000003219, -0.5268925625342055774 ) ) ;
#5399 = DIRECTION ( 'NONE',  ( -1.000000000000000000, 0.000000000000000000, 4.336808689942016750E-16 ) ) ;
#5400 = AXIS2_PLACEMENT_3D ( 'NONE', #1666, #5112, #3491 ) ;
#5401 = CARTESIAN_POINT ( 'NONE',  ( 7.398954114026692785, 3.999999999999999112, 0.1157939123824912597 ) ) ;
#5402 = FACE_OUTER_BOUND ( 'NONE', #602, .T. ) ;
#5403 = PRESENTATION_STYLE_ASSIGNMENT (( #4097 ) ) ;
#5404 = FACE_BOUND ( 'NONE', #317, .T. ) ;
#5405 = EDGE_LOOP ( 'NONE', ( #2008, #3011, #3423, #675 ) ) ;
#5406 = CARTESIAN_POINT ( 'NONE',  ( -1.249999999999997113, 3.997857139782515112, -0.6141632050454696179 ) ) ;
#5407 = PLANE ( 'NONE',  #4504 ) ;
#5408 = SURFACE_STYLE_FILL_AREA ( #237 ) ;
#5409 = DIRECTION ( 'NONE',  ( -1.835596038252509459E-31, 1.000000000000000000, 2.300720062539715626E-17 ) ) ;
#5410 = ADVANCED_FACE ( 'NONE', ( #2826 ), #603, .T. ) ;
#5411 =( NAMED_UNIT ( * ) PLANE_ANGLE_UNIT ( ) SI_UNIT ( $, .RADIAN. ) );
#5412 = PRESENTATION_LAYER_ASSIGNMENT (  '', '', ( #183 ) ) ;
#5413 =( GEOMETRIC_REPRESENTATION_CONTEXT ( 3 ) GLOBAL_UNCERTAINTY_ASSIGNED_CONTEXT ( ( #588 ) ) GLOBAL_UNIT_ASSIGNED_CONTEXT ( ( #72, #3494, #2153 ) ) REPRESENTATION_CONTEXT ( 'NONE', 'WORKASPACE' ) );
#5414 = STYLED_ITEM ( 'NONE', ( #2715 ), #439 ) ;
#5415 = UNCERTAINTY_MEASURE_WITH_UNIT (LENGTH_MEASURE( 1.000000000000000082E-05 ), #2770, 'distance_accuracy_value', 'NONE');
#5416 = PRESENTATION_STYLE_ASSIGNMENT (( #3432 ) ) ;
#5417 = ADVANCED_FACE ( 'NONE', ( #3572 ), #1102, .T. ) ;
#5418 = AXIS2_PLACEMENT_3D ( 'NONE', #2348, #2322, #4028 ) ;
#5419 = STYLED_ITEM ( 'NONE', ( #2370 ), #715 ) ;
#5420 = FACE_OUTER_BOUND ( 'NONE', #2516, .T. ) ;
#5421 = EDGE_LOOP ( 'NONE', ( #864, #450, #3588, #4066 ) ) ;
#5422 = SURFACE_STYLE_USAGE ( .BOTH. , #1943 ) ;
#5423 = CARTESIAN_POINT ( 'NONE',  ( 7.558562385030973552, 4.000000000000002665, -0.3613172733875325005 ) ) ;
#5424 = PRESENTATION_STYLE_ASSIGNMENT (( #4973 ) ) ;
#5425 = EDGE_LOOP ( 'NONE', ( #838, #4974, #1831, #2870 ) ) ;
#5426 = CARTESIAN_POINT ( 'NONE',  ( 6.993664851195772414, 3.999999999999995559, 0.6168290631402925106 ) ) ;
#5427 = CARTESIAN_POINT ( 'NONE',  ( 7.500084906291133002, 3.999000000000003219, -0.4963220137700385948 ) ) ;
#5428 =( LENGTH_UNIT ( ) NAMED_UNIT ( * ) SI_UNIT ( .MILLI., .METRE. ) );
#5429 =( NAMED_UNIT ( * ) PLANE_ANGLE_UNIT ( ) SI_UNIT ( $, .RADIAN. ) );
#5430 =( NAMED_UNIT ( * ) PLANE_ANGLE_UNIT ( ) SI_UNIT ( $, .RADIAN. ) );
#5431 = EDGE_LOOP ( 'NONE', ( #1880 ) ) ;
#5432 = CARTESIAN_POINT ( 'NONE',  ( -1.249999999999996891, 4.000000000000000000, 0.7500000000000026645 ) ) ;
#5433 =( GEOMETRIC_REPRESENTATION_CONTEXT ( 3 ) GLOBAL_UNCERTAINTY_ASSIGNED_CONTEXT ( ( #31 ) ) GLOBAL_UNIT_ASSIGNED_CONTEXT ( ( #4942, #1949, #1523 ) ) REPRESENTATION_CONTEXT ( 'NONE', 'WORKASPACE' ) );
#5434 = DIRECTION ( 'NONE',  ( 1.835596038252509459E-31, -1.000000000000000000, -2.300720062539715626E-17 ) ) ;
#5435 = CARTESIAN_POINT ( 'NONE',  ( 6.442744764986163553, 3.999000000000000998, -0.1396369243841342755 ) ) ;
#5436 = UNCERTAINTY_MEASURE_WITH_UNIT (LENGTH_MEASURE( 1.000000000000000082E-05 ), #2377, 'distance_accuracy_value', 'NONE');
#5437 = LINE ( 'NONE', #5095, #2359 ) ;
#5438 = SURFACE_STYLE_USAGE ( .BOTH. , #4931 ) ;
#5439 = PRODUCT_DEFINITION ( 'UNKNOWN', '', #3605, #1934 ) ;
#5440 = DIRECTION ( 'NONE',  ( -0.7071067811865430208, -0.7071067811865521247, -0.000000000000000000 ) ) ;
#5441 = CIRCLE ( 'NONE', #2447, 0.2999999999999999334 ) ;
#5442 =( GEOMETRIC_REPRESENTATION_CONTEXT ( 3 ) GLOBAL_UNCERTAINTY_ASSIGNED_CONTEXT ( ( #1210 ) ) GLOBAL_UNIT_ASSIGNED_CONTEXT ( ( #5569, #1708, #4267 ) ) REPRESENTATION_CONTEXT ( 'NONE', 'WORKASPACE' ) );
#5443 = CARTESIAN_POINT ( 'NONE',  ( -6.999999999999996447, 4.000000000000000000, 2.198731280726776271E-15 ) ) ;
#5444 = ORIENTED_EDGE ( 'NONE', *, *, #1884, .T. ) ;
#5445 = EDGE_CURVE ( 'NONE', #1190, #4582, #4140, .T. ) ;
#5446 = MECHANICAL_DESIGN_GEOMETRIC_PRESENTATION_REPRESENTATION (  '', ( #2273 ), #5085 ) ;
#5447 = DIRECTION ( 'NONE',  ( -1.665334536937733825E-16, -2.300720062539084537E-17, 1.000000000000000000 ) ) ;
#5448 = DIRECTION ( 'NONE',  ( 0.000000000000000000, -1.000000000000000000, 0.000000000000000000 ) ) ;
#5449 = CLOSED_SHELL ( 'NONE', ( #903, #1045, #1544, #2571, #2972, #1473, #2410, #3919 ) ) ;
#5450 = CARTESIAN_POINT ( 'NONE',  ( 6.752745695765423939, 3.998999999999995669, 0.5491588639564605190 ) ) ;
#5451 = VERTEX_POINT ( 'NONE', #5521 ) ;
#5452 = MECHANICAL_DESIGN_GEOMETRIC_PRESENTATION_REPRESENTATION (  '', ( #1182 ), #570 ) ;
#5453 =( LENGTH_UNIT ( ) NAMED_UNIT ( * ) SI_UNIT ( .MILLI., .METRE. ) );
#5454 = CARTESIAN_POINT ( 'NONE',  ( 7.534075356448923344, 4.000000000000003553, -0.4310968295708265119 ) ) ;
#5455 = SURFACE_SIDE_STYLE ('',( #2977 ) ) ;
#5456 = CARTESIAN_POINT ( 'NONE',  ( 7.221078573847034221, 4.000000000000000000, 0.02077320458663717978 ) ) ;
#5457 = CARTESIAN_POINT ( 'NONE',  ( -7.000000000000000000, 0.000000000000000000, -2.499999999999999112 ) ) ;
#5458 = EDGE_LOOP ( 'NONE', ( #4181 ) ) ;
#5459 = VERTEX_POINT ( 'NONE', #5406 ) ;
#5460 = PRESENTATION_LAYER_ASSIGNMENT (  '', '', ( #4816 ) ) ;
#5461 = FACE_OUTER_BOUND ( 'NONE', #5230, .T. ) ;
#5462 = STYLED_ITEM ( 'NONE', ( #3838 ), #4086 ) ;
#5463 = COLOUR_RGB ( '',0.1019607843137254888, 0.1019607843137254888, 0.1019607843137254888 ) ;
#5464 =( LENGTH_UNIT ( ) NAMED_UNIT ( * ) SI_UNIT ( .MILLI., .METRE. ) );
#5465 = FACE_OUTER_BOUND ( 'NONE', #95, .T. ) ;
#5466 = EDGE_LOOP ( 'NONE', ( #1401, #2071, #2248, #127 ) ) ;
#5467 = SURFACE_SIDE_STYLE ('',( #3054 ) ) ;
#5468 = ADVANCED_FACE ( 'NONE', ( #1176 ), #1576, .T. ) ;
#5469 = CARTESIAN_POINT ( 'NONE',  ( -6.999999999999999112, 1.000000000000000000, -1.749999999999998668 ) ) ;
#5470 = EDGE_LOOP ( 'NONE', ( #3183 ) ) ;
#5471 = FILL_AREA_STYLE_COLOUR ( '', #379 ) ;
#5472 =( NAMED_UNIT ( * ) SI_UNIT ( $, .STERADIAN. ) SOLID_ANGLE_UNIT ( ) );
#5473 =( NAMED_UNIT ( * ) PLANE_ANGLE_UNIT ( ) SI_UNIT ( $, .RADIAN. ) );
#5474 = CARTESIAN_POINT ( 'NONE',  ( 7.353089310456433658, 3.998999999999999222, 0.08287722316456164195 ) ) ;
#5475 = ADVANCED_FACE ( 'NONE', ( #2030, #3341 ), #1972, .F. ) ;
#5476 = CONICAL_SURFACE ( 'NONE', #5215, 0.3500000000000000333, 0.7853981633974476129 ) ;
#5477 = CARTESIAN_POINT ( 'NONE',  ( 1.250000000000002665, 0.000000000000000000, 1.192622389734055075E-15 ) ) ;
#5478 = CARTESIAN_POINT ( 'NONE',  ( 7.277435565302813991, 3.999000000000000110, 0.04311165155734517085 ) ) ;
#5479 = UNCERTAINTY_MEASURE_WITH_UNIT (LENGTH_MEASURE( 1.000000000000000082E-05 ), #2836, 'distance_accuracy_value', 'NONE');
#5480 = VERTEX_POINT ( 'NONE', #2433 ) ;
#5481 = SURFACE_STYLE_USAGE ( .BOTH. , #5088 ) ;
#5482 = ORIENTED_EDGE ( 'NONE', *, *, #1141, .T. ) ;
#5483 = CARTESIAN_POINT ( 'NONE',  ( -0.8499999999999972022, -1.649999999999999911, 3.121154890382365663E-16 ) ) ;
#5484 =( GEOMETRIC_REPRESENTATION_CONTEXT ( 3 ) GLOBAL_UNCERTAINTY_ASSIGNED_CONTEXT ( ( #1664 ) ) GLOBAL_UNIT_ASSIGNED_CONTEXT ( ( #608, #1409, #2698 ) ) REPRESENTATION_CONTEXT ( 'NONE', 'WORKASPACE' ) );
#5485 = CARTESIAN_POINT ( 'NONE',  ( 7.216831435753913837, 4.000000000000003553, -0.5043999924660095280 ) ) ;
#5486 = FILL_AREA_STYLE_COLOUR ( '', #5304 ) ;
#5487 = PRESENTATION_LAYER_ASSIGNMENT (  '', '', ( #874 ) ) ;
#5488 = DIRECTION ( 'NONE',  ( 0.000000000000000000, 0.000000000000000000, 1.000000000000000000 ) ) ;
#5489 = AXIS2_PLACEMENT_3D ( 'NONE', #3343, #359, #4997 ) ;
#5490 = CARTESIAN_POINT ( 'NONE',  ( -1.249999999999999778, 0.000000000000000000, -3.500000000000001332 ) ) ;
#5491 = PRESENTATION_LAYER_ASSIGNMENT (  '', '', ( #4138 ) ) ;
#5492 =( NAMED_UNIT ( * ) SI_UNIT ( $, .STERADIAN. ) SOLID_ANGLE_UNIT ( ) );
#5493 = CARTESIAN_POINT ( 'NONE',  ( 7.173285491209483666, 4.000000000000003553, -0.5299747027306064284 ) ) ;
#5494 = CYLINDRICAL_SURFACE ( 'NONE', #1687, 0.3000000000000000444 ) ;
#5495 = MECHANICAL_DESIGN_GEOMETRIC_PRESENTATION_REPRESENTATION (  '', ( #183 ), #1226 ) ;
#5496 = TOROIDAL_SURFACE ( 'NONE', #3882, 1.399999999999999911, 0.1000000000000000056 ) ;
#5497 = PRESENTATION_LAYER_ASSIGNMENT (  '', '', ( #2233 ) ) ;
#5498 = CARTESIAN_POINT ( 'NONE',  ( -3.749999999999996891, 4.000000000000000000, 3.361026734705063351E-15 ) ) ;
#5499 =( GEOMETRIC_REPRESENTATION_CONTEXT ( 3 ) GLOBAL_UNCERTAINTY_ASSIGNED_CONTEXT ( ( #4711 ) ) GLOBAL_UNIT_ASSIGNED_CONTEXT ( ( #4362, #3906, #3510 ) ) REPRESENTATION_CONTEXT ( 'NONE', 'WORKASPACE' ) );
#5500 = CARTESIAN_POINT ( 'NONE',  ( 6.715909544467237424, 3.998999999999996557, 0.5107957940261265151 ) ) ;
#5501 = B_SPLINE_CURVE_WITH_KNOTS ( 'NONE', 3,
 ( #1418, #3534, #486, #1848, #1875, #4478, #131, #1820, #4421, #3966, #2621, #5245, #4812, #5325, #928, #511, #541, #2225, #2196 ),
 .UNSPECIFIED., .F., .F.,
 ( 4, 1, 1, 1, 1, 1, 1, 1, 1, 1, 1, 1, 1, 1, 1, 1, 4 ),
 ( 0.000000000000000000, 0.07493130598184519209, 0.1470775964339470221, 0.2163644561730685145, 0.2825027309006234999, 0.3466877108244159622, 0.4088355551310380309, 0.4692619872876919729, 0.5284320432534620471, 0.5870013379727410108, 0.6444163938320669471, 0.7021887902662969916, 0.7597671795443350362, 0.8184897928274490475, 0.8776328274167840560, 0.9380195662701680259, 1.000000000000000000 ),
 .UNSPECIFIED. ) ;
#5502 = STYLED_ITEM ( 'NONE', ( #4203 ), #5130 ) ;
#5503 =( NAMED_UNIT ( * ) SI_UNIT ( $, .STERADIAN. ) SOLID_ANGLE_UNIT ( ) );
#5504 = ADVANCED_FACE ( 'NONE', ( #5023 ), #3714, .F. ) ;
#5505 = CARTESIAN_POINT ( 'NONE',  ( 6.608890424281042897, 4.000000000000004441, -0.6586030140548304601 ) ) ;
#5506 = DIRECTION ( 'NONE',  ( 1.000000000000000000, 0.000000000000000000, 0.000000000000000000 ) ) ;
#5507 = CARTESIAN_POINT ( 'NONE',  ( 6.840788455851997796, 3.999000000000000998, -0.08929528547727251520 ) ) ;
#5508 = EDGE_LOOP ( 'NONE', ( #4297, #1845, #3041, #1784 ) ) ;
#5509 = CARTESIAN_POINT ( 'NONE',  ( 6.640432345232552436, 3.999000000000002331, -0.4115837402944189649 ) ) ;
#5510 = ORIENTED_EDGE ( 'NONE', *, *, #2564, .T. ) ;
#5511 = EDGE_CURVE ( 'NONE', #4614, #4614, #2429, .T. ) ;
#5512 = FACE_OUTER_BOUND ( 'NONE', #5009, .T. ) ;
#5513 = CARTESIAN_POINT ( 'NONE',  ( 6.961513408888073684, 3.999000000000004107, -0.5754786291674005572 ) ) ;
#5514 = DIRECTION ( 'NONE',  ( -0.8414499297245390252, -3.893118300378633466E-15, 0.5403350958123749326 ) ) ;
#5515 =( NAMED_UNIT ( * ) SI_UNIT ( $, .STERADIAN. ) SOLID_ANGLE_UNIT ( ) );
#5516 = CARTESIAN_POINT ( 'NONE',  ( 6.408209692015049086, 3.999000000000002331, -0.3231471989413884360 ) ) ;
#5517 = SURFACE_STYLE_USAGE ( .BOTH. , #2056 ) ;
#5518 = CARTESIAN_POINT ( 'NONE',  ( 6.774582979370163294, 3.998999999999995669, 0.5651296805041164939 ) ) ;
#5519 = DIRECTION ( 'NONE',  ( 2.478176394252580155E-16, 0.000000000000000000, 1.000000000000000000 ) ) ;
#5520 = FILL_AREA_STYLE ('',( #2520 ) ) ;
#5521 = CARTESIAN_POINT ( 'NONE',  ( 1.089953900083879823, 2.500000000000000000, 2.992055319899342702 ) ) ;
#5522 = PLANE ( 'NONE',  #5489 ) ;
#5523 = CARTESIAN_POINT ( 'NONE',  ( -1.249999999999999778, 0.000000000000000000, 2.500000000000002220 ) ) ;
#5524 = CARTESIAN_POINT ( 'NONE',  ( 7.002078312734233201, 3.999999999999994227, 0.7899059862172155277 ) ) ;
#5525 = EDGE_LOOP ( 'NONE', ( #967 ) ) ;
#5526 = CARTESIAN_POINT ( 'NONE',  ( 7.301230406111643312, 3.998999999999996557, 0.4587405735503424786 ) ) ;
#5527 = STYLED_ITEM ( 'NONE', ( #4325 ), #903 ) ;
#5528 = FILL_AREA_STYLE ('',( #5471 ) ) ;
#5529 = CARTESIAN_POINT ( 'NONE',  ( 6.733367893141737781, 4.000000000000005329, -0.7172977044709364369 ) ) ;
#5530 = UNCERTAINTY_MEASURE_WITH_UNIT (LENGTH_MEASURE( 1.000000000000000082E-05 ), #4656, 'distance_accuracy_value', 'NONE');
#5531 = CIRCLE ( 'NONE', #3092, 0.7500000000000003331 ) ;
#5532 = PRESENTATION_STYLE_ASSIGNMENT (( #5172 ) ) ;
#5533 = CARTESIAN_POINT ( 'NONE',  ( 7.277435565302813991, 4.000000000000000000, 0.04311165155734517779 ) ) ;
#5534 = FILL_AREA_STYLE ('',( #3407 ) ) ;
#5535 = ORIENTED_EDGE ( 'NONE', *, *, #2946, .T. ) ;
#5536 = VERTEX_POINT ( 'NONE', #3016 ) ;
#5537 = VECTOR ( 'NONE', #2886, 1000.000000000000000 ) ;
#5538 =( LENGTH_UNIT ( ) NAMED_UNIT ( * ) SI_UNIT ( .MILLI., .METRE. ) );
#5539 = LINE ( 'NONE', #4292, #2491 ) ;
#5540 = DIRECTION ( 'NONE',  ( 0.000000000000000000, 1.000000000000000000, -0.000000000000000000 ) ) ;
#5541 =( NAMED_UNIT ( * ) SI_UNIT ( $, .STERADIAN. ) SOLID_ANGLE_UNIT ( ) );
#5542 = EDGE_CURVE ( 'NONE', #3888, #3779, #2194, .T. ) ;
#5543 =( GEOMETRIC_REPRESENTATION_CONTEXT ( 3 ) GLOBAL_UNCERTAINTY_ASSIGNED_CONTEXT ( ( #3273 ) ) GLOBAL_UNIT_ASSIGNED_CONTEXT ( ( #5277, #1853, #4849 ) ) REPRESENTATION_CONTEXT ( 'NONE', 'WORKASPACE' ) );
#5544 = VECTOR ( 'NONE', #4747, 1000.000000000000000 ) ;
#5545 = CARTESIAN_POINT ( 'NONE',  ( -3.749999999999996891, 0.1250000000000000000, 3.751576840432039091E-16 ) ) ;
#5546 = PRESENTATION_LAYER_ASSIGNMENT (  '', '', ( #5015 ) ) ;
#5547 = CARTESIAN_POINT ( 'NONE',  ( 6.752745695765423939, 3.998999999999995669, 0.5491588639564605190 ) ) ;
#5548 = UNCERTAINTY_MEASURE_WITH_UNIT (LENGTH_MEASURE( 1.000000000000000082E-05 ), #15, 'distance_accuracy_value', 'NONE');
#5549 =( NAMED_UNIT ( * ) SI_UNIT ( $, .STERADIAN. ) SOLID_ANGLE_UNIT ( ) );
#5550 = EDGE_CURVE ( 'NONE', #5536, #5536, #5247, .T. ) ;
#5551 = DIRECTION ( 'NONE',  ( -1.000000000000000000, -2.069479451259501429E-31, 5.551115123125782702E-17 ) ) ;
#5552 = STYLED_ITEM ( 'NONE', ( #1479 ), #4402 ) ;
#5553 = FACE_OUTER_BOUND ( 'NONE', #4462, .T. ) ;
#5554 = FACE_OUTER_BOUND ( 'NONE', #3978, .T. ) ;
#5555 = CARTESIAN_POINT ( 'NONE',  ( 6.793315521618623620, 3.998999999999999222, 0.1038388491982419060 ) ) ;
#5556 = VERTEX_POINT ( 'NONE', #927 ) ;
#5557 = CARTESIAN_POINT ( 'NONE',  ( 7.292673772583843750, 3.999999999999996447, 0.4790013199497084595 ) ) ;
#5558 = DIRECTION ( 'NONE',  ( 5.782411586589354681E-16, 0.000000000000000000, 1.000000000000000000 ) ) ;
#5559 = UNCERTAINTY_MEASURE_WITH_UNIT (LENGTH_MEASURE( 1.000000000000000082E-05 ), #4132, 'distance_accuracy_value', 'NONE');
#5560 = DIRECTION ( 'NONE',  ( 0.000000000000000000, -1.000000000000000000, 0.000000000000000000 ) ) ;
#5561 = CARTESIAN_POINT ( 'NONE',  ( 6.408209692015049086, 4.000000000000002665, -0.3231471989413884360 ) ) ;
#5562 =( NAMED_UNIT ( * ) SI_UNIT ( $, .STERADIAN. ) SOLID_ANGLE_UNIT ( ) );
#5563 =( LENGTH_UNIT ( ) NAMED_UNIT ( * ) SI_UNIT ( .MILLI., .METRE. ) );
#5564 = ORIENTED_EDGE ( 'NONE', *, *, #2737, .T. ) ;
#5565 = EDGE_LOOP ( 'NONE', ( #2640 ) ) ;
#5566 = APPLICATION_PROTOCOL_DEFINITION ( 'draft international standard', 'automotive_design', 1998, #5237 ) ;
#5567 = CARTESIAN_POINT ( 'NONE',  ( 7.000000000000000888, 4.000000000000000000, -3.500000000000000888 ) ) ;
#5568 = CARTESIAN_POINT ( 'NONE',  ( 7.434290014896853371, 3.999000000000004107, -0.5824724284058916401 ) ) ;
#5569 =( LENGTH_UNIT ( ) NAMED_UNIT ( * ) SI_UNIT ( .MILLI., .METRE. ) );
#5570 = CARTESIAN_POINT ( 'NONE',  ( 6.533414914327828171, 4.000000000000004441, -0.5994534454321914785 ) ) ;
#5571 = ORIENTED_EDGE ( 'NONE', *, *, #1828, .T. ) ;
#5572 = TOROIDAL_SURFACE ( 'NONE', #1582, 1.399999999999999911, 0.1000000000000000056 ) ;
#5573 = CIRCLE ( 'NONE', #1851, 0.3000000000000000444 ) ;
#5574 = EDGE_CURVE ( 'NONE', #4582, #2404, #1237, .T. ) ;
#5575 = SURFACE_SIDE_STYLE ('',( #5099 ) ) ;
ENDSEC;
END-ISO-10303-21;
